step,day,hour,player,money,hands,hires_today,quadrants,plants,animals,weeds,shed_total
0,0,0,0,3000.0,0,0,1,{},{},0,0
0,0,0,1,3000.0,0,0,1,{},{},0,0
1,0,1,0,2464.0,0,0,1,{},{},0,6
1,0,1,1,2464.0,0,0,1,{},{},0,6
2,0,2,0,585.0,4,4,1,{},{},0,8
2,0,2,1,585.0,4,4,1,{},{},0,8
3,0,3,0,613.0,4,4,1,{},{},0,4
3,0,3,1,613.0,4,4,1,{},{},0,3
4,0,4,0,453.0,4,4,1,{},"{""COW"": 1}",0,3
4,0,4,1,613.0,4,4,1,{},"{""COW"": 1}",0,3
5,0,5,0,425.0,4,4,1,{},"{""COW"": 1}",0,1
5,0,5,1,585.0,4,4,1,{},"{""COW"": 1}",0,1
6,0,6,0,237.0,4,4,1,{},"{""SHEEP"": 1, ""COW"": 1}",0,2
6,0,6,1,585.0,4,4,1,{},"{""SHEEP"": 1, ""COW"": 1}",0,1
7,0,7,0,209.0,4,4,1,{},"{""SHEEP"": 2, ""COW"": 1}",0,3
7,0,7,1,397.0,4,4,1,{},"{""SHEEP"": 2, ""COW"": 1}",0,2
8,0,8,0,209.0,4,4,1,{},"{""SHEEP"": 2, ""COW"": 1}",0,3
8,0,8,1,397.0,4,4,1,{},"{""SHEEP"": 3, ""COW"": 1}",0,2
9,0,9,0,209.0,4,4,1,{},"{""COW"": 2, ""SHEEP"": 3}",0,3
9,0,9,1,237.0,4,4,1,{},"{""COW"": 2, ""SHEEP"": 3}",0,2
10,0,10,0,209.0,4,4,1,"{""MELON"": 1}","{""COW"": 2, ""SHEEP"": 3}",0,2
10,0,10,1,237.0,4,4,1,{},"{""COW"": 2, ""SHEEP"": 3}",0,1
11,0,11,0,209.0,4,4,1,"{""MELON"": 3}","{""COW"": 2, ""SHEEP"": 3}",0,2
11,0,11,1,237.0,4,4,1,"{""MELON"": 2}","{""COW"": 2, ""SHEEP"": 3}",0,1
12,0,12,0,49.0,4,4,1,"{""MELON"": 3}","{""COW"": 2, ""SHEEP"": 3}",0,2
12,0,12,1,77.0,4,4,1,"{""MELON"": 2}","{""COW"": 2, ""SHEEP"": 3}",0,1
13,0,13,0,29.0,4,4,1,"{""MELON"": 4}","{""COW"": 2, ""SHEEP"": 3}",0,2
13,0,13,1,77.0,4,4,1,"{""MELON"": 3}","{""COW"": 2, ""SHEEP"": 3}",0,1
14,0,14,0,29.0,4,4,1,"{""MELON"": 5, ""WHEAT"": 1}","{""COW"": 2, ""SHEEP"": 3}",0,2
14,0,14,1,57.0,4,4,1,"{""MELON"": 5}","{""COW"": 2, ""SHEEP"": 3}",0,1
15,0,15,0,47.0,4,4,1,"{""MELON"": 6, ""WHEAT"": 1}","{""COW"": 2, ""SHEEP"": 3}",0,1
15,0,15,1,47.0,4,4,1,"{""MELON"": 6}","{""COW"": 2, ""SHEEP"": 3}",0,1
16,0,16,0,37.0,4,4,1,"{""WHEAT"": 2, ""MELON"": 6}","{""COW"": 2, ""SHEEP"": 3}",0,1
16,0,16,1,37.0,4,4,1,"{""MELON"": 6, ""WHEAT"": 1}","{""COW"": 2, ""SHEEP"": 3}",0,1
17,0,17,0,55.0,4,4,1,"{""WHEAT"": 3, ""MELON"": 6}","{""COW"": 2, ""SHEEP"": 3}",0,0
17,0,17,1,27.0,4,4,1,"{""WHEAT"": 3, ""MELON"": 6}","{""COW"": 2, ""SHEEP"": 3}",0,1
18,0,18,0,45.0,4,4,1,"{""WHEAT"": 5, ""MELON"": 6}","{""COW"": 2, ""SHEEP"": 3}",0,0
18,0,18,1,45.0,4,4,1,"{""WHEAT"": 4, ""MELON"": 6}","{""COW"": 2, ""SHEEP"": 3}",0,0
19,0,19,0,35.0,4,4,1,"{""WHEAT"": 6, ""MELON"": 6}","{""COW"": 2, ""SHEEP"": 3}",0,0
19,0,19,1,35.0,4,4,1,"{""WHEAT"": 5, ""MELON"": 6}","{""COW"": 2, ""SHEEP"": 3}",0,0
20,0,20,0,25.0,4,4,1,"{""WHEAT"": 7, ""MELON"": 6}","{""COW"": 2, ""SHEEP"": 3}",0,0
20,0,20,1,25.0,4,4,1,"{""WHEAT"": 7, ""MELON"": 6}","{""COW"": 2, ""SHEEP"": 3}",0,0
21,0,21,0,15.0,4,4,1,"{""WHEAT"": 8, ""MELON"": 6}","{""COW"": 2, ""SHEEP"": 3}",0,0
21,0,21,1,15.0,4,4,1,"{""WHEAT"": 7, ""MELON"": 6}","{""COW"": 2, ""SHEEP"": 3}",0,0
22,0,22,0,5.0,4,4,1,"{""WHEAT"": 9, ""MELON"": 6}","{""COW"": 2, ""SHEEP"": 3}",0,0
22,0,22,1,5.0,4,4,1,"{""WHEAT"": 8, ""MELON"": 6}","{""COW"": 2, ""SHEEP"": 3}",0,0
23,0,23,0,5.0,4,4,1,"{""WHEAT"": 10, ""MELON"": 6}","{""COW"": 2, ""SHEEP"": 3}",0,0
23,0,23,1,5.0,4,4,1,"{""WHEAT"": 10, ""MELON"": 6}","{""COW"": 2, ""SHEEP"": 3}",0,0
24,1,0,0,5.0,0,0,1,"{""WHEAT"": 10, ""MELON"": 6}","{""COW"": 2, ""SHEEP"": 3}",0,0
24,1,0,1,5.0,0,0,1,"{""WHEAT"": 10, ""MELON"": 6}","{""COW"": 2, ""SHEEP"": 3}",0,0
25,1,1,0,1.0,3,3,1,"{""WHEAT"": 10, ""MELON"": 6}","{""COW"": 2, ""SHEEP"": 3}",0,0
25,1,1,1,1.0,3,3,1,"{""WHEAT"": 10, ""MELON"": 6}","{""COW"": 2, ""SHEEP"": 3}",0,0
26,1,2,0,1.0,3,3,1,"{""WHEAT"": 10, ""MELON"": 6}","{""COW"": 2, ""SHEEP"": 3}",0,1
26,1,2,1,1.0,3,3,1,"{""WHEAT"": 10, ""MELON"": 6}","{""COW"": 2, ""SHEEP"": 3}",0,1
27,1,3,0,41.0,4,4,1,"{""WHEAT"": 10, ""MELON"": 6}","{""COW"": 2, ""SHEEP"": 3}",0,2
27,1,3,1,41.0,4,4,1,"{""WHEAT"": 10, ""MELON"": 6}","{""COW"": 2, ""SHEEP"": 3}",0,2
28,1,4,0,41.0,4,4,1,"{""WHEAT"": 10, ""MELON"": 6}","{""COW"": 2, ""SHEEP"": 3}",0,2
28,1,4,1,41.0,4,4,1,"{""WHEAT"": 10, ""MELON"": 6}","{""COW"": 2, ""SHEEP"": 3}",0,2
29,1,5,0,41.0,4,4,1,"{""WHEAT"": 10, ""MELON"": 6}","{""COW"": 2, ""SHEEP"": 3}",0,2
29,1,5,1,41.0,4,4,1,"{""WHEAT"": 10, ""MELON"": 6}","{""COW"": 2, ""SHEEP"": 3}",0,2
30,1,6,0,41.0,4,4,1,"{""WHEAT"": 10, ""MELON"": 6}","{""COW"": 2, ""SHEEP"": 3}",0,3
30,1,6,1,41.0,4,4,1,"{""WHEAT"": 10, ""MELON"": 6}","{""COW"": 2, ""SHEEP"": 3}",0,3
31,1,7,0,83.0,4,4,1,"{""WHEAT"": 10, ""MELON"": 6}","{""COW"": 2, ""SHEEP"": 3}",0,3
31,1,7,1,83.0,4,4,1,"{""WHEAT"": 10, ""MELON"": 6}","{""COW"": 2, ""SHEEP"": 3}",0,3
32,1,8,0,182.0,4,4,1,"{""WHEAT"": 10, ""MELON"": 6}","{""COW"": 2, ""SHEEP"": 3}",0,1
32,1,8,1,182.0,4,4,1,"{""WHEAT"": 10, ""MELON"": 6}","{""COW"": 2, ""SHEEP"": 3}",0,1
33,1,9,0,121.0,4,4,1,"{""WHEAT"": 10, ""MELON"": 6}","{""COW"": 2, ""SHEEP"": 3}",0,1
33,1,9,1,121.0,4,4,1,"{""WHEAT"": 10, ""MELON"": 6}","{""COW"": 2, ""SHEEP"": 3}",0,1
34,1,10,0,219.0,4,4,1,"{""WHEAT"": 10, ""MELON"": 6}","{""COW"": 2, ""SHEEP"": 3}",0,0
34,1,10,1,219.0,4,4,1,"{""WHEAT"": 10, ""MELON"": 6}","{""COW"": 2, ""SHEEP"": 3}",0,0
35,1,11,0,219.0,4,4,1,"{""WHEAT"": 10, ""MELON"": 7}","{""COW"": 2, ""SHEEP"": 3}",0,0
35,1,11,1,219.0,4,4,1,"{""WHEAT"": 10, ""MELON"": 7}","{""COW"": 2, ""SHEEP"": 3}",0,0
36,1,12,0,59.0,4,4,1,"{""WHEAT"": 10, ""MELON"": 8}","{""COW"": 2, ""SHEEP"": 3}",0,0
36,1,12,1,59.0,4,4,1,"{""WHEAT"": 10, ""MELON"": 8}","{""COW"": 2, ""SHEEP"": 3}",0,0
37,1,13,0,59.0,4,4,1,"{""WHEAT"": 10, ""MELON"": 8}","{""COW"": 2, ""SHEEP"": 3}",0,0
37,1,13,1,59.0,4,4,1,"{""WHEAT"": 10, ""MELON"": 8}","{""COW"": 2, ""SHEEP"": 3}",0,0
38,1,14,0,59.0,4,4,1,"{""WHEAT"": 10, ""MELON"": 9}","{""COW"": 2, ""SHEEP"": 3}",0,0
38,1,14,1,59.0,4,4,1,"{""WHEAT"": 10, ""MELON"": 9}","{""COW"": 2, ""SHEEP"": 3}",0,0
39,1,15,0,59.0,4,4,1,"{""WHEAT"": 10, ""MELON"": 10}","{""COW"": 2, ""SHEEP"": 3}",0,0
39,1,15,1,59.0,4,4,1,"{""WHEAT"": 10, ""MELON"": 10}","{""COW"": 2, ""SHEEP"": 3}",0,0
40,1,16,0,59.0,4,4,1,"{""WHEAT"": 10, ""MELON"": 10}","{""COW"": 2, ""SHEEP"": 3}",0,0
40,1,16,1,59.0,4,4,1,"{""WHEAT"": 10, ""MELON"": 10}","{""COW"": 2, ""SHEEP"": 3}",0,0
41,1,17,0,59.0,4,4,1,"{""WHEAT"": 10, ""MELON"": 10}","{""COW"": 2, ""SHEEP"": 3}",0,0
41,1,17,1,59.0,4,4,1,"{""WHEAT"": 10, ""MELON"": 10}","{""COW"": 2, ""SHEEP"": 3}",0,0
42,1,18,0,59.0,4,4,1,"{""WHEAT"": 10, ""MELON"": 10}","{""COW"": 2, ""SHEEP"": 3}",0,0
42,1,18,1,59.0,4,4,1,"{""WHEAT"": 10, ""MELON"": 10}","{""COW"": 2, ""SHEEP"": 3}",0,0
43,1,19,0,59.0,4,4,1,"{""WHEAT"": 10, ""MELON"": 10}","{""COW"": 2, ""SHEEP"": 3}",0,0
43,1,19,1,59.0,4,4,1,"{""WHEAT"": 10, ""MELON"": 10}","{""COW"": 2, ""SHEEP"": 3}",0,0
44,1,20,0,59.0,4,4,1,"{""WHEAT"": 10, ""MELON"": 10}","{""COW"": 2, ""SHEEP"": 3}",0,0
44,1,20,1,59.0,4,4,1,"{""WHEAT"": 10, ""MELON"": 10}","{""COW"": 2, ""SHEEP"": 3}",0,0
45,1,21,0,59.0,4,4,1,"{""WHEAT"": 10, ""MELON"": 10}","{""COW"": 2, ""SHEEP"": 3}",0,0
45,1,21,1,59.0,4,4,1,"{""WHEAT"": 10, ""MELON"": 10}","{""COW"": 2, ""SHEEP"": 3}",0,0
46,1,22,0,59.0,4,4,1,"{""WHEAT"": 10, ""MELON"": 10}","{""COW"": 2, ""SHEEP"": 3}",0,0
46,1,22,1,59.0,4,4,1,"{""WHEAT"": 10, ""MELON"": 10}","{""COW"": 2, ""SHEEP"": 3}",0,0
47,1,23,0,59.0,4,4,1,"{""WHEAT"": 10, ""MELON"": 10}","{""COW"": 2, ""SHEEP"": 3}",0,0
47,1,23,1,59.0,4,4,1,"{""WHEAT"": 10, ""MELON"": 10}","{""COW"": 2, ""SHEEP"": 3}",0,0
48,2,0,0,59.0,0,0,1,"{""WHEAT"": 10, ""MELON"": 10}","{""COW"": 2, ""SHEEP"": 3}",0,0
48,2,0,1,59.0,0,0,1,"{""WHEAT"": 10, ""MELON"": 10}","{""COW"": 2, ""SHEEP"": 3}",0,0
49,2,1,0,10.0,6,6,1,"{""WHEAT"": 10, ""MELON"": 10}","{""COW"": 2, ""SHEEP"": 3}",0,1
49,2,1,1,10.0,6,6,1,"{""WHEAT"": 10, ""MELON"": 10}","{""COW"": 2, ""SHEEP"": 3}",0,1
50,2,2,0,10.0,6,6,1,"{""WHEAT"": 10, ""MELON"": 10}","{""COW"": 2, ""SHEEP"": 3}",0,1
50,2,2,1,10.0,6,6,1,"{""WHEAT"": 10, ""MELON"": 10}","{""COW"": 2, ""SHEEP"": 3}",0,1
51,2,3,0,108.0,6,6,1,"{""WHEAT"": 10, ""MELON"": 10}","{""COW"": 2, ""SHEEP"": 3}",0,0
51,2,3,1,108.0,6,6,1,"{""WHEAT"": 10, ""MELON"": 10}","{""COW"": 2, ""SHEEP"": 3}",0,0
52,2,4,0,108.0,6,6,1,"{""WHEAT"": 10, ""MELON"": 10}","{""COW"": 2, ""SHEEP"": 3}",0,0
52,2,4,1,108.0,6,6,1,"{""WHEAT"": 10, ""MELON"": 10}","{""COW"": 2, ""SHEEP"": 3}",0,0
53,2,5,0,108.0,6,6,1,"{""WHEAT"": 10, ""MELON"": 10}","{""COW"": 2, ""SHEEP"": 3}",0,1
53,2,5,1,108.0,6,6,1,"{""WHEAT"": 10, ""MELON"": 10}","{""COW"": 2, ""SHEEP"": 3}",0,1
54,2,6,0,146.0,6,6,1,"{""WHEAT"": 10, ""MELON"": 10}","{""COW"": 2, ""SHEEP"": 3}",0,3
54,2,6,1,146.0,6,6,1,"{""WHEAT"": 10, ""MELON"": 10}","{""COW"": 2, ""SHEEP"": 3}",0,3
55,2,7,0,243.0,6,6,1,"{""WHEAT"": 10, ""MELON"": 10}","{""COW"": 2, ""SHEEP"": 3}",0,0
55,2,7,1,243.0,6,6,1,"{""WHEAT"": 10, ""MELON"": 10}","{""COW"": 2, ""SHEEP"": 3}",0,0
56,2,8,0,183.0,6,6,1,"{""WHEAT"": 10, ""MELON"": 10}","{""COW"": 2, ""SHEEP"": 3}",0,3
56,2,8,1,183.0,6,6,1,"{""WHEAT"": 10, ""MELON"": 10}","{""COW"": 2, ""SHEEP"": 3}",0,3
57,2,9,0,280.0,6,6,1,"{""WHEAT"": 10, ""MELON"": 10}","{""COW"": 2, ""SHEEP"": 3}",0,0
57,2,9,1,280.0,6,6,1,"{""WHEAT"": 10, ""MELON"": 10}","{""COW"": 2, ""SHEEP"": 3}",0,0
58,2,10,0,200.0,6,6,1,"{""WHEAT"": 10, ""MELON"": 10}","{""COW"": 2, ""SHEEP"": 3}",0,0
58,2,10,1,200.0,6,6,1,"{""WHEAT"": 10, ""MELON"": 10}","{""COW"": 2, ""SHEEP"": 3}",0,0
59,2,11,0,200.0,6,6,1,"{""WHEAT"": 10, ""MELON"": 10}","{""COW"": 2, ""SHEEP"": 3}",0,1
59,2,11,1,120.0,6,6,1,"{""WHEAT"": 10, ""MELON"": 10}","{""COW"": 2, ""SHEEP"": 3}",0,1
60,2,12,0,296.0,6,6,1,"{""WHEAT"": 9, ""MELON"": 10}","{""COW"": 2, ""SHEEP"": 3}",0,0
60,2,12,1,216.0,6,6,1,"{""WHEAT"": 9, ""MELON"": 10}","{""COW"": 2, ""SHEEP"": 3}",0,0
61,2,13,0,116.0,6,6,1,"{""WHEAT"": 8, ""MELON"": 11}","{""COW"": 2, ""SHEEP"": 3}",0,0
61,2,13,1,16.0,6,6,1,"{""WHEAT"": 8, ""MELON"": 11}","{""COW"": 2, ""SHEEP"": 3}",0,0
62,2,14,0,16.0,6,6,1,"{""WHEAT"": 8, ""MELON"": 12}","{""COW"": 2, ""SHEEP"": 3}",0,0
62,2,14,1,16.0,6,6,1,"{""WHEAT"": 8, ""MELON"": 12}","{""COW"": 2, ""SHEEP"": 3}",0,0
63,2,15,0,16.0,6,6,1,"{""WHEAT"": 7, ""MELON"": 12}","{""COW"": 2, ""SHEEP"": 3}",0,0
63,2,15,1,16.0,6,6,1,"{""WHEAT"": 7, ""MELON"": 12}","{""COW"": 2, ""SHEEP"": 3}",0,0
64,2,16,0,16.0,6,6,1,"{""MELON"": 12, ""WHEAT"": 6, ""STRAWBERRY"": 1}","{""COW"": 2, ""SHEEP"": 3}",0,0
64,2,16,1,16.0,6,6,1,"{""MELON"": 12, ""WHEAT"": 6, ""STRAWBERRY"": 1}","{""COW"": 2, ""SHEEP"": 3}",0,0
65,2,17,0,16.0,6,6,1,"{""STRAWBERRY"": 2, ""MELON"": 12, ""WHEAT"": 6}","{""COW"": 2, ""SHEEP"": 3}",0,0
65,2,17,1,16.0,6,6,1,"{""STRAWBERRY"": 2, ""MELON"": 12, ""WHEAT"": 6}","{""COW"": 2, ""SHEEP"": 3}",0,0
66,2,18,0,16.0,6,6,1,"{""STRAWBERRY"": 2, ""MELON"": 12, ""WHEAT"": 6}","{""COW"": 2, ""SHEEP"": 3}",0,0
66,2,18,1,16.0,6,6,1,"{""STRAWBERRY"": 2, ""MELON"": 12, ""WHEAT"": 6}","{""COW"": 2, ""SHEEP"": 3}",0,0
67,2,19,0,16.0,6,6,1,"{""STRAWBERRY"": 2, ""MELON"": 12, ""WHEAT"": 6}","{""COW"": 2, ""SHEEP"": 3}",0,0
67,2,19,1,16.0,6,6,1,"{""STRAWBERRY"": 2, ""MELON"": 12, ""WHEAT"": 6}","{""COW"": 2, ""SHEEP"": 3}",0,0
68,2,20,0,16.0,6,6,1,"{""STRAWBERRY"": 2, ""MELON"": 12, ""WHEAT"": 6}","{""COW"": 2, ""SHEEP"": 3}",0,0
68,2,20,1,16.0,6,6,1,"{""STRAWBERRY"": 2, ""MELON"": 12, ""WHEAT"": 6}","{""COW"": 2, ""SHEEP"": 3}",0,0
69,2,21,0,16.0,6,6,1,"{""STRAWBERRY"": 2, ""MELON"": 12, ""WHEAT"": 6}","{""COW"": 2, ""SHEEP"": 3}",0,0
69,2,21,1,16.0,6,6,1,"{""STRAWBERRY"": 2, ""MELON"": 12, ""WHEAT"": 6}","{""COW"": 2, ""SHEEP"": 3}",0,0
70,2,22,0,16.0,6,6,1,"{""STRAWBERRY"": 2, ""MELON"": 12, ""WHEAT"": 6}","{""COW"": 2, ""SHEEP"": 3}",0,0
70,2,22,1,16.0,6,6,1,"{""STRAWBERRY"": 2, ""MELON"": 12, ""WHEAT"": 6}","{""COW"": 2, ""SHEEP"": 3}",0,0
71,2,23,0,16.0,6,6,1,"{""STRAWBERRY"": 2, ""MELON"": 12, ""WHEAT"": 6}","{""COW"": 2, ""SHEEP"": 3}",0,0
71,2,23,1,16.0,6,6,1,"{""STRAWBERRY"": 2, ""MELON"": 12, ""WHEAT"": 6}","{""COW"": 2, ""SHEEP"": 3}",0,0
72,3,0,0,16.0,0,0,1,"{""STRAWBERRY"": 2, ""MELON"": 12, ""WHEAT"": 6}","{""COW"": 2, ""SHEEP"": 3}",0,8
72,3,0,1,16.0,0,0,1,"{""STRAWBERRY"": 2, ""MELON"": 12, ""WHEAT"": 6}","{""COW"": 2, ""SHEEP"": 3}",0,8
73,3,1,0,4.0,5,5,1,"{""STRAWBERRY"": 2, ""MELON"": 12, ""WHEAT"": 6}","{""COW"": 2, ""SHEEP"": 3}",0,8
73,3,1,1,26.0,6,6,1,"{""STRAWBERRY"": 2, ""MELON"": 12, ""WHEAT"": 6}","{""COW"": 2, ""SHEEP"": 3}",0,7
74,3,2,0,4.0,5,5,1,"{""STRAWBERRY"": 2, ""MELON"": 12, ""WHEAT"": 6}","{""COW"": 2, ""SHEEP"": 3}",0,1
74,3,2,1,26.0,6,6,1,"{""STRAWBERRY"": 2, ""MELON"": 12, ""WHEAT"": 6}","{""COW"": 2, ""SHEEP"": 3}",0,1
75,3,3,0,100.0,5,5,1,"{""STRAWBERRY"": 2, ""MELON"": 12, ""WHEAT"": 6}","{""COW"": 2, ""SHEEP"": 3}",0,0
75,3,3,1,122.0,6,6,1,"{""STRAWBERRY"": 2, ""MELON"": 12, ""WHEAT"": 6}","{""COW"": 2, ""SHEEP"": 3}",0,0
76,3,4,0,100.0,5,5,1,"{""STRAWBERRY"": 2, ""MELON"": 12, ""WHEAT"": 6}","{""COW"": 2, ""SHEEP"": 3}",0,0
76,3,4,1,122.0,6,6,1,"{""STRAWBERRY"": 2, ""MELON"": 12, ""WHEAT"": 6}","{""COW"": 2, ""SHEEP"": 3}",0,0
77,3,5,0,100.0,5,5,1,"{""STRAWBERRY"": 2, ""MELON"": 12, ""WHEAT"": 6}","{""COW"": 2, ""SHEEP"": 3}",0,1
77,3,5,1,122.0,6,6,1,"{""STRAWBERRY"": 2, ""MELON"": 12, ""WHEAT"": 6}","{""COW"": 2, ""SHEEP"": 3}",0,1
78,3,6,0,196.0,5,5,1,"{""STRAWBERRY"": 2, ""MELON"": 12, ""WHEAT"": 6}","{""COW"": 2, ""SHEEP"": 3}",0,1
78,3,6,1,218.0,6,6,1,"{""STRAWBERRY"": 2, ""MELON"": 12, ""WHEAT"": 6}","{""COW"": 2, ""SHEEP"": 3}",0,1
79,3,7,0,291.0,5,5,1,"{""STRAWBERRY"": 2, ""MELON"": 12, ""WHEAT"": 6}","{""COW"": 2, ""SHEEP"": 3}",0,0
79,3,7,1,313.0,6,6,1,"{""STRAWBERRY"": 2, ""MELON"": 12, ""WHEAT"": 6}","{""COW"": 2, ""SHEEP"": 3}",0,0
80,3,8,0,291.0,5,5,1,"{""STRAWBERRY"": 2, ""MELON"": 12, ""WHEAT"": 6}","{""COW"": 2, ""SHEEP"": 3}",0,1
80,3,8,1,313.0,6,6,1,"{""STRAWBERRY"": 2, ""MELON"": 12, ""WHEAT"": 5}","{""COW"": 2, ""SHEEP"": 3}",0,1
81,3,9,0,386.0,5,5,1,"{""STRAWBERRY"": 2, ""MELON"": 12, ""WHEAT"": 6}","{""COW"": 2, ""SHEEP"": 3}",0,0
81,3,9,1,408.0,6,6,1,"{""STRAWBERRY"": 2, ""MELON"": 12, ""WHEAT"": 5}","{""COW"": 2, ""SHEEP"": 3}",0,0
82,3,10,0,386.0,5,5,1,"{""STRAWBERRY"": 2, ""MELON"": 12, ""WHEAT"": 6}","{""COW"": 2, ""SHEEP"": 3}",0,0
82,3,10,1,408.0,6,6,1,"{""STRAWBERRY"": 2, ""MELON"": 12, ""WHEAT"": 5}","{""COW"": 2, ""SHEEP"": 3}",0,0
83,3,11,0,386.0,5,5,1,"{""STRAWBERRY"": 2, ""MELON"": 12, ""WHEAT"": 6}","{""COW"": 2, ""SHEEP"": 3}",0,1
83,3,11,1,408.0,6,6,1,"{""STRAWBERRY"": 2, ""MELON"": 12, ""WHEAT"": 5}","{""COW"": 2, ""SHEEP"": 3}",0,1
84,3,12,0,480.0,5,5,1,"{""STRAWBERRY"": 2, ""MELON"": 12, ""WHEAT"": 6}","{""COW"": 2, ""SHEEP"": 3}",0,0
84,3,12,1,402.0,6,6,1,"{""STRAWBERRY"": 2, ""MELON"": 12, ""WHEAT"": 5}","{""COW"": 2, ""SHEEP"": 3}",0,0
85,3,13,0,380.0,5,5,1,"{""STRAWBERRY"": 2, ""MELON"": 12, ""WHEAT"": 6}","{""COW"": 2, ""SHEEP"": 3}",0,0
85,3,13,1,402.0,6,6,1,"{""STRAWBERRY"": 2, ""MELON"": 12, ""WHEAT"": 4}","{""COW"": 2, ""SHEEP"": 3}",0,0
86,3,14,0,380.0,5,5,1,"{""STRAWBERRY"": 2, ""MELON"": 12, ""WHEAT"": 6}","{""COW"": 2, ""SHEEP"": 3}",0,0
86,3,14,1,302.0,6,6,1,"{""STRAWBERRY"": 3, ""MELON"": 12, ""WHEAT"": 4}","{""COW"": 2, ""SHEEP"": 3}",0,0
87,3,15,0,380.0,5,5,1,"{""STRAWBERRY"": 2, ""MELON"": 12, ""WHEAT"": 6}","{""COW"": 2, ""SHEEP"": 3}",0,0
87,3,15,1,202.0,6,6,1,"{""STRAWBERRY"": 3, ""MELON"": 12, ""WHEAT"": 4}","{""COW"": 2, ""SHEEP"": 3}",0,0
88,3,16,0,380.0,5,5,1,"{""STRAWBERRY"": 2, ""MELON"": 12, ""WHEAT"": 6}","{""COW"": 2, ""SHEEP"": 3}",0,0
88,3,16,1,202.0,6,6,1,"{""STRAWBERRY"": 4, ""MELON"": 12, ""WHEAT"": 4}","{""COW"": 2, ""SHEEP"": 3}",0,0
89,3,17,0,280.0,5,5,1,"{""STRAWBERRY"": 2, ""MELON"": 12, ""WHEAT"": 4}","{""COW"": 2, ""SHEEP"": 3}",0,0
89,3,17,1,202.0,6,6,1,"{""STRAWBERRY"": 4, ""MELON"": 12, ""WHEAT"": 3}","{""COW"": 2, ""SHEEP"": 3}",0,0
90,3,18,0,180.0,5,5,1,"{""STRAWBERRY"": 3, ""MELON"": 12, ""WHEAT"": 4}","{""COW"": 2, ""SHEEP"": 3}",0,0
90,3,18,1,102.0,6,6,1,"{""STRAWBERRY"": 5, ""MELON"": 12, ""WHEAT"": 3}","{""COW"": 2, ""SHEEP"": 3}",0,0
91,3,19,0,180.0,5,5,1,"{""STRAWBERRY"": 4, ""MELON"": 12, ""WHEAT"": 4}","{""COW"": 2, ""SHEEP"": 3}",0,0
91,3,19,1,102.0,6,6,1,"{""STRAWBERRY"": 5, ""MELON"": 12, ""WHEAT"": 3}","{""COW"": 2, ""SHEEP"": 3}",0,0
92,3,20,0,180.0,5,5,1,"{""STRAWBERRY"": 4, ""MELON"": 12, ""WHEAT"": 4}","{""COW"": 2, ""SHEEP"": 3}",0,0
92,3,20,1,102.0,6,6,1,"{""STRAWBERRY"": 5, ""MELON"": 12, ""WHEAT"": 3}","{""COW"": 2, ""SHEEP"": 3}",0,0
93,3,21,0,180.0,5,5,1,"{""STRAWBERRY"": 4, ""MELON"": 12, ""WHEAT"": 4}","{""COW"": 2, ""SHEEP"": 3}",0,0
93,3,21,1,102.0,6,6,1,"{""STRAWBERRY"": 5, ""MELON"": 12, ""WHEAT"": 3}","{""COW"": 2, ""SHEEP"": 3}",0,0
94,3,22,0,180.0,5,5,1,"{""STRAWBERRY"": 4, ""MELON"": 12, ""WHEAT"": 4}","{""COW"": 2, ""SHEEP"": 3}",0,0
94,3,22,1,102.0,6,6,1,"{""STRAWBERRY"": 5, ""MELON"": 12, ""WHEAT"": 3}","{""COW"": 2, ""SHEEP"": 3}",0,0
95,3,23,0,180.0,5,5,1,"{""STRAWBERRY"": 4, ""MELON"": 12, ""WHEAT"": 4}","{""COW"": 2, ""SHEEP"": 3}",0,0
95,3,23,1,102.0,6,6,1,"{""STRAWBERRY"": 5, ""MELON"": 12, ""WHEAT"": 3}","{""COW"": 2, ""SHEEP"": 3}",0,0
96,4,0,0,180.0,0,0,1,"{""STRAWBERRY"": 4, ""MELON"": 12, ""WHEAT"": 4}","{""COW"": 2, ""SHEEP"": 3}",0,9
96,4,0,1,102.0,0,0,1,"{""STRAWBERRY"": 5, ""MELON"": 12, ""WHEAT"": 3}","{""COW"": 2, ""SHEEP"": 3}",0,11
97,4,1,0,67.0,6,6,1,"{""STRAWBERRY"": 4, ""MELON"": 12, ""WHEAT"": 4}","{""COW"": 2, ""SHEEP"": 3}",0,12
97,4,1,1,113.0,6,6,1,"{""STRAWBERRY"": 5, ""MELON"": 12, ""WHEAT"": 3}","{""COW"": 2, ""SHEEP"": 3}",0,10
98,4,2,0,98.0,6,6,1,"{""STRAWBERRY"": 4, ""MELON"": 12, ""WHEAT"": 4}","{""COW"": 2, ""SHEEP"": 3}",0,3
98,4,2,1,113.0,6,6,1,"{""STRAWBERRY"": 5, ""MELON"": 12, ""WHEAT"": 3}","{""COW"": 2, ""SHEEP"": 3}",0,3
99,4,3,0,192.0,6,6,1,"{""STRAWBERRY"": 4, ""MELON"": 12, ""WHEAT"": 4}","{""COW"": 2, ""SHEEP"": 3}",0,0
99,4,3,1,207.0,6,6,1,"{""STRAWBERRY"": 5, ""MELON"": 12, ""WHEAT"": 3}","{""COW"": 2, ""SHEEP"": 3}",0,2
100,4,4,0,192.0,6,6,1,"{""STRAWBERRY"": 4, ""MELON"": 12, ""WHEAT"": 4}","{""COW"": 2, ""SHEEP"": 3}",0,0
100,4,4,1,207.0,6,6,1,"{""STRAWBERRY"": 5, ""MELON"": 12, ""WHEAT"": 3}","{""COW"": 2, ""SHEEP"": 3}",0,2
101,4,5,0,192.0,6,6,1,"{""STRAWBERRY"": 4, ""MELON"": 12, ""WHEAT"": 4}","{""COW"": 2, ""SHEEP"": 3}",0,1
101,4,5,1,207.0,6,6,1,"{""STRAWBERRY"": 5, ""MELON"": 12, ""WHEAT"": 3}","{""COW"": 2, ""SHEEP"": 3}",0,3
102,4,6,0,286.0,6,6,1,"{""STRAWBERRY"": 4, ""MELON"": 12, ""WHEAT"": 4}","{""COW"": 2, ""SHEEP"": 3}",0,0
102,4,6,1,301.0,6,6,1,"{""STRAWBERRY"": 5, ""MELON"": 12, ""WHEAT"": 3}","{""COW"": 2, ""SHEEP"": 3}",0,1
103,4,7,0,286.0,6,6,1,"{""STRAWBERRY"": 4, ""MELON"": 12, ""WHEAT"": 4}","{""COW"": 2, ""SHEEP"": 3}",0,0
103,4,7,1,394.0,6,6,1,"{""STRAWBERRY"": 5, ""MELON"": 12, ""WHEAT"": 3}","{""COW"": 2, ""SHEEP"": 3}",0,0
104,4,8,0,286.0,6,6,1,"{""STRAWBERRY"": 4, ""MELON"": 12, ""WHEAT"": 4}","{""COW"": 2, ""SHEEP"": 3}",0,2
104,4,8,1,394.0,6,6,1,"{""STRAWBERRY"": 5, ""MELON"": 12, ""WHEAT"": 3}","{""COW"": 2, ""SHEEP"": 3}",0,1
105,4,9,0,472.0,6,6,1,"{""STRAWBERRY"": 4, ""MELON"": 12, ""WHEAT"": 3}","{""COW"": 2, ""SHEEP"": 3}",0,0
105,4,9,1,487.0,6,6,1,"{""STRAWBERRY"": 5, ""MELON"": 12, ""WHEAT"": 2}","{""COW"": 2, ""SHEEP"": 3}",0,0
106,4,10,0,472.0,6,6,1,"{""STRAWBERRY"": 5, ""MELON"": 12, ""WHEAT"": 3}","{""COW"": 2, ""SHEEP"": 3}",0,0
106,4,10,1,487.0,6,6,1,"{""STRAWBERRY"": 6, ""MELON"": 12, ""WHEAT"": 2}","{""COW"": 2, ""SHEEP"": 3}",0,1
107,4,11,0,372.0,6,6,1,"{""STRAWBERRY"": 5, ""MELON"": 12, ""WHEAT"": 3}","{""COW"": 2, ""SHEEP"": 3}",0,1
107,4,11,1,479.0,6,6,1,"{""STRAWBERRY"": 6, ""MELON"": 12, ""WHEAT"": 2}","{""COW"": 2, ""SHEEP"": 3}",0,0
108,4,12,0,464.0,6,6,1,"{""STRAWBERRY"": 5, ""MELON"": 12, ""WHEAT"": 3}","{""COW"": 2, ""SHEEP"": 3}",0,0
108,4,12,1,479.0,6,6,1,"{""STRAWBERRY"": 6, ""MELON"": 12, ""WHEAT"": 2}","{""COW"": 2, ""SHEEP"": 3}",0,0
109,4,13,0,464.0,6,6,1,"{""STRAWBERRY"": 5, ""MELON"": 12, ""WHEAT"": 3}","{""COW"": 2, ""SHEEP"": 3}",0,0
109,4,13,1,479.0,6,6,1,"{""STRAWBERRY"": 6, ""MELON"": 12, ""WHEAT"": 2}","{""COW"": 2, ""SHEEP"": 3}",0,0
110,4,14,0,464.0,6,6,1,"{""STRAWBERRY"": 5, ""MELON"": 12, ""WHEAT"": 1}","{""COW"": 2, ""SHEEP"": 3}",0,0
110,4,14,1,479.0,6,6,1,"{""STRAWBERRY"": 6, ""MELON"": 12, ""WHEAT"": 1}","{""COW"": 2, ""SHEEP"": 3}",0,0
111,4,15,0,364.0,6,6,1,"{""STRAWBERRY"": 6, ""MELON"": 12, ""WHEAT"": 1}","{""COW"": 2, ""SHEEP"": 3}",0,3
111,4,15,1,379.0,6,6,1,"{""STRAWBERRY"": 7, ""MELON"": 12, ""WHEAT"": 1}","{""COW"": 2, ""SHEEP"": 3}",0,0
112,4,16,0,326.0,6,6,1,"{""STRAWBERRY"": 7, ""MELON"": 12, ""WHEAT"": 1}","{""COW"": 2, ""SHEEP"": 3}",0,0
112,4,16,1,379.0,6,6,1,"{""STRAWBERRY"": 7, ""MELON"": 12, ""WHEAT"": 1}","{""COW"": 2, ""SHEEP"": 3}",0,2
113,4,17,0,326.0,6,6,1,"{""STRAWBERRY"": 7, ""MELON"": 12, ""WHEAT"": 1}","{""COW"": 2, ""SHEEP"": 3}",0,1
113,4,17,1,379.0,6,6,1,"{""STRAWBERRY"": 7, ""MELON"": 12, ""WHEAT"": 1}","{""COW"": 2, ""SHEEP"": 3}",0,1
114,4,18,0,326.0,6,6,1,"{""STRAWBERRY"": 7, ""MELON"": 12, ""WHEAT"": 1}","{""COW"": 2, ""SHEEP"": 3}",0,0
114,4,18,1,379.0,6,6,1,"{""STRAWBERRY"": 7, ""MELON"": 12, ""WHEAT"": 1}","{""COW"": 2, ""SHEEP"": 3}",0,0
115,4,19,0,326.0,6,6,1,"{""STRAWBERRY"": 7, ""MELON"": 12, ""WHEAT"": 1}","{""COW"": 2, ""SHEEP"": 3}",0,1
115,4,19,1,379.0,6,6,1,"{""STRAWBERRY"": 7, ""MELON"": 12}","{""COW"": 2, ""SHEEP"": 3}",0,2
116,4,20,0,326.0,6,6,1,"{""STRAWBERRY"": 7, ""MELON"": 12, ""WHEAT"": 1}","{""COW"": 2, ""SHEEP"": 3}",0,0
116,4,20,1,410.0,6,6,1,"{""STRAWBERRY"": 8, ""MELON"": 12}","{""COW"": 2, ""SHEEP"": 3}",0,0
117,4,21,0,326.0,6,6,1,"{""STRAWBERRY"": 7, ""MELON"": 12}","{""COW"": 2, ""SHEEP"": 3}",0,1
117,4,21,1,410.0,6,6,1,"{""STRAWBERRY"": 8, ""MELON"": 12}","{""COW"": 2, ""SHEEP"": 3}",0,1
118,4,22,0,357.0,6,6,1,"{""STRAWBERRY"": 8, ""MELON"": 12}","{""COW"": 2, ""SHEEP"": 3}",0,0
118,4,22,1,410.0,6,6,1,"{""STRAWBERRY"": 8, ""MELON"": 12}","{""COW"": 2, ""SHEEP"": 3}",0,1
119,4,23,0,357.0,6,6,1,"{""STRAWBERRY"": 8, ""MELON"": 12}","{""COW"": 2, ""SHEEP"": 3}",0,0
119,4,23,1,410.0,6,6,1,"{""STRAWBERRY"": 8, ""MELON"": 12}","{""COW"": 2, ""SHEEP"": 3}",0,1
120,5,0,0,357.0,0,0,1,"{""STRAWBERRY"": 8, ""MELON"": 12}","{""COW"": 2, ""SHEEP"": 3}",0,19
120,5,0,1,410.0,0,0,1,"{""STRAWBERRY"": 8, ""MELON"": 12}","{""COW"": 2, ""SHEEP"": 3}",0,16
121,5,1,0,337.0,6,6,1,"{""STRAWBERRY"": 8, ""MELON"": 12}","{""COW"": 2, ""SHEEP"": 3}",0,19
121,5,1,1,390.0,6,6,1,"{""STRAWBERRY"": 8, ""MELON"": 12}","{""COW"": 2, ""SHEEP"": 3}",0,16
122,5,2,0,368.0,6,6,1,"{""STRAWBERRY"": 8, ""MELON"": 12}","{""COW"": 2, ""SHEEP"": 3}",0,9
122,5,2,1,390.0,6,6,1,"{""STRAWBERRY"": 8, ""MELON"": 12}","{""COW"": 2, ""SHEEP"": 3}",0,7
123,5,3,0,460.0,6,6,1,"{""STRAWBERRY"": 8, ""MELON"": 12}","{""COW"": 2, ""SHEEP"": 3}",0,0
123,5,3,1,482.0,6,6,1,"{""STRAWBERRY"": 8, ""MELON"": 12}","{""COW"": 2, ""SHEEP"": 3}",0,6
124,5,4,0,460.0,6,6,1,"{""STRAWBERRY"": 8, ""MELON"": 12}","{""COW"": 2, ""SHEEP"": 3}",0,0
124,5,4,1,482.0,6,6,1,"{""STRAWBERRY"": 8, ""MELON"": 12}","{""COW"": 2, ""SHEEP"": 3}",0,6
125,5,5,0,460.0,6,6,1,"{""STRAWBERRY"": 8, ""MELON"": 12}","{""COW"": 2, ""SHEEP"": 3}",0,1
125,5,5,1,482.0,6,6,1,"{""STRAWBERRY"": 8, ""MELON"": 12}","{""COW"": 2, ""SHEEP"": 3}",0,7
126,5,6,0,552.0,6,6,1,"{""STRAWBERRY"": 8, ""MELON"": 12}","{""COW"": 2, ""SHEEP"": 3}",0,0
126,5,6,1,574.0,6,6,1,"{""STRAWBERRY"": 8, ""MELON"": 12}","{""COW"": 2, ""SHEEP"": 3}",0,1
127,5,7,0,552.0,6,6,1,"{""STRAWBERRY"": 8, ""MELON"": 12}","{""COW"": 2, ""SHEEP"": 3}",0,0
127,5,7,1,665.0,6,6,1,"{""STRAWBERRY"": 8, ""MELON"": 12}","{""COW"": 2, ""SHEEP"": 3}",0,0
128,5,8,0,552.0,6,6,1,"{""STRAWBERRY"": 8, ""MELON"": 12}","{""COW"": 2, ""SHEEP"": 3}",0,2
128,5,8,1,665.0,6,6,1,"{""STRAWBERRY"": 8, ""MELON"": 12}","{""COW"": 2, ""SHEEP"": 3}",0,1
129,5,9,0,734.0,6,6,1,"{""STRAWBERRY"": 8, ""MELON"": 12}","{""COW"": 2, ""SHEEP"": 3}",0,0
129,5,9,1,656.0,6,6,1,"{""STRAWBERRY"": 8, ""MELON"": 12}","{""COW"": 2, ""SHEEP"": 3}",0,0
130,5,10,0,734.0,6,6,1,"{""STRAWBERRY"": 8, ""MELON"": 12}","{""COW"": 2, ""SHEEP"": 3}",0,0
130,5,10,1,656.0,6,6,1,"{""STRAWBERRY"": 8, ""MELON"": 12}","{""COW"": 2, ""SHEEP"": 3}",0,1
131,5,11,0,734.0,6,6,1,"{""STRAWBERRY"": 8, ""MELON"": 12}","{""COW"": 2, ""SHEEP"": 3}",0,1
131,5,11,1,746.0,6,6,1,"{""STRAWBERRY"": 8, ""MELON"": 12}","{""COW"": 2, ""SHEEP"": 3}",0,0
132,5,12,0,824.0,6,6,1,"{""STRAWBERRY"": 8, ""MELON"": 12}","{""COW"": 2, ""SHEEP"": 3}",0,0
132,5,12,1,746.0,6,6,1,"{""STRAWBERRY"": 8, ""MELON"": 12}","{""COW"": 2, ""SHEEP"": 3}",0,0
133,5,13,0,824.0,6,6,1,"{""STRAWBERRY"": 8, ""MELON"": 12}","{""COW"": 2, ""SHEEP"": 3}",0,0
133,5,13,1,746.0,6,6,1,"{""STRAWBERRY"": 8, ""MELON"": 12}","{""COW"": 2, ""SHEEP"": 3}",0,0
134,5,14,0,724.0,6,6,1,"{""STRAWBERRY"": 8, ""MELON"": 12}","{""COW"": 2, ""SHEEP"": 3}",0,0
134,5,14,1,746.0,6,6,1,"{""STRAWBERRY"": 8, ""MELON"": 12}","{""COW"": 2, ""SHEEP"": 3}",0,0
135,5,15,0,724.0,6,6,1,"{""STRAWBERRY"": 8, ""MELON"": 12}","{""COW"": 2, ""SHEEP"": 3}",0,0
135,5,15,1,746.0,6,6,1,"{""STRAWBERRY"": 8, ""MELON"": 12}","{""COW"": 2, ""SHEEP"": 3}",0,0
136,5,16,0,724.0,6,6,1,"{""STRAWBERRY"": 8, ""MELON"": 12}","{""COW"": 2, ""SHEEP"": 3}",0,0
136,5,16,1,746.0,6,6,1,"{""STRAWBERRY"": 8, ""MELON"": 12}","{""COW"": 2, ""SHEEP"": 3}",0,0
137,5,17,0,724.0,6,6,1,"{""STRAWBERRY"": 8, ""MELON"": 12}","{""COW"": 2, ""SHEEP"": 3}",0,2
137,5,17,1,746.0,6,6,1,"{""STRAWBERRY"": 8, ""MELON"": 12}","{""COW"": 2, ""SHEEP"": 3}",0,0
138,5,18,0,724.0,6,6,1,"{""STRAWBERRY"": 8, ""MELON"": 12}","{""COW"": 2, ""SHEEP"": 3}",0,1
138,5,18,1,746.0,6,6,1,"{""STRAWBERRY"": 8, ""MELON"": 12}","{""COW"": 2, ""SHEEP"": 3}",0,0
139,5,19,0,724.0,6,6,1,"{""STRAWBERRY"": 8, ""MELON"": 12}","{""COW"": 2, ""SHEEP"": 3}",0,0
139,5,19,1,746.0,6,6,1,"{""STRAWBERRY"": 8, ""MELON"": 12}","{""COW"": 2, ""SHEEP"": 3}",0,0
140,5,20,0,724.0,6,6,1,"{""STRAWBERRY"": 8, ""MELON"": 12}","{""COW"": 2, ""SHEEP"": 3}",0,0
140,5,20,1,746.0,6,6,1,"{""STRAWBERRY"": 8, ""MELON"": 12}","{""COW"": 2, ""SHEEP"": 3}",0,0
141,5,21,0,724.0,6,6,1,"{""STRAWBERRY"": 8, ""MELON"": 12}","{""COW"": 2, ""SHEEP"": 3}",0,0
141,5,21,1,746.0,6,6,1,"{""STRAWBERRY"": 8, ""MELON"": 12}","{""COW"": 2, ""SHEEP"": 3}",0,0
142,5,22,0,724.0,6,6,1,"{""STRAWBERRY"": 8, ""MELON"": 12}","{""COW"": 2, ""SHEEP"": 3}",0,0
142,5,22,1,746.0,6,6,1,"{""STRAWBERRY"": 8, ""MELON"": 12}","{""COW"": 2, ""SHEEP"": 3}",0,0
143,5,23,0,724.0,6,6,1,"{""STRAWBERRY"": 8, ""MELON"": 12}","{""COW"": 2, ""SHEEP"": 3}",0,0
143,5,23,1,746.0,6,6,1,"{""STRAWBERRY"": 8, ""MELON"": 12}","{""COW"": 2, ""SHEEP"": 3}",0,0
144,6,0,0,724.0,0,0,1,"{""STRAWBERRY"": 8, ""MELON"": 12}","{""COW"": 2, ""SHEEP"": 3}",0,13
144,6,0,1,746.0,0,0,1,"{""STRAWBERRY"": 8, ""MELON"": 12}","{""COW"": 2, ""SHEEP"": 3}",0,11
145,6,1,0,734.0,8,8,1,"{""STRAWBERRY"": 8, ""MELON"": 12}","{""COW"": 2, ""SHEEP"": 3}",0,11
145,6,1,1,756.0,8,8,1,"{""STRAWBERRY"": 8, ""MELON"": 12}","{""COW"": 2, ""SHEEP"": 3}",0,9
146,6,2,0,766.0,8,8,1,"{""STRAWBERRY"": 8, ""MELON"": 12}","{""COW"": 2, ""SHEEP"": 3}",0,8
146,6,2,1,756.0,8,8,1,"{""STRAWBERRY"": 8, ""MELON"": 12}","{""COW"": 2, ""SHEEP"": 3}",0,7
147,6,3,0,766.0,8,8,1,"{""STRAWBERRY"": 8, ""MELON"": 12}","{""COW"": 2, ""SHEEP"": 3}",0,8
147,6,3,1,756.0,8,8,1,"{""STRAWBERRY"": 8, ""MELON"": 12}","{""COW"": 2, ""SHEEP"": 3}",0,7
148,6,4,0,766.0,8,8,1,"{""STRAWBERRY"": 8, ""MELON"": 12}","{""COW"": 2, ""SHEEP"": 3}",0,14
148,6,4,1,1195.0,8,8,1,"{""STRAWBERRY"": 8, ""MELON"": 12}","{""COW"": 2, ""SHEEP"": 3}",0,11
149,6,5,0,2017.0,8,8,1,"{""STRAWBERRY"": 8, ""MELON"": 12}","{""COW"": 2, ""SHEEP"": 3}",0,0
149,6,5,1,2046.0,8,8,1,"{""STRAWBERRY"": 8, ""MELON"": 12}","{""COW"": 2, ""SHEEP"": 3}",0,0
150,6,6,0,1017.0,8,8,2,"{""STRAWBERRY"": 8, ""MELON"": 12}","{""COW"": 2, ""SHEEP"": 3}",0,6
150,6,6,1,1446.0,8,8,2,"{""STRAWBERRY"": 8, ""MELON"": 12}","{""COW"": 2, ""SHEEP"": 3}",0,4
151,6,7,0,1162.0,8,8,2,"{""STRAWBERRY"": 8, ""MELON"": 12}","{""COW"": 2, ""SHEEP"": 3}",0,15
151,6,7,1,1559.0,8,8,2,"{""STRAWBERRY"": 8, ""MELON"": 12}","{""COW"": 2, ""SHEEP"": 3}",0,14
152,6,8,0,2490.0,8,8,2,"{""STRAWBERRY"": 8, ""MELON"": 12}","{""COW"": 2, ""SHEEP"": 3}",0,4
152,6,8,1,2551.0,8,8,2,"{""STRAWBERRY"": 8, ""MELON"": 12}","{""COW"": 2, ""SHEEP"": 3}",0,5
153,6,9,0,1990.0,8,8,2,"{""STRAWBERRY"": 8, ""MELON"": 12}","{""COW"": 2, ""SHEEP"": 3}",0,3
153,6,9,1,2051.0,8,8,2,"{""STRAWBERRY"": 8, ""MELON"": 12}","{""COW"": 2, ""SHEEP"": 3}",0,4
154,6,10,0,1890.0,8,8,2,"{""STRAWBERRY"": 9, ""MELON"": 12}","{""COW"": 2, ""SHEEP"": 3}",0,2
154,6,10,1,1951.0,8,8,2,"{""STRAWBERRY"": 9, ""MELON"": 12}","{""COW"": 2, ""SHEEP"": 3}",0,3
155,6,11,0,1280.0,8,8,2,"{""STRAWBERRY"": 9, ""MELON"": 12}","{""COW"": 2, ""SHEEP"": 4}",0,5
155,6,11,1,1341.0,8,8,2,"{""STRAWBERRY"": 9, ""MELON"": 12}","{""COW"": 2, ""SHEEP"": 4}",0,6
156,6,12,0,1369.0,8,8,2,"{""STRAWBERRY"": 9, ""MELON"": 12}","{""COW"": 2, ""SHEEP"": 4}",0,2
156,6,12,1,1430.0,8,8,2,"{""STRAWBERRY"": 9, ""MELON"": 12}","{""COW"": 2, ""SHEEP"": 4}",0,3
157,6,13,0,769.0,8,8,2,"{""STRAWBERRY"": 11, ""MELON"": 12}","{""COW"": 2, ""SHEEP"": 4}",0,2
157,6,13,1,830.0,8,8,2,"{""STRAWBERRY"": 11, ""MELON"": 12}","{""COW"": 2, ""SHEEP"": 4}",0,3
158,6,14,0,669.0,8,8,2,"{""STRAWBERRY"": 11, ""MELON"": 12}","{""COW"": 2, ""SHEEP"": 5}",0,1
158,6,14,1,730.0,8,8,2,"{""STRAWBERRY"": 11, ""MELON"": 12}","{""COW"": 2, ""SHEEP"": 5}",0,2
159,6,15,0,169.0,8,8,2,"{""STRAWBERRY"": 11, ""MELON"": 12}","{""COW"": 2, ""SHEEP"": 5}",0,1
159,6,15,1,230.0,8,8,2,"{""STRAWBERRY"": 11, ""MELON"": 12}","{""COW"": 2, ""SHEEP"": 5}",0,2
160,6,16,0,69.0,8,8,2,"{""STRAWBERRY"": 12, ""MELON"": 12}","{""COW"": 3, ""SHEEP"": 6}",0,0
160,6,16,1,130.0,8,8,2,"{""STRAWBERRY"": 12, ""MELON"": 12}","{""COW"": 3, ""SHEEP"": 6}",0,1
161,6,17,0,69.0,8,8,2,"{""STRAWBERRY"": 13, ""MELON"": 12}","{""COW"": 3, ""SHEEP"": 6}",0,0
161,6,17,1,30.0,8,8,2,"{""STRAWBERRY"": 13, ""MELON"": 12}","{""COW"": 3, ""SHEEP"": 6}",0,0
162,6,18,0,69.0,8,8,2,"{""STRAWBERRY"": 13, ""MELON"": 12}","{""COW"": 3, ""SHEEP"": 7}",0,0
162,6,18,1,30.0,8,8,2,"{""STRAWBERRY"": 13, ""MELON"": 12}","{""COW"": 3, ""SHEEP"": 7}",0,0
163,6,19,0,69.0,8,8,2,"{""STRAWBERRY"": 14, ""MELON"": 12, ""WHEAT"": 1}","{""COW"": 3, ""SHEEP"": 7}",0,0
163,6,19,1,30.0,8,8,2,"{""STRAWBERRY"": 14, ""MELON"": 12, ""WHEAT"": 1}","{""COW"": 3, ""SHEEP"": 7}",0,0
164,6,20,0,59.0,8,8,2,"{""STRAWBERRY"": 15, ""MELON"": 12, ""WHEAT"": 1}","{""COW"": 3, ""SHEEP"": 7}",0,0
164,6,20,1,20.0,8,8,2,"{""STRAWBERRY"": 15, ""MELON"": 12, ""WHEAT"": 1}","{""COW"": 3, ""SHEEP"": 7}",0,0
165,6,21,0,59.0,8,8,2,"{""STRAWBERRY"": 15, ""MELON"": 12, ""WHEAT"": 1}","{""COW"": 4, ""SHEEP"": 7}",0,0
165,6,21,1,20.0,8,8,2,"{""STRAWBERRY"": 15, ""MELON"": 12, ""WHEAT"": 1}","{""COW"": 4, ""SHEEP"": 7}",0,0
166,6,22,0,49.0,8,8,2,"{""STRAWBERRY"": 15, ""MELON"": 12, ""WHEAT"": 2}","{""COW"": 4, ""SHEEP"": 7}",0,0
166,6,22,1,10.0,8,8,2,"{""STRAWBERRY"": 16, ""MELON"": 12, ""WHEAT"": 2}","{""COW"": 4, ""SHEEP"": 7}",0,0
167,6,23,0,49.0,8,8,2,"{""STRAWBERRY"": 15, ""MELON"": 12, ""WHEAT"": 3}","{""COW"": 4, ""SHEEP"": 7}",0,0
167,6,23,1,10.0,8,8,2,"{""STRAWBERRY"": 16, ""MELON"": 12, ""WHEAT"": 3}","{""COW"": 4, ""SHEEP"": 7}",0,0
168,7,0,0,49.0,0,0,2,"{""STRAWBERRY"": 15, ""MELON"": 12, ""WHEAT"": 3}","{""COW"": 4, ""SHEEP"": 7}",0,5
168,7,0,1,10.0,0,0,2,"{""STRAWBERRY"": 16, ""MELON"": 12, ""WHEAT"": 3}","{""COW"": 4, ""SHEEP"": 7}",0,4
169,7,1,0,83.0,8,8,2,"{""STRAWBERRY"": 15, ""MELON"": 12, ""WHEAT"": 3}","{""COW"": 4, ""SHEEP"": 7}",0,0
169,7,1,1,44.0,8,8,2,"{""STRAWBERRY"": 16, ""MELON"": 12, ""WHEAT"": 3}","{""COW"": 4, ""SHEEP"": 7}",0,0
170,7,2,0,49.0,9,9,2,"{""STRAWBERRY"": 15, ""MELON"": 12, ""WHEAT"": 3}","{""COW"": 4, ""SHEEP"": 7}",0,0
170,7,2,1,10.0,9,9,2,"{""STRAWBERRY"": 16, ""MELON"": 12, ""WHEAT"": 3}","{""COW"": 4, ""SHEEP"": 7}",0,0
171,7,3,0,49.0,9,9,2,"{""STRAWBERRY"": 15, ""MELON"": 12, ""WHEAT"": 3}","{""COW"": 4, ""SHEEP"": 7}",0,2
171,7,3,1,10.0,9,9,2,"{""STRAWBERRY"": 16, ""MELON"": 12, ""WHEAT"": 3}","{""COW"": 4, ""SHEEP"": 7}",0,2
172,7,4,0,225.0,9,9,2,"{""STRAWBERRY"": 15, ""MELON"": 12, ""WHEAT"": 3}","{""COW"": 4, ""SHEEP"": 7}",0,0
172,7,4,1,186.0,9,9,2,"{""STRAWBERRY"": 16, ""MELON"": 12, ""WHEAT"": 3}","{""COW"": 4, ""SHEEP"": 7}",0,0
173,7,5,0,225.0,9,9,2,"{""STRAWBERRY"": 15, ""MELON"": 12, ""WHEAT"": 3}","{""COW"": 4, ""SHEEP"": 7}",0,0
173,7,5,1,186.0,9,9,2,"{""STRAWBERRY"": 16, ""MELON"": 12, ""WHEAT"": 3}","{""COW"": 4, ""SHEEP"": 7}",0,0
174,7,6,0,125.0,9,9,2,"{""STRAWBERRY"": 15, ""MELON"": 12, ""WHEAT"": 3}","{""COW"": 4, ""SHEEP"": 7}",0,2
174,7,6,1,186.0,9,9,2,"{""STRAWBERRY"": 16, ""MELON"": 12, ""WHEAT"": 3}","{""COW"": 4, ""SHEEP"": 7}",0,2
175,7,7,0,200.0,9,9,2,"{""STRAWBERRY"": 15, ""MELON"": 12, ""WHEAT"": 3}","{""COW"": 4, ""SHEEP"": 7}",0,5
175,7,7,1,161.0,9,9,2,"{""STRAWBERRY"": 16, ""MELON"": 12, ""WHEAT"": 3}","{""COW"": 4, ""SHEEP"": 7}",0,5
176,7,8,0,372.0,9,9,2,"{""STRAWBERRY"": 15, ""MELON"": 12, ""WHEAT"": 3}","{""COW"": 4, ""SHEEP"": 7}",0,0
176,7,8,1,333.0,9,9,2,"{""STRAWBERRY"": 16, ""MELON"": 12, ""WHEAT"": 3}","{""COW"": 4, ""SHEEP"": 7}",0,0
177,7,9,0,306.0,9,9,2,"{""STRAWBERRY"": 15, ""MELON"": 12, ""WHEAT"": 3}","{""COW"": 4, ""SHEEP"": 7}",0,3
177,7,9,1,234.0,9,9,2,"{""STRAWBERRY"": 16, ""MELON"": 12, ""WHEAT"": 3}","{""COW"": 4, ""SHEEP"": 7}",0,4
178,7,10,0,292.0,9,9,2,"{""STRAWBERRY"": 15, ""MELON"": 12, ""WHEAT"": 3}","{""COW"": 4, ""SHEEP"": 7}",0,0
178,7,10,1,220.0,9,9,2,"{""STRAWBERRY"": 17, ""MELON"": 12, ""WHEAT"": 3}","{""COW"": 4, ""SHEEP"": 7}",0,0
179,7,11,0,191.0,9,9,2,"{""STRAWBERRY"": 15, ""MELON"": 12, ""WHEAT"": 3}","{""COW"": 4, ""SHEEP"": 7}",0,4
179,7,11,1,18.0,9,9,2,"{""STRAWBERRY"": 17, ""MELON"": 12, ""WHEAT"": 3}","{""COW"": 4, ""SHEEP"": 7}",0,4
180,7,12,0,176.0,9,9,2,"{""STRAWBERRY"": 17, ""MELON"": 12, ""WHEAT"": 3}","{""COW"": 4, ""SHEEP"": 7}",0,4
180,7,12,1,3.0,9,9,2,"{""STRAWBERRY"": 18, ""MELON"": 12, ""WHEAT"": 3}","{""COW"": 4, ""SHEEP"": 7}",0,4
181,7,13,0,161.0,9,9,2,"{""STRAWBERRY"": 17, ""MELON"": 12, ""WHEAT"": 3}","{""COW"": 4, ""SHEEP"": 7}",0,0
181,7,13,1,88.0,9,9,2,"{""STRAWBERRY"": 18, ""MELON"": 12, ""WHEAT"": 3}","{""COW"": 4, ""SHEEP"": 7}",0,0
182,7,14,0,27.0,9,9,2,"{""STRAWBERRY"": 18, ""MELON"": 12, ""WHEAT"": 3}","{""COW"": 4, ""SHEEP"": 7}",0,2
182,7,14,1,88.0,9,9,2,"{""STRAWBERRY"": 19, ""MELON"": 12, ""WHEAT"": 3}","{""COW"": 4, ""SHEEP"": 7}",0,1
183,7,15,0,11.0,9,9,2,"{""STRAWBERRY"": 20, ""MELON"": 12, ""WHEAT"": 3}","{""COW"": 4, ""SHEEP"": 7}",0,0
183,7,15,1,72.0,9,9,2,"{""STRAWBERRY"": 20, ""MELON"": 12, ""WHEAT"": 3}","{""COW"": 4, ""SHEEP"": 7}",0,0
184,7,16,0,11.0,9,9,2,"{""STRAWBERRY"": 20, ""MELON"": 12, ""WHEAT"": 3}","{""COW"": 4, ""SHEEP"": 7}",0,0
184,7,16,1,72.0,9,9,2,"{""STRAWBERRY"": 20, ""MELON"": 12, ""WHEAT"": 3}","{""COW"": 4, ""SHEEP"": 7}",0,0
185,7,17,0,11.0,9,9,2,"{""STRAWBERRY"": 20, ""MELON"": 12, ""WHEAT"": 3}","{""COW"": 4, ""SHEEP"": 7}",0,0
185,7,17,1,72.0,9,9,2,"{""STRAWBERRY"": 20, ""MELON"": 12, ""WHEAT"": 3}","{""COW"": 4, ""SHEEP"": 7}",0,0
186,7,18,0,11.0,9,9,2,"{""STRAWBERRY"": 21, ""MELON"": 12, ""WHEAT"": 3}","{""COW"": 4, ""SHEEP"": 7}",0,0
186,7,18,1,72.0,9,9,2,"{""STRAWBERRY"": 20, ""MELON"": 12, ""WHEAT"": 3}","{""COW"": 4, ""SHEEP"": 7}",0,0
187,7,19,0,11.0,9,9,2,"{""STRAWBERRY"": 21, ""MELON"": 12, ""WHEAT"": 3}","{""COW"": 4, ""SHEEP"": 7}",0,0
187,7,19,1,72.0,9,9,2,"{""STRAWBERRY"": 20, ""MELON"": 12, ""WHEAT"": 3}","{""COW"": 4, ""SHEEP"": 7}",0,0
188,7,20,0,11.0,9,9,2,"{""STRAWBERRY"": 21, ""MELON"": 12, ""WHEAT"": 3}","{""COW"": 4, ""SHEEP"": 7}",0,0
188,7,20,1,72.0,9,9,2,"{""STRAWBERRY"": 20, ""MELON"": 12, ""WHEAT"": 3}","{""COW"": 4, ""SHEEP"": 7}",0,0
189,7,21,0,11.0,9,9,2,"{""STRAWBERRY"": 21, ""MELON"": 12, ""WHEAT"": 3}","{""COW"": 4, ""SHEEP"": 7}",0,0
189,7,21,1,72.0,9,9,2,"{""STRAWBERRY"": 20, ""MELON"": 12, ""WHEAT"": 3}","{""COW"": 4, ""SHEEP"": 7}",0,0
190,7,22,0,11.0,9,9,2,"{""STRAWBERRY"": 21, ""MELON"": 12, ""WHEAT"": 3}","{""COW"": 4, ""SHEEP"": 7}",0,0
190,7,22,1,72.0,9,9,2,"{""STRAWBERRY"": 20, ""MELON"": 12, ""WHEAT"": 3}","{""COW"": 4, ""SHEEP"": 7}",0,0
191,7,23,0,11.0,9,9,2,"{""STRAWBERRY"": 21, ""MELON"": 12, ""WHEAT"": 3}","{""COW"": 4, ""SHEEP"": 7}",0,0
191,7,23,1,72.0,9,9,2,"{""STRAWBERRY"": 21, ""MELON"": 12, ""WHEAT"": 3}","{""COW"": 4, ""SHEEP"": 7}",0,0
192,8,0,0,11.0,0,0,2,"{""STRAWBERRY"": 21, ""MELON"": 12, ""WHEAT"": 3}","{""COW"": 4, ""SHEEP"": 7}",0,3
192,8,0,1,72.0,0,0,2,"{""STRAWBERRY"": 21, ""MELON"": 12, ""WHEAT"": 3}","{""COW"": 4, ""SHEEP"": 7}",0,2
193,8,1,0,41.0,8,8,2,"{""STRAWBERRY"": 21, ""MELON"": 12, ""WHEAT"": 3}","{""COW"": 4, ""SHEEP"": 7}",0,2
193,8,1,1,102.0,8,8,2,"{""STRAWBERRY"": 21, ""MELON"": 12, ""WHEAT"": 3}","{""COW"": 4, ""SHEEP"": 7}",0,1
194,8,2,0,7.0,9,9,2,"{""STRAWBERRY"": 21, ""MELON"": 12, ""WHEAT"": 3}","{""COW"": 4, ""SHEEP"": 7}",0,6
194,8,2,1,554.0,9,9,2,"{""STRAWBERRY"": 21, ""MELON"": 12, ""WHEAT"": 3}","{""COW"": 4, ""SHEEP"": 7}",0,5
195,8,3,0,451.0,9,9,2,"{""STRAWBERRY"": 21, ""MELON"": 12, ""WHEAT"": 3}","{""COW"": 4, ""SHEEP"": 7}",0,17
195,8,3,1,488.0,9,9,2,"{""STRAWBERRY"": 21, ""MELON"": 12, ""WHEAT"": 3}","{""COW"": 4, ""SHEEP"": 7}",0,18
196,8,4,0,535.0,9,9,2,"{""STRAWBERRY"": 21, ""MELON"": 12, ""WHEAT"": 3}","{""COW"": 4, ""SHEEP"": 7}",0,13
196,8,4,1,572.0,9,9,2,"{""STRAWBERRY"": 21, ""MELON"": 12, ""WHEAT"": 3}","{""COW"": 4, ""SHEEP"": 7}",0,6
197,8,5,0,618.0,9,9,2,"{""STRAWBERRY"": 21, ""MELON"": 12, ""WHEAT"": 3}","{""COW"": 4, ""SHEEP"": 7}",0,0
197,8,5,1,572.0,9,9,2,"{""STRAWBERRY"": 21, ""MELON"": 12, ""WHEAT"": 3}","{""COW"": 4, ""SHEEP"": 7}",0,6
198,8,6,0,618.0,9,9,2,"{""STRAWBERRY"": 21, ""MELON"": 12, ""WHEAT"": 3}","{""COW"": 4, ""SHEEP"": 7}",0,0
198,8,6,1,572.0,9,9,2,"{""STRAWBERRY"": 21, ""MELON"": 12, ""WHEAT"": 3}","{""COW"": 4, ""SHEEP"": 7}",0,6
199,8,7,0,518.0,9,9,2,"{""STRAWBERRY"": 21, ""MELON"": 12, ""WHEAT"": 3}","{""COW"": 4, ""SHEEP"": 7}",0,7
199,8,7,1,928.0,9,9,2,"{""STRAWBERRY"": 21, ""MELON"": 12, ""WHEAT"": 3}","{""COW"": 4, ""SHEEP"": 7}",0,9
200,8,8,0,929.0,9,9,2,"{""STRAWBERRY"": 21, ""MELON"": 12, ""WHEAT"": 2}","{""COW"": 4, ""SHEEP"": 7}",0,2
200,8,8,1,857.0,9,9,2,"{""STRAWBERRY"": 21, ""MELON"": 12, ""WHEAT"": 2}","{""COW"": 4, ""SHEEP"": 7}",0,8
201,8,9,0,904.0,9,9,2,"{""STRAWBERRY"": 22, ""MELON"": 12, ""WHEAT"": 2}","{""COW"": 4, ""SHEEP"": 7}",0,4
201,8,9,1,940.0,9,9,2,"{""STRAWBERRY"": 22, ""MELON"": 12, ""WHEAT"": 2}","{""COW"": 4, ""SHEEP"": 7}",0,6
202,8,10,0,976.0,9,9,2,"{""STRAWBERRY"": 22, ""MELON"": 12, ""WHEAT"": 2}","{""COW"": 4, ""SHEEP"": 7}",0,0
202,8,10,1,930.0,9,9,2,"{""STRAWBERRY"": 22, ""MELON"": 12, ""WHEAT"": 2}","{""COW"": 4, ""SHEEP"": 7}",0,8
203,8,11,0,976.0,9,9,2,"{""STRAWBERRY"": 22, ""MELON"": 12, ""WHEAT"": 2}","{""COW"": 4, ""SHEEP"": 7}",0,1
203,8,11,1,1094.0,9,9,2,"{""STRAWBERRY"": 22, ""MELON"": 12, ""WHEAT"": 2}","{""COW"": 4, ""SHEEP"": 7}",0,0
204,8,12,0,1058.0,9,9,2,"{""STRAWBERRY"": 22, ""MELON"": 12, ""WHEAT"": 2}","{""COW"": 4, ""SHEEP"": 7}",0,0
204,8,12,1,1094.0,9,9,2,"{""STRAWBERRY"": 22, ""MELON"": 12, ""WHEAT"": 2}","{""COW"": 4, ""SHEEP"": 7}",0,0
205,8,13,0,558.0,9,9,2,"{""STRAWBERRY"": 22, ""MELON"": 12, ""WHEAT"": 1}","{""COW"": 4, ""SHEEP"": 7}",0,1
205,8,13,1,594.0,9,9,2,"{""STRAWBERRY"": 22, ""MELON"": 12, ""WHEAT"": 1}","{""COW"": 4, ""SHEEP"": 7}",0,1
206,8,14,0,548.0,9,9,2,"{""STRAWBERRY"": 22, ""MELON"": 12, ""WHEAT"": 2}","{""COW"": 4, ""SHEEP"": 8}",0,1
206,8,14,1,584.0,9,9,2,"{""STRAWBERRY"": 22, ""MELON"": 12, ""WHEAT"": 2}","{""COW"": 4, ""SHEEP"": 8}",0,2
207,8,15,0,538.0,9,9,2,"{""STRAWBERRY"": 22, ""MELON"": 12, ""WHEAT"": 2}","{""COW"": 4, ""SHEEP"": 8}",0,1
207,8,15,1,737.0,9,9,2,"{""STRAWBERRY"": 22, ""MELON"": 12, ""WHEAT"": 2}","{""COW"": 4, ""SHEEP"": 8}",0,1
208,8,16,0,538.0,9,9,2,"{""STRAWBERRY"": 22, ""MELON"": 12, ""WHEAT"": 2}","{""COW"": 4, ""SHEEP"": 8}",0,0
208,8,16,1,818.0,9,9,2,"{""STRAWBERRY"": 22, ""MELON"": 12, ""WHEAT"": 2}","{""COW"": 4, ""SHEEP"": 8}",0,0
209,8,17,0,538.0,9,9,2,"{""STRAWBERRY"": 22, ""MELON"": 12, ""WHEAT"": 2}","{""COW"": 4, ""SHEEP"": 8}",0,1
209,8,17,1,818.0,9,9,2,"{""STRAWBERRY"": 22, ""MELON"": 12, ""WHEAT"": 2}","{""COW"": 4, ""SHEEP"": 8}",0,0
210,8,18,0,619.0,9,9,2,"{""STRAWBERRY"": 22, ""MELON"": 12, ""WHEAT"": 2}","{""COW"": 4, ""SHEEP"": 8}",0,1
210,8,18,1,818.0,9,9,2,"{""STRAWBERRY"": 22, ""MELON"": 12, ""WHEAT"": 2}","{""COW"": 4, ""SHEEP"": 8}",0,2
211,8,19,0,700.0,9,9,2,"{""STRAWBERRY"": 22, ""MELON"": 12, ""WHEAT"": 2}","{""COW"": 4, ""SHEEP"": 8}",0,0
211,8,19,1,979.0,9,9,2,"{""STRAWBERRY"": 22, ""MELON"": 12, ""WHEAT"": 2}","{""COW"": 4, ""SHEEP"": 8}",0,2
212,8,20,0,700.0,9,9,2,"{""STRAWBERRY"": 22, ""MELON"": 12, ""WHEAT"": 2}","{""COW"": 4, ""SHEEP"": 8}",0,0
212,8,20,1,979.0,9,9,2,"{""STRAWBERRY"": 22, ""MELON"": 12, ""WHEAT"": 2}","{""COW"": 4, ""SHEEP"": 9}",0,1
213,8,21,0,700.0,9,9,2,"{""STRAWBERRY"": 22, ""MELON"": 12, ""WHEAT"": 2}","{""COW"": 4, ""SHEEP"": 8}",0,0
213,8,21,1,979.0,9,9,2,"{""STRAWBERRY"": 22, ""MELON"": 12, ""WHEAT"": 2}","{""COW"": 4, ""SHEEP"": 9}",0,1
214,8,22,0,700.0,9,9,2,"{""STRAWBERRY"": 22, ""MELON"": 12, ""WHEAT"": 2}","{""COW"": 4, ""SHEEP"": 9}",0,0
214,8,22,1,979.0,9,9,2,"{""STRAWBERRY"": 22, ""MELON"": 12, ""WHEAT"": 2}","{""COW"": 4, ""SHEEP"": 9}",0,3
215,8,23,0,700.0,9,9,2,"{""STRAWBERRY"": 22, ""MELON"": 12, ""WHEAT"": 2}","{""COW"": 4, ""SHEEP"": 9}",0,0
215,8,23,1,1139.0,9,9,2,"{""STRAWBERRY"": 22, ""MELON"": 12, ""WHEAT"": 2}","{""COW"": 4, ""SHEEP"": 9}",0,0
216,9,0,0,700.0,0,0,2,"{""STRAWBERRY"": 22, ""MELON"": 12, ""WHEAT"": 2}","{""COW"": 4, ""SHEEP"": 9}",0,16
216,9,0,1,1139.0,0,0,2,"{""STRAWBERRY"": 22, ""MELON"": 12, ""WHEAT"": 2}","{""COW"": 4, ""SHEEP"": 9}",0,11
217,9,1,0,485.0,8,8,2,"{""STRAWBERRY"": 22, ""MELON"": 12, ""WHEAT"": 2}","{""COW"": 4, ""SHEEP"": 9}",0,14
217,9,1,1,685.0,8,8,2,"{""STRAWBERRY"": 22, ""MELON"": 12, ""WHEAT"": 2}","{""COW"": 4, ""SHEEP"": 9}",0,12
218,9,2,0,250.0,10,10,2,"{""STRAWBERRY"": 22, ""MELON"": 12, ""WHEAT"": 2}","{""COW"": 4, ""SHEEP"": 9}",0,11
218,9,2,1,413.0,10,10,2,"{""STRAWBERRY"": 22, ""MELON"": 12, ""WHEAT"": 2}","{""COW"": 4, ""SHEEP"": 9}",0,11
219,9,3,0,250.0,10,10,2,"{""STRAWBERRY"": 22, ""MELON"": 12, ""WHEAT"": 2}","{""COW"": 4, ""SHEEP"": 9}",0,6
219,9,3,1,413.0,10,10,2,"{""STRAWBERRY"": 22, ""MELON"": 12, ""WHEAT"": 2}","{""COW"": 4, ""SHEEP"": 9}",0,7
220,9,4,0,250.0,10,10,2,"{""STRAWBERRY"": 22, ""MELON"": 12, ""WHEAT"": 2}","{""COW"": 4, ""SHEEP"": 9}",0,9
220,9,4,1,1077.0,10,10,2,"{""STRAWBERRY"": 22, ""MELON"": 12, ""WHEAT"": 2}","{""COW"": 4, ""SHEEP"": 9}",0,7
221,9,5,0,1115.0,10,10,2,"{""STRAWBERRY"": 22, ""MELON"": 12, ""WHEAT"": 2}","{""COW"": 4, ""SHEEP"": 9}",0,7
221,9,5,1,2148.0,10,10,2,"{""STRAWBERRY"": 22, ""MELON"": 12, ""WHEAT"": 2}","{""COW"": 4, ""SHEEP"": 9}",0,4
222,9,6,0,1930.0,10,10,2,"{""STRAWBERRY"": 22, ""MELON"": 12, ""WHEAT"": 2}","{""COW"": 4, ""SHEEP"": 9}",0,2
222,9,6,1,148.0,10,10,3,"{""STRAWBERRY"": 22, ""MELON"": 12, ""WHEAT"": 2}","{""COW"": 4, ""SHEEP"": 9}",0,3
223,9,7,0,1930.0,10,10,2,"{""STRAWBERRY"": 22, ""MELON"": 12, ""WHEAT"": 2}","{""COW"": 4, ""SHEEP"": 9}",0,5
223,9,7,1,148.0,10,10,3,"{""STRAWBERRY"": 22, ""MELON"": 12, ""WHEAT"": 2}","{""COW"": 4, ""SHEEP"": 9}",0,5
224,9,8,0,88.0,10,10,3,"{""STRAWBERRY"": 22, ""MELON"": 12, ""WHEAT"": 2}","{""COW"": 4, ""SHEEP"": 9}",0,4
224,9,8,1,736.0,10,10,3,"{""STRAWBERRY"": 22, ""MELON"": 12, ""WHEAT"": 2}","{""COW"": 4, ""SHEEP"": 9}",0,3
225,9,9,0,690.0,10,10,3,"{""STRAWBERRY"": 22, ""MELON"": 12, ""WHEAT"": 2}","{""COW"": 4, ""SHEEP"": 9}",0,6
225,9,9,1,750.0,10,10,3,"{""STRAWBERRY"": 22, ""MELON"": 12, ""WHEAT"": 2}","{""COW"": 4, ""SHEEP"": 9}",0,7
226,9,10,0,259.0,10,10,3,"{""STRAWBERRY"": 22, ""MELON"": 12, ""WHEAT"": 2}","{""COW"": 4, ""SHEEP"": 9}",0,6
226,9,10,1,397.0,10,10,3,"{""STRAWBERRY"": 22, ""MELON"": 12, ""WHEAT"": 2}","{""COW"": 4, ""SHEEP"": 9}",0,6
227,9,11,0,249.0,10,10,3,"{""STRAWBERRY"": 22, ""MELON"": 12, ""WHEAT"": 3}","{""COW"": 4, ""SHEEP"": 9}",0,5
227,9,11,1,387.0,10,10,3,"{""STRAWBERRY"": 22, ""MELON"": 12, ""WHEAT"": 3}","{""COW"": 5, ""SHEEP"": 9}",0,5
228,9,12,0,239.0,10,10,3,"{""STRAWBERRY"": 22, ""MELON"": 12, ""WHEAT"": 4}","{""COW"": 4, ""SHEEP"": 9}",0,6
228,9,12,1,377.0,10,10,3,"{""STRAWBERRY"": 22, ""MELON"": 12, ""WHEAT"": 4}","{""COW"": 5, ""SHEEP"": 9}",0,6
229,9,13,0,307.0,10,10,3,"{""STRAWBERRY"": 22, ""MELON"": 12, ""WHEAT"": 4}","{""COW"": 5, ""SHEEP"": 9}",0,0
229,9,13,1,445.0,10,10,3,"{""STRAWBERRY"": 22, ""MELON"": 12, ""WHEAT"": 5}","{""COW"": 5, ""SHEEP"": 9}",0,0
230,9,14,0,297.0,10,10,3,"{""STRAWBERRY"": 22, ""MELON"": 12, ""WHEAT"": 5}","{""COW"": 5, ""SHEEP"": 10}",0,0
230,9,14,1,435.0,10,10,3,"{""STRAWBERRY"": 22, ""MELON"": 12, ""WHEAT"": 6}","{""COW"": 5, ""SHEEP"": 10}",0,0
231,9,15,0,287.0,10,10,3,"{""STRAWBERRY"": 22, ""MELON"": 12, ""WHEAT"": 6}","{""COW"": 5, ""SHEEP"": 10}",0,0
231,9,15,1,425.0,10,10,3,"{""STRAWBERRY"": 22, ""MELON"": 12, ""WHEAT"": 6}","{""COW"": 5, ""SHEEP"": 10}",0,0
232,9,16,0,277.0,10,10,3,"{""STRAWBERRY"": 22, ""MELON"": 12, ""WHEAT"": 8}","{""COW"": 5, ""SHEEP"": 10}",0,0
232,9,16,1,415.0,10,10,3,"{""STRAWBERRY"": 22, ""MELON"": 12, ""WHEAT"": 7}","{""COW"": 5, ""SHEEP"": 10}",0,2
233,9,17,0,267.0,10,10,3,"{""STRAWBERRY"": 22, ""MELON"": 12, ""WHEAT"": 9}","{""COW"": 5, ""SHEEP"": 10}",0,0
233,9,17,1,561.0,10,10,3,"{""STRAWBERRY"": 22, ""MELON"": 12, ""WHEAT"": 9}","{""COW"": 5, ""SHEEP"": 10}",0,0
234,9,18,0,227.0,10,10,3,"{""STRAWBERRY"": 22, ""MELON"": 12, ""WHEAT"": 10}","{""COW"": 5, ""SHEEP"": 10}",0,2
234,9,18,1,521.0,10,10,3,"{""STRAWBERRY"": 22, ""MELON"": 12, ""WHEAT"": 9}","{""COW"": 5, ""SHEEP"": 10}",0,2
235,9,19,0,371.0,10,10,3,"{""STRAWBERRY"": 22, ""MELON"": 12, ""WHEAT"": 11}","{""COW"": 5, ""SHEEP"": 10}",0,0
235,9,19,1,665.0,10,10,3,"{""STRAWBERRY"": 22, ""MELON"": 12, ""WHEAT"": 11}","{""COW"": 5, ""SHEEP"": 10}",0,0
236,9,20,0,361.0,10,10,3,"{""STRAWBERRY"": 22, ""MELON"": 12, ""WHEAT"": 12}","{""COW"": 5, ""SHEEP"": 10}",0,0
236,9,20,1,655.0,10,10,3,"{""STRAWBERRY"": 22, ""MELON"": 12, ""WHEAT"": 13}","{""COW"": 5, ""SHEEP"": 10}",0,0
237,9,21,0,351.0,10,10,3,"{""STRAWBERRY"": 22, ""MELON"": 12, ""WHEAT"": 14}","{""COW"": 5, ""SHEEP"": 10}",0,0
237,9,21,1,645.0,10,10,3,"{""STRAWBERRY"": 22, ""MELON"": 12, ""WHEAT"": 13}","{""COW"": 5, ""SHEEP"": 10}",0,0
238,9,22,0,341.0,10,10,3,"{""STRAWBERRY"": 22, ""MELON"": 12, ""WHEAT"": 15}","{""COW"": 5, ""SHEEP"": 10}",0,0
238,9,22,1,635.0,10,10,3,"{""STRAWBERRY"": 22, ""MELON"": 12, ""WHEAT"": 15}","{""COW"": 5, ""SHEEP"": 10}",0,0
239,9,23,0,341.0,10,10,3,"{""STRAWBERRY"": 22, ""MELON"": 12, ""WHEAT"": 17}","{""COW"": 5, ""SHEEP"": 10}",0,0
239,9,23,1,635.0,10,10,3,"{""STRAWBERRY"": 22, ""MELON"": 12, ""WHEAT"": 17}","{""COW"": 5, ""SHEEP"": 10}",0,0
240,10,0,0,341.0,0,0,3,"{""STRAWBERRY"": 22, ""MELON"": 12, ""WHEAT"": 17}","{""COW"": 5, ""SHEEP"": 10}",0,18
240,10,0,1,635.0,0,0,3,"{""STRAWBERRY"": 22, ""MELON"": 12, ""WHEAT"": 17}","{""COW"": 5, ""SHEEP"": 10}",0,15
241,10,1,0,437.0,8,8,3,"{""STRAWBERRY"": 22, ""MELON"": 12, ""WHEAT"": 17}","{""COW"": 5, ""SHEEP"": 10}",0,21
241,10,1,1,733.0,8,8,3,"{""STRAWBERRY"": 22, ""MELON"": 12, ""WHEAT"": 17}","{""COW"": 5, ""SHEEP"": 10}",0,17
242,10,2,0,30.0,11,11,3,"{""STRAWBERRY"": 22, ""MELON"": 12, ""WHEAT"": 17}","{""COW"": 5, ""SHEEP"": 10}",0,15
242,10,2,1,407.0,11,11,3,"{""STRAWBERRY"": 22, ""MELON"": 12, ""WHEAT"": 17}","{""COW"": 5, ""SHEEP"": 10}",0,19
243,10,3,0,10.0,11,11,3,"{""STRAWBERRY"": 22, ""MELON"": 12, ""WHEAT"": 17}","{""COW"": 5, ""SHEEP"": 10}",0,19
243,10,3,1,17.0,11,11,3,"{""STRAWBERRY"": 22, ""MELON"": 12, ""WHEAT"": 17}","{""COW"": 5, ""SHEEP"": 10}",0,25
244,10,4,0,10.0,11,11,3,"{""STRAWBERRY"": 22, ""MELON"": 12, ""WHEAT"": 17}","{""COW"": 5, ""SHEEP"": 10}",0,19
244,10,4,1,17.0,11,11,3,"{""STRAWBERRY"": 22, ""MELON"": 12, ""WHEAT"": 17}","{""COW"": 5, ""SHEEP"": 10}",0,25
245,10,5,0,10.0,11,11,3,"{""STRAWBERRY"": 22, ""MELON"": 12, ""WHEAT"": 17}","{""COW"": 5, ""SHEEP"": 10}",0,19
245,10,5,1,17.0,11,11,3,"{""STRAWBERRY"": 22, ""MELON"": 12, ""WHEAT"": 17}","{""COW"": 5, ""SHEEP"": 10}",0,25
246,10,6,0,10.0,11,11,3,"{""STRAWBERRY"": 22, ""MELON"": 11, ""WHEAT"": 17}","{""COW"": 5, ""SHEEP"": 10}",0,21
246,10,6,1,17.0,11,11,3,"{""STRAWBERRY"": 22, ""MELON"": 11, ""WHEAT"": 17}","{""COW"": 5, ""SHEEP"": 10}",0,25
247,10,7,0,158.0,11,11,3,"{""STRAWBERRY"": 22, ""MELON"": 10, ""WHEAT"": 17}","{""COW"": 5, ""SHEEP"": 10}",0,19
247,10,7,1,17.0,11,11,3,"{""STRAWBERRY"": 22, ""MELON"": 10, ""WHEAT"": 17}","{""COW"": 5, ""SHEEP"": 10}",0,25
248,10,8,0,158.0,11,11,3,"{""STRAWBERRY"": 22, ""MELON"": 7, ""WHEAT"": 17}","{""COW"": 5, ""SHEEP"": 10}",0,19
248,10,8,1,17.0,11,11,3,"{""STRAWBERRY"": 22, ""MELON"": 7, ""WHEAT"": 17}","{""COW"": 5, ""SHEEP"": 10}",0,25
249,10,9,0,158.0,11,11,3,"{""STRAWBERRY"": 22, ""MELON"": 7, ""WHEAT"": 17}","{""COW"": 5, ""SHEEP"": 10}",0,19
249,10,9,1,17.0,11,11,3,"{""STRAWBERRY"": 22, ""MELON"": 7, ""WHEAT"": 17}","{""COW"": 5, ""SHEEP"": 10}",0,25
250,10,10,0,158.0,11,11,3,"{""STRAWBERRY"": 22, ""MELON"": 7, ""WHEAT"": 17}","{""COW"": 5, ""SHEEP"": 10}",0,25
250,10,10,1,560.0,11,11,3,"{""STRAWBERRY"": 22, ""MELON"": 7, ""WHEAT"": 17}","{""COW"": 5, ""SHEEP"": 10}",0,29
251,10,11,0,428.0,11,11,3,"{""STRAWBERRY"": 22, ""MELON"": 6, ""WHEAT"": 17}","{""COW"": 5, ""SHEEP"": 10}",0,53
251,10,11,1,704.0,11,11,3,"{""STRAWBERRY"": 22, ""MELON"": 6, ""WHEAT"": 17}","{""COW"": 5, ""SHEEP"": 10}",0,61
252,10,12,0,2479.0,11,11,3,"{""STRAWBERRY"": 22, ""MELON"": 6, ""WHEAT"": 18}","{""COW"": 5, ""SHEEP"": 10}",0,37
252,10,12,1,2090.0,11,11,3,"{""STRAWBERRY"": 22, ""MELON"": 6, ""WHEAT"": 18}","{""COW"": 5, ""SHEEP"": 10}",0,61
253,10,13,0,3955.0,11,11,3,"{""STRAWBERRY"": 22, ""MELON"": 6, ""WHEAT"": 18}","{""COW"": 5, ""SHEEP"": 10}",0,44
253,10,13,1,2229.0,11,11,3,"{""STRAWBERRY"": 22, ""MELON"": 6, ""WHEAT"": 18}","{""COW"": 5, ""SHEEP"": 10}",0,100
254,10,14,0,6792.0,11,11,3,"{""STRAWBERRY"": 22, ""MELON"": 6, ""WHEAT"": 18}","{""COW"": 5, ""SHEEP"": 10}",0,24
254,10,14,1,4661.0,11,11,3,"{""STRAWBERRY"": 22, ""MELON"": 6, ""WHEAT"": 18}","{""COW"": 5, ""SHEEP"": 10}",0,75
255,10,15,0,6782.0,11,11,3,"{""STRAWBERRY"": 22, ""MELON"": 6, ""WHEAT"": 18}","{""COW"": 5, ""SHEEP"": 10}",0,30
255,10,15,1,4771.0,11,11,3,"{""STRAWBERRY"": 22, ""MELON"": 6, ""WHEAT"": 19}","{""COW"": 5, ""SHEEP"": 10}",0,81
256,10,16,0,7260.0,11,11,3,"{""STRAWBERRY"": 22, ""MELON"": 6, ""WHEAT"": 19}","{""COW"": 5, ""SHEEP"": 10}",0,22
256,10,16,1,5139.0,11,11,3,"{""STRAWBERRY"": 22, ""MELON"": 6, ""WHEAT"": 19}","{""COW"": 5, ""SHEEP"": 10}",0,70
257,10,17,0,7250.0,11,11,3,"{""STRAWBERRY"": 22, ""MELON"": 6, ""WHEAT"": 20}","{""COW"": 5, ""SHEEP"": 10}",0,25
257,10,17,1,5129.0,11,11,3,"{""STRAWBERRY"": 22, ""MELON"": 6, ""WHEAT"": 20}","{""COW"": 5, ""SHEEP"": 10}",0,77
258,10,18,0,7090.0,11,11,3,"{""STRAWBERRY"": 23, ""MELON"": 6, ""WHEAT"": 20}","{""COW"": 5, ""SHEEP"": 10}",0,25
258,10,18,1,5119.0,11,11,3,"{""STRAWBERRY"": 23, ""MELON"": 6, ""WHEAT"": 21}","{""COW"": 5, ""SHEEP"": 10}",0,77
259,10,19,0,7080.0,11,11,3,"{""STRAWBERRY"": 23, ""MELON"": 6, ""WHEAT"": 22}","{""COW"": 5, ""SHEEP"": 10}",0,25
259,10,19,1,5109.0,11,11,3,"{""STRAWBERRY"": 23, ""MELON"": 6, ""WHEAT"": 22}","{""COW"": 5, ""SHEEP"": 10}",0,77
260,10,20,0,6970.0,11,11,3,"{""STRAWBERRY"": 24, ""MELON"": 6, ""WHEAT"": 22}","{""COW"": 5, ""SHEEP"": 10}",0,25
260,10,20,1,5099.0,11,11,3,"{""STRAWBERRY"": 23, ""MELON"": 6, ""WHEAT"": 23}","{""COW"": 5, ""SHEEP"": 10}",0,77
261,10,21,0,6960.0,11,11,3,"{""STRAWBERRY"": 25, ""MELON"": 6, ""WHEAT"": 23}","{""COW"": 5, ""SHEEP"": 10}",0,25
261,10,21,1,5089.0,11,11,3,"{""STRAWBERRY"": 23, ""MELON"": 6, ""WHEAT"": 26}","{""COW"": 5, ""SHEEP"": 10}",0,77
262,10,22,0,6950.0,11,11,3,"{""STRAWBERRY"": 25, ""MELON"": 6, ""WHEAT"": 24}","{""COW"": 5, ""SHEEP"": 10}",0,25
262,10,22,1,5089.0,11,11,3,"{""STRAWBERRY"": 23, ""MELON"": 6, ""WHEAT"": 26}","{""COW"": 5, ""SHEEP"": 10}",0,80
263,10,23,0,6950.0,11,11,3,"{""STRAWBERRY"": 25, ""MELON"": 6, ""WHEAT"": 25}","{""COW"": 5, ""SHEEP"": 10}",0,25
263,10,23,1,5305.0,11,11,3,"{""STRAWBERRY"": 23, ""MELON"": 6, ""WHEAT"": 26}","{""COW"": 5, ""SHEEP"": 10}",0,70
264,11,0,0,6950.0,0,0,3,"{""STRAWBERRY"": 25, ""MELON"": 6, ""WHEAT"": 25}","{""COW"": 5, ""SHEEP"": 10}",0,56
264,11,0,1,6019.0,0,0,3,"{""STRAWBERRY"": 23, ""MELON"": 6, ""WHEAT"": 26}","{""COW"": 5, ""SHEEP"": 10}",0,91
265,11,1,0,8262.0,8,8,3,"{""STRAWBERRY"": 25, ""MELON"": 6, ""WHEAT"": 25}","{""COW"": 5, ""SHEEP"": 10}",0,38
265,11,1,1,7927.0,8,8,3,"{""STRAWBERRY"": 23, ""MELON"": 6, ""WHEAT"": 26}","{""COW"": 5, ""SHEEP"": 10}",0,69
266,11,2,0,8084.0,11,11,3,"{""STRAWBERRY"": 25, ""MELON"": 6, ""WHEAT"": 25}","{""COW"": 5, ""SHEEP"": 10}",0,16
266,11,2,1,7749.0,11,11,3,"{""STRAWBERRY"": 23, ""MELON"": 6, ""WHEAT"": 26}","{""COW"": 5, ""SHEEP"": 10}",0,40
267,11,3,0,8084.0,11,11,3,"{""STRAWBERRY"": 25, ""MELON"": 6, ""WHEAT"": 25}","{""COW"": 5, ""SHEEP"": 10}",0,13
267,11,3,1,7749.0,11,11,3,"{""STRAWBERRY"": 23, ""MELON"": 6, ""WHEAT"": 26}","{""COW"": 5, ""SHEEP"": 10}",0,35
268,11,4,0,8084.0,11,11,3,"{""STRAWBERRY"": 25, ""MELON"": 6, ""WHEAT"": 25}","{""COW"": 5, ""SHEEP"": 10}",0,13
268,11,4,1,7749.0,11,11,3,"{""STRAWBERRY"": 23, ""MELON"": 6, ""WHEAT"": 26}","{""COW"": 5, ""SHEEP"": 10}",0,35
269,11,5,0,8084.0,11,11,3,"{""STRAWBERRY"": 25, ""MELON"": 5, ""WHEAT"": 25}","{""COW"": 5, ""SHEEP"": 10}",0,13
269,11,5,1,7749.0,11,11,3,"{""STRAWBERRY"": 23, ""MELON"": 5, ""WHEAT"": 26}","{""COW"": 5, ""SHEEP"": 10}",0,35
270,11,6,0,8733.0,11,11,3,"{""STRAWBERRY"": 25, ""MELON"": 5, ""WHEAT"": 25}","{""COW"": 5, ""SHEEP"": 10}",0,10
270,11,6,1,7749.0,11,11,3,"{""STRAWBERRY"": 23, ""MELON"": 5, ""WHEAT"": 26}","{""COW"": 5, ""SHEEP"": 10}",0,35
271,11,7,0,8733.0,11,11,3,"{""STRAWBERRY"": 25, ""MELON"": 3, ""WHEAT"": 25}","{""COW"": 5, ""SHEEP"": 10}",0,10
271,11,7,1,7749.0,11,11,3,"{""STRAWBERRY"": 23, ""MELON"": 3, ""WHEAT"": 26}","{""COW"": 5, ""SHEEP"": 10}",0,35
272,11,8,0,8933.0,11,11,3,"{""STRAWBERRY"": 25, ""MELON"": 3, ""WHEAT"": 25}","{""COW"": 5, ""SHEEP"": 10}",0,11
272,11,8,1,8363.0,11,11,3,"{""STRAWBERRY"": 23, ""MELON"": 3, ""WHEAT"": 26}","{""COW"": 5, ""SHEEP"": 10}",0,26
273,11,9,0,10179.0,11,11,3,"{""STRAWBERRY"": 25, ""MELON"": 3, ""WHEAT"": 25}","{""COW"": 5, ""SHEEP"": 10}",0,3
273,11,9,1,9609.0,11,11,3,"{""STRAWBERRY"": 23, ""MELON"": 3, ""WHEAT"": 26}","{""COW"": 5, ""SHEEP"": 10}",0,16
274,11,10,0,10179.0,11,11,3,"{""STRAWBERRY"": 25, ""MELON"": 3, ""WHEAT"": 25}","{""COW"": 5, ""SHEEP"": 10}",0,3
274,11,10,1,9609.0,11,11,3,"{""STRAWBERRY"": 23, ""MELON"": 3, ""WHEAT"": 26}","{""COW"": 5, ""SHEEP"": 10}",0,16
275,11,11,0,10179.0,11,11,3,"{""STRAWBERRY"": 25, ""MELON"": 3, ""WHEAT"": 24}","{""COW"": 5, ""SHEEP"": 10}",0,9
275,11,11,1,9609.0,11,11,3,"{""STRAWBERRY"": 23, ""MELON"": 3, ""WHEAT"": 25}","{""COW"": 5, ""SHEEP"": 10}",0,22
276,11,12,0,11262.0,11,11,3,"{""STRAWBERRY"": 25, ""MELON"": 3, ""WHEAT"": 25}","{""COW"": 5, ""SHEEP"": 10}",0,9
276,11,12,1,10692.0,11,11,3,"{""STRAWBERRY"": 23, ""MELON"": 3, ""WHEAT"": 25}","{""COW"": 5, ""SHEEP"": 10}",0,22
277,11,13,0,12276.0,11,11,3,"{""STRAWBERRY"": 25, ""MELON"": 3, ""WHEAT"": 25}","{""COW"": 5, ""SHEEP"": 10}",0,3
277,11,13,1,11706.0,11,11,3,"{""STRAWBERRY"": 23, ""MELON"": 3, ""WHEAT"": 27}","{""COW"": 5, ""SHEEP"": 10}",0,16
278,11,14,0,12266.0,11,11,3,"{""STRAWBERRY"": 25, ""MELON"": 2, ""WHEAT"": 25}","{""COW"": 5, ""SHEEP"": 10}",0,3
278,11,14,1,11696.0,11,11,3,"{""STRAWBERRY"": 23, ""MELON"": 2, ""WHEAT"": 27}","{""COW"": 5, ""SHEEP"": 10}",0,16
279,11,15,0,12256.0,11,11,3,"{""STRAWBERRY"": 25, ""MELON"": 2, ""WHEAT"": 26, ""TOMATO"": 1}","{""COW"": 5, ""SHEEP"": 10}",0,3
279,11,15,1,11686.0,11,11,3,"{""STRAWBERRY"": 23, ""MELON"": 2, ""WHEAT"": 28, ""TOMATO"": 1}","{""COW"": 5, ""SHEEP"": 10}",0,16
280,11,16,0,12246.0,11,11,3,"{""STRAWBERRY"": 25, ""MELON"": 2, ""WHEAT"": 25, ""TOMATO"": 1}","{""COW"": 5, ""SHEEP"": 10}",0,3
280,11,16,1,11676.0,11,11,3,"{""STRAWBERRY"": 23, ""MELON"": 2, ""WHEAT"": 27, ""TOMATO"": 1}","{""COW"": 5, ""SHEEP"": 10}",0,16
281,11,17,0,12236.0,11,11,3,"{""STRAWBERRY"": 25, ""MELON"": 2, ""WHEAT"": 27, ""TOMATO"": 1}","{""COW"": 5, ""SHEEP"": 10}",0,3
281,11,17,1,11666.0,11,11,3,"{""STRAWBERRY"": 23, ""MELON"": 2, ""WHEAT"": 29, ""TOMATO"": 1}","{""COW"": 5, ""SHEEP"": 10}",0,16
282,11,18,0,12056.0,11,11,3,"{""STRAWBERRY"": 25, ""MELON"": 2, ""WHEAT"": 27, ""TOMATO"": 1}","{""COW"": 5, ""SHEEP"": 10}",0,3
282,11,18,1,11656.0,11,11,3,"{""STRAWBERRY"": 23, ""MELON"": 2, ""WHEAT"": 29, ""TOMATO"": 1}","{""COW"": 5, ""SHEEP"": 10}",0,16
283,11,19,0,12046.0,11,11,3,"{""STRAWBERRY"": 25, ""MELON"": 2, ""WHEAT"": 26, ""TOMATO"": 1}","{""COW"": 5, ""SHEEP"": 10}",0,3
283,11,19,1,11646.0,11,11,3,"{""STRAWBERRY"": 23, ""MELON"": 2, ""WHEAT"": 28, ""TOMATO"": 1}","{""COW"": 5, ""SHEEP"": 10}",0,16
284,11,20,0,12036.0,11,11,3,"{""STRAWBERRY"": 25, ""MELON"": 2, ""WHEAT"": 27, ""TOMATO"": 1, ""CARROT"": 1}","{""COW"": 5, ""SHEEP"": 10}",0,3
284,11,20,1,11636.0,11,11,3,"{""STRAWBERRY"": 23, ""MELON"": 2, ""WHEAT"": 29, ""TOMATO"": 1}","{""COW"": 5, ""SHEEP"": 10}",0,16
285,11,21,0,12026.0,11,11,3,"{""STRAWBERRY"": 25, ""MELON"": 2, ""WHEAT"": 27, ""TOMATO"": 1, ""CARROT"": 1}","{""COW"": 5, ""SHEEP"": 10}",0,3
285,11,21,1,11626.0,11,11,3,"{""STRAWBERRY"": 23, ""MELON"": 2, ""WHEAT"": 28, ""TOMATO"": 1}","{""COW"": 5, ""SHEEP"": 10}",0,16
286,11,22,0,12026.0,11,11,3,"{""STRAWBERRY"": 25, ""MELON"": 2, ""WHEAT"": 28, ""TOMATO"": 1, ""CARROT"": 2}","{""COW"": 5, ""SHEEP"": 10}",0,3
286,11,22,1,11626.0,11,11,3,"{""STRAWBERRY"": 23, ""MELON"": 2, ""WHEAT"": 30, ""TOMATO"": 1}","{""COW"": 5, ""SHEEP"": 10}",0,16
287,11,23,0,12026.0,11,11,3,"{""STRAWBERRY"": 25, ""MELON"": 2, ""WHEAT"": 28, ""TOMATO"": 1, ""CARROT"": 2}","{""COW"": 5, ""SHEEP"": 10}",0,3
287,11,23,1,11626.0,11,11,3,"{""STRAWBERRY"": 23, ""MELON"": 2, ""WHEAT"": 31, ""TOMATO"": 1}","{""COW"": 5, ""SHEEP"": 10}",0,16
288,12,0,0,12026.0,0,0,3,"{""STRAWBERRY"": 25, ""MELON"": 2, ""WHEAT"": 28, ""TOMATO"": 1, ""CARROT"": 2}","{""COW"": 5, ""SHEEP"": 10}",0,47
288,12,0,1,11626.0,0,0,3,"{""STRAWBERRY"": 23, ""MELON"": 2, ""WHEAT"": 31, ""TOMATO"": 1}","{""COW"": 5, ""SHEEP"": 10}",0,80
289,12,1,0,13713.0,8,8,3,"{""STRAWBERRY"": 25, ""MELON"": 2, ""WHEAT"": 28, ""TOMATO"": 1, ""CARROT"": 2}","{""COW"": 5, ""SHEEP"": 10}",0,28
289,12,1,1,13313.0,8,8,3,"{""STRAWBERRY"": 23, ""MELON"": 2, ""WHEAT"": 31, ""TOMATO"": 1}","{""COW"": 5, ""SHEEP"": 10}",0,61
290,12,2,0,13535.0,11,11,3,"{""STRAWBERRY"": 25, ""MELON"": 2, ""WHEAT"": 28, ""TOMATO"": 1, ""CARROT"": 2}","{""COW"": 5, ""SHEEP"": 10}",0,22
290,12,2,1,13125.0,11,11,3,"{""STRAWBERRY"": 23, ""MELON"": 2, ""WHEAT"": 31, ""TOMATO"": 1}","{""COW"": 5, ""SHEEP"": 10}",0,53
291,12,3,0,13858.0,11,11,3,"{""STRAWBERRY"": 25, ""MELON"": 2, ""WHEAT"": 28, ""TOMATO"": 1, ""CARROT"": 2}","{""COW"": 5, ""SHEEP"": 10}",0,25
291,12,3,1,13677.0,11,11,3,"{""STRAWBERRY"": 23, ""MELON"": 2, ""WHEAT"": 31, ""TOMATO"": 1}","{""COW"": 5, ""SHEEP"": 10}",0,55
292,12,4,0,15216.0,11,11,3,"{""STRAWBERRY"": 25, ""MELON"": 2, ""WHEAT"": 28, ""TOMATO"": 1, ""CARROT"": 2}","{""COW"": 5, ""SHEEP"": 10}",0,15
292,12,4,1,14811.0,11,11,3,"{""STRAWBERRY"": 23, ""MELON"": 2, ""WHEAT"": 31, ""TOMATO"": 1}","{""COW"": 5, ""SHEEP"": 10}",0,45
293,12,5,0,15216.0,11,11,3,"{""STRAWBERRY"": 25, ""MELON"": 2, ""WHEAT"": 28, ""TOMATO"": 1, ""CARROT"": 2}","{""COW"": 5, ""SHEEP"": 10}",0,25
293,12,5,1,14811.0,11,11,3,"{""STRAWBERRY"": 23, ""MELON"": 2, ""WHEAT"": 31, ""TOMATO"": 1}","{""COW"": 5, ""SHEEP"": 10}",0,55
294,12,6,0,17380.0,11,11,3,"{""STRAWBERRY"": 25, ""MELON"": 2, ""WHEAT"": 28, ""TOMATO"": 1, ""CARROT"": 2}","{""COW"": 5, ""SHEEP"": 10}",0,13
294,12,6,1,16975.0,11,11,3,"{""STRAWBERRY"": 23, ""MELON"": 2, ""WHEAT"": 31, ""TOMATO"": 1}","{""COW"": 5, ""SHEEP"": 10}",0,39
295,12,7,0,18170.0,11,11,3,"{""STRAWBERRY"": 25, ""MELON"": 1, ""WHEAT"": 28, ""TOMATO"": 1, ""CARROT"": 2}","{""COW"": 5, ""SHEEP"": 10}",0,7
295,12,7,1,17765.0,11,11,3,"{""STRAWBERRY"": 23, ""MELON"": 1, ""WHEAT"": 31, ""TOMATO"": 1}","{""COW"": 5, ""SHEEP"": 10}",0,31
296,12,8,0,18170.0,11,11,3,"{""STRAWBERRY"": 25, ""MELON"": 1, ""WHEAT"": 28, ""TOMATO"": 1, ""CARROT"": 2}","{""COW"": 5, ""SHEEP"": 10}",0,11
296,12,8,1,17765.0,11,11,3,"{""STRAWBERRY"": 23, ""MELON"": 1, ""WHEAT"": 31, ""TOMATO"": 1}","{""COW"": 5, ""SHEEP"": 10}",0,35
297,12,9,0,18923.0,11,11,3,"{""STRAWBERRY"": 25, ""MELON"": 1, ""WHEAT"": 28, ""TOMATO"": 1, ""CARROT"": 2}","{""COW"": 5, ""SHEEP"": 10}",0,7
297,12,9,1,18518.0,11,11,3,"{""STRAWBERRY"": 23, ""MELON"": 1, ""WHEAT"": 31, ""TOMATO"": 1}","{""COW"": 5, ""SHEEP"": 10}",0,31
298,12,10,0,18923.0,11,11,3,"{""STRAWBERRY"": 25, ""MELON"": 1, ""WHEAT"": 28, ""TOMATO"": 1, ""CARROT"": 2}","{""COW"": 5, ""SHEEP"": 10}",0,14
298,12,10,1,18518.0,11,11,3,"{""STRAWBERRY"": 23, ""MELON"": 1, ""WHEAT"": 31, ""TOMATO"": 1}","{""COW"": 5, ""SHEEP"": 10}",0,38
299,12,11,0,19350.0,11,11,3,"{""STRAWBERRY"": 25, ""WHEAT"": 28, ""TOMATO"": 1, ""CARROT"": 2}","{""COW"": 5, ""SHEEP"": 10}",0,9
299,12,11,1,19452.0,11,11,3,"{""STRAWBERRY"": 23, ""WHEAT"": 31, ""TOMATO"": 1}","{""COW"": 5, ""SHEEP"": 10}",0,28
300,12,12,0,19340.0,11,11,3,"{""STRAWBERRY"": 25, ""CARROT"": 3, ""WHEAT"": 28, ""TOMATO"": 1}","{""COW"": 5, ""SHEEP"": 10}",0,15
300,12,12,1,19442.0,11,11,3,"{""STRAWBERRY"": 23, ""WHEAT"": 32, ""TOMATO"": 1}","{""COW"": 5, ""SHEEP"": 10}",0,34
301,12,13,0,20087.0,11,11,3,"{""STRAWBERRY"": 25, ""CARROT"": 3, ""WHEAT"": 28, ""TOMATO"": 1}","{""COW"": 5, ""SHEEP"": 10}",0,9
301,12,13,1,20189.0,11,11,3,"{""STRAWBERRY"": 23, ""WHEAT"": 32, ""TOMATO"": 1}","{""COW"": 5, ""SHEEP"": 10}",0,28
302,12,14,0,20087.0,11,11,3,"{""STRAWBERRY"": 25, ""CARROT"": 3, ""WHEAT"": 28, ""TOMATO"": 1}","{""COW"": 5, ""SHEEP"": 10}",0,9
302,12,14,1,20189.0,11,11,3,"{""STRAWBERRY"": 23, ""WHEAT"": 31, ""TOMATO"": 1}","{""COW"": 5, ""SHEEP"": 10}",0,28
303,12,15,0,20087.0,11,11,3,"{""STRAWBERRY"": 25, ""CARROT"": 3, ""WHEAT"": 28, ""TOMATO"": 1}","{""COW"": 5, ""SHEEP"": 10}",0,9
303,12,15,1,20637.0,11,11,3,"{""STRAWBERRY"": 23, ""WHEAT"": 32, ""TOMATO"": 1}","{""COW"": 5, ""SHEEP"": 10}",0,17
304,12,16,0,20087.0,11,11,3,"{""STRAWBERRY"": 25, ""CARROT"": 3, ""WHEAT"": 28, ""TOMATO"": 1}","{""COW"": 5, ""SHEEP"": 10}",0,9
304,12,16,1,20627.0,11,11,3,"{""STRAWBERRY"": 23, ""WHEAT"": 32, ""TOMATO"": 1}","{""COW"": 5, ""SHEEP"": 10}",0,17
305,12,17,0,20087.0,11,11,3,"{""STRAWBERRY"": 25, ""CARROT"": 3, ""WHEAT"": 28, ""TOMATO"": 1}","{""COW"": 5, ""SHEEP"": 10}",0,9
305,12,17,1,20617.0,11,11,3,"{""STRAWBERRY"": 23, ""WHEAT"": 32, ""TOMATO"": 1}","{""COW"": 5, ""SHEEP"": 10}",0,17
306,12,18,0,20264.0,11,11,3,"{""STRAWBERRY"": 25, ""CARROT"": 4, ""WHEAT"": 25, ""TOMATO"": 1}","{""COW"": 5, ""SHEEP"": 10}",0,12
306,12,18,1,20607.0,11,11,3,"{""STRAWBERRY"": 23, ""WHEAT"": 31, ""TOMATO"": 1}","{""COW"": 5, ""SHEEP"": 10}",0,17
307,12,19,0,20440.0,11,11,3,"{""STRAWBERRY"": 25, ""CARROT"": 6, ""WHEAT"": 26, ""TOMATO"": 1}","{""COW"": 5, ""SHEEP"": 10}",0,7
307,12,19,1,20597.0,11,11,3,"{""STRAWBERRY"": 23, ""WHEAT"": 33, ""TOMATO"": 1}","{""COW"": 5, ""SHEEP"": 10}",0,17
308,12,20,0,20440.0,11,11,3,"{""STRAWBERRY"": 25, ""CARROT"": 6, ""WHEAT"": 26, ""TOMATO"": 1}","{""COW"": 5, ""SHEEP"": 10}",0,6
308,12,20,1,20587.0,11,11,3,"{""STRAWBERRY"": 23, ""WHEAT"": 33, ""TOMATO"": 1}","{""COW"": 5, ""SHEEP"": 10}",0,17
309,12,21,0,20440.0,11,11,3,"{""STRAWBERRY"": 25, ""CARROT"": 6, ""WHEAT"": 26, ""TOMATO"": 1}","{""COW"": 5, ""SHEEP"": 10}",0,5
309,12,21,1,20587.0,11,11,3,"{""STRAWBERRY"": 23, ""WHEAT"": 33, ""TOMATO"": 1}","{""COW"": 5, ""SHEEP"": 10}",0,17
310,12,22,0,20619.0,11,11,3,"{""STRAWBERRY"": 25, ""CARROT"": 6, ""WHEAT"": 26, ""TOMATO"": 1}","{""COW"": 5, ""SHEEP"": 10}",0,3
310,12,22,1,20766.0,11,11,3,"{""STRAWBERRY"": 23, ""WHEAT"": 33, ""TOMATO"": 1}","{""COW"": 5, ""SHEEP"": 10}",0,16
311,12,23,0,20619.0,11,11,3,"{""STRAWBERRY"": 25, ""CARROT"": 6, ""WHEAT"": 26, ""TOMATO"": 1}","{""COW"": 5, ""SHEEP"": 10}",0,2
311,12,23,1,20766.0,11,11,3,"{""STRAWBERRY"": 23, ""WHEAT"": 33, ""TOMATO"": 1}","{""COW"": 5, ""SHEEP"": 10}",0,16
312,13,0,0,20619.0,0,0,3,"{""STRAWBERRY"": 25, ""CARROT"": 6, ""WHEAT"": 26, ""TOMATO"": 1}","{""COW"": 5, ""SHEEP"": 10}",0,50
312,13,0,1,20766.0,0,0,3,"{""STRAWBERRY"": 23, ""WHEAT"": 33, ""TOMATO"": 1}","{""COW"": 5, ""SHEEP"": 10}",0,73
313,13,1,0,21201.0,8,8,3,"{""STRAWBERRY"": 25, ""CARROT"": 6, ""WHEAT"": 26, ""TOMATO"": 1}","{""COW"": 5, ""SHEEP"": 10}",0,38
313,13,1,1,21466.0,8,8,3,"{""STRAWBERRY"": 23, ""WHEAT"": 33, ""TOMATO"": 1}","{""COW"": 5, ""SHEEP"": 10}",0,57
314,13,2,0,21180.0,11,11,3,"{""STRAWBERRY"": 25, ""CARROT"": 6, ""WHEAT"": 26, ""TOMATO"": 1}","{""COW"": 5, ""SHEEP"": 10}",0,20
314,13,2,1,22115.0,11,11,3,"{""STRAWBERRY"": 23, ""WHEAT"": 33, ""TOMATO"": 1}","{""COW"": 5, ""SHEEP"": 10}",0,32
315,13,3,0,21180.0,11,11,3,"{""STRAWBERRY"": 25, ""CARROT"": 6, ""WHEAT"": 26, ""TOMATO"": 1}","{""COW"": 5, ""SHEEP"": 10}",0,17
315,13,3,1,22115.0,11,11,3,"{""STRAWBERRY"": 23, ""WHEAT"": 33, ""TOMATO"": 1}","{""COW"": 5, ""SHEEP"": 10}",0,28
316,13,4,0,21180.0,11,11,3,"{""STRAWBERRY"": 25, ""CARROT"": 6, ""WHEAT"": 26, ""TOMATO"": 1}","{""COW"": 5, ""SHEEP"": 10}",0,17
316,13,4,1,22115.0,11,11,3,"{""STRAWBERRY"": 23, ""WHEAT"": 33, ""TOMATO"": 1}","{""COW"": 5, ""SHEEP"": 10}",0,28
317,13,5,0,21180.0,11,11,3,"{""STRAWBERRY"": 25, ""CARROT"": 6, ""WHEAT"": 25, ""TOMATO"": 1}","{""COW"": 5, ""SHEEP"": 10}",0,17
317,13,5,1,22115.0,11,11,3,"{""STRAWBERRY"": 23, ""WHEAT"": 32, ""TOMATO"": 1}","{""COW"": 5, ""SHEEP"": 10}",0,28
318,13,6,0,21406.0,11,11,3,"{""STRAWBERRY"": 25, ""CARROT"": 6, ""WHEAT"": 25, ""TOMATO"": 1}","{""COW"": 5, ""SHEEP"": 10}",0,15
318,13,6,1,22366.0,11,11,3,"{""STRAWBERRY"": 23, ""WHEAT"": 33, ""TOMATO"": 1}","{""COW"": 5, ""SHEEP"": 10}",0,22
319,13,7,0,21406.0,11,11,3,"{""STRAWBERRY"": 25, ""CARROT"": 7, ""WHEAT"": 24, ""TOMATO"": 1}","{""COW"": 5, ""SHEEP"": 10}",0,15
319,13,7,1,22366.0,11,11,3,"{""STRAWBERRY"": 23, ""WHEAT"": 32, ""TOMATO"": 1}","{""COW"": 5, ""SHEEP"": 10}",0,22
320,13,8,0,21396.0,11,11,3,"{""STRAWBERRY"": 25, ""CARROT"": 7, ""WHEAT"": 25, ""TOMATO"": 1}","{""COW"": 5, ""SHEEP"": 10}",0,15
320,13,8,1,22366.0,11,11,3,"{""STRAWBERRY"": 23, ""WHEAT"": 33, ""TOMATO"": 1}","{""COW"": 5, ""SHEEP"": 10}",0,22
321,13,9,0,21396.0,11,11,3,"{""STRAWBERRY"": 25, ""CARROT"": 7, ""WHEAT"": 24, ""TOMATO"": 1}","{""COW"": 5, ""SHEEP"": 10}",0,15
321,13,9,1,22356.0,11,11,3,"{""STRAWBERRY"": 23, ""WHEAT"": 31, ""TOMATO"": 1}","{""COW"": 5, ""SHEEP"": 10}",0,22
322,13,10,0,21573.0,11,11,3,"{""STRAWBERRY"": 25, ""CARROT"": 7, ""WHEAT"": 24, ""TOMATO"": 1}","{""COW"": 5, ""SHEEP"": 10}",0,14
322,13,10,1,22510.0,11,11,3,"{""STRAWBERRY"": 23, ""WHEAT"": 32, ""TOMATO"": 1}","{""COW"": 5, ""SHEEP"": 10}",0,18
323,13,11,0,21563.0,11,11,3,"{""STRAWBERRY"": 25, ""CARROT"": 7, ""WHEAT"": 24, ""TOMATO"": 1}","{""COW"": 5, ""SHEEP"": 10}",0,14
323,13,11,1,22623.0,11,11,3,"{""STRAWBERRY"": 23, ""WHEAT"": 32, ""TOMATO"": 1}","{""COW"": 5, ""SHEEP"": 10}",0,15
324,13,12,0,21503.0,11,11,3,"{""STRAWBERRY"": 25, ""CARROT"": 7, ""WHEAT"": 24, ""TOMATO"": 1}","{""COW"": 5, ""SHEEP"": 10}",0,14
324,13,12,1,22695.0,11,11,3,"{""STRAWBERRY"": 23, ""WHEAT"": 32, ""TOMATO"": 1}","{""COW"": 5, ""SHEEP"": 10}",0,13
325,13,13,0,21493.0,11,11,3,"{""STRAWBERRY"": 25, ""CARROT"": 7, ""WHEAT"": 24, ""TOMATO"": 1}","{""COW"": 5, ""SHEEP"": 10}",0,14
325,13,13,1,22685.0,11,11,3,"{""STRAWBERRY"": 23, ""WHEAT"": 33, ""TOMATO"": 1}","{""COW"": 5, ""SHEEP"": 10}",0,13
326,13,14,0,21483.0,11,11,3,"{""STRAWBERRY"": 25, ""CARROT"": 7, ""WHEAT"": 23, ""TOMATO"": 1}","{""COW"": 5, ""SHEEP"": 10}",0,14
326,13,14,1,22675.0,11,11,3,"{""STRAWBERRY"": 23, ""WHEAT"": 31, ""TOMATO"": 1}","{""COW"": 5, ""SHEEP"": 10}",0,13
327,13,15,0,22428.0,11,11,3,"{""STRAWBERRY"": 25, ""CARROT"": 8, ""WHEAT"": 23, ""TOMATO"": 1}","{""COW"": 5, ""SHEEP"": 10}",0,9
327,13,15,1,22665.0,11,11,3,"{""STRAWBERRY"": 23, ""WHEAT"": 31, ""TOMATO"": 1}","{""COW"": 5, ""SHEEP"": 10}",0,13
328,13,16,0,22418.0,11,11,3,"{""STRAWBERRY"": 25, ""CARROT"": 8, ""WHEAT"": 23, ""TOMATO"": 2}","{""COW"": 5, ""SHEEP"": 10}",0,9
328,13,16,1,22655.0,11,11,3,"{""STRAWBERRY"": 23, ""WHEAT"": 33, ""TOMATO"": 1}","{""COW"": 5, ""SHEEP"": 10}",0,13
329,13,17,0,22408.0,11,11,3,"{""STRAWBERRY"": 25, ""CARROT"": 8, ""WHEAT"": 22, ""TOMATO"": 2}","{""COW"": 5, ""SHEEP"": 10}",0,9
329,13,17,1,22645.0,11,11,3,"{""STRAWBERRY"": 23, ""WHEAT"": 32, ""TOMATO"": 1}","{""COW"": 5, ""SHEEP"": 10}",0,13
330,13,18,0,22588.0,11,11,3,"{""STRAWBERRY"": 25, ""CARROT"": 8, ""WHEAT"": 21, ""TOMATO"": 3}","{""COW"": 5, ""SHEEP"": 10}",0,10
330,13,18,1,22825.0,11,11,3,"{""STRAWBERRY"": 23, ""WHEAT"": 33, ""TOMATO"": 1}","{""COW"": 5, ""SHEEP"": 10}",0,14
331,13,19,0,22959.0,11,11,3,"{""STRAWBERRY"": 25, ""CARROT"": 9, ""WHEAT"": 20, ""TOMATO"": 3}","{""COW"": 5, ""SHEEP"": 10}",0,8
331,13,19,1,23196.0,11,11,3,"{""STRAWBERRY"": 23, ""WHEAT"": 32, ""TOMATO"": 1}","{""COW"": 5, ""SHEEP"": 10}",0,12
332,13,20,0,22949.0,11,11,3,"{""STRAWBERRY"": 25, ""CARROT"": 10, ""WHEAT"": 20, ""TOMATO"": 3}","{""COW"": 5, ""SHEEP"": 10}",0,8
332,13,20,1,23186.0,11,11,3,"{""STRAWBERRY"": 23, ""WHEAT"": 32, ""TOMATO"": 1}","{""COW"": 5, ""SHEEP"": 10}",0,12
333,13,21,0,22949.0,11,11,3,"{""STRAWBERRY"": 25, ""CARROT"": 10, ""WHEAT"": 19, ""TOMATO"": 3}","{""COW"": 5, ""SHEEP"": 10}",0,8
333,13,21,1,23176.0,11,11,3,"{""STRAWBERRY"": 23, ""WHEAT"": 32, ""TOMATO"": 1}","{""COW"": 5, ""SHEEP"": 10}",0,12
334,13,22,0,23139.0,11,11,3,"{""STRAWBERRY"": 25, ""CARROT"": 10, ""WHEAT"": 19, ""TOMATO"": 3}","{""COW"": 5, ""SHEEP"": 10}",0,7
334,13,22,1,23553.0,11,11,3,"{""STRAWBERRY"": 23, ""WHEAT"": 33, ""TOMATO"": 1}","{""COW"": 5, ""SHEEP"": 10}",0,10
335,13,23,0,23139.0,11,11,3,"{""STRAWBERRY"": 25, ""CARROT"": 11, ""WHEAT"": 19, ""TOMATO"": 3}","{""COW"": 5, ""SHEEP"": 10}",0,7
335,13,23,1,23553.0,11,11,3,"{""STRAWBERRY"": 23, ""WHEAT"": 33, ""TOMATO"": 1}","{""COW"": 5, ""SHEEP"": 10}",0,10
336,14,0,0,23139.0,0,0,3,"{""STRAWBERRY"": 25, ""CARROT"": 11, ""WHEAT"": 19, ""TOMATO"": 3}","{""COW"": 5, ""SHEEP"": 10}",0,81
336,14,0,1,23553.0,0,0,3,"{""STRAWBERRY"": 23, ""WHEAT"": 33, ""TOMATO"": 1}","{""COW"": 5, ""SHEEP"": 10}",0,88
337,14,1,0,23894.0,8,8,3,"{""STRAWBERRY"": 25, ""CARROT"": 11, ""WHEAT"": 19, ""TOMATO"": 3}","{""COW"": 5, ""SHEEP"": 10}",0,69
337,14,1,1,24496.0,8,8,3,"{""STRAWBERRY"": 23, ""WHEAT"": 33, ""TOMATO"": 1}","{""COW"": 5, ""SHEEP"": 10}",0,75
338,14,2,0,24472.0,11,11,3,"{""STRAWBERRY"": 25, ""CARROT"": 11, ""WHEAT"": 19, ""TOMATO"": 3}","{""COW"": 5, ""SHEEP"": 10}",0,33
338,14,2,1,25379.0,11,11,3,"{""STRAWBERRY"": 23, ""WHEAT"": 33, ""TOMATO"": 1}","{""COW"": 5, ""SHEEP"": 10}",0,39
339,14,3,0,24732.0,11,11,3,"{""STRAWBERRY"": 25, ""CARROT"": 11, ""WHEAT"": 19, ""TOMATO"": 3}","{""COW"": 5, ""SHEEP"": 10}",0,23
339,14,3,1,25639.0,11,11,3,"{""STRAWBERRY"": 23, ""WHEAT"": 33, ""TOMATO"": 1}","{""COW"": 5, ""SHEEP"": 10}",0,29
340,14,4,0,24732.0,11,11,3,"{""STRAWBERRY"": 25, ""CARROT"": 11, ""WHEAT"": 19, ""TOMATO"": 3}","{""COW"": 5, ""SHEEP"": 10}",0,23
340,14,4,1,25639.0,11,11,3,"{""STRAWBERRY"": 23, ""WHEAT"": 33, ""TOMATO"": 1}","{""COW"": 5, ""SHEEP"": 10}",0,29
341,14,5,0,25012.0,11,11,3,"{""STRAWBERRY"": 25, ""CARROT"": 11, ""WHEAT"": 19, ""TOMATO"": 3}","{""COW"": 5, ""SHEEP"": 10}",0,22
341,14,5,1,25959.0,11,11,3,"{""STRAWBERRY"": 23, ""WHEAT"": 33, ""TOMATO"": 1}","{""COW"": 5, ""SHEEP"": 10}",0,27
342,14,6,0,25418.0,11,11,3,"{""STRAWBERRY"": 25, ""CARROT"": 11, ""WHEAT"": 18, ""TOMATO"": 3}","{""COW"": 5, ""SHEEP"": 10}",0,14
342,14,6,1,26365.0,11,11,3,"{""STRAWBERRY"": 23, ""WHEAT"": 32, ""TOMATO"": 1}","{""COW"": 5, ""SHEEP"": 10}",0,19
343,14,7,0,25568.0,11,11,3,"{""STRAWBERRY"": 25, ""CARROT"": 11, ""WHEAT"": 17, ""TOMATO"": 3}","{""COW"": 5, ""SHEEP"": 10}",0,13
343,14,7,1,26515.0,11,11,3,"{""STRAWBERRY"": 23, ""WHEAT"": 30, ""TOMATO"": 1}","{""COW"": 5, ""SHEEP"": 10}",0,18
344,14,8,0,25751.0,11,11,3,"{""STRAWBERRY"": 25, ""CARROT"": 12, ""WHEAT"": 18, ""TOMATO"": 3}","{""COW"": 5, ""SHEEP"": 10}",0,7
344,14,8,1,27195.0,11,11,3,"{""STRAWBERRY"": 23, ""WHEAT"": 33, ""TOMATO"": 1}","{""COW"": 5, ""SHEEP"": 10}",0,10
345,14,9,0,25751.0,11,11,3,"{""STRAWBERRY"": 25, ""CARROT"": 12, ""WHEAT"": 18, ""TOMATO"": 3}","{""COW"": 5, ""SHEEP"": 10}",0,7
345,14,9,1,27185.0,11,11,3,"{""STRAWBERRY"": 23, ""WHEAT"": 33, ""TOMATO"": 1}","{""COW"": 5, ""SHEEP"": 10}",0,10
346,14,10,0,26320.0,11,11,3,"{""STRAWBERRY"": 25, ""CARROT"": 12, ""WHEAT"": 18, ""TOMATO"": 3}","{""COW"": 5, ""SHEEP"": 10}",0,10
346,14,10,1,27319.0,11,11,3,"{""STRAWBERRY"": 23, ""WHEAT"": 33, ""TOMATO"": 1}","{""COW"": 5, ""SHEEP"": 10}",0,7
347,14,11,0,27412.0,11,11,3,"{""STRAWBERRY"": 25, ""CARROT"": 12, ""WHEAT"": 18, ""TOMATO"": 3}","{""COW"": 5, ""SHEEP"": 10}",0,4
347,14,11,1,27319.0,11,11,3,"{""STRAWBERRY"": 23, ""WHEAT"": 33, ""TOMATO"": 1}","{""COW"": 5, ""SHEEP"": 10}",0,7
348,14,12,0,27412.0,11,11,3,"{""STRAWBERRY"": 25, ""CARROT"": 12, ""WHEAT"": 17, ""TOMATO"": 3}","{""COW"": 5, ""SHEEP"": 10}",0,10
348,14,12,1,27309.0,11,11,3,"{""STRAWBERRY"": 23, ""WHEAT"": 31, ""TOMATO"": 1}","{""COW"": 5, ""SHEEP"": 10}",0,14
349,14,13,0,27630.0,11,11,3,"{""STRAWBERRY"": 25, ""CARROT"": 12, ""WHEAT"": 17, ""TOMATO"": 3}","{""COW"": 5, ""SHEEP"": 10}",0,8
349,14,13,1,28346.0,11,11,3,"{""STRAWBERRY"": 23, ""WHEAT"": 32, ""TOMATO"": 1}","{""COW"": 5, ""SHEEP"": 10}",0,6
350,14,14,0,27570.0,11,11,3,"{""STRAWBERRY"": 25, ""CARROT"": 13, ""WHEAT"": 17, ""TOMATO"": 3}","{""COW"": 5, ""SHEEP"": 10}",0,8
350,14,14,1,28665.0,11,11,3,"{""STRAWBERRY"": 23, ""WHEAT"": 33, ""TOMATO"": 1}","{""COW"": 5, ""SHEEP"": 10}",0,4
351,14,15,0,27570.0,11,11,3,"{""STRAWBERRY"": 25, ""CARROT"": 13, ""WHEAT"": 17, ""TOMATO"": 3}","{""COW"": 5, ""SHEEP"": 10}",0,16
351,14,15,1,28655.0,11,11,3,"{""STRAWBERRY"": 23, ""WHEAT"": 33, ""TOMATO"": 1}","{""COW"": 5, ""SHEEP"": 10}",0,4
352,14,16,0,27738.0,11,11,3,"{""STRAWBERRY"": 25, ""CARROT"": 13, ""WHEAT"": 17, ""TOMATO"": 3}","{""COW"": 5, ""SHEEP"": 10}",0,11
352,14,16,1,28645.0,11,11,3,"{""STRAWBERRY"": 23, ""WHEAT"": 33, ""TOMATO"": 1}","{""COW"": 5, ""SHEEP"": 10}",0,4
353,14,17,0,27738.0,11,11,3,"{""STRAWBERRY"": 25, ""CARROT"": 13, ""WHEAT"": 16, ""TOMATO"": 3}","{""COW"": 5, ""SHEEP"": 10}",0,11
353,14,17,1,28635.0,11,11,3,"{""STRAWBERRY"": 23, ""WHEAT"": 32, ""TOMATO"": 1}","{""COW"": 5, ""SHEEP"": 10}",0,4
354,14,18,0,27929.0,11,11,3,"{""STRAWBERRY"": 25, ""WHEAT"": 15, ""TOMATO"": 3, ""CARROT"": 13}","{""COW"": 5, ""SHEEP"": 10}",0,9
354,14,18,1,28625.0,11,11,3,"{""STRAWBERRY"": 23, ""WHEAT"": 30, ""TOMATO"": 1}","{""COW"": 5, ""SHEEP"": 10}",0,4
355,14,19,0,27869.0,11,11,3,"{""STRAWBERRY"": 25, ""CARROT"": 15, ""WHEAT"": 15, ""TOMATO"": 3}","{""COW"": 5, ""SHEEP"": 10}",0,9
355,14,19,1,28565.0,11,11,3,"{""STRAWBERRY"": 23, ""WHEAT"": 32, ""TOMATO"": 1}","{""COW"": 5, ""SHEEP"": 10}",0,4
356,14,20,0,27869.0,11,11,3,"{""STRAWBERRY"": 25, ""CARROT"": 15, ""WHEAT"": 15, ""TOMATO"": 3}","{""COW"": 5, ""SHEEP"": 10}",0,9
356,14,20,1,28555.0,11,11,3,"{""STRAWBERRY"": 23, ""WHEAT"": 33, ""TOMATO"": 1}","{""COW"": 5, ""SHEEP"": 10}",0,4
357,14,21,0,27869.0,11,11,3,"{""STRAWBERRY"": 25, ""CARROT"": 15, ""WHEAT"": 14, ""TOMATO"": 3}","{""COW"": 5, ""SHEEP"": 10}",0,9
357,14,21,1,28545.0,11,11,3,"{""STRAWBERRY"": 23, ""WHEAT"": 33, ""TOMATO"": 1}","{""COW"": 5, ""SHEEP"": 10}",0,24
358,14,22,0,28070.0,11,11,3,"{""STRAWBERRY"": 25, ""CARROT"": 16, ""WHEAT"": 14, ""TOMATO"": 3}","{""COW"": 5, ""SHEEP"": 10}",0,7
358,14,22,1,29825.0,11,11,3,"{""STRAWBERRY"": 23, ""WHEAT"": 32, ""TOMATO"": 1}","{""COW"": 5, ""SHEEP"": 10}",0,11
359,14,23,0,28070.0,11,11,3,"{""STRAWBERRY"": 25, ""CARROT"": 15, ""WHEAT"": 14, ""TOMATO"": 3}","{""COW"": 5, ""SHEEP"": 10}",0,7
359,14,23,1,29945.0,11,11,3,"{""STRAWBERRY"": 23, ""WHEAT"": 33, ""TOMATO"": 1}","{""COW"": 5, ""SHEEP"": 10}",0,8
360,15,0,0,28070.0,0,0,3,"{""STRAWBERRY"": 25, ""CARROT"": 15, ""WHEAT"": 14, ""TOMATO"": 3}","{""COW"": 5, ""SHEEP"": 10}",0,78
360,15,0,1,29945.0,0,0,3,"{""STRAWBERRY"": 23, ""WHEAT"": 33, ""TOMATO"": 1}","{""COW"": 5, ""SHEEP"": 10}",0,76
361,15,1,0,29147.0,8,8,3,"{""STRAWBERRY"": 25, ""CARROT"": 15, ""WHEAT"": 14, ""TOMATO"": 3}","{""COW"": 5, ""SHEEP"": 10}",0,72
361,15,1,1,30658.0,8,8,3,"{""STRAWBERRY"": 23, ""WHEAT"": 33, ""TOMATO"": 1}","{""COW"": 5, ""SHEEP"": 10}",0,69
362,15,2,0,28937.0,11,11,3,"{""STRAWBERRY"": 25, ""CARROT"": 15, ""WHEAT"": 14, ""TOMATO"": 3}","{""COW"": 5, ""SHEEP"": 10}",0,67
362,15,2,1,31274.0,11,11,3,"{""STRAWBERRY"": 23, ""WHEAT"": 33, ""TOMATO"": 1}","{""COW"": 5, ""SHEEP"": 10}",0,58
363,15,3,0,30284.0,11,11,3,"{""STRAWBERRY"": 25, ""CARROT"": 15, ""WHEAT"": 14, ""TOMATO"": 3}","{""COW"": 5, ""SHEEP"": 10}",0,46
363,15,3,1,32388.0,11,11,3,"{""STRAWBERRY"": 23, ""WHEAT"": 33, ""TOMATO"": 1}","{""COW"": 5, ""SHEEP"": 10}",0,37
364,15,4,0,31427.0,11,11,3,"{""STRAWBERRY"": 25, ""CARROT"": 15, ""WHEAT"": 14, ""TOMATO"": 4}","{""COW"": 5, ""SHEEP"": 10}",0,34
364,15,4,1,33531.0,11,11,3,"{""STRAWBERRY"": 23, ""WHEAT"": 33, ""TOMATO"": 1}","{""COW"": 5, ""SHEEP"": 10}",0,25
365,15,5,0,31598.0,11,11,3,"{""STRAWBERRY"": 25, ""CARROT"": 15, ""WHEAT"": 12, ""TOMATO"": 4}","{""COW"": 5, ""SHEEP"": 10}",0,35
365,15,5,1,33702.0,11,11,3,"{""STRAWBERRY"": 23, ""WHEAT"": 32, ""TOMATO"": 1}","{""COW"": 5, ""SHEEP"": 10}",0,26
366,15,6,0,31598.0,11,11,3,"{""STRAWBERRY"": 25, ""CARROT"": 15, ""WHEAT"": 14, ""TOMATO"": 4}","{""COW"": 5, ""SHEEP"": 10}",0,30
366,15,6,1,33877.0,11,11,3,"{""STRAWBERRY"": 23, ""WHEAT"": 34, ""TOMATO"": 1}","{""COW"": 5, ""SHEEP"": 10}",0,21
367,15,7,0,31598.0,11,11,3,"{""STRAWBERRY"": 25, ""CARROT"": 15, ""WHEAT"": 14, ""TOMATO"": 4}","{""COW"": 5, ""SHEEP"": 10}",0,30
367,15,7,1,33877.0,11,11,3,"{""STRAWBERRY"": 23, ""WHEAT"": 33, ""TOMATO"": 1}","{""COW"": 5, ""SHEEP"": 10}",0,21
368,15,8,0,31598.0,11,11,3,"{""STRAWBERRY"": 25, ""CARROT"": 15, ""WHEAT"": 14, ""TOMATO"": 4}","{""COW"": 5, ""SHEEP"": 10}",0,30
368,15,8,1,33984.0,11,11,3,"{""STRAWBERRY"": 23, ""WHEAT"": 34, ""TOMATO"": 1}","{""COW"": 5, ""SHEEP"": 10}",0,18
369,15,9,0,31598.0,11,11,3,"{""STRAWBERRY"": 25, ""CARROT"": 15, ""WHEAT"": 14, ""TOMATO"": 4}","{""COW"": 5, ""SHEEP"": 10}",0,30
369,15,9,1,33974.0,11,11,3,"{""STRAWBERRY"": 23, ""WHEAT"": 35, ""TOMATO"": 1}","{""COW"": 5, ""SHEEP"": 10}",0,18
370,15,10,0,31635.0,11,11,3,"{""STRAWBERRY"": 25, ""CARROT"": 15, ""WHEAT"": 13, ""TOMATO"": 4}","{""COW"": 5, ""SHEEP"": 10}",0,29
370,15,10,1,33964.0,11,11,3,"{""STRAWBERRY"": 23, ""WHEAT"": 35, ""TOMATO"": 1}","{""COW"": 5, ""SHEEP"": 10}",0,18
371,15,11,0,31703.0,11,11,3,"{""STRAWBERRY"": 25, ""CARROT"": 15, ""WHEAT"": 14, ""TOMATO"": 4}","{""COW"": 5, ""SHEEP"": 10}",0,27
371,15,11,1,33964.0,11,11,3,"{""STRAWBERRY"": 23, ""WHEAT"": 34, ""TOMATO"": 1}","{""COW"": 5, ""SHEEP"": 10}",0,18
372,15,12,0,31653.0,11,11,3,"{""STRAWBERRY"": 25, ""CARROT"": 15, ""WHEAT"": 14, ""TOMATO"": 4}","{""COW"": 5, ""SHEEP"": 10}",0,27
372,15,12,1,33954.0,11,11,3,"{""STRAWBERRY"": 23, ""WHEAT"": 34, ""TOMATO"": 2}","{""COW"": 5, ""SHEEP"": 10}",0,18
373,15,13,0,31643.0,11,11,3,"{""STRAWBERRY"": 25, ""CARROT"": 14, ""WHEAT"": 14, ""TOMATO"": 4}","{""COW"": 5, ""SHEEP"": 10}",0,27
373,15,13,1,33944.0,11,11,3,"{""STRAWBERRY"": 23, ""WHEAT"": 34, ""TOMATO"": 2}","{""COW"": 5, ""SHEEP"": 10}",0,18
374,15,14,0,31676.0,11,11,3,"{""STRAWBERRY"": 25, ""CARROT"": 14, ""TOMATO"": 4, ""WHEAT"": 13}","{""COW"": 5, ""SHEEP"": 10}",0,26
374,15,14,1,33944.0,11,11,3,"{""STRAWBERRY"": 23, ""WHEAT"": 33, ""TOMATO"": 2}","{""COW"": 5, ""SHEEP"": 10}",0,18
375,15,15,0,31666.0,11,11,3,"{""STRAWBERRY"": 25, ""CARROT"": 14, ""TOMATO"": 5, ""WHEAT"": 14}","{""COW"": 5, ""SHEEP"": 10}",0,26
375,15,15,1,33934.0,11,11,3,"{""STRAWBERRY"": 23, ""WHEAT"": 34, ""TOMATO"": 2}","{""COW"": 5, ""SHEEP"": 10}",0,18
376,15,16,0,31666.0,11,11,3,"{""STRAWBERRY"": 25, ""CARROT"": 14, ""TOMATO"": 5, ""WHEAT"": 14}","{""COW"": 5, ""SHEEP"": 10}",0,26
376,15,16,1,33874.0,11,11,3,"{""STRAWBERRY"": 23, ""WHEAT"": 34, ""TOMATO"": 2}","{""COW"": 5, ""SHEEP"": 10}",0,18
377,15,17,0,31666.0,11,11,3,"{""STRAWBERRY"": 25, ""CARROT"": 14, ""TOMATO"": 5, ""WHEAT"": 14}","{""COW"": 5, ""SHEEP"": 10}",0,26
377,15,17,1,33874.0,11,11,3,"{""STRAWBERRY"": 23, ""WHEAT"": 33, ""TOMATO"": 2}","{""COW"": 5, ""SHEEP"": 10}",0,18
378,15,18,0,32825.0,11,11,3,"{""STRAWBERRY"": 25, ""CARROT"": 13, ""TOMATO"": 5, ""WHEAT"": 14}","{""COW"": 5, ""SHEEP"": 10}",0,19
378,15,18,1,33913.0,11,11,3,"{""STRAWBERRY"": 23, ""WHEAT"": 34, ""TOMATO"": 2}","{""COW"": 5, ""SHEEP"": 10}",0,17
379,15,19,0,32815.0,11,11,3,"{""STRAWBERRY"": 25, ""CARROT"": 14, ""TOMATO"": 5, ""WHEAT"": 14}","{""COW"": 5, ""SHEEP"": 10}",0,19
379,15,19,1,33853.0,11,11,3,"{""STRAWBERRY"": 23, ""WHEAT"": 32, ""TOMATO"": 2}","{""COW"": 5, ""SHEEP"": 10}",0,17
380,15,20,0,32815.0,11,11,3,"{""STRAWBERRY"": 25, ""CARROT"": 13, ""TOMATO"": 5, ""WHEAT"": 14}","{""COW"": 5, ""SHEEP"": 10}",0,19
380,15,20,1,33843.0,11,11,3,"{""STRAWBERRY"": 23, ""WHEAT"": 32, ""TOMATO"": 3}","{""COW"": 5, ""SHEEP"": 10}",0,17
381,15,21,0,32805.0,11,11,3,"{""STRAWBERRY"": 25, ""CARROT"": 14, ""TOMATO"": 5, ""WHEAT"": 14}","{""COW"": 5, ""SHEEP"": 10}",0,19
381,15,21,1,33833.0,11,11,3,"{""STRAWBERRY"": 23, ""WHEAT"": 33, ""TOMATO"": 3}","{""COW"": 5, ""SHEEP"": 10}",0,17
382,15,22,0,32891.0,11,11,3,"{""STRAWBERRY"": 25, ""CARROT"": 14, ""TOMATO"": 5, ""WHEAT"": 14}","{""COW"": 5, ""SHEEP"": 10}",0,17
382,15,22,1,33941.0,11,11,3,"{""STRAWBERRY"": 23, ""WHEAT"": 32, ""TOMATO"": 3}","{""COW"": 5, ""SHEEP"": 10}",0,14
383,15,23,0,32969.0,11,11,3,"{""STRAWBERRY"": 25, ""CARROT"": 13, ""TOMATO"": 5, ""WHEAT"": 14}","{""COW"": 5, ""SHEEP"": 10}",0,15
383,15,23,1,34097.0,11,11,3,"{""STRAWBERRY"": 23, ""WHEAT"": 33, ""TOMATO"": 3}","{""COW"": 5, ""SHEEP"": 10}",0,10
384,16,0,0,32969.0,0,0,3,"{""STRAWBERRY"": 25, ""CARROT"": 13, ""TOMATO"": 5, ""WHEAT"": 14}","{""COW"": 5, ""SHEEP"": 10}",0,72
384,16,0,1,34097.0,0,0,3,"{""STRAWBERRY"": 23, ""WHEAT"": 33, ""TOMATO"": 3}","{""COW"": 5, ""SHEEP"": 10}",0,71
385,16,1,0,33467.0,8,8,3,"{""STRAWBERRY"": 25, ""CARROT"": 13, ""TOMATO"": 5, ""WHEAT"": 14}","{""COW"": 5, ""SHEEP"": 10}",0,69
385,16,1,1,34695.0,8,8,3,"{""STRAWBERRY"": 23, ""WHEAT"": 33, ""TOMATO"": 3}","{""COW"": 5, ""SHEEP"": 10}",0,66
386,16,2,0,33363.0,11,11,3,"{""STRAWBERRY"": 25, ""CARROT"": 13, ""TOMATO"": 5, ""WHEAT"": 14}","{""COW"": 5, ""SHEEP"": 10}",0,59
386,16,2,1,34631.0,11,11,3,"{""STRAWBERRY"": 23, ""WHEAT"": 33, ""TOMATO"": 3}","{""COW"": 5, ""SHEEP"": 10}",0,53
387,16,3,0,33414.0,11,11,3,"{""STRAWBERRY"": 25, ""CARROT"": 13, ""TOMATO"": 5, ""WHEAT"": 14}","{""COW"": 5, ""SHEEP"": 10}",0,56
387,16,3,1,35134.0,11,11,3,"{""STRAWBERRY"": 23, ""WHEAT"": 33, ""TOMATO"": 3}","{""COW"": 5, ""SHEEP"": 10}",0,37
388,16,4,0,33825.0,11,11,3,"{""STRAWBERRY"": 25, ""CARROT"": 13, ""TOMATO"": 5, ""WHEAT"": 14}","{""COW"": 5, ""SHEEP"": 10}",0,49
388,16,4,1,35134.0,11,11,3,"{""STRAWBERRY"": 23, ""WHEAT"": 33, ""TOMATO"": 3}","{""COW"": 5, ""SHEEP"": 10}",0,37
389,16,5,0,33977.0,11,11,3,"{""STRAWBERRY"": 25, ""CARROT"": 13, ""TOMATO"": 5, ""WHEAT"": 13}","{""COW"": 5, ""SHEEP"": 10}",0,45
389,16,5,1,35324.0,11,11,3,"{""STRAWBERRY"": 23, ""WHEAT"": 32, ""TOMATO"": 3}","{""COW"": 5, ""SHEEP"": 10}",0,32
390,16,6,0,34001.0,11,11,3,"{""STRAWBERRY"": 25, ""CARROT"": 12, ""TOMATO"": 5, ""WHEAT"": 13}","{""COW"": 5, ""SHEEP"": 10}",0,44
390,16,6,1,35905.0,11,11,3,"{""STRAWBERRY"": 23, ""WHEAT"": 32, ""TOMATO"": 3}","{""COW"": 5, ""SHEEP"": 10}",0,27
391,16,7,0,34105.0,11,11,3,"{""STRAWBERRY"": 25, ""CARROT"": 13, ""TOMATO"": 5, ""WHEAT"": 14}","{""COW"": 5, ""SHEEP"": 10}",0,41
391,16,7,1,36047.0,11,11,3,"{""STRAWBERRY"": 23, ""WHEAT"": 33, ""TOMATO"": 3}","{""COW"": 5, ""SHEEP"": 10}",0,26
392,16,8,0,34105.0,11,11,3,"{""STRAWBERRY"": 25, ""CARROT"": 13, ""TOMATO"": 5, ""WHEAT"": 14}","{""COW"": 5, ""SHEEP"": 10}",0,41
392,16,8,1,36047.0,11,11,3,"{""STRAWBERRY"": 23, ""WHEAT"": 33, ""TOMATO"": 3}","{""COW"": 5, ""SHEEP"": 10}",0,26
393,16,9,0,34105.0,11,11,3,"{""STRAWBERRY"": 25, ""CARROT"": 13, ""TOMATO"": 5, ""WHEAT"": 14}","{""COW"": 5, ""SHEEP"": 10}",0,41
393,16,9,1,36047.0,11,11,3,"{""STRAWBERRY"": 23, ""WHEAT"": 32, ""TOMATO"": 3}","{""COW"": 5, ""SHEEP"": 10}",0,26
394,16,10,0,34129.0,11,11,3,"{""STRAWBERRY"": 25, ""CARROT"": 13, ""TOMATO"": 5, ""WHEAT"": 13}","{""COW"": 5, ""SHEEP"": 10}",0,40
394,16,10,1,36072.0,11,11,3,"{""STRAWBERRY"": 23, ""WHEAT"": 32, ""TOMATO"": 3}","{""COW"": 5, ""SHEEP"": 10}",0,24
395,16,11,0,34119.0,11,11,3,"{""STRAWBERRY"": 25, ""CARROT"": 13, ""TOMATO"": 5, ""WHEAT"": 14}","{""COW"": 5, ""SHEEP"": 10}",0,40
395,16,11,1,36062.0,11,11,3,"{""STRAWBERRY"": 23, ""WHEAT"": 33, ""TOMATO"": 3}","{""COW"": 5, ""SHEEP"": 10}",0,24
396,16,12,0,33999.0,11,11,3,"{""STRAWBERRY"": 25, ""CARROT"": 13, ""TOMATO"": 5, ""WHEAT"": 14}","{""COW"": 5, ""SHEEP"": 10}",0,40
396,16,12,1,36052.0,11,11,3,"{""STRAWBERRY"": 23, ""WHEAT"": 33, ""TOMATO"": 3}","{""COW"": 5, ""SHEEP"": 10}",0,24
397,16,13,0,33999.0,11,11,3,"{""STRAWBERRY"": 25, ""CARROT"": 12, ""TOMATO"": 5, ""WHEAT"": 14}","{""COW"": 5, ""SHEEP"": 10}",0,47
397,16,13,1,36052.0,11,11,3,"{""STRAWBERRY"": 23, ""WHEAT"": 32, ""TOMATO"": 3}","{""COW"": 5, ""SHEEP"": 10}",0,24
398,16,14,0,34757.0,11,11,3,"{""STRAWBERRY"": 25, ""CARROT"": 13, ""TOMATO"": 5, ""WHEAT"": 14}","{""COW"": 5, ""SHEEP"": 10}",0,41
398,16,14,1,35992.0,11,11,3,"{""STRAWBERRY"": 23, ""WHEAT"": 31, ""TOMATO"": 4}","{""COW"": 5, ""SHEEP"": 10}",0,24
399,16,15,0,34757.0,11,11,3,"{""STRAWBERRY"": 25, ""CARROT"": 12, ""TOMATO"": 5, ""WHEAT"": 13}","{""COW"": 5, ""SHEEP"": 10}",0,41
399,16,15,1,35932.0,11,11,3,"{""STRAWBERRY"": 23, ""WHEAT"": 30, ""TOMATO"": 5}","{""COW"": 5, ""SHEEP"": 10}",0,30
400,16,16,0,34747.0,11,11,3,"{""STRAWBERRY"": 25, ""CARROT"": 14, ""TOMATO"": 5, ""WHEAT"": 13}","{""COW"": 5, ""SHEEP"": 10}",0,41
400,16,16,1,36957.0,11,11,3,"{""STRAWBERRY"": 23, ""WHEAT"": 29, ""TOMATO"": 5}","{""COW"": 5, ""SHEEP"": 10}",0,24
401,16,17,0,34577.0,11,11,3,"{""STRAWBERRY"": 25, ""CARROT"": 14, ""TOMATO"": 5, ""WHEAT"": 13}","{""COW"": 5, ""SHEEP"": 10}",0,41
401,16,17,1,36897.0,11,11,3,"{""STRAWBERRY"": 23, ""WHEAT"": 31, ""TOMATO"": 5}","{""COW"": 5, ""SHEEP"": 10}",0,24
402,16,18,0,34615.0,11,11,3,"{""STRAWBERRY"": 25, ""CARROT"": 14, ""TOMATO"": 5, ""WHEAT"": 13}","{""COW"": 5, ""SHEEP"": 10}",0,39
402,16,18,1,36886.0,11,11,3,"{""STRAWBERRY"": 23, ""WHEAT"": 31, ""TOMATO"": 5}","{""COW"": 5, ""SHEEP"": 10}",0,22
403,16,19,0,34605.0,11,11,3,"{""STRAWBERRY"": 25, ""CARROT"": 14, ""TOMATO"": 5, ""WHEAT"": 13}","{""COW"": 5, ""SHEEP"": 10}",0,39
403,16,19,1,36826.0,11,11,3,"{""STRAWBERRY"": 23, ""WHEAT"": 31, ""TOMATO"": 5}","{""COW"": 5, ""SHEEP"": 10}",0,22
404,16,20,0,34605.0,11,11,3,"{""STRAWBERRY"": 25, ""CARROT"": 14, ""TOMATO"": 5, ""WHEAT"": 13}","{""COW"": 5, ""SHEEP"": 10}",0,46
404,16,20,1,36826.0,11,11,3,"{""STRAWBERRY"": 23, ""WHEAT"": 31, ""TOMATO"": 5}","{""COW"": 5, ""SHEEP"": 10}",0,22
405,16,21,0,35726.0,11,11,3,"{""STRAWBERRY"": 25, ""CARROT"": 14, ""TOMATO"": 5, ""WHEAT"": 13}","{""COW"": 5, ""SHEEP"": 10}",0,39
405,16,21,1,36826.0,11,11,3,"{""STRAWBERRY"": 23, ""TOMATO"": 5, ""WHEAT"": 27}","{""COW"": 5, ""SHEEP"": 10}",0,27
406,16,22,0,35755.0,11,11,3,"{""STRAWBERRY"": 25, ""CARROT"": 12, ""TOMATO"": 5, ""WHEAT"": 13}","{""COW"": 5, ""SHEEP"": 10}",0,39
406,16,22,1,37586.0,11,11,3,"{""STRAWBERRY"": 23, ""TOMATO"": 8, ""WHEAT"": 27}","{""COW"": 5, ""SHEEP"": 10}",0,20
407,16,23,0,36180.0,11,11,3,"{""STRAWBERRY"": 25, ""CARROT"": 14, ""TOMATO"": 5, ""WHEAT"": 13}","{""COW"": 5, ""SHEEP"": 10}",0,35
407,16,23,1,37738.0,11,11,3,"{""STRAWBERRY"": 23, ""TOMATO"": 8, ""WHEAT"": 28}","{""COW"": 5, ""SHEEP"": 10}",0,16
408,17,0,0,37340.0,0,0,3,"{""STRAWBERRY"": 25, ""CARROT"": 14, ""TOMATO"": 5, ""WHEAT"": 13}","{""COW"": 5, ""SHEEP"": 10}",0,71
408,17,0,1,37738.0,0,0,3,"{""STRAWBERRY"": 23, ""TOMATO"": 8, ""WHEAT"": 27}","{""COW"": 5, ""SHEEP"": 10}",1,95
409,17,1,0,39153.0,8,8,3,"{""STRAWBERRY"": 25, ""CARROT"": 14, ""TOMATO"": 5, ""WHEAT"": 13}","{""COW"": 5, ""SHEEP"": 10}",0,54
409,17,1,1,39898.0,8,8,3,"{""STRAWBERRY"": 23, ""TOMATO"": 8, ""WHEAT"": 27}","{""COW"": 5, ""SHEEP"": 10}",1,72
410,17,2,0,39012.0,11,11,3,"{""STRAWBERRY"": 25, ""CARROT"": 14, ""TOMATO"": 5, ""WHEAT"": 13}","{""COW"": 5, ""SHEEP"": 10}",0,38
410,17,2,1,40228.0,11,11,3,"{""STRAWBERRY"": 23, ""TOMATO"": 8, ""WHEAT"": 27}","{""COW"": 5, ""SHEEP"": 10}",1,47
411,17,3,0,39123.0,11,11,3,"{""STRAWBERRY"": 25, ""CARROT"": 14, ""TOMATO"": 5, ""WHEAT"": 13}","{""COW"": 5, ""SHEEP"": 10}",0,37
411,17,3,1,40766.0,11,11,3,"{""STRAWBERRY"": 23, ""TOMATO"": 8, ""WHEAT"": 27}","{""COW"": 5, ""SHEEP"": 10}",1,36
412,17,4,0,39123.0,11,11,3,"{""STRAWBERRY"": 25, ""CARROT"": 14, ""TOMATO"": 5, ""WHEAT"": 13}","{""COW"": 5, ""SHEEP"": 10}",0,37
412,17,4,1,40766.0,11,11,3,"{""STRAWBERRY"": 23, ""TOMATO"": 8, ""WHEAT"": 27}","{""COW"": 5, ""SHEEP"": 10}",1,36
413,17,5,0,39123.0,11,11,3,"{""STRAWBERRY"": 25, ""CARROT"": 14, ""TOMATO"": 5, ""WHEAT"": 13}","{""COW"": 5, ""SHEEP"": 10}",0,37
413,17,5,1,40766.0,11,11,3,"{""STRAWBERRY"": 23, ""TOMATO"": 8, ""WHEAT"": 26}","{""COW"": 5, ""SHEEP"": 10}",1,36
414,17,6,0,39163.0,11,11,3,"{""STRAWBERRY"": 25, ""CARROT"": 14, ""TOMATO"": 5, ""WHEAT"": 12}","{""COW"": 5, ""SHEEP"": 10}",0,35
414,17,6,1,41052.0,11,11,3,"{""STRAWBERRY"": 23, ""TOMATO"": 8, ""WHEAT"": 26}","{""COW"": 5, ""SHEEP"": 10}",1,28
415,17,7,0,39227.0,11,11,3,"{""STRAWBERRY"": 25, ""CARROT"": 14, ""TOMATO"": 5, ""WHEAT"": 11}","{""COW"": 5, ""SHEEP"": 10}",0,33
415,17,7,1,41190.0,11,11,3,"{""STRAWBERRY"": 23, ""TOMATO"": 8, ""WHEAT"": 26}","{""COW"": 5, ""SHEEP"": 10}",1,24
416,17,8,0,39291.0,11,11,3,"{""STRAWBERRY"": 25, ""CARROT"": 13, ""TOMATO"": 5, ""WHEAT"": 13}","{""COW"": 5, ""SHEEP"": 10}",0,31
416,17,8,1,41190.0,11,11,3,"{""STRAWBERRY"": 23, ""TOMATO"": 8, ""WHEAT"": 27}","{""COW"": 5, ""SHEEP"": 10}",1,24
417,17,9,0,39291.0,11,11,3,"{""STRAWBERRY"": 25, ""CARROT"": 14, ""TOMATO"": 5, ""WHEAT"": 13}","{""COW"": 5, ""SHEEP"": 10}",0,31
417,17,9,1,41190.0,11,11,3,"{""STRAWBERRY"": 23, ""TOMATO"": 8, ""WHEAT"": 27}","{""COW"": 5, ""SHEEP"": 10}",1,24
418,17,10,0,39329.0,11,11,3,"{""STRAWBERRY"": 25, ""CARROT"": 14, ""TOMATO"": 5, ""WHEAT"": 13}","{""COW"": 5, ""SHEEP"": 10}",0,29
418,17,10,1,41228.0,11,11,3,"{""STRAWBERRY"": 23, ""TOMATO"": 8, ""WHEAT"": 27}","{""COW"": 5, ""SHEEP"": 10}",1,22
419,17,11,0,39329.0,11,11,3,"{""STRAWBERRY"": 25, ""CARROT"": 14, ""TOMATO"": 5, ""WHEAT"": 12}","{""COW"": 5, ""SHEEP"": 10}",0,29
419,17,11,1,41228.0,11,11,3,"{""STRAWBERRY"": 23, ""TOMATO"": 8, ""WHEAT"": 25}","{""COW"": 5, ""SHEEP"": 10}",1,22
420,17,12,0,39319.0,11,11,3,"{""STRAWBERRY"": 25, ""CARROT"": 14, ""TOMATO"": 6, ""WHEAT"": 11}","{""COW"": 5, ""SHEEP"": 10}",0,29
420,17,12,1,41329.0,11,11,3,"{""STRAWBERRY"": 23, ""TOMATO"": 9, ""WHEAT"": 25}","{""COW"": 5, ""SHEEP"": 10}",1,19
421,17,13,0,39309.0,11,11,3,"{""STRAWBERRY"": 25, ""CARROT"": 14, ""TOMATO"": 6, ""WHEAT"": 11}","{""COW"": 5, ""SHEEP"": 10}",0,29
421,17,13,1,41149.0,11,11,3,"{""STRAWBERRY"": 23, ""TOMATO"": 9, ""WHEAT"": 26}","{""COW"": 5, ""SHEEP"": 10}",1,19
422,17,14,0,39802.0,11,11,3,"{""STRAWBERRY"": 25, ""CARROT"": 14, ""TOMATO"": 6, ""WHEAT"": 11}","{""COW"": 5, ""SHEEP"": 10}",0,24
422,17,14,1,41176.0,11,11,3,"{""STRAWBERRY"": 23, ""TOMATO"": 9, ""WHEAT"": 26}","{""COW"": 5, ""SHEEP"": 10}",1,18
423,17,15,0,39792.0,11,11,3,"{""STRAWBERRY"": 25, ""CARROT"": 14, ""TOMATO"": 7, ""WHEAT"": 11}","{""COW"": 5, ""SHEEP"": 10}",0,24
423,17,15,1,41176.0,11,11,3,"{""STRAWBERRY"": 23, ""TOMATO"": 9, ""WHEAT"": 26}","{""COW"": 5, ""SHEEP"": 10}",1,18
424,17,16,0,39792.0,11,11,3,"{""STRAWBERRY"": 25, ""CARROT"": 14, ""TOMATO"": 7, ""WHEAT"": 11}","{""COW"": 5, ""SHEEP"": 10}",0,24
424,17,16,1,41176.0,11,11,3,"{""STRAWBERRY"": 23, ""TOMATO"": 9, ""WHEAT"": 25}","{""COW"": 5, ""SHEEP"": 10}",1,18
425,17,17,0,39792.0,11,11,3,"{""STRAWBERRY"": 25, ""CARROT"": 13, ""TOMATO"": 7, ""WHEAT"": 11}","{""COW"": 5, ""SHEEP"": 10}",0,24
425,17,17,1,41116.0,11,11,3,"{""STRAWBERRY"": 23, ""TOMATO"": 9, ""WHEAT"": 24, ""CARROT"": 1}","{""COW"": 5, ""SHEEP"": 10}",1,18
426,17,18,0,39820.0,11,11,3,"{""STRAWBERRY"": 25, ""CARROT"": 13, ""TOMATO"": 8, ""WHEAT"": 11}","{""COW"": 5, ""SHEEP"": 10}",0,22
426,17,18,1,40973.0,11,11,3,"{""STRAWBERRY"": 23, ""TOMATO"": 9, ""WHEAT"": 24, ""CARROT"": 2}","{""COW"": 5, ""SHEEP"": 10}",1,17
427,17,19,0,39820.0,11,11,3,"{""STRAWBERRY"": 25, ""TOMATO"": 8, ""CARROT"": 12, ""WHEAT"": 11}","{""COW"": 5, ""SHEEP"": 10}",0,22
427,17,19,1,40963.0,11,11,3,"{""STRAWBERRY"": 23, ""TOMATO"": 9, ""WHEAT"": 24, ""CARROT"": 2}","{""COW"": 5, ""SHEEP"": 10}",1,17
428,17,20,0,39820.0,11,11,3,"{""STRAWBERRY"": 25, ""TOMATO"": 9, ""CARROT"": 10, ""WHEAT"": 11}","{""COW"": 5, ""SHEEP"": 10}",0,30
428,17,20,1,40963.0,11,11,3,"{""STRAWBERRY"": 23, ""TOMATO"": 9, ""WHEAT"": 23, ""CARROT"": 2}","{""COW"": 5, ""SHEEP"": 10}",1,17
429,17,21,0,40445.0,11,11,3,"{""STRAWBERRY"": 25, ""TOMATO"": 9, ""CARROT"": 12, ""WHEAT"": 11}","{""COW"": 5, ""SHEEP"": 10}",0,26
429,17,21,1,40953.0,11,11,3,"{""STRAWBERRY"": 23, ""TOMATO"": 9, ""WHEAT"": 23, ""CARROT"": 3}","{""COW"": 5, ""SHEEP"": 10}",1,17
430,17,22,0,40507.0,11,11,3,"{""STRAWBERRY"": 25, ""TOMATO"": 9, ""CARROT"": 11, ""WHEAT"": 11}","{""COW"": 5, ""SHEEP"": 10}",0,23
430,17,22,1,41016.0,11,11,3,"{""STRAWBERRY"": 23, ""TOMATO"": 9, ""WHEAT"": 22, ""CARROT"": 3}","{""COW"": 5, ""SHEEP"": 10}",0,13
431,17,23,0,40655.0,11,11,3,"{""STRAWBERRY"": 25, ""TOMATO"": 10, ""CARROT"": 11, ""WHEAT"": 11}","{""COW"": 5, ""SHEEP"": 10}",0,19
431,17,23,1,41053.0,11,11,3,"{""STRAWBERRY"": 23, ""TOMATO"": 9, ""WHEAT"": 22, ""CARROT"": 5}","{""COW"": 5, ""SHEEP"": 10}",0,12
432,18,0,0,41317.0,0,0,3,"{""STRAWBERRY"": 25, ""TOMATO"": 10, ""CARROT"": 11, ""WHEAT"": 11}","{""COW"": 5, ""SHEEP"": 10}",0,81
432,18,0,1,41053.0,0,0,3,"{""STRAWBERRY"": 23, ""TOMATO"": 9, ""WHEAT"": 21, ""CARROT"": 5}","{""COW"": 5, ""SHEEP"": 10}",1,80
433,18,1,0,42791.0,8,8,3,"{""STRAWBERRY"": 25, ""TOMATO"": 10, ""CARROT"": 11, ""WHEAT"": 11}","{""COW"": 5, ""SHEEP"": 10}",0,66
433,18,1,1,42668.0,8,8,3,"{""STRAWBERRY"": 23, ""TOMATO"": 9, ""WHEAT"": 21, ""CARROT"": 5}","{""COW"": 5, ""SHEEP"": 10}",1,66
434,18,2,0,42621.0,11,11,3,"{""STRAWBERRY"": 25, ""TOMATO"": 10, ""CARROT"": 11, ""WHEAT"": 11}","{""COW"": 5, ""SHEEP"": 10}",0,59
434,18,2,1,43153.0,11,11,3,"{""STRAWBERRY"": 23, ""TOMATO"": 9, ""WHEAT"": 21, ""CARROT"": 5}","{""COW"": 5, ""SHEEP"": 10}",1,44
435,18,3,0,43168.0,11,11,3,"{""STRAWBERRY"": 25, ""TOMATO"": 10, ""CARROT"": 11, ""WHEAT"": 11}","{""COW"": 5, ""SHEEP"": 10}",0,46
435,18,3,1,43695.0,11,11,3,"{""STRAWBERRY"": 23, ""TOMATO"": 9, ""WHEAT"": 21, ""CARROT"": 5}","{""COW"": 5, ""SHEEP"": 10}",1,37
436,18,4,0,43168.0,11,11,3,"{""STRAWBERRY"": 25, ""TOMATO"": 10, ""CARROT"": 11, ""WHEAT"": 11}","{""COW"": 5, ""SHEEP"": 10}",0,46
436,18,4,1,43695.0,11,11,3,"{""STRAWBERRY"": 23, ""TOMATO"": 9, ""WHEAT"": 21, ""CARROT"": 5}","{""COW"": 5, ""SHEEP"": 10}",1,37
437,18,5,0,43384.0,11,11,3,"{""STRAWBERRY"": 25, ""TOMATO"": 10, ""CARROT"": 11, ""WHEAT"": 9}","{""COW"": 5, ""SHEEP"": 10}",0,40
437,18,5,1,43695.0,11,11,3,"{""STRAWBERRY"": 23, ""TOMATO"": 9, ""WHEAT"": 20, ""CARROT"": 5}","{""COW"": 5, ""SHEEP"": 10}",1,41
438,18,6,0,43530.0,11,11,3,"{""STRAWBERRY"": 25, ""TOMATO"": 10, ""CARROT"": 11, ""WHEAT"": 11}","{""COW"": 5, ""SHEEP"": 10}",0,38
438,18,6,1,43711.0,11,11,3,"{""STRAWBERRY"": 23, ""TOMATO"": 9, ""WHEAT"": 20, ""CARROT"": 5}","{""COW"": 5, ""SHEEP"": 10}",1,39
439,18,7,0,43530.0,11,11,3,"{""STRAWBERRY"": 25, ""TOMATO"": 10, ""CARROT"": 11, ""WHEAT"": 11}","{""COW"": 5, ""SHEEP"": 10}",0,38
439,18,7,1,43880.0,11,11,3,"{""STRAWBERRY"": 23, ""TOMATO"": 9, ""WHEAT"": 20, ""CARROT"": 5}","{""COW"": 5, ""SHEEP"": 10}",1,34
440,18,8,0,43530.0,11,11,3,"{""STRAWBERRY"": 25, ""TOMATO"": 10, ""CARROT"": 11, ""WHEAT"": 11}","{""COW"": 5, ""SHEEP"": 10}",0,38
440,18,8,1,43870.0,11,11,3,"{""STRAWBERRY"": 23, ""TOMATO"": 10, ""WHEAT"": 20, ""CARROT"": 5}","{""COW"": 5, ""SHEEP"": 10}",1,34
441,18,9,0,43530.0,11,11,3,"{""STRAWBERRY"": 25, ""TOMATO"": 10, ""CARROT"": 11, ""WHEAT"": 11}","{""COW"": 5, ""SHEEP"": 10}",0,38
441,18,9,1,43870.0,11,11,3,"{""STRAWBERRY"": 23, ""TOMATO"": 10, ""WHEAT"": 20, ""CARROT"": 5}","{""COW"": 5, ""SHEEP"": 10}",1,34
442,18,10,0,43976.0,11,11,3,"{""STRAWBERRY"": 25, ""TOMATO"": 11, ""CARROT"": 11, ""WHEAT"": 10}","{""COW"": 5, ""SHEEP"": 10}",0,33
442,18,10,1,43881.0,11,11,3,"{""STRAWBERRY"": 23, ""TOMATO"": 10, ""WHEAT"": 19, ""CARROT"": 5}","{""COW"": 5, ""SHEEP"": 10}",1,33
443,18,11,0,44073.0,11,11,3,"{""STRAWBERRY"": 25, ""TOMATO"": 12, ""CARROT"": 10, ""WHEAT"": 10}","{""COW"": 5, ""SHEEP"": 10}",0,30
443,18,11,1,43978.0,11,11,3,"{""STRAWBERRY"": 23, ""TOMATO"": 10, ""WHEAT"": 20, ""CARROT"": 5}","{""COW"": 5, ""SHEEP"": 10}",1,30
444,18,12,0,44063.0,11,11,3,"{""STRAWBERRY"": 25, ""TOMATO"": 12, ""CARROT"": 11, ""WHEAT"": 10}","{""COW"": 5, ""SHEEP"": 10}",0,30
444,18,12,1,43978.0,11,11,3,"{""STRAWBERRY"": 23, ""TOMATO"": 10, ""WHEAT"": 19, ""CARROT"": 5}","{""COW"": 5, ""SHEEP"": 10}",1,30
445,18,13,0,44063.0,11,11,3,"{""STRAWBERRY"": 25, ""TOMATO"": 12, ""CARROT"": 11, ""WHEAT"": 10}","{""COW"": 5, ""SHEEP"": 10}",0,30
445,18,13,1,43968.0,11,11,3,"{""STRAWBERRY"": 23, ""TOMATO"": 11, ""WHEAT"": 18, ""CARROT"": 5}","{""COW"": 5, ""SHEEP"": 10}",1,30
446,18,14,0,44024.0,11,11,3,"{""STRAWBERRY"": 24, ""TOMATO"": 12, ""CARROT"": 11, ""WHEAT"": 10}","{""COW"": 5, ""SHEEP"": 10}",0,29
446,18,14,1,43908.0,11,11,3,"{""STRAWBERRY"": 23, ""TOMATO"": 12, ""WHEAT"": 18, ""CARROT"": 5}","{""COW"": 5, ""SHEEP"": 10}",1,30
447,18,15,0,44024.0,11,11,3,"{""STRAWBERRY"": 24, ""TOMATO"": 13, ""CARROT"": 11, ""WHEAT"": 9}","{""COW"": 5, ""SHEEP"": 10}",0,35
447,18,15,1,43858.0,11,11,3,"{""STRAWBERRY"": 23, ""TOMATO"": 12, ""WHEAT"": 18, ""CARROT"": 5}","{""COW"": 5, ""SHEEP"": 10}",1,36
448,18,16,0,44801.0,11,11,3,"{""STRAWBERRY"": 24, ""TOMATO"": 13, ""CARROT"": 11, ""WHEAT"": 10}","{""COW"": 5, ""SHEEP"": 10}",0,29
448,18,16,1,44695.0,11,11,3,"{""STRAWBERRY"": 23, ""TOMATO"": 12, ""WHEAT"": 18, ""CARROT"": 5}","{""COW"": 5, ""SHEEP"": 10}",1,30
449,18,17,0,44801.0,11,11,3,"{""STRAWBERRY"": 24, ""TOMATO"": 13, ""CARROT"": 11, ""WHEAT"": 10}","{""COW"": 5, ""SHEEP"": 10}",0,29
449,18,17,1,44695.0,11,11,3,"{""STRAWBERRY"": 23, ""TOMATO"": 12, ""WHEAT"": 17, ""CARROT"": 5}","{""COW"": 5, ""SHEEP"": 10}",1,30
450,18,18,0,44802.0,11,11,3,"{""STRAWBERRY"": 24, ""TOMATO"": 13, ""CARROT"": 11, ""WHEAT"": 10}","{""COW"": 5, ""SHEEP"": 10}",0,28
450,18,18,1,44665.0,11,11,3,"{""STRAWBERRY"": 23, ""TOMATO"": 13, ""WHEAT"": 16, ""CARROT"": 5}","{""COW"": 5, ""SHEEP"": 10}",0,27
451,18,19,0,44802.0,11,11,3,"{""STRAWBERRY"": 24, ""TOMATO"": 13, ""CARROT"": 11, ""WHEAT"": 10}","{""COW"": 5, ""SHEEP"": 10}",0,28
451,18,19,1,44677.0,11,11,3,"{""STRAWBERRY"": 23, ""TOMATO"": 13, ""WHEAT"": 17, ""CARROT"": 6}","{""COW"": 5, ""SHEEP"": 10}",0,25
452,18,20,0,44792.0,11,11,3,"{""TOMATO"": 13, ""STRAWBERRY"": 23, ""CARROT"": 11, ""WHEAT"": 10}","{""COW"": 5, ""SHEEP"": 10}",0,48
452,18,20,1,44497.0,11,11,3,"{""TOMATO"": 13, ""STRAWBERRY"": 21, ""WHEAT"": 17, ""CARROT"": 6}","{""COW"": 5, ""SHEEP"": 10}",0,25
453,18,21,0,45799.0,11,11,3,"{""TOMATO"": 14, ""STRAWBERRY"": 23, ""CARROT"": 12, ""WHEAT"": 10}","{""COW"": 5, ""SHEEP"": 10}",0,37
453,18,21,1,44487.0,11,11,3,"{""TOMATO"": 15, ""STRAWBERRY"": 21, ""WHEAT"": 16, ""CARROT"": 6}","{""COW"": 5, ""SHEEP"": 10}",0,25
454,18,22,0,45818.0,11,11,3,"{""TOMATO"": 14, ""STRAWBERRY"": 23, ""CARROT"": 12, ""WHEAT"": 10}","{""COW"": 5, ""SHEEP"": 10}",0,35
454,18,22,1,44512.0,11,11,3,"{""TOMATO"": 15, ""STRAWBERRY"": 21, ""WHEAT"": 16, ""CARROT"": 7}","{""COW"": 5, ""SHEEP"": 10}",0,32
455,18,23,0,46070.0,11,11,3,"{""TOMATO"": 14, ""STRAWBERRY"": 23, ""CARROT"": 12, ""WHEAT"": 10}","{""COW"": 5, ""SHEEP"": 10}",0,28
455,18,23,1,45223.0,11,11,3,"{""TOMATO"": 15, ""STRAWBERRY"": 21, ""WHEAT"": 16, ""CARROT"": 7}","{""COW"": 5, ""SHEEP"": 10}",0,25
456,19,0,0,46070.0,0,0,3,"{""TOMATO"": 14, ""STRAWBERRY"": 23, ""CARROT"": 12, ""WHEAT"": 10}","{""COW"": 5, ""SHEEP"": 10}",0,82
456,19,0,1,45223.0,0,0,3,"{""TOMATO"": 15, ""STRAWBERRY"": 21, ""WHEAT"": 16, ""CARROT"": 7}","{""COW"": 5, ""SHEEP"": 10}",0,90
457,19,1,0,46189.0,8,8,3,"{""TOMATO"": 14, ""STRAWBERRY"": 23, ""CARROT"": 12, ""WHEAT"": 10}","{""COW"": 5, ""SHEEP"": 10}",0,76
457,19,1,1,46592.0,8,8,3,"{""TOMATO"": 15, ""STRAWBERRY"": 21, ""WHEAT"": 16, ""CARROT"": 7}","{""COW"": 5, ""SHEEP"": 10}",0,69
458,19,2,0,46032.0,11,11,3,"{""TOMATO"": 14, ""STRAWBERRY"": 23, ""CARROT"": 12, ""WHEAT"": 10}","{""COW"": 5, ""SHEEP"": 10}",0,64
458,19,2,1,46439.0,11,11,3,"{""TOMATO"": 15, ""STRAWBERRY"": 21, ""WHEAT"": 16, ""CARROT"": 7}","{""COW"": 5, ""SHEEP"": 10}",0,50
459,19,3,0,46143.0,11,11,3,"{""TOMATO"": 14, ""STRAWBERRY"": 23, ""CARROT"": 12, ""WHEAT"": 10}","{""COW"": 5, ""SHEEP"": 10}",0,67
459,19,3,1,46439.0,11,11,3,"{""TOMATO"": 15, ""STRAWBERRY"": 21, ""WHEAT"": 16, ""CARROT"": 7}","{""COW"": 5, ""SHEEP"": 10}",0,50
460,19,4,0,46143.0,11,11,3,"{""TOMATO"": 14, ""STRAWBERRY"": 23, ""CARROT"": 12, ""WHEAT"": 10}","{""COW"": 5, ""SHEEP"": 10}",0,67
460,19,4,1,46439.0,11,11,3,"{""TOMATO"": 15, ""STRAWBERRY"": 21, ""WHEAT"": 16, ""CARROT"": 7}","{""COW"": 5, ""SHEEP"": 10}",0,50
461,19,5,0,46143.0,11,11,3,"{""TOMATO"": 14, ""STRAWBERRY"": 23, ""CARROT"": 12, ""WHEAT"": 9}","{""COW"": 5, ""SHEEP"": 10}",0,67
461,19,5,1,46439.0,11,11,3,"{""TOMATO"": 15, ""STRAWBERRY"": 21, ""WHEAT"": 14, ""CARROT"": 7}","{""COW"": 5, ""SHEEP"": 10}",0,50
462,19,6,0,46155.0,11,11,3,"{""TOMATO"": 14, ""STRAWBERRY"": 23, ""CARROT"": 12, ""WHEAT"": 9}","{""COW"": 5, ""SHEEP"": 10}",0,65
462,19,6,1,46532.0,11,11,3,"{""TOMATO"": 16, ""STRAWBERRY"": 21, ""WHEAT"": 14, ""CARROT"": 7}","{""COW"": 5, ""SHEEP"": 10}",0,49
463,19,7,0,46253.0,11,11,3,"{""TOMATO"": 14, ""STRAWBERRY"": 23, ""CARROT"": 11, ""WHEAT"": 10}","{""COW"": 5, ""SHEEP"": 10}",0,62
463,19,7,1,46808.0,11,11,3,"{""TOMATO"": 16, ""STRAWBERRY"": 21, ""WHEAT"": 14, ""CARROT"": 7}","{""COW"": 5, ""SHEEP"": 10}",0,41
464,19,8,0,46253.0,11,11,3,"{""TOMATO"": 14, ""STRAWBERRY"": 23, ""CARROT"": 12, ""WHEAT"": 10}","{""COW"": 5, ""SHEEP"": 10}",0,62
464,19,8,1,46808.0,11,11,3,"{""TOMATO"": 16, ""STRAWBERRY"": 21, ""WHEAT"": 15, ""CARROT"": 7}","{""COW"": 5, ""SHEEP"": 10}",0,41
465,19,9,0,46253.0,11,11,3,"{""TOMATO"": 14, ""STRAWBERRY"": 23, ""CARROT"": 12, ""WHEAT"": 10}","{""COW"": 5, ""SHEEP"": 10}",0,62
465,19,9,1,46808.0,11,11,3,"{""TOMATO"": 16, ""STRAWBERRY"": 21, ""WHEAT"": 15, ""CARROT"": 7}","{""COW"": 5, ""SHEEP"": 10}",0,41
466,19,10,0,46272.0,11,11,3,"{""TOMATO"": 14, ""STRAWBERRY"": 23, ""CARROT"": 12, ""WHEAT"": 9}","{""COW"": 5, ""SHEEP"": 10}",0,60
466,19,10,1,46917.0,11,11,3,"{""TOMATO"": 16, ""STRAWBERRY"": 21, ""WHEAT"": 15, ""CARROT"": 7}","{""COW"": 5, ""SHEEP"": 10}",0,38
467,19,11,0,46262.0,11,11,3,"{""TOMATO"": 14, ""STRAWBERRY"": 23, ""CARROT"": 12, ""WHEAT"": 10}","{""COW"": 5, ""SHEEP"": 10}",0,60
467,19,11,1,46917.0,11,11,3,"{""TOMATO"": 16, ""STRAWBERRY"": 21, ""WHEAT"": 14, ""CARROT"": 7}","{""COW"": 5, ""SHEEP"": 10}",0,38
468,19,12,0,46252.0,11,11,3,"{""TOMATO"": 14, ""STRAWBERRY"": 22, ""CARROT"": 12, ""WHEAT"": 10}","{""COW"": 5, ""SHEEP"": 10}",0,60
468,19,12,1,46907.0,11,11,3,"{""TOMATO"": 17, ""STRAWBERRY"": 20, ""WHEAT"": 13, ""CARROT"": 7}","{""COW"": 5, ""SHEEP"": 10}",0,38
469,19,13,0,46242.0,11,11,3,"{""TOMATO"": 14, ""STRAWBERRY"": 22, ""CARROT"": 13, ""WHEAT"": 10}","{""COW"": 5, ""SHEEP"": 10}",0,60
469,19,13,1,46897.0,11,11,3,"{""TOMATO"": 17, ""STRAWBERRY"": 20, ""WHEAT"": 13, ""CARROT"": 9}","{""COW"": 5, ""SHEEP"": 10}",0,38
470,19,14,0,46261.0,11,11,3,"{""TOMATO"": 14, ""STRAWBERRY"": 22, ""CARROT"": 13, ""WHEAT"": 10}","{""COW"": 5, ""SHEEP"": 10}",0,58
470,19,14,1,46999.0,11,11,3,"{""TOMATO"": 17, ""STRAWBERRY"": 20, ""WHEAT"": 12, ""CARROT"": 9}","{""COW"": 5, ""SHEEP"": 10}",0,36
471,19,15,0,46261.0,11,11,3,"{""TOMATO"": 14, ""STRAWBERRY"": 21, ""CARROT"": 12, ""WHEAT"": 10}","{""COW"": 5, ""SHEEP"": 10}",0,58
471,19,15,1,46989.0,11,11,3,"{""TOMATO"": 17, ""STRAWBERRY"": 19, ""WHEAT"": 12, ""CARROT"": 10}","{""COW"": 5, ""SHEEP"": 10}",0,36
472,19,16,0,46251.0,11,11,3,"{""TOMATO"": 14, ""CARROT"": 13, ""STRAWBERRY"": 21, ""WHEAT"": 10}","{""COW"": 5, ""SHEEP"": 10}",0,58
472,19,16,1,46979.0,11,11,3,"{""TOMATO"": 18, ""STRAWBERRY"": 19, ""WHEAT"": 12, ""CARROT"": 10}","{""COW"": 5, ""SHEEP"": 10}",0,36
473,19,17,0,46121.0,11,11,3,"{""TOMATO"": 14, ""CARROT"": 13, ""STRAWBERRY"": 21, ""WHEAT"": 10}","{""COW"": 5, ""SHEEP"": 10}",0,58
473,19,17,1,46979.0,11,11,3,"{""TOMATO"": 18, ""STRAWBERRY"": 19, ""WHEAT"": 12, ""CARROT"": 10}","{""COW"": 5, ""SHEEP"": 10}",0,36
474,19,18,0,46325.0,11,11,3,"{""TOMATO"": 14, ""CARROT"": 14, ""STRAWBERRY"": 21, ""WHEAT"": 10}","{""COW"": 5, ""SHEEP"": 10}",0,54
474,19,18,1,47008.0,11,11,3,"{""TOMATO"": 18, ""STRAWBERRY"": 19, ""WHEAT"": 11, ""CARROT"": 10}","{""COW"": 5, ""SHEEP"": 10}",0,34
475,19,19,0,46325.0,11,11,3,"{""TOMATO"": 14, ""CARROT"": 14, ""STRAWBERRY"": 21, ""WHEAT"": 10}","{""COW"": 5, ""SHEEP"": 10}",0,67
475,19,19,1,46998.0,11,11,3,"{""TOMATO"": 18, ""STRAWBERRY"": 18, ""WHEAT"": 11, ""CARROT"": 10}","{""COW"": 5, ""SHEEP"": 10}",0,34
476,19,20,0,46325.0,11,11,3,"{""TOMATO"": 14, ""CARROT"": 13, ""STRAWBERRY"": 21, ""WHEAT"": 10}","{""COW"": 5, ""SHEEP"": 10}",0,67
476,19,20,1,46988.0,11,11,3,"{""TOMATO"": 18, ""STRAWBERRY"": 18, ""CARROT"": 12, ""WHEAT"": 11}","{""COW"": 5, ""SHEEP"": 10}",0,34
477,19,21,0,46325.0,11,11,3,"{""TOMATO"": 14, ""CARROT"": 13, ""STRAWBERRY"": 21, ""WHEAT"": 10}","{""COW"": 5, ""SHEEP"": 10}",0,67
477,19,21,1,46988.0,11,11,3,"{""TOMATO"": 18, ""STRAWBERRY"": 18, ""CARROT"": 11, ""WHEAT"": 11}","{""COW"": 5, ""SHEEP"": 10}",0,34
478,19,22,0,46337.0,11,11,3,"{""TOMATO"": 14, ""CARROT"": 13, ""STRAWBERRY"": 21, ""WHEAT"": 10}","{""COW"": 5, ""SHEEP"": 10}",0,65
478,19,22,1,47002.0,11,11,3,"{""TOMATO"": 18, ""STRAWBERRY"": 18, ""CARROT"": 12, ""WHEAT"": 11}","{""COW"": 5, ""SHEEP"": 10}",0,30
479,19,23,0,47841.0,11,11,3,"{""TOMATO"": 14, ""CARROT"": 14, ""STRAWBERRY"": 21, ""WHEAT"": 10}","{""COW"": 5, ""SHEEP"": 10}",0,35
479,19,23,1,47254.0,11,11,3,"{""TOMATO"": 18, ""STRAWBERRY"": 18, ""CARROT"": 12, ""WHEAT"": 11}","{""COW"": 5, ""SHEEP"": 10}",0,29
480,20,0,0,47841.0,0,0,3,"{""TOMATO"": 14, ""CARROT"": 14, ""STRAWBERRY"": 21, ""WHEAT"": 10}","{""COW"": 5, ""SHEEP"": 9}",0,77
480,20,0,1,47361.0,0,0,3,"{""TOMATO"": 18, ""STRAWBERRY"": 18, ""CARROT"": 12, ""WHEAT"": 11}","{""COW"": 5, ""SHEEP"": 10}",0,77
481,20,1,0,47871.0,8,8,3,"{""TOMATO"": 14, ""CARROT"": 14, ""STRAWBERRY"": 21, ""WHEAT"": 10}","{""COW"": 5, ""SHEEP"": 9}",0,75
481,20,1,1,47590.0,8,8,3,"{""TOMATO"": 18, ""STRAWBERRY"": 18, ""CARROT"": 12, ""WHEAT"": 11}","{""COW"": 5, ""SHEEP"": 10}",0,69
482,20,2,0,47619.0,11,11,3,"{""TOMATO"": 14, ""CARROT"": 14, ""STRAWBERRY"": 21, ""WHEAT"": 10}","{""COW"": 5, ""SHEEP"": 9}",0,70
482,20,2,1,48426.0,11,11,3,"{""TOMATO"": 18, ""STRAWBERRY"": 18, ""CARROT"": 12, ""WHEAT"": 11}","{""COW"": 5, ""SHEEP"": 10}",0,50
483,20,3,0,48212.0,11,11,3,"{""TOMATO"": 14, ""CARROT"": 14, ""STRAWBERRY"": 21, ""WHEAT"": 10}","{""COW"": 5, ""SHEEP"": 9}",0,60
483,20,3,1,48781.0,11,11,3,"{""TOMATO"": 18, ""STRAWBERRY"": 18, ""CARROT"": 12, ""WHEAT"": 11}","{""COW"": 5, ""SHEEP"": 10}",0,42
484,20,4,0,48212.0,11,11,3,"{""TOMATO"": 14, ""CARROT"": 14, ""STRAWBERRY"": 21, ""WHEAT"": 10}","{""COW"": 5, ""SHEEP"": 9}",0,60
484,20,4,1,48781.0,11,11,3,"{""TOMATO"": 18, ""STRAWBERRY"": 18, ""CARROT"": 12, ""WHEAT"": 11}","{""COW"": 5, ""SHEEP"": 10}",0,39
485,20,5,0,48212.0,11,11,3,"{""TOMATO"": 14, ""CARROT"": 14, ""STRAWBERRY"": 21, ""WHEAT"": 10}","{""COW"": 5, ""SHEEP"": 9}",0,60
485,20,5,1,48781.0,11,11,3,"{""TOMATO"": 18, ""STRAWBERRY"": 18, ""CARROT"": 12, ""WHEAT"": 10}","{""COW"": 5, ""SHEEP"": 10}",0,39
486,20,6,0,48224.0,11,11,3,"{""TOMATO"": 14, ""CARROT"": 14, ""STRAWBERRY"": 21, ""WHEAT"": 8}","{""COW"": 5, ""SHEEP"": 9}",0,58
486,20,6,1,48986.0,11,11,3,"{""TOMATO"": 18, ""STRAWBERRY"": 18, ""CARROT"": 12, ""WHEAT"": 10}","{""COW"": 5, ""SHEEP"": 10}",0,36
487,20,7,0,48319.0,11,11,3,"{""TOMATO"": 14, ""CARROT"": 14, ""STRAWBERRY"": 21, ""WHEAT"": 10}","{""COW"": 5, ""SHEEP"": 9}",0,55
487,20,7,1,49081.0,11,11,3,"{""TOMATO"": 18, ""STRAWBERRY"": 18, ""CARROT"": 12, ""WHEAT"": 10}","{""COW"": 5, ""SHEEP"": 10}",0,33
488,20,8,0,48319.0,11,11,3,"{""TOMATO"": 14, ""CARROT"": 13, ""STRAWBERRY"": 21, ""WHEAT"": 10}","{""COW"": 5, ""SHEEP"": 9}",0,55
488,20,8,1,49081.0,11,11,3,"{""TOMATO"": 18, ""STRAWBERRY"": 18, ""CARROT"": 12, ""WHEAT"": 11}","{""COW"": 5, ""SHEEP"": 10}",0,33
489,20,9,0,48319.0,11,11,3,"{""TOMATO"": 14, ""CARROT"": 14, ""STRAWBERRY"": 21, ""WHEAT"": 10}","{""COW"": 5, ""SHEEP"": 9}",0,55
489,20,9,1,49081.0,11,11,3,"{""TOMATO"": 18, ""STRAWBERRY"": 18, ""CARROT"": 12, ""WHEAT"": 11}","{""COW"": 5, ""SHEEP"": 10}",0,33
490,20,10,0,48331.0,11,11,3,"{""TOMATO"": 14, ""CARROT"": 14, ""STRAWBERRY"": 21, ""WHEAT"": 10}","{""COW"": 5, ""SHEEP"": 9}",0,53
490,20,10,1,49390.0,11,11,3,"{""TOMATO"": 18, ""STRAWBERRY"": 18, ""CARROT"": 12, ""WHEAT"": 11}","{""COW"": 5, ""SHEEP"": 10}",0,28
491,20,11,0,48331.0,11,11,3,"{""TOMATO"": 14, ""CARROT"": 14, ""STRAWBERRY"": 21, ""WHEAT"": 9}","{""COW"": 5, ""SHEEP"": 9}",0,53
491,20,11,1,49390.0,11,11,3,"{""TOMATO"": 18, ""STRAWBERRY"": 18, ""CARROT"": 12, ""WHEAT"": 10}","{""COW"": 5, ""SHEEP"": 10}",0,28
492,20,12,0,48391.0,11,11,3,"{""TOMATO"": 14, ""CARROT"": 14, ""STRAWBERRY"": 20, ""WHEAT"": 10}","{""COW"": 5, ""SHEEP"": 9}",0,51
492,20,12,1,49485.0,11,11,3,"{""TOMATO"": 18, ""STRAWBERRY"": 18, ""CARROT"": 11, ""WHEAT"": 11}","{""COW"": 5, ""SHEEP"": 10}",0,25
493,20,13,0,48261.0,11,11,3,"{""TOMATO"": 14, ""CARROT"": 14, ""STRAWBERRY"": 20, ""WHEAT"": 11}","{""COW"": 5, ""SHEEP"": 9}",0,51
493,20,13,1,49355.0,11,11,3,"{""TOMATO"": 18, ""STRAWBERRY"": 17, ""CARROT"": 12, ""WHEAT"": 11}","{""COW"": 5, ""SHEEP"": 10}",0,25
494,20,14,0,48262.0,11,11,3,"{""TOMATO"": 14, ""CARROT"": 15, ""STRAWBERRY"": 20, ""WHEAT"": 11}","{""COW"": 5, ""SHEEP"": 9}",0,50
494,20,14,1,49345.0,11,11,3,"{""TOMATO"": 18, ""STRAWBERRY"": 17, ""CARROT"": 13, ""WHEAT"": 11}","{""COW"": 5, ""SHEEP"": 10}",0,25
495,20,15,0,48262.0,11,11,3,"{""TOMATO"": 14, ""CARROT"": 15, ""STRAWBERRY"": 20, ""WHEAT"": 11}","{""COW"": 5, ""SHEEP"": 9}",0,61
495,20,15,1,49345.0,11,11,3,"{""TOMATO"": 18, ""STRAWBERRY"": 17, ""CARROT"": 13, ""WHEAT"": 11}","{""COW"": 5, ""SHEEP"": 10}",0,31
496,20,16,0,48344.0,11,11,3,"{""TOMATO"": 14, ""CARROT"": 15, ""STRAWBERRY"": 19, ""WHEAT"": 11}","{""COW"": 5, ""SHEEP"": 9}",0,59
496,20,16,1,49345.0,11,11,3,"{""TOMATO"": 18, ""STRAWBERRY"": 16, ""CARROT"": 12, ""WHEAT"": 11}","{""COW"": 5, ""SHEEP"": 10}",0,31
497,20,17,0,48344.0,11,11,3,"{""TOMATO"": 14, ""CARROT"": 16, ""STRAWBERRY"": 19, ""WHEAT"": 11}","{""COW"": 5, ""SHEEP"": 9}",0,59
497,20,17,1,49335.0,11,11,3,"{""TOMATO"": 18, ""STRAWBERRY"": 16, ""CARROT"": 14, ""WHEAT"": 11}","{""COW"": 5, ""SHEEP"": 10}",0,31
498,20,18,0,48575.0,11,11,3,"{""TOMATO"": 14, ""CARROT"": 15, ""STRAWBERRY"": 18, ""WHEAT"": 11}","{""COW"": 5, ""SHEEP"": 9}",0,56
498,20,18,1,49342.0,11,11,3,"{""TOMATO"": 18, ""STRAWBERRY"": 16, ""CARROT"": 13, ""WHEAT"": 11}","{""COW"": 5, ""SHEEP"": 10}",0,28
499,20,19,0,48565.0,11,11,3,"{""TOMATO"": 14, ""CARROT"": 17, ""STRAWBERRY"": 18, ""WHEAT"": 11}","{""COW"": 5, ""SHEEP"": 9}",0,56
499,20,19,1,49332.0,11,11,3,"{""TOMATO"": 18, ""STRAWBERRY"": 16, ""CARROT"": 14, ""WHEAT"": 11}","{""COW"": 5, ""SHEEP"": 10}",0,28
500,20,20,0,48565.0,11,11,3,"{""TOMATO"": 14, ""CARROT"": 16, ""STRAWBERRY"": 18, ""WHEAT"": 11}","{""COW"": 5, ""SHEEP"": 9}",0,63
500,20,20,1,49322.0,11,11,3,"{""TOMATO"": 18, ""STRAWBERRY"": 15, ""CARROT"": 14, ""WHEAT"": 11}","{""COW"": 5, ""SHEEP"": 10}",0,28
501,20,21,0,48595.0,11,11,3,"{""TOMATO"": 14, ""CARROT"": 17, ""STRAWBERRY"": 18, ""WHEAT"": 11}","{""COW"": 5, ""SHEEP"": 9}",0,62
501,20,21,1,49312.0,11,11,3,"{""TOMATO"": 18, ""STRAWBERRY"": 15, ""CARROT"": 15, ""WHEAT"": 11}","{""COW"": 5, ""SHEEP"": 10}",0,35
502,20,22,0,48929.0,11,11,3,"{""TOMATO"": 14, ""CARROT"": 17, ""STRAWBERRY"": 18, ""WHEAT"": 11}","{""COW"": 5, ""SHEEP"": 9}",0,56
502,20,22,1,50327.0,11,11,3,"{""TOMATO"": 18, ""STRAWBERRY"": 15, ""CARROT"": 14, ""WHEAT"": 11}","{""COW"": 5, ""SHEEP"": 10}",0,21
503,20,23,0,49564.0,11,11,3,"{""TOMATO"": 14, ""CARROT"": 17, ""STRAWBERRY"": 18, ""WHEAT"": 11}","{""COW"": 5, ""SHEEP"": 9}",0,44
503,20,23,1,50528.0,11,11,3,"{""TOMATO"": 18, ""STRAWBERRY"": 15, ""CARROT"": 14, ""WHEAT"": 11}","{""COW"": 5, ""SHEEP"": 10}",0,17
504,21,0,0,49566.0,0,0,3,"{""TOMATO"": 14, ""CARROT"": 17, ""STRAWBERRY"": 18, ""WHEAT"": 11}","{""COW"": 5, ""SHEEP"": 9}",0,95
504,21,0,1,50528.0,0,0,3,"{""TOMATO"": 18, ""STRAWBERRY"": 15, ""CARROT"": 14, ""WHEAT"": 11}","{""COW"": 5, ""SHEEP"": 10}",0,79
505,21,1,0,49592.0,8,8,3,"{""TOMATO"": 14, ""CARROT"": 17, ""STRAWBERRY"": 17, ""WHEAT"": 11}","{""COW"": 5, ""SHEEP"": 9}",1,91
505,21,1,1,50835.0,8,8,3,"{""TOMATO"": 18, ""STRAWBERRY"": 15, ""CARROT"": 14, ""WHEAT"": 11}","{""COW"": 5, ""SHEEP"": 10}",0,70
506,21,2,0,49435.0,11,11,3,"{""TOMATO"": 14, ""CARROT"": 17, ""STRAWBERRY"": 17, ""WHEAT"": 11}","{""COW"": 5, ""SHEEP"": 9}",1,81
506,21,2,1,51166.0,11,11,3,"{""TOMATO"": 18, ""STRAWBERRY"": 15, ""CARROT"": 14, ""WHEAT"": 11}","{""COW"": 5, ""SHEEP"": 10}",0,51
507,21,3,0,49897.0,11,11,3,"{""TOMATO"": 14, ""CARROT"": 17, ""STRAWBERRY"": 17, ""WHEAT"": 11}","{""COW"": 5, ""SHEEP"": 9}",1,77
507,21,3,1,51166.0,11,11,3,"{""TOMATO"": 18, ""STRAWBERRY"": 15, ""CARROT"": 14, ""WHEAT"": 11}","{""COW"": 5, ""SHEEP"": 10}",0,54
508,21,4,0,49897.0,11,11,3,"{""TOMATO"": 14, ""CARROT"": 17, ""STRAWBERRY"": 17, ""WHEAT"": 11}","{""COW"": 5, ""SHEEP"": 9}",1,77
508,21,4,1,51166.0,11,11,3,"{""TOMATO"": 18, ""STRAWBERRY"": 15, ""CARROT"": 14, ""WHEAT"": 11}","{""COW"": 5, ""SHEEP"": 10}",0,54
509,21,5,0,49897.0,11,11,3,"{""TOMATO"": 14, ""CARROT"": 17, ""STRAWBERRY"": 17, ""WHEAT"": 9}","{""COW"": 5, ""SHEEP"": 9}",1,77
509,21,5,1,51166.0,11,11,3,"{""TOMATO"": 18, ""STRAWBERRY"": 15, ""CARROT"": 14, ""WHEAT"": 10}","{""COW"": 5, ""SHEEP"": 10}",0,54
510,21,6,0,49909.0,11,11,3,"{""TOMATO"": 14, ""CARROT"": 17, ""STRAWBERRY"": 17, ""WHEAT"": 11}","{""COW"": 5, ""SHEEP"": 9}",1,75
510,21,6,1,51177.0,11,11,3,"{""TOMATO"": 18, ""STRAWBERRY"": 15, ""CARROT"": 14, ""WHEAT"": 10}","{""COW"": 5, ""SHEEP"": 10}",0,53
511,21,7,0,49909.0,11,11,3,"{""TOMATO"": 14, ""CARROT"": 17, ""STRAWBERRY"": 17, ""WHEAT"": 10}","{""COW"": 5, ""SHEEP"": 9}",1,75
511,21,7,1,51383.0,11,11,3,"{""TOMATO"": 18, ""STRAWBERRY"": 15, ""CARROT"": 14, ""WHEAT"": 11}","{""COW"": 5, ""SHEEP"": 10}",0,47
512,21,8,0,49909.0,11,11,3,"{""TOMATO"": 14, ""CARROT"": 17, ""STRAWBERRY"": 17, ""WHEAT"": 11}","{""COW"": 5, ""SHEEP"": 9}",1,75
512,21,8,1,51383.0,11,11,3,"{""TOMATO"": 18, ""STRAWBERRY"": 15, ""CARROT"": 14, ""WHEAT"": 11}","{""COW"": 5, ""SHEEP"": 10}",0,47
513,21,9,0,49909.0,11,11,3,"{""TOMATO"": 14, ""CARROT"": 17, ""STRAWBERRY"": 17, ""WHEAT"": 11}","{""COW"": 5, ""SHEEP"": 9}",1,75
513,21,9,1,51383.0,11,11,3,"{""TOMATO"": 18, ""STRAWBERRY"": 15, ""CARROT"": 14, ""WHEAT"": 11}","{""COW"": 5, ""SHEEP"": 10}",0,47
514,21,10,0,49921.0,11,11,3,"{""TOMATO"": 14, ""CARROT"": 17, ""STRAWBERRY"": 17, ""WHEAT"": 11}","{""COW"": 5, ""SHEEP"": 9}",1,73
514,21,10,1,51593.0,11,11,3,"{""TOMATO"": 18, ""STRAWBERRY"": 15, ""CARROT"": 14, ""WHEAT"": 10}","{""COW"": 5, ""SHEEP"": 10}",0,43
515,21,11,0,49921.0,11,11,3,"{""TOMATO"": 14, ""CARROT"": 15, ""STRAWBERRY"": 17, ""WHEAT"": 11}","{""COW"": 5, ""SHEEP"": 9}",1,73
515,21,11,1,51727.0,11,11,3,"{""TOMATO"": 18, ""STRAWBERRY"": 15, ""CARROT"": 13, ""WHEAT"": 11}","{""COW"": 5, ""SHEEP"": 10}",0,39
516,21,12,0,49911.0,11,11,3,"{""TOMATO"": 14, ""CARROT"": 17, ""STRAWBERRY"": 17, ""WHEAT"": 11}","{""COW"": 5, ""SHEEP"": 9}",1,73
516,21,12,1,51771.0,11,11,3,"{""TOMATO"": 18, ""STRAWBERRY"": 15, ""CARROT"": 14, ""WHEAT"": 11}","{""COW"": 5, ""SHEEP"": 10}",0,47
517,21,13,0,49911.0,11,11,3,"{""TOMATO"": 14, ""CARROT"": 17, ""STRAWBERRY"": 17, ""WHEAT"": 11}","{""COW"": 5, ""SHEEP"": 9}",1,73
517,21,13,1,51778.0,11,11,3,"{""TOMATO"": 18, ""STRAWBERRY"": 15, ""CARROT"": 13, ""WHEAT"": 10}","{""COW"": 5, ""SHEEP"": 10}",0,40
518,21,14,0,50231.0,11,11,3,"{""TOMATO"": 14, ""CARROT"": 16, ""STRAWBERRY"": 17, ""WHEAT"": 10}","{""COW"": 5, ""SHEEP"": 9}",1,69
518,21,14,1,51840.0,11,11,3,"{""TOMATO"": 18, ""STRAWBERRY"": 15, ""CARROT"": 14, ""WHEAT"": 11}","{""COW"": 5, ""SHEEP"": 10}",0,38
519,21,15,0,50221.0,11,11,3,"{""TOMATO"": 14, ""STRAWBERRY"": 17, ""CARROT"": 16, ""WHEAT"": 11}","{""COW"": 5, ""SHEEP"": 9}",1,69
519,21,15,1,51725.0,11,11,3,"{""TOMATO"": 18, ""STRAWBERRY"": 15, ""CARROT"": 14, ""WHEAT"": 11}","{""COW"": 5, ""SHEEP"": 10}",0,37
520,21,16,0,50211.0,11,11,3,"{""TOMATO"": 14, ""CARROT"": 16, ""STRAWBERRY"": 17, ""WHEAT"": 11}","{""COW"": 5, ""SHEEP"": 9}",1,69
520,21,16,1,51725.0,11,11,3,"{""TOMATO"": 18, ""STRAWBERRY"": 15, ""CARROT"": 12, ""WHEAT"": 11}","{""COW"": 5, ""SHEEP"": 10}",0,37
521,21,17,0,50201.0,11,11,3,"{""TOMATO"": 14, ""CARROT"": 17, ""STRAWBERRY"": 17, ""WHEAT"": 11}","{""COW"": 5, ""SHEEP"": 9}",1,69
521,21,17,1,51715.0,11,11,3,"{""TOMATO"": 18, ""STRAWBERRY"": 15, ""CARROT"": 14, ""WHEAT"": 11}","{""COW"": 5, ""SHEEP"": 10}",0,37
522,21,18,0,50419.0,11,11,3,"{""TOMATO"": 14, ""CARROT"": 17, ""STRAWBERRY"": 17, ""WHEAT"": 11}","{""COW"": 5, ""SHEEP"": 9}",1,65
522,21,18,1,51934.0,11,11,3,"{""TOMATO"": 18, ""STRAWBERRY"": 15, ""CARROT"": 12, ""WHEAT"": 11}","{""COW"": 5, ""SHEEP"": 10}",0,38
523,21,19,0,50419.0,11,11,3,"{""TOMATO"": 14, ""CARROT"": 16, ""STRAWBERRY"": 17, ""WHEAT"": 11}","{""COW"": 5, ""SHEEP"": 9}",1,65
523,21,19,1,51963.0,11,11,3,"{""TOMATO"": 18, ""STRAWBERRY"": 15, ""CARROT"": 14, ""WHEAT"": 11}","{""COW"": 5, ""SHEEP"": 10}",0,37
524,21,20,0,50527.0,11,11,3,"{""TOMATO"": 14, ""CARROT"": 16, ""STRAWBERRY"": 17, ""WHEAT"": 11}","{""COW"": 5, ""SHEEP"": 9}",1,67
524,21,20,1,51963.0,11,11,3,"{""TOMATO"": 18, ""STRAWBERRY"": 15, ""CARROT"": 14, ""WHEAT"": 11}","{""COW"": 5, ""SHEEP"": 10}",0,37
525,21,21,0,50527.0,11,11,3,"{""TOMATO"": 14, ""CARROT"": 17, ""STRAWBERRY"": 17, ""WHEAT"": 11}","{""COW"": 5, ""SHEEP"": 9}",1,67
525,21,21,1,51963.0,11,11,3,"{""TOMATO"": 18, ""STRAWBERRY"": 15, ""CARROT"": 14, ""WHEAT"": 11}","{""COW"": 5, ""SHEEP"": 10}",0,37
526,21,22,0,50544.0,11,11,3,"{""TOMATO"": 14, ""CARROT"": 16, ""STRAWBERRY"": 17, ""WHEAT"": 11}","{""COW"": 5, ""SHEEP"": 9}",1,64
526,21,22,1,52170.0,11,11,3,"{""TOMATO"": 18, ""STRAWBERRY"": 15, ""CARROT"": 15, ""WHEAT"": 11}","{""COW"": 5, ""SHEEP"": 10}",0,37
527,21,23,0,51151.0,11,11,3,"{""TOMATO"": 14, ""CARROT"": 17, ""STRAWBERRY"": 17, ""WHEAT"": 11}","{""COW"": 5, ""SHEEP"": 9}",1,50
527,21,23,1,52335.0,11,11,3,"{""TOMATO"": 18, ""STRAWBERRY"": 15, ""CARROT"": 15, ""WHEAT"": 11}","{""COW"": 5, ""SHEEP"": 10}",0,34
528,22,0,0,51444.0,0,0,3,"{""TOMATO"": 14, ""CARROT"": 17, ""STRAWBERRY"": 17, ""WHEAT"": 11}","{""COW"": 4, ""SHEEP"": 8}",1,100
528,22,0,1,52335.0,0,0,3,"{""TOMATO"": 18, ""STRAWBERRY"": 15, ""CARROT"": 15, ""WHEAT"": 11}","{""COW"": 4, ""SHEEP"": 9}",0,75
529,22,1,0,52156.0,8,8,3,"{""TOMATO"": 14, ""CARROT"": 17, ""STRAWBERRY"": 17, ""WHEAT"": 11}","{""COW"": 4, ""SHEEP"": 8}",1,88
529,22,1,1,52599.0,8,8,3,"{""TOMATO"": 18, ""STRAWBERRY"": 15, ""CARROT"": 15, ""WHEAT"": 11}","{""COW"": 4, ""SHEEP"": 9}",0,69
530,22,2,0,51876.0,11,11,3,"{""TOMATO"": 14, ""CARROT"": 17, ""STRAWBERRY"": 17, ""WHEAT"": 11}","{""COW"": 4, ""SHEEP"": 8}",1,85
530,22,2,1,52714.0,11,11,3,"{""TOMATO"": 18, ""STRAWBERRY"": 15, ""CARROT"": 15, ""WHEAT"": 11}","{""COW"": 4, ""SHEEP"": 9}",0,60
531,22,3,0,52402.0,11,11,3,"{""TOMATO"": 14, ""CARROT"": 17, ""STRAWBERRY"": 17, ""WHEAT"": 11}","{""COW"": 4, ""SHEEP"": 8}",1,73
531,22,3,1,52714.0,11,11,3,"{""TOMATO"": 18, ""STRAWBERRY"": 15, ""CARROT"": 15, ""WHEAT"": 11}","{""COW"": 4, ""SHEEP"": 9}",0,63
532,22,4,0,52402.0,11,11,3,"{""TOMATO"": 14, ""CARROT"": 17, ""STRAWBERRY"": 17, ""WHEAT"": 11}","{""COW"": 4, ""SHEEP"": 8}",1,73
532,22,4,1,52714.0,11,11,3,"{""TOMATO"": 18, ""STRAWBERRY"": 15, ""CARROT"": 15, ""WHEAT"": 11}","{""COW"": 4, ""SHEEP"": 9}",0,63
533,22,5,0,52402.0,11,11,3,"{""TOMATO"": 14, ""CARROT"": 17, ""STRAWBERRY"": 17, ""WHEAT"": 10}","{""COW"": 4, ""SHEEP"": 8}",1,73
533,22,5,1,52714.0,11,11,3,"{""TOMATO"": 18, ""STRAWBERRY"": 15, ""CARROT"": 15, ""WHEAT"": 10}","{""COW"": 4, ""SHEEP"": 9}",0,63
534,22,6,0,52416.0,11,11,3,"{""TOMATO"": 14, ""CARROT"": 17, ""STRAWBERRY"": 16, ""WHEAT"": 10}","{""COW"": 4, ""SHEEP"": 8}",1,71
534,22,6,1,52931.0,11,11,3,"{""TOMATO"": 18, ""STRAWBERRY"": 15, ""CARROT"": 15, ""WHEAT"": 10}","{""COW"": 4, ""SHEEP"": 9}",0,60
535,22,7,0,52514.0,11,11,3,"{""TOMATO"": 14, ""CARROT"": 16, ""STRAWBERRY"": 16, ""WHEAT"": 12}","{""COW"": 4, ""SHEEP"": 8}",1,68
535,22,7,1,53173.0,11,11,3,"{""TOMATO"": 18, ""STRAWBERRY"": 15, ""CARROT"": 15, ""WHEAT"": 10}","{""COW"": 4, ""SHEEP"": 9}",0,53
536,22,8,0,52514.0,11,11,3,"{""TOMATO"": 14, ""CARROT"": 17, ""STRAWBERRY"": 16, ""WHEAT"": 13}","{""COW"": 4, ""SHEEP"": 8}",1,68
536,22,8,1,53173.0,11,11,3,"{""TOMATO"": 18, ""STRAWBERRY"": 15, ""CARROT"": 15, ""WHEAT"": 11}","{""COW"": 4, ""SHEEP"": 9}",0,53
537,22,9,0,52514.0,11,11,3,"{""TOMATO"": 14, ""CARROT"": 17, ""STRAWBERRY"": 16, ""WHEAT"": 13}","{""COW"": 4, ""SHEEP"": 8}",1,68
537,22,9,1,53173.0,11,11,3,"{""TOMATO"": 18, ""STRAWBERRY"": 15, ""CARROT"": 15, ""WHEAT"": 11}","{""COW"": 4, ""SHEEP"": 9}",0,53
538,22,10,0,52739.0,11,11,3,"{""TOMATO"": 14, ""CARROT"": 17, ""STRAWBERRY"": 16, ""WHEAT"": 12}","{""COW"": 4, ""SHEEP"": 8}",1,64
538,22,10,1,53398.0,11,11,3,"{""TOMATO"": 18, ""STRAWBERRY"": 15, ""CARROT"": 15, ""WHEAT"": 11}","{""COW"": 4, ""SHEEP"": 9}",0,49
539,22,11,0,52739.0,11,11,3,"{""TOMATO"": 14, ""CARROT"": 17, ""STRAWBERRY"": 15, ""WHEAT"": 13}","{""COW"": 4, ""SHEEP"": 8}",1,64
539,22,11,1,53388.0,11,11,3,"{""TOMATO"": 18, ""STRAWBERRY"": 14, ""CARROT"": 14, ""WHEAT"": 12}","{""COW"": 4, ""SHEEP"": 9}",0,49
540,22,12,0,52619.0,11,11,3,"{""TOMATO"": 14, ""CARROT"": 16, ""STRAWBERRY"": 15, ""WHEAT"": 14}","{""COW"": 4, ""SHEEP"": 8}",1,68
540,22,12,1,53378.0,11,11,3,"{""TOMATO"": 18, ""STRAWBERRY"": 14, ""CARROT"": 14, ""WHEAT"": 12}","{""COW"": 4, ""SHEEP"": 9}",0,49
541,22,13,0,52609.0,11,11,3,"{""TOMATO"": 14, ""CARROT"": 16, ""STRAWBERRY"": 15, ""WHEAT"": 14}","{""COW"": 4, ""SHEEP"": 8}",1,68
541,22,13,1,53368.0,11,11,3,"{""TOMATO"": 18, ""STRAWBERRY"": 14, ""CARROT"": 16, ""WHEAT"": 12}","{""COW"": 4, ""SHEEP"": 9}",0,49
542,22,14,0,52620.0,11,11,3,"{""TOMATO"": 14, ""CARROT"": 17, ""STRAWBERRY"": 15, ""WHEAT"": 14}","{""COW"": 4, ""SHEEP"": 8}",1,67
542,22,14,1,53368.0,11,11,3,"{""TOMATO"": 18, ""STRAWBERRY"": 14, ""CARROT"": 16, ""WHEAT"": 13}","{""COW"": 4, ""SHEEP"": 9}",0,49
543,22,15,0,52620.0,11,11,3,"{""TOMATO"": 14, ""CARROT"": 16, ""STRAWBERRY"": 13, ""WHEAT"": 14}","{""COW"": 4, ""SHEEP"": 8}",1,67
543,22,15,1,53368.0,11,11,3,"{""TOMATO"": 18, ""STRAWBERRY"": 13, ""CARROT"": 15, ""WHEAT"": 13}","{""COW"": 4, ""SHEEP"": 9}",0,49
544,22,16,0,52682.0,11,11,3,"{""TOMATO"": 13, ""CARROT"": 17, ""STRAWBERRY"": 13, ""WHEAT"": 15}","{""COW"": 4, ""SHEEP"": 8}",1,65
544,22,16,1,53358.0,11,11,3,"{""TOMATO"": 18, ""STRAWBERRY"": 13, ""CARROT"": 15, ""WHEAT"": 14}","{""COW"": 4, ""SHEEP"": 9}",0,49
545,22,17,0,52562.0,11,11,3,"{""TOMATO"": 13, ""CARROT"": 18, ""STRAWBERRY"": 13, ""WHEAT"": 15}","{""COW"": 4, ""SHEEP"": 8}",1,65
545,22,17,1,53348.0,11,11,3,"{""TOMATO"": 18, ""STRAWBERRY"": 11, ""CARROT"": 16, ""WHEAT"": 14}","{""COW"": 4, ""SHEEP"": 9}",0,49
546,22,18,0,52897.0,11,11,3,"{""TOMATO"": 13, ""CARROT"": 19, ""STRAWBERRY"": 12, ""WHEAT"": 15}","{""COW"": 4, ""SHEEP"": 8}",1,61
546,22,18,1,53484.0,11,11,3,"{""TOMATO"": 18, ""STRAWBERRY"": 9, ""CARROT"": 18, ""WHEAT"": 14}","{""COW"": 4, ""SHEEP"": 9}",0,45
547,22,19,0,52897.0,11,11,3,"{""TOMATO"": 13, ""CARROT"": 20, ""STRAWBERRY"": 11, ""WHEAT"": 15}","{""COW"": 4, ""SHEEP"": 8}",1,61
547,22,19,1,53484.0,11,11,3,"{""TOMATO"": 18, ""STRAWBERRY"": 8, ""CARROT"": 18, ""WHEAT"": 16}","{""COW"": 4, ""SHEEP"": 9}",0,45
548,22,20,0,52897.0,11,11,3,"{""TOMATO"": 13, ""CARROT"": 21, ""STRAWBERRY"": 11, ""WHEAT"": 15}","{""COW"": 4, ""SHEEP"": 8}",1,61
548,22,20,1,53484.0,11,11,3,"{""TOMATO"": 18, ""WHEAT"": 17, ""STRAWBERRY"": 8, ""CARROT"": 18}","{""COW"": 4, ""SHEEP"": 9}",0,45
549,22,21,0,52934.0,11,11,3,"{""TOMATO"": 13, ""CARROT"": 21, ""STRAWBERRY"": 10, ""WHEAT"": 15}","{""COW"": 4, ""SHEEP"": 8}",0,71
549,22,21,1,53484.0,11,11,3,"{""TOMATO"": 17, ""WHEAT"": 17, ""STRAWBERRY"": 8, ""CARROT"": 18}","{""COW"": 4, ""SHEEP"": 9}",0,45
550,22,22,0,53367.0,11,11,3,"{""TOMATO"": 13, ""CARROT"": 23, ""STRAWBERRY"": 10, ""WHEAT"": 15}","{""COW"": 4, ""SHEEP"": 8}",0,74
550,22,22,1,53719.0,11,11,3,"{""TOMATO"": 17, ""WHEAT"": 18, ""STRAWBERRY"": 8, ""CARROT"": 16}","{""COW"": 4, ""SHEEP"": 9}",0,39
551,22,23,0,54155.0,11,11,3,"{""TOMATO"": 13, ""CARROT"": 23, ""STRAWBERRY"": 10, ""WHEAT"": 15}","{""COW"": 4, ""SHEEP"": 8}",0,57
551,22,23,1,54234.0,11,11,3,"{""TOMATO"": 17, ""WHEAT"": 20, ""STRAWBERRY"": 8, ""CARROT"": 16}","{""COW"": 4, ""SHEEP"": 9}",0,28
552,23,0,0,54155.0,0,0,3,"{""TOMATO"": 13, ""CARROT"": 23, ""STRAWBERRY"": 10, ""WHEAT"": 15}","{""COW"": 4, ""SHEEP"": 8}",0,94
552,23,0,1,54288.0,0,0,3,"{""TOMATO"": 17, ""WHEAT"": 20, ""STRAWBERRY"": 8, ""CARROT"": 16}","{""COW"": 4, ""SHEEP"": 8}",0,79
553,23,1,0,54243.0,8,8,3,"{""TOMATO"": 13, ""CARROT"": 23, ""STRAWBERRY"": 10, ""WHEAT"": 15}","{""COW"": 4, ""SHEEP"": 8}",0,96
553,23,1,1,54440.0,8,8,3,"{""TOMATO"": 17, ""WHEAT"": 20, ""STRAWBERRY"": 7, ""CARROT"": 16}","{""COW"": 4, ""SHEEP"": 8}",1,74
554,23,2,0,54351.0,11,11,3,"{""TOMATO"": 13, ""CARROT"": 23, ""STRAWBERRY"": 10, ""WHEAT"": 15}","{""COW"": 4, ""SHEEP"": 8}",0,80
554,23,2,1,54604.0,11,11,3,"{""TOMATO"": 17, ""WHEAT"": 20, ""STRAWBERRY"": 7, ""CARROT"": 16}","{""COW"": 4, ""SHEEP"": 8}",1,57
555,23,3,0,54549.0,11,11,3,"{""TOMATO"": 13, ""CARROT"": 23, ""STRAWBERRY"": 10, ""WHEAT"": 15}","{""COW"": 4, ""SHEEP"": 8}",0,76
555,23,3,1,54604.0,11,11,3,"{""TOMATO"": 17, ""WHEAT"": 20, ""STRAWBERRY"": 7, ""CARROT"": 16}","{""COW"": 4, ""SHEEP"": 8}",1,57
556,23,4,0,54549.0,11,11,3,"{""TOMATO"": 13, ""CARROT"": 23, ""STRAWBERRY"": 10, ""WHEAT"": 15}","{""COW"": 4, ""SHEEP"": 8}",0,76
556,23,4,1,54773.0,11,11,3,"{""TOMATO"": 17, ""WHEAT"": 20, ""STRAWBERRY"": 7, ""CARROT"": 16}","{""COW"": 4, ""SHEEP"": 8}",1,55
557,23,5,0,54549.0,11,11,3,"{""TOMATO"": 13, ""CARROT"": 23, ""STRAWBERRY"": 10, ""WHEAT"": 16}","{""COW"": 4, ""SHEEP"": 8}",0,76
557,23,5,1,54886.0,11,11,3,"{""TOMATO"": 17, ""WHEAT"": 19, ""STRAWBERRY"": 7, ""CARROT"": 16}","{""COW"": 4, ""SHEEP"": 8}",1,54
558,23,6,0,54791.0,11,11,3,"{""TOMATO"": 13, ""CARROT"": 23, ""STRAWBERRY"": 10, ""WHEAT"": 14}","{""COW"": 4, ""SHEEP"": 8}",0,73
558,23,6,1,55235.0,11,11,3,"{""TOMATO"": 17, ""WHEAT"": 19, ""STRAWBERRY"": 7, ""CARROT"": 16}","{""COW"": 4, ""SHEEP"": 8}",1,50
559,23,7,0,54855.0,11,11,3,"{""TOMATO"": 13, ""CARROT"": 22, ""STRAWBERRY"": 10, ""WHEAT"": 16}","{""COW"": 4, ""SHEEP"": 8}",0,71
559,23,7,1,55464.0,11,11,3,"{""TOMATO"": 17, ""WHEAT"": 20, ""STRAWBERRY"": 7, ""CARROT"": 16}","{""COW"": 4, ""SHEEP"": 8}",1,46
560,23,8,0,54735.0,11,11,3,"{""TOMATO"": 13, ""CARROT"": 23, ""STRAWBERRY"": 10, ""WHEAT"": 16}","{""COW"": 4, ""SHEEP"": 8}",0,71
560,23,8,1,55572.0,11,11,3,"{""TOMATO"": 17, ""WHEAT"": 20, ""STRAWBERRY"": 7, ""CARROT"": 16}","{""COW"": 4, ""SHEEP"": 8}",1,45
561,23,9,0,54735.0,11,11,3,"{""TOMATO"": 13, ""CARROT"": 23, ""STRAWBERRY"": 10, ""WHEAT"": 16}","{""COW"": 4, ""SHEEP"": 8}",0,71
561,23,9,1,55572.0,11,11,3,"{""TOMATO"": 17, ""WHEAT"": 20, ""CARROT"": 16, ""STRAWBERRY"": 6}","{""COW"": 4, ""SHEEP"": 8}",1,45
562,23,10,0,54970.0,11,11,3,"{""TOMATO"": 13, ""CARROT"": 23, ""STRAWBERRY"": 10, ""WHEAT"": 16}","{""COW"": 4, ""SHEEP"": 8}",0,68
562,23,10,1,55810.0,11,11,3,"{""TOMATO"": 17, ""WHEAT"": 21, ""CARROT"": 16, ""STRAWBERRY"": 6}","{""COW"": 4, ""SHEEP"": 8}",1,41
563,23,11,0,54970.0,11,11,3,"{""TOMATO"": 13, ""CARROT"": 23, ""STRAWBERRY"": 9, ""WHEAT"": 15}","{""COW"": 4, ""SHEEP"": 8}",0,68
563,23,11,1,55864.0,11,11,3,"{""TOMATO"": 17, ""WHEAT"": 20, ""CARROT"": 16, ""STRAWBERRY"": 6}","{""COW"": 4, ""SHEEP"": 8}",1,40
564,23,12,0,54997.0,11,11,3,"{""TOMATO"": 13, ""CARROT"": 23, ""STRAWBERRY"": 9, ""WHEAT"": 15}","{""COW"": 4, ""SHEEP"": 8}",0,67
564,23,12,1,56107.0,11,11,3,"{""TOMATO"": 17, ""WHEAT"": 22, ""CARROT"": 15, ""STRAWBERRY"": 6}","{""COW"": 4, ""SHEEP"": 8}",1,35
565,23,13,0,54877.0,11,11,3,"{""TOMATO"": 13, ""CARROT"": 24, ""STRAWBERRY"": 9, ""WHEAT"": 16}","{""COW"": 4, ""SHEEP"": 8}",0,67
565,23,13,1,55977.0,11,11,3,"{""TOMATO"": 17, ""WHEAT"": 23, ""CARROT"": 15, ""STRAWBERRY"": 5}","{""COW"": 4, ""SHEEP"": 8}",1,35
566,23,14,0,55191.0,11,11,3,"{""TOMATO"": 13, ""CARROT"": 23, ""STRAWBERRY"": 9, ""WHEAT"": 16}","{""COW"": 4, ""SHEEP"": 8}",0,64
566,23,14,1,56208.0,11,11,3,"{""TOMATO"": 17, ""WHEAT"": 23, ""CARROT"": 15, ""STRAWBERRY"": 5}","{""COW"": 4, ""SHEEP"": 8}",1,32
567,23,15,0,55181.0,11,11,3,"{""TOMATO"": 13, ""CARROT"": 23, ""STRAWBERRY"": 9, ""WHEAT"": 16}","{""COW"": 4, ""SHEEP"": 8}",0,64
567,23,15,1,56198.0,11,11,3,"{""TOMATO"": 17, ""WHEAT"": 23, ""CARROT"": 16, ""STRAWBERRY"": 5}","{""COW"": 4, ""SHEEP"": 8}",1,32
568,23,16,0,55181.0,11,11,3,"{""TOMATO"": 13, ""CARROT"": 24, ""STRAWBERRY"": 8, ""WHEAT"": 16}","{""COW"": 4, ""SHEEP"": 8}",0,64
568,23,16,1,56078.0,11,11,3,"{""TOMATO"": 17, ""WHEAT"": 23, ""CARROT"": 15, ""STRAWBERRY"": 4}","{""COW"": 4, ""SHEEP"": 8}",1,32
569,23,17,0,55181.0,11,11,3,"{""TOMATO"": 13, ""CARROT"": 21, ""STRAWBERRY"": 8, ""WHEAT"": 17}","{""COW"": 4, ""SHEEP"": 8}",0,64
569,23,17,1,56068.0,11,11,3,"{""TOMATO"": 17, ""WHEAT"": 23, ""CARROT"": 15, ""STRAWBERRY"": 3}","{""COW"": 4, ""SHEEP"": 8}",0,32
570,23,18,0,55387.0,11,11,3,"{""TOMATO"": 13, ""CARROT"": 24, ""STRAWBERRY"": 8, ""WHEAT"": 17}","{""COW"": 4, ""SHEEP"": 8}",0,62
570,23,18,1,56288.0,11,11,3,"{""TOMATO"": 17, ""WHEAT"": 23, ""CARROT"": 19, ""STRAWBERRY"": 3}","{""COW"": 4, ""SHEEP"": 8}",0,29
571,23,19,0,55387.0,11,11,3,"{""TOMATO"": 13, ""CARROT"": 24, ""STRAWBERRY"": 8, ""WHEAT"": 17}","{""COW"": 4, ""SHEEP"": 8}",0,62
571,23,19,1,56288.0,11,11,3,"{""TOMATO"": 17, ""WHEAT"": 23, ""CARROT"": 19, ""STRAWBERRY"": 2}","{""COW"": 4, ""SHEEP"": 8}",0,29
572,23,20,0,55387.0,11,11,3,"{""TOMATO"": 13, ""CARROT"": 24, ""STRAWBERRY"": 7, ""WHEAT"": 17}","{""COW"": 4, ""SHEEP"": 8}",0,62
572,23,20,1,56288.0,11,11,3,"{""TOMATO"": 17, ""WHEAT"": 23, ""CARROT"": 20, ""STRAWBERRY"": 2}","{""COW"": 4, ""SHEEP"": 8}",0,29
573,23,21,0,55387.0,11,11,3,"{""TOMATO"": 13, ""CARROT"": 24, ""STRAWBERRY"": 6, ""WHEAT"": 17}","{""COW"": 4, ""SHEEP"": 8}",0,79
573,23,21,1,56288.0,11,11,3,"{""TOMATO"": 17, ""WHEAT"": 23, ""CARROT"": 19, ""STRAWBERRY"": 2}","{""COW"": 4, ""SHEEP"": 8}",0,36
574,23,22,0,55777.0,11,11,3,"{""TOMATO"": 13, ""CARROT"": 24, ""STRAWBERRY"": 6, ""WHEAT"": 17}","{""COW"": 4, ""SHEEP"": 8}",0,75
574,23,22,1,56522.0,11,11,3,"{""TOMATO"": 17, ""WHEAT"": 23, ""CARROT"": 20, ""STRAWBERRY"": 2}","{""COW"": 4, ""SHEEP"": 8}",0,32
575,23,23,0,56612.0,11,11,3,"{""TOMATO"": 13, ""CARROT"": 26, ""STRAWBERRY"": 5, ""WHEAT"": 17}","{""COW"": 4, ""SHEEP"": 8}",0,55
575,23,23,1,56927.0,11,11,3,"{""TOMATO"": 17, ""WHEAT"": 23, ""CARROT"": 19, ""STRAWBERRY"": 2}","{""COW"": 4, ""SHEEP"": 8}",0,23
576,24,0,0,56964.0,0,0,3,"{""TOMATO"": 13, ""CARROT"": 26, ""STRAWBERRY"": 5, ""WHEAT"": 17}","{""COW"": 4, ""SHEEP"": 8}",0,98
576,24,0,1,56927.0,0,0,3,"{""TOMATO"": 17, ""WHEAT"": 22, ""CARROT"": 19, ""STRAWBERRY"": 2}","{""COW"": 4, ""SHEEP"": 8}",1,61
577,24,1,0,57026.0,8,8,3,"{""TOMATO"": 13, ""CARROT"": 26, ""STRAWBERRY"": 4, ""WHEAT"": 17}","{""COW"": 4, ""SHEEP"": 8}",1,99
577,24,1,1,57155.0,8,8,3,"{""TOMATO"": 17, ""WHEAT"": 22, ""CARROT"": 19, ""STRAWBERRY"": 2}","{""COW"": 4, ""SHEEP"": 8}",1,56
578,24,2,0,56728.0,11,11,3,"{""TOMATO"": 13, ""CARROT"": 26, ""STRAWBERRY"": 4, ""WHEAT"": 17}","{""COW"": 4, ""SHEEP"": 8}",1,96
578,24,2,1,57273.0,11,11,3,"{""TOMATO"": 17, ""WHEAT"": 22, ""CARROT"": 19, ""STRAWBERRY"": 2}","{""COW"": 4, ""SHEEP"": 8}",1,48
579,24,3,0,57325.0,11,11,3,"{""TOMATO"": 13, ""CARROT"": 25, ""STRAWBERRY"": 4, ""WHEAT"": 17}","{""COW"": 4, ""SHEEP"": 8}",2,86
579,24,3,1,57304.0,11,11,3,"{""TOMATO"": 17, ""WHEAT"": 22, ""CARROT"": 19, ""STRAWBERRY"": 2}","{""COW"": 4, ""SHEEP"": 8}",1,50
580,24,4,0,57349.0,11,11,3,"{""TOMATO"": 13, ""CARROT"": 25, ""STRAWBERRY"": 4, ""WHEAT"": 17}","{""COW"": 4, ""SHEEP"": 8}",2,85
580,24,4,1,57328.0,11,11,3,"{""TOMATO"": 17, ""WHEAT"": 22, ""CARROT"": 19, ""STRAWBERRY"": 2}","{""COW"": 4, ""SHEEP"": 8}",1,49
581,24,5,0,57349.0,11,11,3,"{""TOMATO"": 13, ""CARROT"": 25, ""STRAWBERRY"": 4, ""WHEAT"": 15}","{""COW"": 4, ""SHEEP"": 8}",2,85
581,24,5,1,57328.0,11,11,3,"{""TOMATO"": 17, ""WHEAT"": 21, ""CARROT"": 19, ""STRAWBERRY"": 2}","{""COW"": 4, ""SHEEP"": 8}",1,49
582,24,6,0,57380.0,11,11,3,"{""TOMATO"": 13, ""CARROT"": 25, ""STRAWBERRY"": 4, ""WHEAT"": 17}","{""COW"": 4, ""SHEEP"": 8}",2,83
582,24,6,1,57352.0,11,11,3,"{""TOMATO"": 17, ""WHEAT"": 21, ""CARROT"": 19, ""STRAWBERRY"": 2}","{""COW"": 4, ""SHEEP"": 8}",1,48
583,24,7,0,57380.0,11,11,3,"{""TOMATO"": 13, ""CARROT"": 25, ""STRAWBERRY"": 4, ""WHEAT"": 16}","{""COW"": 4, ""SHEEP"": 8}",2,83
583,24,7,1,57456.0,11,11,3,"{""TOMATO"": 17, ""WHEAT"": 22, ""CARROT"": 19, ""STRAWBERRY"": 2}","{""COW"": 4, ""SHEEP"": 8}",1,51
584,24,8,0,57380.0,11,11,3,"{""TOMATO"": 13, ""CARROT"": 25, ""STRAWBERRY"": 4, ""WHEAT"": 17}","{""COW"": 4, ""SHEEP"": 8}",2,83
584,24,8,1,57456.0,11,11,3,"{""TOMATO"": 17, ""WHEAT"": 22, ""CARROT"": 19, ""STRAWBERRY"": 2}","{""COW"": 4, ""SHEEP"": 8}",1,51
585,24,9,0,57380.0,11,11,3,"{""TOMATO"": 13, ""CARROT"": 25, ""STRAWBERRY"": 4, ""WHEAT"": 17}","{""COW"": 4, ""SHEEP"": 8}",2,83
585,24,9,1,57456.0,11,11,3,"{""TOMATO"": 17, ""WHEAT"": 22, ""CARROT"": 19, ""STRAWBERRY"": 1}","{""COW"": 4, ""SHEEP"": 8}",1,51
586,24,10,0,57411.0,11,11,3,"{""TOMATO"": 13, ""CARROT"": 25, ""STRAWBERRY"": 4, ""WHEAT"": 17}","{""COW"": 4, ""SHEEP"": 8}",2,81
586,24,10,1,57694.0,11,11,3,"{""TOMATO"": 17, ""WHEAT"": 20, ""CARROT"": 20, ""STRAWBERRY"": 1}","{""COW"": 4, ""SHEEP"": 8}",1,47
587,24,11,0,57411.0,11,11,3,"{""TOMATO"": 12, ""CARROT"": 24, ""STRAWBERRY"": 4, ""WHEAT"": 17}","{""COW"": 4, ""SHEEP"": 8}",2,90
587,24,11,1,57760.0,11,11,3,"{""TOMATO"": 17, ""WHEAT"": 21, ""CARROT"": 21, ""STRAWBERRY"": 1}","{""COW"": 4, ""SHEEP"": 8}",1,54
588,24,12,0,58172.0,11,11,3,"{""TOMATO"": 12, ""CARROT"": 26, ""STRAWBERRY"": 4, ""WHEAT"": 16}","{""COW"": 4, ""SHEEP"": 8}",2,78
588,24,12,1,57780.0,11,11,3,"{""TOMATO"": 17, ""WHEAT"": 21, ""CARROT"": 20, ""STRAWBERRY"": 1}","{""COW"": 4, ""SHEEP"": 8}",1,48
589,24,13,0,58172.0,11,11,3,"{""TOMATO"": 12, ""CARROT"": 25, ""STRAWBERRY"": 3, ""WHEAT"": 17}","{""COW"": 4, ""SHEEP"": 8}",2,78
589,24,13,1,57770.0,11,11,3,"{""TOMATO"": 17, ""WHEAT"": 22, ""CARROT"": 19, ""STRAWBERRY"": 1}","{""COW"": 4, ""SHEEP"": 8}",0,48
590,24,14,0,58183.0,11,11,3,"{""TOMATO"": 12, ""CARROT"": 26, ""STRAWBERRY"": 3, ""WHEAT"": 17}","{""COW"": 4, ""SHEEP"": 8}",2,77
590,24,14,1,57798.0,11,11,3,"{""TOMATO"": 17, ""WHEAT"": 23, ""CARROT"": 19, ""STRAWBERRY"": 1}","{""COW"": 4, ""SHEEP"": 8}",0,47
591,24,15,0,58183.0,11,11,3,"{""TOMATO"": 12, ""CARROT"": 26, ""STRAWBERRY"": 3, ""WHEAT"": 17}","{""COW"": 4, ""SHEEP"": 8}",2,77
591,24,15,1,57678.0,11,11,3,"{""TOMATO"": 17, ""WHEAT"": 22, ""CARROT"": 19, ""STRAWBERRY"": 1}","{""COW"": 4, ""SHEEP"": 8}",0,47
592,24,16,0,58183.0,11,11,3,"{""TOMATO"": 12, ""CARROT"": 27, ""STRAWBERRY"": 3, ""WHEAT"": 17}","{""COW"": 4, ""SHEEP"": 8}",2,77
592,24,16,1,57678.0,11,11,3,"{""TOMATO"": 17, ""WHEAT"": 22, ""CARROT"": 21, ""STRAWBERRY"": 1}","{""COW"": 4, ""SHEEP"": 8}",0,47
593,24,17,0,58183.0,11,11,3,"{""TOMATO"": 11, ""CARROT"": 26, ""STRAWBERRY"": 3, ""WHEAT"": 17}","{""COW"": 4, ""SHEEP"": 8}",2,77
593,24,17,1,57678.0,11,11,3,"{""TOMATO"": 17, ""WHEAT"": 22, ""CARROT"": 21, ""STRAWBERRY"": 1}","{""COW"": 4, ""SHEEP"": 8}",0,47
594,24,18,0,58201.0,11,11,3,"{""TOMATO"": 11, ""CARROT"": 25, ""WHEAT"": 17, ""STRAWBERRY"": 3}","{""COW"": 4, ""SHEEP"": 8}",2,81
594,24,18,1,57934.0,11,11,3,"{""TOMATO"": 17, ""WHEAT"": 22, ""CARROT"": 19, ""STRAWBERRY"": 1}","{""COW"": 4, ""SHEEP"": 8}",0,43
595,24,19,0,58426.0,11,11,3,"{""TOMATO"": 11, ""CARROT"": 27, ""WHEAT"": 18, ""STRAWBERRY"": 3}","{""COW"": 4, ""SHEEP"": 8}",2,85
595,24,19,1,58114.0,11,11,3,"{""TOMATO"": 17, ""WHEAT"": 22, ""CARROT"": 20, ""STRAWBERRY"": 1}","{""COW"": 4, ""SHEEP"": 8}",0,48
596,24,20,0,58800.0,11,11,3,"{""TOMATO"": 11, ""CARROT"": 27, ""WHEAT"": 18, ""STRAWBERRY"": 3}","{""COW"": 4, ""SHEEP"": 8}",2,75
596,24,20,1,58292.0,11,11,3,"{""TOMATO"": 17, ""WHEAT"": 22, ""CARROT"": 20, ""STRAWBERRY"": 1}","{""COW"": 4, ""SHEEP"": 8}",0,58
597,24,21,0,58800.0,11,11,3,"{""TOMATO"": 11, ""CARROT"": 27, ""WHEAT"": 18, ""STRAWBERRY"": 3}","{""COW"": 4, ""SHEEP"": 8}",2,75
597,24,21,1,58503.0,11,11,3,"{""TOMATO"": 17, ""WHEAT"": 22, ""CARROT"": 21, ""STRAWBERRY"": 1}","{""COW"": 4, ""SHEEP"": 8}",0,58
598,24,22,0,58834.0,11,11,3,"{""TOMATO"": 11, ""CARROT"": 26, ""WHEAT"": 18, ""STRAWBERRY"": 3}","{""COW"": 4, ""SHEEP"": 8}",2,72
598,24,22,1,58772.0,11,11,3,"{""TOMATO"": 17, ""WHEAT"": 22, ""CARROT"": 20, ""STRAWBERRY"": 1}","{""COW"": 4, ""SHEEP"": 8}",0,53
599,24,23,0,59164.0,11,11,3,"{""TOMATO"": 11, ""CARROT"": 27, ""WHEAT"": 18, ""STRAWBERRY"": 3}","{""COW"": 4, ""SHEEP"": 8}",0,75
599,24,23,1,59692.0,11,11,3,"{""TOMATO"": 17, ""WHEAT"": 23, ""CARROT"": 20, ""STRAWBERRY"": 1}","{""COW"": 4, ""SHEEP"": 8}",0,32
600,25,0,0,59812.0,0,0,3,"{""TOMATO"": 11, ""CARROT"": 26, ""WHEAT"": 18, ""STRAWBERRY"": 3}","{""COW"": 4, ""SHEEP"": 8}",1,98
600,25,0,1,59746.0,0,0,3,"{""TOMATO"": 17, ""WHEAT"": 22, ""CARROT"": 20, ""STRAWBERRY"": 1}","{""COW"": 4, ""SHEEP"": 8}",1,78
601,25,1,0,59803.0,8,8,3,"{""TOMATO"": 11, ""CARROT"": 26, ""WHEAT"": 18, ""STRAWBERRY"": 3}","{""COW"": 4, ""SHEEP"": 8}",1,98
601,25,1,1,59948.0,8,8,3,"{""TOMATO"": 17, ""WHEAT"": 22, ""CARROT"": 20, ""STRAWBERRY"": 1}","{""COW"": 4, ""SHEEP"": 8}",1,80
602,25,2,0,59152.0,11,11,3,"{""TOMATO"": 11, ""CARROT"": 26, ""WHEAT"": 18, ""STRAWBERRY"": 3}","{""COW"": 4, ""SHEEP"": 8}",1,98
602,25,2,1,59957.0,11,11,3,"{""TOMATO"": 17, ""WHEAT"": 22, ""CARROT"": 20, ""STRAWBERRY"": 1}","{""COW"": 4, ""SHEEP"": 8}",1,65
603,25,3,0,59592.0,11,11,3,"{""TOMATO"": 11, ""CARROT"": 26, ""WHEAT"": 18, ""STRAWBERRY"": 3}","{""COW"": 4, ""SHEEP"": 8}",1,90
603,25,3,1,59991.0,11,11,3,"{""TOMATO"": 17, ""WHEAT"": 22, ""CARROT"": 20, ""STRAWBERRY"": 1}","{""COW"": 4, ""SHEEP"": 8}",1,64
604,25,4,0,59592.0,11,11,3,"{""TOMATO"": 11, ""CARROT"": 26, ""WHEAT"": 18, ""STRAWBERRY"": 3}","{""COW"": 4, ""SHEEP"": 8}",1,91
604,25,4,1,60045.0,11,11,3,"{""TOMATO"": 17, ""WHEAT"": 22, ""CARROT"": 20, ""STRAWBERRY"": 1}","{""COW"": 4, ""SHEEP"": 8}",1,63
605,25,5,0,59592.0,11,11,3,"{""TOMATO"": 11, ""CARROT"": 26, ""WHEAT"": 17, ""STRAWBERRY"": 3}","{""COW"": 4, ""SHEEP"": 8}",1,91
605,25,5,1,60045.0,11,11,3,"{""TOMATO"": 17, ""WHEAT"": 20, ""CARROT"": 20, ""STRAWBERRY"": 1}","{""COW"": 4, ""SHEEP"": 8}",1,63
606,25,6,0,59617.0,11,11,3,"{""TOMATO"": 11, ""CARROT"": 26, ""WHEAT"": 17, ""STRAWBERRY"": 3}","{""COW"": 4, ""SHEEP"": 8}",1,89
606,25,6,1,60063.0,11,11,3,"{""TOMATO"": 17, ""WHEAT"": 21, ""CARROT"": 20, ""STRAWBERRY"": 1}","{""COW"": 4, ""SHEEP"": 8}",1,62
607,25,7,0,59759.0,11,11,3,"{""TOMATO"": 11, ""CARROT"": 26, ""WHEAT"": 17, ""STRAWBERRY"": 3}","{""COW"": 4, ""SHEEP"": 8}",1,85
607,25,7,1,60205.0,11,11,3,"{""TOMATO"": 17, ""WHEAT"": 21, ""CARROT"": 20, ""STRAWBERRY"": 1}","{""COW"": 4, ""SHEEP"": 8}",1,58
608,25,8,0,59759.0,11,11,3,"{""TOMATO"": 11, ""CARROT"": 26, ""WHEAT"": 18, ""STRAWBERRY"": 3}","{""COW"": 4, ""SHEEP"": 8}",1,85
608,25,8,1,60205.0,11,11,3,"{""TOMATO"": 17, ""WHEAT"": 22, ""CARROT"": 20, ""STRAWBERRY"": 1}","{""COW"": 4, ""SHEEP"": 8}",1,58
609,25,9,0,59759.0,11,11,3,"{""TOMATO"": 11, ""CARROT"": 25, ""WHEAT"": 18, ""STRAWBERRY"": 3}","{""COW"": 4, ""SHEEP"": 8}",1,85
609,25,9,1,60205.0,11,11,3,"{""TOMATO"": 17, ""WHEAT"": 22, ""CARROT"": 20, ""STRAWBERRY"": 1}","{""COW"": 4, ""SHEEP"": 8}",1,58
610,25,10,0,60075.0,11,11,3,"{""TOMATO"": 11, ""CARROT"": 26, ""WHEAT"": 18, ""STRAWBERRY"": 3}","{""COW"": 4, ""SHEEP"": 8}",1,81
610,25,10,1,60568.0,11,11,3,"{""TOMATO"": 17, ""WHEAT"": 21, ""CARROT"": 20, ""STRAWBERRY"": 1}","{""COW"": 4, ""SHEEP"": 8}",1,54
611,25,11,0,60870.0,11,11,3,"{""TOMATO"": 11, ""CARROT"": 25, ""WHEAT"": 18, ""STRAWBERRY"": 3}","{""COW"": 4, ""SHEEP"": 8}",1,72
611,25,11,1,60568.0,11,11,3,"{""TOMATO"": 17, ""WHEAT"": 22, ""CARROT"": 19, ""STRAWBERRY"": 1}","{""COW"": 4, ""SHEEP"": 8}",1,54
612,25,12,0,60946.0,11,11,3,"{""TOMATO"": 11, ""CARROT"": 25, ""WHEAT"": 17, ""STRAWBERRY"": 3}","{""COW"": 4, ""SHEEP"": 8}",1,77
612,25,12,1,60672.0,11,11,3,"{""TOMATO"": 17, ""WHEAT"": 23, ""CARROT"": 18, ""STRAWBERRY"": 1}","{""COW"": 4, ""SHEEP"": 8}",1,51
613,25,13,0,60946.0,11,11,3,"{""TOMATO"": 11, ""CARROT"": 26, ""WHEAT"": 18, ""STRAWBERRY"": 3}","{""COW"": 4, ""SHEEP"": 8}",1,77
613,25,13,1,60662.0,11,11,3,"{""TOMATO"": 17, ""WHEAT"": 24, ""CARROT"": 18, ""STRAWBERRY"": 1}","{""COW"": 4, ""SHEEP"": 8}",1,51
614,25,14,0,61296.0,11,11,3,"{""TOMATO"": 11, ""CARROT"": 25, ""WHEAT"": 18, ""STRAWBERRY"": 3}","{""COW"": 4, ""SHEEP"": 8}",1,73
614,25,14,1,60841.0,11,11,3,"{""TOMATO"": 17, ""WHEAT"": 24, ""CARROT"": 18, ""STRAWBERRY"": 1}","{""COW"": 4, ""SHEEP"": 8}",1,48
615,25,15,0,61486.0,11,11,3,"{""TOMATO"": 11, ""CARROT"": 25, ""WHEAT"": 18, ""STRAWBERRY"": 3}","{""COW"": 4, ""SHEEP"": 8}",1,68
615,25,15,1,60841.0,11,11,3,"{""TOMATO"": 17, ""WHEAT"": 23, ""CARROT"": 17, ""STRAWBERRY"": 1}","{""COW"": 4, ""SHEEP"": 8}",1,48
616,25,16,0,61486.0,11,11,3,"{""TOMATO"": 11, ""CARROT"": 24, ""WHEAT"": 18, ""STRAWBERRY"": 3}","{""COW"": 4, ""SHEEP"": 8}",1,68
616,25,16,1,60831.0,11,11,3,"{""TOMATO"": 17, ""WHEAT"": 23, ""CARROT"": 19, ""STRAWBERRY"": 1}","{""COW"": 4, ""SHEEP"": 8}",1,48
617,25,17,0,61486.0,11,11,3,"{""TOMATO"": 11, ""CARROT"": 25, ""WHEAT"": 16, ""STRAWBERRY"": 3}","{""COW"": 4, ""SHEEP"": 8}",1,68
617,25,17,1,60831.0,11,11,3,"{""TOMATO"": 17, ""WHEAT"": 22, ""CARROT"": 17, ""STRAWBERRY"": 1}","{""COW"": 4, ""SHEEP"": 8}",1,48
618,25,18,0,61513.0,11,11,3,"{""TOMATO"": 11, ""CARROT"": 26, ""WHEAT"": 18, ""STRAWBERRY"": 3}","{""COW"": 4, ""SHEEP"": 8}",1,66
618,25,18,1,61171.0,11,11,3,"{""TOMATO"": 17, ""WHEAT"": 23, ""CARROT"": 18, ""STRAWBERRY"": 1}","{""COW"": 4, ""SHEEP"": 8}",1,42
619,25,19,0,61513.0,11,11,3,"{""TOMATO"": 11, ""CARROT"": 24, ""WHEAT"": 18, ""STRAWBERRY"": 3}","{""COW"": 4, ""SHEEP"": 8}",1,66
619,25,19,1,61171.0,11,11,3,"{""TOMATO"": 17, ""WHEAT"": 23, ""CARROT"": 19, ""STRAWBERRY"": 1}","{""COW"": 4, ""SHEEP"": 8}",1,48
620,25,20,0,61690.0,11,11,3,"{""TOMATO"": 11, ""CARROT"": 26, ""WHEAT"": 18, ""STRAWBERRY"": 3}","{""COW"": 4, ""SHEEP"": 8}",1,64
620,25,20,1,61369.0,11,11,3,"{""TOMATO"": 17, ""CARROT"": 17, ""WHEAT"": 22, ""STRAWBERRY"": 1}","{""COW"": 4, ""SHEEP"": 8}",1,52
621,25,21,0,61690.0,11,11,3,"{""TOMATO"": 11, ""CARROT"": 26, ""WHEAT"": 18, ""STRAWBERRY"": 3}","{""COW"": 4, ""SHEEP"": 8}",1,67
621,25,21,1,61761.0,11,11,3,"{""TOMATO"": 17, ""CARROT"": 18, ""WHEAT"": 24, ""STRAWBERRY"": 1}","{""COW"": 4, ""SHEEP"": 8}",1,43
622,25,22,0,62125.0,11,11,3,"{""TOMATO"": 11, ""CARROT"": 24, ""WHEAT"": 18, ""STRAWBERRY"": 3}","{""COW"": 4, ""SHEEP"": 8}",1,73
622,25,22,1,62080.0,11,11,3,"{""TOMATO"": 17, ""CARROT"": 18, ""WHEAT"": 23, ""STRAWBERRY"": 1}","{""COW"": 4, ""SHEEP"": 8}",1,38
623,25,23,0,62928.0,11,11,3,"{""TOMATO"": 11, ""CARROT"": 27, ""WHEAT"": 18, ""STRAWBERRY"": 3}","{""COW"": 4, ""SHEEP"": 8}",1,71
623,25,23,1,62679.0,11,11,3,"{""TOMATO"": 17, ""CARROT"": 18, ""WHEAT"": 24, ""STRAWBERRY"": 1}","{""COW"": 4, ""SHEEP"": 8}",1,27
624,26,0,0,63974.0,0,0,3,"{""TOMATO"": 11, ""CARROT"": 27, ""WHEAT"": 18, ""STRAWBERRY"": 3}","{""COW"": 4, ""SHEEP"": 8}",1,95
624,26,0,1,62679.0,0,0,3,"{""TOMATO"": 17, ""CARROT"": 18, ""WHEAT"": 24, ""STRAWBERRY"": 1}","{""COW"": 4, ""SHEEP"": 8}",1,82
625,26,1,0,64359.0,8,8,3,"{""TOMATO"": 11, ""CARROT"": 27, ""WHEAT"": 18, ""STRAWBERRY"": 3}","{""COW"": 4, ""SHEEP"": 8}",1,96
625,26,1,1,63802.0,8,8,3,"{""TOMATO"": 17, ""CARROT"": 18, ""WHEAT"": 24, ""STRAWBERRY"": 1}","{""COW"": 4, ""SHEEP"": 8}",1,67
626,26,2,0,65215.0,11,11,3,"{""TOMATO"": 11, ""CARROT"": 27, ""WHEAT"": 18, ""STRAWBERRY"": 3}","{""COW"": 4, ""SHEEP"": 8}",1,72
626,26,2,1,63863.0,11,11,3,"{""TOMATO"": 17, ""CARROT"": 18, ""WHEAT"": 24, ""STRAWBERRY"": 1}","{""COW"": 4, ""SHEEP"": 8}",1,57
627,26,3,0,65499.0,11,11,3,"{""TOMATO"": 11, ""CARROT"": 27, ""WHEAT"": 18, ""STRAWBERRY"": 3}","{""COW"": 4, ""SHEEP"": 8}",1,64
627,26,3,1,64257.0,11,11,3,"{""TOMATO"": 17, ""CARROT"": 18, ""WHEAT"": 24, ""STRAWBERRY"": 1}","{""COW"": 4, ""SHEEP"": 8}",1,47
628,26,4,0,65499.0,11,11,3,"{""TOMATO"": 11, ""CARROT"": 27, ""WHEAT"": 18, ""STRAWBERRY"": 3}","{""COW"": 4, ""SHEEP"": 8}",1,64
628,26,4,1,64257.0,11,11,3,"{""TOMATO"": 17, ""CARROT"": 18, ""WHEAT"": 24, ""STRAWBERRY"": 1}","{""COW"": 4, ""SHEEP"": 8}",1,47
629,26,5,0,65499.0,11,11,3,"{""TOMATO"": 11, ""CARROT"": 27, ""WHEAT"": 18, ""STRAWBERRY"": 3}","{""COW"": 4, ""SHEEP"": 8}",1,64
629,26,5,1,64257.0,11,11,3,"{""TOMATO"": 17, ""CARROT"": 18, ""WHEAT"": 23, ""STRAWBERRY"": 1}","{""COW"": 4, ""SHEEP"": 8}",1,47
630,26,6,0,65506.0,11,11,3,"{""TOMATO"": 11, ""CARROT"": 27, ""WHEAT"": 16, ""STRAWBERRY"": 3}","{""COW"": 4, ""SHEEP"": 8}",1,63
630,26,6,1,64299.0,11,11,3,"{""TOMATO"": 17, ""CARROT"": 18, ""WHEAT"": 23, ""STRAWBERRY"": 1}","{""COW"": 4, ""SHEEP"": 8}",1,45
631,26,7,0,65648.0,11,11,3,"{""TOMATO"": 11, ""CARROT"": 27, ""WHEAT"": 17, ""STRAWBERRY"": 3}","{""COW"": 4, ""SHEEP"": 8}",1,66
631,26,7,1,64531.0,11,11,3,"{""TOMATO"": 17, ""CARROT"": 18, ""WHEAT"": 23, ""STRAWBERRY"": 1}","{""COW"": 4, ""SHEEP"": 8}",1,39
632,26,8,0,65648.0,11,11,3,"{""TOMATO"": 11, ""CARROT"": 27, ""WHEAT"": 18, ""STRAWBERRY"": 3}","{""COW"": 4, ""SHEEP"": 8}",1,66
632,26,8,1,64531.0,11,11,3,"{""TOMATO"": 17, ""CARROT"": 18, ""WHEAT"": 24, ""STRAWBERRY"": 1}","{""COW"": 4, ""SHEEP"": 8}",1,39
633,26,9,0,65648.0,11,11,3,"{""TOMATO"": 11, ""CARROT"": 26, ""WHEAT"": 18, ""STRAWBERRY"": 2}","{""COW"": 4, ""SHEEP"": 8}",1,66
633,26,9,1,64531.0,11,11,3,"{""TOMATO"": 17, ""CARROT"": 18, ""WHEAT"": 24, ""STRAWBERRY"": 1}","{""COW"": 4, ""SHEEP"": 8}",1,39
634,26,10,0,65696.0,11,11,3,"{""TOMATO"": 11, ""CARROT"": 28, ""WHEAT"": 18, ""STRAWBERRY"": 1}","{""COW"": 4, ""SHEEP"": 8}",1,64
634,26,10,1,64840.0,11,11,3,"{""TOMATO"": 17, ""CARROT"": 18, ""WHEAT"": 23, ""STRAWBERRY"": 1}","{""COW"": 4, ""SHEEP"": 8}",1,36
635,26,11,0,65696.0,11,11,3,"{""TOMATO"": 11, ""CARROT"": 29, ""WHEAT"": 17, ""STRAWBERRY"": 1}","{""COW"": 4, ""SHEEP"": 8}",1,64
635,26,11,1,65259.0,11,11,3,"{""TOMATO"": 17, ""CARROT"": 17, ""WHEAT"": 24}","{""COW"": 4, ""SHEEP"": 8}",1,27
636,26,12,0,65762.0,11,11,3,"{""TOMATO"": 11, ""CARROT"": 28, ""WHEAT"": 18, ""STRAWBERRY"": 1}","{""COW"": 4, ""SHEEP"": 8}",1,62
636,26,12,1,65129.0,11,11,3,"{""TOMATO"": 17, ""CARROT"": 17, ""WHEAT"": 26}","{""COW"": 4, ""SHEEP"": 8}",1,27
637,26,13,0,65642.0,11,11,3,"{""TOMATO"": 11, ""CARROT"": 29, ""WHEAT"": 17, ""STRAWBERRY"": 1}","{""COW"": 4, ""SHEEP"": 8}",1,62
637,26,13,1,65119.0,11,11,3,"{""TOMATO"": 17, ""CARROT"": 17, ""WHEAT"": 26}","{""COW"": 4, ""SHEEP"": 8}",1,27
638,26,14,0,66233.0,11,11,3,"{""TOMATO"": 11, ""CARROT"": 30, ""WHEAT"": 17, ""STRAWBERRY"": 1}","{""COW"": 4, ""SHEEP"": 8}",1,56
638,26,14,1,65119.0,11,11,3,"{""TOMATO"": 16, ""CARROT"": 17, ""WHEAT"": 24}","{""COW"": 4, ""SHEEP"": 8}",1,27
639,26,15,0,66233.0,11,11,3,"{""TOMATO"": 11, ""CARROT"": 30, ""WHEAT"": 17}","{""COW"": 4, ""SHEEP"": 8}",1,56
639,26,15,1,65147.0,11,11,3,"{""TOMATO"": 16, ""CARROT"": 19, ""WHEAT"": 23}","{""COW"": 4, ""SHEEP"": 8}",1,26
640,26,16,0,66233.0,11,11,3,"{""TOMATO"": 11, ""CARROT"": 29, ""WHEAT"": 17}","{""COW"": 4, ""SHEEP"": 8}",1,56
640,26,16,1,65195.0,11,11,3,"{""TOMATO"": 16, ""CARROT"": 20, ""WHEAT"": 23}","{""COW"": 4, ""SHEEP"": 8}",1,23
641,26,17,0,66233.0,11,11,3,"{""TOMATO"": 11, ""CARROT"": 30, ""WHEAT"": 17}","{""COW"": 4, ""SHEEP"": 8}",1,56
641,26,17,1,65085.0,11,11,3,"{""TOMATO"": 16, ""CARROT"": 20, ""WHEAT"": 23}","{""COW"": 4, ""SHEEP"": 8}",1,23
642,26,18,0,66313.0,11,11,3,"{""TOMATO"": 11, ""CARROT"": 31, ""WHEAT"": 17}","{""COW"": 4, ""SHEEP"": 8}",1,54
642,26,18,1,65396.0,11,11,3,"{""TOMATO"": 16, ""CARROT"": 20, ""WHEAT"": 23}","{""COW"": 4, ""SHEEP"": 8}",1,21
643,26,19,0,66313.0,11,11,3,"{""TOMATO"": 11, ""CARROT"": 31, ""WHEAT"": 17}","{""COW"": 4, ""SHEEP"": 8}",1,54
643,26,19,1,65396.0,11,11,3,"{""TOMATO"": 16, ""CARROT"": 21, ""WHEAT"": 23}","{""COW"": 4, ""SHEEP"": 8}",1,21
644,26,20,0,66313.0,11,11,3,"{""TOMATO"": 11, ""CARROT"": 30, ""WHEAT"": 17}","{""COW"": 4, ""SHEEP"": 8}",1,54
644,26,20,1,65396.0,11,11,3,"{""TOMATO"": 16, ""CARROT"": 18, ""WHEAT"": 22}","{""COW"": 4, ""SHEEP"": 8}",1,21
645,26,21,0,66313.0,11,11,3,"{""TOMATO"": 10, ""CARROT"": 30, ""WHEAT"": 18}","{""COW"": 4, ""SHEEP"": 8}",1,72
645,26,21,1,65396.0,11,11,3,"{""TOMATO"": 15, ""CARROT"": 22, ""WHEAT"": 22}","{""COW"": 4, ""SHEEP"": 8}",1,21
646,26,22,0,66683.0,11,11,3,"{""TOMATO"": 10, ""CARROT"": 29, ""WHEAT"": 18}","{""COW"": 4, ""SHEEP"": 8}",1,79
646,26,22,1,65723.0,11,11,3,"{""TOMATO"": 15, ""CARROT"": 23, ""WHEAT"": 22}","{""COW"": 4, ""SHEEP"": 8}",1,28
647,26,23,0,67572.0,11,11,3,"{""TOMATO"": 10, ""CARROT"": 31, ""WHEAT"": 18}","{""COW"": 4, ""SHEEP"": 8}",1,57
647,26,23,1,66327.0,11,11,3,"{""TOMATO"": 15, ""CARROT"": 23, ""WHEAT"": 22}","{""COW"": 4, ""SHEEP"": 8}",1,17
648,27,0,0,68197.0,0,0,3,"{""TOMATO"": 10, ""CARROT"": 31, ""WHEAT"": 18}","{""COW"": 4, ""SHEEP"": 8}",1,94
648,27,0,1,66327.0,0,0,3,"{""TOMATO"": 15, ""CARROT"": 23, ""WHEAT"": 22}","{""COW"": 4, ""SHEEP"": 8}",1,92
649,27,1,0,68808.0,8,8,3,"{""TOMATO"": 9, ""CARROT"": 31, ""WHEAT"": 18}","{""COW"": 4, ""SHEEP"": 8}",2,91
649,27,1,1,67926.0,8,8,3,"{""TOMATO"": 15, ""CARROT"": 23, ""WHEAT"": 22}","{""COW"": 4, ""SHEEP"": 8}",1,72
650,27,2,0,69631.0,11,11,3,"{""TOMATO"": 9, ""CARROT"": 31, ""WHEAT"": 18}","{""COW"": 4, ""SHEEP"": 8}",2,64
650,27,2,1,68181.0,11,11,3,"{""TOMATO"": 15, ""CARROT"": 23, ""WHEAT"": 22}","{""COW"": 4, ""SHEEP"": 8}",1,58
651,27,3,0,69783.0,11,11,3,"{""TOMATO"": 9, ""CARROT"": 31, ""WHEAT"": 18}","{""COW"": 4, ""SHEEP"": 8}",2,60
651,27,3,1,68181.0,11,11,3,"{""TOMATO"": 15, ""CARROT"": 23, ""WHEAT"": 22}","{""COW"": 4, ""SHEEP"": 8}",1,62
652,27,4,0,69783.0,11,11,3,"{""TOMATO"": 9, ""CARROT"": 31, ""WHEAT"": 18}","{""COW"": 4, ""SHEEP"": 8}",2,66
652,27,4,1,68181.0,11,11,3,"{""TOMATO"": 15, ""CARROT"": 23, ""WHEAT"": 22}","{""COW"": 4, ""SHEEP"": 8}",1,68
653,27,5,0,69783.0,11,11,3,"{""TOMATO"": 9, ""CARROT"": 31, ""WHEAT"": 16}","{""COW"": 4, ""SHEEP"": 8}",2,64
653,27,5,1,68190.0,11,11,3,"{""TOMATO"": 15, ""CARROT"": 22, ""WHEAT"": 21}","{""COW"": 4, ""SHEEP"": 8}",2,61
654,27,6,0,69794.0,11,11,3,"{""TOMATO"": 9, ""CARROT"": 33, ""WHEAT"": 15}","{""COW"": 4, ""SHEEP"": 8}",2,63
654,27,6,1,68201.0,11,11,3,"{""TOMATO"": 15, ""CARROT"": 21, ""WHEAT"": 22}","{""COW"": 4, ""SHEEP"": 8}",2,60
655,27,7,0,69794.0,11,11,3,"{""TOMATO"": 9, ""CARROT"": 33, ""WHEAT"": 16}","{""COW"": 4, ""SHEEP"": 8}",2,63
655,27,7,1,68201.0,11,11,3,"{""TOMATO"": 15, ""CARROT"": 22, ""WHEAT"": 22}","{""COW"": 4, ""SHEEP"": 8}",2,60
656,27,8,0,69794.0,11,11,3,"{""TOMATO"": 9, ""CARROT"": 33, ""WHEAT"": 16}","{""COW"": 4, ""SHEEP"": 8}",2,63
656,27,8,1,68201.0,11,11,3,"{""TOMATO"": 15, ""CARROT"": 22, ""WHEAT"": 22}","{""COW"": 4, ""SHEEP"": 8}",2,60
657,27,9,0,69794.0,11,11,3,"{""TOMATO"": 9, ""CARROT"": 33, ""WHEAT"": 16}","{""COW"": 4, ""SHEEP"": 8}",2,63
657,27,9,1,68201.0,11,11,3,"{""TOMATO"": 15, ""CARROT"": 22, ""WHEAT"": 22}","{""COW"": 4, ""SHEEP"": 8}",2,60
658,27,10,0,69805.0,11,11,3,"{""TOMATO"": 9, ""CARROT"": 33, ""WHEAT"": 16}","{""COW"": 4, ""SHEEP"": 8}",2,62
658,27,10,1,68212.0,11,11,3,"{""TOMATO"": 15, ""CARROT"": 22, ""WHEAT"": 21}","{""COW"": 4, ""SHEEP"": 8}",2,59
659,27,11,0,69805.0,11,11,3,"{""TOMATO"": 9, ""CARROT"": 33, ""WHEAT"": 16}","{""COW"": 4, ""SHEEP"": 8}",2,62
659,27,11,1,68582.0,11,11,3,"{""TOMATO"": 15, ""CARROT"": 22, ""WHEAT"": 21}","{""COW"": 4, ""SHEEP"": 8}",2,49
660,27,12,0,69805.0,11,11,3,"{""TOMATO"": 9, ""CARROT"": 32, ""WHEAT"": 15}","{""COW"": 4, ""SHEEP"": 8}",2,62
660,27,12,1,68762.0,11,11,3,"{""TOMATO"": 15, ""CARROT"": 22, ""WHEAT"": 21}","{""COW"": 4, ""SHEEP"": 8}",2,44
661,27,13,0,69919.0,11,11,3,"{""TOMATO"": 9, ""CARROT"": 33, ""WHEAT"": 16}","{""COW"": 4, ""SHEEP"": 8}",2,59
661,27,13,1,68762.0,11,11,3,"{""TOMATO"": 15, ""CARROT"": 23, ""WHEAT"": 21}","{""COW"": 4, ""SHEEP"": 8}",2,44
662,27,14,0,69930.0,11,11,3,"{""TOMATO"": 9, ""CARROT"": 32, ""WHEAT"": 15}","{""COW"": 4, ""SHEEP"": 8}",2,58
662,27,14,1,68762.0,11,11,3,"{""TOMATO"": 15, ""CARROT"": 23, ""WHEAT"": 21}","{""COW"": 4, ""SHEEP"": 8}",2,44
663,27,15,0,69930.0,11,11,3,"{""TOMATO"": 9, ""CARROT"": 30, ""WHEAT"": 16}","{""COW"": 4, ""SHEEP"": 8}",2,73
663,27,15,1,68762.0,11,11,3,"{""TOMATO"": 15, ""CARROT"": 22, ""WHEAT"": 21}","{""COW"": 4, ""SHEEP"": 8}",2,44
664,27,16,0,70448.0,11,11,3,"{""TOMATO"": 9, ""CARROT"": 33, ""WHEAT"": 16}","{""COW"": 4, ""SHEEP"": 8}",2,64
664,27,16,1,68762.0,11,11,3,"{""TOMATO"": 15, ""CARROT"": 22, ""WHEAT"": 21}","{""COW"": 4, ""SHEEP"": 8}",2,44
665,27,17,0,70448.0,11,11,3,"{""TOMATO"": 9, ""CARROT"": 32, ""WHEAT"": 15}","{""COW"": 4, ""SHEEP"": 8}",2,64
665,27,17,1,68838.0,11,11,3,"{""TOMATO"": 15, ""CARROT"": 21, ""WHEAT"": 21}","{""COW"": 4, ""SHEEP"": 8}",2,42
666,27,18,0,70479.0,11,11,3,"{""TOMATO"": 9, ""CARROT"": 32, ""WHEAT"": 17}","{""COW"": 4, ""SHEEP"": 8}",2,62
666,27,18,1,69199.0,11,11,3,"{""TOMATO"": 15, ""CARROT"": 21, ""WHEAT"": 22}","{""COW"": 4, ""SHEEP"": 8}",2,38
667,27,19,0,70479.0,11,11,3,"{""TOMATO"": 9, ""CARROT"": 32, ""WHEAT"": 17}","{""COW"": 4, ""SHEEP"": 8}",2,62
667,27,19,1,69199.0,11,11,3,"{""TOMATO"": 15, ""CARROT"": 20, ""WHEAT"": 22}","{""COW"": 4, ""SHEEP"": 8}",2,48
668,27,20,0,70479.0,11,11,3,"{""TOMATO"": 9, ""CARROT"": 32, ""WHEAT"": 17}","{""COW"": 4, ""SHEEP"": 8}",2,62
668,27,20,1,69575.0,11,11,3,"{""TOMATO"": 15, ""CARROT"": 20, ""WHEAT"": 21}","{""COW"": 4, ""SHEEP"": 8}",2,47
669,27,21,0,70479.0,11,11,3,"{""TOMATO"": 9, ""CARROT"": 31, ""WHEAT"": 17}","{""COW"": 4, ""SHEEP"": 8}",2,62
669,27,21,1,69813.0,11,11,3,"{""TOMATO"": 15, ""CARROT"": 19, ""WHEAT"": 23}","{""COW"": 4, ""SHEEP"": 8}",2,41
670,27,22,0,70508.0,11,11,3,"{""TOMATO"": 9, ""CARROT"": 30, ""WHEAT"": 18}","{""COW"": 4, ""SHEEP"": 8}",2,75
670,27,22,1,70181.0,11,11,3,"{""TOMATO"": 15, ""CARROT"": 18, ""WHEAT"": 22}","{""COW"": 4, ""SHEEP"": 8}",1,36
671,27,23,0,71227.0,11,11,3,"{""TOMATO"": 9, ""CARROT"": 30, ""WHEAT"": 19}","{""COW"": 4, ""SHEEP"": 8}",2,67
671,27,23,1,71417.0,11,11,3,"{""TOMATO"": 15, ""CARROT"": 18, ""WHEAT"": 25}","{""COW"": 4, ""SHEEP"": 8}",1,17
672,28,0,0,72625.0,0,0,3,"{""TOMATO"": 9, ""CARROT"": 30, ""WHEAT"": 19}","{""COW"": 4, ""SHEEP"": 5}",2,100
672,28,0,1,71422.0,0,0,3,"{""TOMATO"": 15, ""CARROT"": 18, ""WHEAT"": 24}","{""COW"": 4, ""SHEEP"": 5}",2,79
673,28,1,0,74654.0,8,8,3,"{""TOMATO"": 9, ""CARROT"": 30, ""WHEAT"": 19}","{""COW"": 4, ""SHEEP"": 5}",2,68
673,28,1,1,73255.0,8,8,3,"{""TOMATO"": 10, ""CARROT"": 18, ""WHEAT"": 24}","{""COW"": 4, ""SHEEP"": 5}",7,52
674,28,2,0,74623.0,10,10,3,"{""TOMATO"": 9, ""CARROT"": 30, ""WHEAT"": 19}","{""COW"": 4, ""SHEEP"": 5}",2,66
674,28,2,1,73266.0,10,10,3,"{""TOMATO"": 10, ""CARROT"": 18, ""WHEAT"": 24}","{""COW"": 4, ""SHEEP"": 5}",7,51
675,28,3,0,74993.0,10,10,3,"{""TOMATO"": 9, ""CARROT"": 30, ""WHEAT"": 19}","{""COW"": 4, ""SHEEP"": 5}",2,56
675,28,3,1,73316.0,10,10,3,"{""TOMATO"": 10, ""CARROT"": 18, ""WHEAT"": 24}","{""COW"": 4, ""SHEEP"": 5}",7,51
676,28,4,0,74993.0,10,10,3,"{""TOMATO"": 9, ""CARROT"": 30, ""WHEAT"": 19}","{""COW"": 4, ""SHEEP"": 5}",2,56
676,28,4,1,73348.0,10,10,3,"{""TOMATO"": 10, ""CARROT"": 18, ""WHEAT"": 24}","{""COW"": 4, ""SHEEP"": 5}",7,50
677,28,5,0,74993.0,10,10,3,"{""TOMATO"": 9, ""CARROT"": 30, ""WHEAT"": 18}","{""COW"": 4, ""SHEEP"": 5}",2,56
677,28,5,1,73398.0,10,10,3,"{""TOMATO"": 10, ""CARROT"": 17, ""WHEAT"": 23}","{""COW"": 4, ""SHEEP"": 5}",8,49
678,28,6,0,74996.0,10,10,3,"{""TOMATO"": 9, ""CARROT"": 30, ""WHEAT"": 17}","{""COW"": 4, ""SHEEP"": 5}",2,55
678,28,6,1,73416.0,10,10,3,"{""TOMATO"": 10, ""CARROT"": 17, ""WHEAT"": 23}","{""COW"": 4, ""SHEEP"": 5}",8,48
679,28,7,0,74996.0,10,10,3,"{""TOMATO"": 9, ""CARROT"": 30, ""WHEAT"": 19}","{""COW"": 4, ""SHEEP"": 5}",2,59
679,28,7,1,73836.0,10,10,3,"{""TOMATO"": 10, ""CARROT"": 17, ""WHEAT"": 23}","{""COW"": 4, ""SHEEP"": 5}",8,41
680,28,8,0,74996.0,10,10,3,"{""TOMATO"": 9, ""CARROT"": 30, ""WHEAT"": 19}","{""COW"": 4, ""SHEEP"": 5}",2,59
680,28,8,1,73836.0,10,10,3,"{""TOMATO"": 10, ""CARROT"": 17, ""WHEAT"": 24}","{""COW"": 4, ""SHEEP"": 5}",8,41
681,28,9,0,74996.0,10,10,3,"{""TOMATO"": 9, ""CARROT"": 30, ""WHEAT"": 19}","{""COW"": 4, ""SHEEP"": 5}",2,59
681,28,9,1,73836.0,10,10,3,"{""TOMATO"": 10, ""CARROT"": 17, ""WHEAT"": 24}","{""COW"": 4, ""SHEEP"": 5}",8,45
682,28,10,0,75023.0,10,10,3,"{""TOMATO"": 9, ""CARROT"": 30, ""WHEAT"": 18}","{""COW"": 4, ""SHEEP"": 5}",2,57
682,28,10,1,73930.0,10,10,3,"{""TOMATO"": 10, ""CARROT"": 17, ""WHEAT"": 23}","{""COW"": 4, ""SHEEP"": 5}",8,40
683,28,11,0,75023.0,10,10,3,"{""TOMATO"": 9, ""CARROT"": 27, ""WHEAT"": 18}","{""COW"": 4, ""SHEEP"": 5}",2,57
683,28,11,1,73981.0,10,10,3,"{""TOMATO"": 11, ""CARROT"": 16, ""WHEAT"": 23}","{""COW"": 4, ""SHEEP"": 5}",8,39
684,28,12,0,75023.0,10,10,3,"{""TOMATO"": 9, ""CARROT"": 27, ""WHEAT"": 18}","{""COW"": 4, ""SHEEP"": 5}",2,57
684,28,12,1,73982.0,10,10,3,"{""TOMATO"": 11, ""WHEAT"": 23, ""CARROT"": 14}","{""COW"": 4, ""SHEEP"": 5}",8,38
685,28,13,0,75023.0,10,10,3,"{""TOMATO"": 9, ""CARROT"": 26, ""WHEAT"": 18}","{""COW"": 4, ""SHEEP"": 5}",2,57
685,28,13,1,74184.0,10,10,3,"{""TOMATO"": 11, ""WHEAT"": 21, ""CARROT"": 13}","{""COW"": 4, ""SHEEP"": 5}",8,34
686,28,14,0,75034.0,10,10,3,"{""TOMATO"": 9, ""CARROT"": 25, ""WHEAT"": 18}","{""COW"": 4, ""SHEEP"": 5}",2,56
686,28,14,1,74399.0,10,10,3,"{""TOMATO"": 11, ""WHEAT"": 20, ""CARROT"": 13}","{""COW"": 4, ""SHEEP"": 5}",8,32
687,28,15,0,75034.0,10,10,3,"{""TOMATO"": 9, ""CARROT"": 23, ""WHEAT"": 18}","{""COW"": 4, ""SHEEP"": 5}",2,56
687,28,15,1,74399.0,10,10,3,"{""TOMATO"": 11, ""WHEAT"": 20, ""CARROT"": 13}","{""COW"": 4, ""SHEEP"": 5}",8,32
688,28,16,0,75034.0,10,10,3,"{""TOMATO"": 9, ""CARROT"": 23, ""WHEAT"": 17}","{""COW"": 4, ""SHEEP"": 5}",2,64
688,28,16,1,74399.0,10,10,3,"{""TOMATO"": 11, ""WHEAT"": 20, ""CARROT"": 10}","{""COW"": 4, ""SHEEP"": 5}",8,32
689,28,17,0,75330.0,10,10,3,"{""TOMATO"": 9, ""CARROT"": 21, ""WHEAT"": 17}","{""COW"": 4, ""SHEEP"": 5}",2,56
689,28,17,1,74399.0,10,10,3,"{""TOMATO"": 11, ""WHEAT"": 19, ""CARROT"": 8}","{""COW"": 4, ""SHEEP"": 5}",8,46
690,28,18,0,75348.0,10,10,3,"{""TOMATO"": 9, ""CARROT"": 21, ""WHEAT"": 17}","{""COW"": 4, ""SHEEP"": 5}",2,68
690,28,18,1,74990.0,10,10,3,"{""TOMATO"": 11, ""WHEAT"": 19, ""CARROT"": 7}","{""COW"": 4, ""SHEEP"": 5}",8,33
691,28,19,0,75861.0,10,10,3,"{""TOMATO"": 9, ""CARROT"": 20, ""WHEAT"": 17}","{""COW"": 4, ""SHEEP"": 5}",2,55
691,28,19,1,74990.0,10,10,3,"{""TOMATO"": 11, ""WHEAT"": 19, ""CARROT"": 7}","{""COW"": 4, ""SHEEP"": 5}",8,33
692,28,20,0,77274.0,10,10,3,"{""TOMATO"": 9, ""CARROT"": 17, ""WHEAT"": 17}","{""COW"": 4, ""SHEEP"": 5}",2,60
692,28,20,1,74990.0,10,10,3,"{""TOMATO"": 11, ""WHEAT"": 18, ""CARROT"": 5}","{""COW"": 4, ""SHEEP"": 5}",8,43
693,28,21,0,77454.0,10,10,3,"{""TOMATO"": 9, ""CARROT"": 17, ""WHEAT"": 17}","{""COW"": 4, ""SHEEP"": 5}",2,69
693,28,21,1,75513.0,10,10,3,"{""TOMATO"": 11, ""WHEAT"": 18, ""CARROT"": 4}","{""COW"": 4, ""SHEEP"": 5}",8,32
694,28,22,0,77942.0,10,10,3,"{""TOMATO"": 9, ""CARROT"": 16, ""WHEAT"": 17}","{""COW"": 4, ""SHEEP"": 5}",2,56
694,28,22,1,75894.0,10,10,3,"{""TOMATO"": 11, ""WHEAT"": 18, ""CARROT"": 4}","{""COW"": 4, ""SHEEP"": 5}",8,38
695,28,23,0,78413.0,10,10,3,"{""TOMATO"": 9, ""CARROT"": 16, ""WHEAT"": 17}","{""COW"": 4, ""SHEEP"": 5}",2,50
695,28,23,1,77329.0,10,10,3,"{""TOMATO"": 11, ""WHEAT"": 18, ""CARROT"": 4}","{""COW"": 4, ""SHEEP"": 5}",8,28
696,29,0,0,78414.0,0,0,3,"{""TOMATO"": 9, ""CARROT"": 15, ""WHEAT"": 17}","{""COW"": 3, ""SHEEP"": 4}",2,100
696,29,0,1,77804.0,0,0,3,"{""TOMATO"": 11, ""WHEAT"": 17, ""CARROT"": 4}","{""COW"": 3, ""SHEEP"": 4}",8,60
697,29,1,0,79788.0,8,8,3,"{""TOMATO"": 4, ""CARROT"": 15, ""WHEAT"": 17}","{""COW"": 3, ""SHEEP"": 4}",7,70
697,29,1,1,78948.0,8,8,3,"{""TOMATO"": 10, ""WHEAT"": 17, ""CARROT"": 4}","{""COW"": 3, ""SHEEP"": 4}",9,33
698,29,2,0,79718.0,10,10,3,"{""TOMATO"": 4, ""CARROT"": 15, ""WHEAT"": 17}","{""COW"": 3, ""SHEEP"": 4}",7,67
698,29,2,1,78947.0,10,10,3,"{""TOMATO"": 10, ""WHEAT"": 17, ""CARROT"": 4}","{""COW"": 3, ""SHEEP"": 4}",9,31
699,29,3,0,79718.0,10,10,3,"{""TOMATO"": 4, ""CARROT"": 15, ""WHEAT"": 17}","{""COW"": 3, ""SHEEP"": 4}",7,68
699,29,3,1,78947.0,10,10,3,"{""TOMATO"": 10, ""WHEAT"": 17, ""CARROT"": 4}","{""COW"": 3, ""SHEEP"": 4}",9,33
700,29,4,0,79749.0,10,10,3,"{""TOMATO"": 4, ""CARROT"": 15, ""WHEAT"": 17}","{""COW"": 3, ""SHEEP"": 4}",7,67
700,29,4,1,79009.0,10,10,3,"{""TOMATO"": 10, ""WHEAT"": 17, ""CARROT"": 4}","{""COW"": 3, ""SHEEP"": 4}",9,31
701,29,5,0,79749.0,10,10,3,"{""TOMATO"": 4, ""CARROT"": 14, ""WHEAT"": 16}","{""COW"": 3, ""SHEEP"": 4}",7,67
701,29,5,1,79009.0,10,10,3,"{""TOMATO"": 10, ""WHEAT"": 16, ""CARROT"": 4}","{""COW"": 3, ""SHEEP"": 4}",9,31
702,29,6,0,79763.0,10,10,3,"{""TOMATO"": 4, ""CARROT"": 13, ""WHEAT"": 15}","{""COW"": 3, ""SHEEP"": 4}",7,65
702,29,6,1,79375.0,10,10,3,"{""TOMATO"": 10, ""WHEAT"": 14, ""CARROT"": 3}","{""COW"": 3, ""SHEEP"": 4}",9,28
703,29,7,0,79763.0,10,10,3,"{""TOMATO"": 4, ""CARROT"": 11, ""WHEAT"": 15}","{""COW"": 3, ""SHEEP"": 4}",7,65
703,29,7,1,79375.0,10,10,3,"{""TOMATO"": 10, ""WHEAT"": 13, ""CARROT"": 3}","{""COW"": 3, ""SHEEP"": 4}",9,28
704,29,8,0,79763.0,10,10,3,"{""TOMATO"": 4, ""CARROT"": 11, ""WHEAT"": 13}","{""COW"": 3, ""SHEEP"": 4}",7,65
704,29,8,1,79375.0,10,10,3,"{""TOMATO"": 10, ""WHEAT"": 12, ""CARROT"": 3}","{""COW"": 3, ""SHEEP"": 4}",9,28
705,29,9,0,79763.0,10,10,3,"{""TOMATO"": 4, ""CARROT"": 9, ""WHEAT"": 11}","{""COW"": 3, ""SHEEP"": 4}",7,65
705,29,9,1,79375.0,10,10,3,"{""TOMATO"": 10, ""WHEAT"": 11, ""CARROT"": 3}","{""COW"": 3, ""SHEEP"": 4}",9,28
706,29,10,0,79777.0,10,10,3,"{""TOMATO"": 4, ""CARROT"": 9, ""WHEAT"": 10}","{""COW"": 3, ""SHEEP"": 4}",7,63
706,29,10,1,79743.0,10,10,3,"{""TOMATO"": 10, ""WHEAT"": 9, ""CARROT"": 3}","{""COW"": 3, ""SHEEP"": 4}",9,25
707,29,11,0,79777.0,10,10,3,"{""TOMATO"": 4, ""CARROT"": 6, ""WHEAT"": 9}","{""COW"": 3, ""SHEEP"": 4}",7,63
707,29,11,1,79743.0,10,10,3,"{""TOMATO"": 10, ""WHEAT"": 9, ""CARROT"": 1}","{""COW"": 3, ""SHEEP"": 4}",9,25
708,29,12,0,79777.0,10,10,3,"{""TOMATO"": 4, ""CARROT"": 5, ""WHEAT"": 8}","{""COW"": 3, ""SHEEP"": 4}",7,63
708,29,12,1,79821.0,10,10,3,"{""TOMATO"": 10, ""WHEAT"": 9, ""CARROT"": 1}","{""COW"": 3, ""SHEEP"": 4}",9,24
709,29,13,0,80628.0,10,10,3,"{""TOMATO"": 4, ""CARROT"": 4, ""WHEAT"": 7}","{""COW"": 3, ""SHEEP"": 4}",7,52
709,29,13,1,79898.0,10,10,3,"{""TOMATO"": 10, ""WHEAT"": 7, ""CARROT"": 1}","{""COW"": 3, ""SHEEP"": 4}",9,23
710,29,14,0,80855.0,10,10,3,"{""TOMATO"": 4, ""CARROT"": 2, ""WHEAT"": 6}","{""COW"": 3, ""SHEEP"": 4}",7,45
710,29,14,1,80081.0,10,10,3,"{""TOMATO"": 10, ""WHEAT"": 6}","{""COW"": 3, ""SHEEP"": 4}",9,22
711,29,15,0,80855.0,10,10,3,"{""TOMATO"": 4, ""CARROT"": 1, ""WHEAT"": 6}","{""COW"": 3, ""SHEEP"": 4}",7,45
711,29,15,1,80396.0,10,10,3,"{""TOMATO"": 10, ""WHEAT"": 6}","{""COW"": 3, ""SHEEP"": 4}",9,17
712,29,16,0,80855.0,10,10,3,"{""TOMATO"": 4, ""CARROT"": 1, ""WHEAT"": 6}","{""COW"": 3, ""SHEEP"": 4}",7,63
712,29,16,1,80657.0,10,10,3,"{""TOMATO"": 10, ""WHEAT"": 5}","{""COW"": 3, ""SHEEP"": 4}",9,13
713,29,17,0,81291.0,10,10,3,"{""TOMATO"": 4, ""CARROT"": 1, ""WHEAT"": 6}","{""COW"": 3, ""SHEEP"": 4}",7,62
713,29,17,1,80735.0,10,10,3,"{""TOMATO"": 10, ""WHEAT"": 5}","{""COW"": 3, ""SHEEP"": 4}",9,15
714,29,18,0,81985.0,10,10,3,"{""TOMATO"": 4, ""CARROT"": 1, ""WHEAT"": 6}","{""COW"": 3, ""SHEEP"": 4}",7,44
714,29,18,1,80861.0,10,10,3,"{""TOMATO"": 10, ""WHEAT"": 5}","{""COW"": 3, ""SHEEP"": 4}",9,26
715,29,19,0,81985.0,10,10,3,"{""TOMATO"": 4, ""CARROT"": 1, ""WHEAT"": 6}","{""COW"": 3, ""SHEEP"": 4}",7,56
715,29,19,1,81166.0,10,10,3,"{""TOMATO"": 10, ""WHEAT"": 5}","{""COW"": 3, ""SHEEP"": 4}",9,19
716,29,20,0,82411.0,10,10,3,"{""TOMATO"": 4, ""CARROT"": 1, ""WHEAT"": 6}","{""COW"": 3, ""SHEEP"": 4}",7,67
716,29,20,1,81436.0,10,10,3,"{""TOMATO"": 10, ""WHEAT"": 5}","{""COW"": 3, ""SHEEP"": 4}",9,40
717,29,21,0,83340.0,10,10,3,"{""TOMATO"": 4, ""CARROT"": 1, ""WHEAT"": 6}","{""COW"": 3, ""SHEEP"": 4}",7,64
717,29,21,1,82058.0,10,10,3,"{""TOMATO"": 10, ""WHEAT"": 5}","{""COW"": 3, ""SHEEP"": 4}",9,32
718,29,22,0,84303.0,10,10,3,"{""TOMATO"": 4, ""WHEAT"": 6}","{""COW"": 3, ""SHEEP"": 4}",7,50
718,29,22,1,82869.0,10,10,3,"{""TOMATO"": 10, ""WHEAT"": 5}","{""COW"": 3, ""SHEEP"": 4}",9,24
719,29,23,0,91845.0,10,10,3,"{""TOMATO"": 4, ""WHEAT"": 6}","{""COW"": 3, ""SHEEP"": 4}",7,0
719,29,23,1,84129.0,10,10,3,"{""TOMATO"": 10, ""WHEAT"": 5}","{""COW"": 3, ""SHEEP"": 4}",9,0
