step,day,hour,player,money,hands,hires_today,quadrants,plants,animals,weeds,shed_total
0,0,0,0,3000.0,0,0,1,{},{},0,0
0,0,0,1,3000.0,0,0,1,{},{},0,0
1,0,1,0,177.0,4,4,1,{},{},0,6
1,0,1,1,2466.0,0,0,1,{},{},0,6
2,0,2,0,177.0,4,4,1,{},{},0,2
2,0,2,1,587.0,4,4,1,{},{},0,8
3,0,3,0,177.0,4,4,1,{},{},0,0
3,0,3,1,614.0,4,4,1,{},{},0,4
4,0,4,0,177.0,4,4,1,"{""WHEAT"": 1}","{""COW"": 1}",0,0
4,0,4,1,454.0,4,4,1,{},"{""COW"": 1}",0,3
5,0,5,0,177.0,4,4,1,"{""MELON"": 1, ""WHEAT"": 1}","{""COW"": 1}",0,0
5,0,5,1,427.0,4,4,1,{},"{""COW"": 1}",0,1
6,0,6,0,177.0,4,4,1,"{""MELON"": 1, ""WHEAT"": 1}","{""SHEEP"": 1, ""COW"": 1}",0,0
6,0,6,1,239.0,4,4,1,{},"{""SHEEP"": 1, ""COW"": 1}",0,2
7,0,7,0,177.0,4,4,1,"{""WHEAT"": 3, ""MELON"": 1}","{""SHEEP"": 1, ""COW"": 1}",0,0
7,0,7,1,211.0,4,4,1,{},"{""SHEEP"": 2, ""COW"": 1}",0,3
8,0,8,0,177.0,4,4,1,"{""WHEAT"": 3, ""MELON"": 1}","{""COW"": 2, ""SHEEP"": 1}",0,0
8,0,8,1,211.0,4,4,1,{},"{""SHEEP"": 2, ""COW"": 1}",0,3
9,0,9,0,177.0,4,4,1,"{""WHEAT"": 4, ""MELON"": 1}","{""COW"": 2, ""SHEEP"": 1}",0,0
9,0,9,1,211.0,4,4,1,{},"{""COW"": 2, ""SHEEP"": 3}",0,3
10,0,10,0,177.0,4,4,1,"{""CARROT"": 2, ""WHEAT"": 4, ""MELON"": 1}","{""COW"": 2, ""SHEEP"": 1}",0,0
10,0,10,1,211.0,4,4,1,"{""MELON"": 1}","{""COW"": 2, ""SHEEP"": 3}",0,2
11,0,11,0,177.0,4,4,1,"{""CARROT"": 2, ""WHEAT"": 4, ""MELON"": 1}","{""COW"": 3, ""SHEEP"": 1}",0,0
11,0,11,1,51.0,4,4,1,"{""MELON"": 3}","{""COW"": 2, ""SHEEP"": 3}",0,2
12,0,12,0,177.0,4,4,1,"{""CARROT"": 2, ""WHEAT"": 5, ""MELON"": 1}","{""COW"": 3, ""SHEEP"": 1}",0,0
12,0,12,1,51.0,4,4,1,"{""MELON"": 3}","{""COW"": 2, ""SHEEP"": 3}",0,2
13,0,13,0,177.0,4,4,1,"{""CARROT"": 4, ""WHEAT"": 5, ""MELON"": 2}","{""COW"": 3, ""SHEEP"": 1}",0,0
13,0,13,1,31.0,4,4,1,"{""MELON"": 4}","{""COW"": 2, ""SHEEP"": 3}",0,2
14,0,14,0,177.0,4,4,1,"{""CARROT"": 4, ""WHEAT"": 5, ""MELON"": 2}","{""COW"": 3, ""SHEEP"": 1}",0,0
14,0,14,1,21.0,4,4,1,"{""MELON"": 5, ""WHEAT"": 1}","{""COW"": 2, ""SHEEP"": 3}",0,2
15,0,15,0,177.0,4,4,1,"{""CARROT"": 4, ""WHEAT"": 5, ""MELON"": 2}","{""COW"": 3, ""SHEEP"": 1}",0,0
15,0,15,1,39.0,4,4,1,"{""MELON"": 6, ""WHEAT"": 1}","{""COW"": 2, ""SHEEP"": 3}",0,1
16,0,16,0,177.0,4,4,1,"{""WHEAT"": 7, ""CARROT"": 4, ""MELON"": 3}","{""COW"": 3, ""SHEEP"": 1}",0,0
16,0,16,1,29.0,4,4,1,"{""WHEAT"": 2, ""MELON"": 6}","{""COW"": 2, ""SHEEP"": 3}",0,1
17,0,17,0,177.0,4,4,1,"{""WHEAT"": 7, ""CARROT"": 4, ""MELON"": 3}","{""COW"": 3, ""SHEEP"": 1}",0,0
17,0,17,1,19.0,4,4,1,"{""WHEAT"": 4, ""MELON"": 6}","{""COW"": 2, ""SHEEP"": 3}",0,1
18,0,18,0,177.0,4,4,1,"{""WHEAT"": 7, ""CARROT"": 4, ""MELON"": 3}","{""SHEEP"": 2, ""COW"": 3}",0,0
18,0,18,1,37.0,4,4,1,"{""WHEAT"": 5, ""MELON"": 6}","{""COW"": 2, ""SHEEP"": 3}",0,0
19,0,19,0,177.0,4,4,1,"{""WHEAT"": 9, ""CARROT"": 4, ""MELON"": 4}","{""SHEEP"": 2, ""COW"": 3}",0,0
19,0,19,1,27.0,4,4,1,"{""WHEAT"": 6, ""MELON"": 6}","{""COW"": 2, ""SHEEP"": 3}",0,0
20,0,20,0,177.0,4,4,1,"{""WHEAT"": 9, ""CARROT"": 4, ""MELON"": 4}","{""SHEEP"": 2, ""COW"": 3}",0,0
20,0,20,1,17.0,4,4,1,"{""WHEAT"": 8, ""MELON"": 6}","{""COW"": 2, ""SHEEP"": 3}",0,0
21,0,21,0,177.0,4,4,1,"{""WHEAT"": 9, ""CARROT"": 4, ""MELON"": 4}","{""SHEEP"": 2, ""COW"": 3}",0,0
21,0,21,1,7.0,4,4,1,"{""WHEAT"": 8, ""MELON"": 6}","{""COW"": 2, ""SHEEP"": 3}",0,0
22,0,22,0,177.0,4,4,1,"{""WHEAT"": 11, ""CARROT"": 4, ""MELON"": 5}","{""SHEEP"": 2, ""COW"": 3}",0,0
22,0,22,1,7.0,4,4,1,"{""WHEAT"": 9, ""MELON"": 6}","{""COW"": 2, ""SHEEP"": 3}",0,0
23,0,23,0,177.0,4,4,1,"{""WHEAT"": 11, ""CARROT"": 4, ""MELON"": 5}","{""SHEEP"": 2, ""COW"": 3}",0,0
23,0,23,1,7.0,4,4,1,"{""WHEAT"": 10, ""MELON"": 6}","{""COW"": 2, ""SHEEP"": 3}",0,0
24,1,0,0,177.0,0,0,1,"{""WHEAT"": 11, ""CARROT"": 4, ""MELON"": 5}","{""SHEEP"": 2, ""COW"": 3}",0,0
24,1,0,1,7.0,0,0,1,"{""WHEAT"": 10, ""MELON"": 6}","{""COW"": 2, ""SHEEP"": 3}",0,0
25,1,1,0,35.0,2,2,1,"{""WHEAT"": 11, ""CARROT"": 4, ""MELON"": 5}","{""SHEEP"": 2, ""COW"": 3}",0,5
25,1,1,1,0.0,4,4,1,"{""WHEAT"": 10, ""MELON"": 6}","{""COW"": 2, ""SHEEP"": 3}",0,0
26,1,2,0,35.0,2,2,1,"{""WHEAT"": 11, ""CARROT"": 4, ""MELON"": 5}","{""SHEEP"": 2, ""COW"": 3}",0,0
26,1,2,1,0.0,4,4,1,"{""WHEAT"": 10, ""MELON"": 6}","{""COW"": 2, ""SHEEP"": 3}",0,1
27,1,3,0,35.0,2,2,1,"{""WHEAT"": 11, ""CARROT"": 4, ""MELON"": 5}","{""SHEEP"": 2, ""COW"": 3}",0,0
27,1,3,1,42.0,4,4,1,"{""WHEAT"": 10, ""MELON"": 6}","{""COW"": 2, ""SHEEP"": 3}",0,2
28,1,4,0,35.0,2,2,1,"{""WHEAT"": 11, ""CARROT"": 4, ""MELON"": 5}","{""SHEEP"": 2, ""COW"": 3}",0,0
28,1,4,1,42.0,4,4,1,"{""WHEAT"": 10, ""MELON"": 6}","{""COW"": 2, ""SHEEP"": 3}",0,2
29,1,5,0,35.0,2,2,1,"{""WHEAT"": 11, ""CARROT"": 4, ""MELON"": 5}","{""SHEEP"": 2, ""COW"": 3}",0,0
29,1,5,1,42.0,4,4,1,"{""WHEAT"": 10, ""MELON"": 6}","{""COW"": 2, ""SHEEP"": 3}",0,3
30,1,6,0,35.0,2,2,1,"{""WHEAT"": 11, ""CARROT"": 4, ""MELON"": 5}","{""SHEEP"": 2, ""COW"": 3}",0,0
30,1,6,1,142.0,4,4,1,"{""WHEAT"": 10, ""MELON"": 6}","{""COW"": 2, ""SHEEP"": 3}",0,1
31,1,7,0,135.0,2,2,1,"{""WHEAT"": 11, ""CARROT"": 4, ""MELON"": 5}","{""SHEEP"": 2, ""COW"": 3}",0,0
31,1,7,1,184.0,4,4,1,"{""WHEAT"": 10, ""MELON"": 6}","{""COW"": 2, ""SHEEP"": 3}",0,2
32,1,8,0,135.0,2,2,1,"{""WHEAT"": 11, ""CARROT"": 4, ""MELON"": 5}","{""SHEEP"": 2, ""COW"": 3}",0,0
32,1,8,1,184.0,4,4,1,"{""WHEAT"": 10, ""MELON"": 6}","{""COW"": 2, ""SHEEP"": 3}",0,2
33,1,9,0,135.0,2,2,1,"{""WHEAT"": 11, ""CARROT"": 4, ""MELON"": 5}","{""SHEEP"": 2, ""COW"": 3}",0,0
33,1,9,1,353.0,4,4,1,"{""WHEAT"": 10, ""MELON"": 6}","{""COW"": 2, ""SHEEP"": 3}",0,1
34,1,10,0,135.0,2,2,1,"{""WHEAT"": 11, ""CARROT"": 4, ""MELON"": 5}","{""SHEEP"": 2, ""COW"": 3}",0,0
34,1,10,1,193.0,4,4,1,"{""WHEAT"": 10, ""MELON"": 6}","{""COW"": 2, ""SHEEP"": 3}",0,1
35,1,11,0,135.0,2,2,1,"{""WHEAT"": 11, ""CARROT"": 4, ""MELON"": 5}","{""SHEEP"": 2, ""COW"": 3}",0,0
35,1,11,1,193.0,4,4,1,"{""WHEAT"": 10, ""MELON"": 7}","{""COW"": 2, ""SHEEP"": 3}",0,1
36,1,12,0,135.0,2,2,1,"{""WHEAT"": 11, ""CARROT"": 4, ""MELON"": 5}","{""SHEEP"": 2, ""COW"": 3}",0,0
36,1,12,1,33.0,4,4,1,"{""WHEAT"": 10, ""MELON"": 8}","{""COW"": 2, ""SHEEP"": 3}",0,1
37,1,13,0,135.0,2,2,1,"{""WHEAT"": 11, ""CARROT"": 4, ""MELON"": 5}","{""SHEEP"": 2, ""COW"": 3}",0,0
37,1,13,1,33.0,4,4,1,"{""WHEAT"": 10, ""MELON"": 9}","{""COW"": 2, ""SHEEP"": 3}",0,1
38,1,14,0,333.0,2,2,1,"{""WHEAT"": 11, ""CARROT"": 4, ""MELON"": 5}","{""SHEEP"": 2, ""COW"": 3}",0,0
38,1,14,1,33.0,4,4,1,"{""WHEAT"": 10, ""MELON"": 9}","{""COW"": 2, ""SHEEP"": 3}",0,1
39,1,15,0,333.0,2,2,1,"{""WHEAT"": 11, ""CARROT"": 4, ""MELON"": 5}","{""SHEEP"": 2, ""COW"": 3}",0,0
39,1,15,1,33.0,4,4,1,"{""WHEAT"": 10, ""MELON"": 9}","{""COW"": 2, ""SHEEP"": 3}",0,1
40,1,16,0,333.0,2,2,1,"{""WHEAT"": 11, ""CARROT"": 4, ""MELON"": 5}","{""SHEEP"": 2, ""COW"": 3}",0,0
40,1,16,1,33.0,4,4,1,"{""WHEAT"": 10, ""MELON"": 10}","{""COW"": 2, ""SHEEP"": 3}",0,0
41,1,17,0,333.0,2,2,1,"{""WHEAT"": 11, ""CARROT"": 4, ""MELON"": 5}","{""SHEEP"": 2, ""COW"": 3}",0,0
41,1,17,1,33.0,4,4,1,"{""WHEAT"": 10, ""MELON"": 10}","{""COW"": 2, ""SHEEP"": 3}",0,0
42,1,18,0,333.0,2,2,1,"{""WHEAT"": 11, ""CARROT"": 4, ""MELON"": 5}","{""SHEEP"": 2, ""COW"": 3}",0,0
42,1,18,1,33.0,4,4,1,"{""WHEAT"": 10, ""MELON"": 10}","{""COW"": 2, ""SHEEP"": 3}",0,0
43,1,19,0,333.0,2,2,1,"{""WHEAT"": 11, ""CARROT"": 4, ""MELON"": 5}","{""SHEEP"": 2, ""COW"": 3}",0,0
43,1,19,1,33.0,4,4,1,"{""WHEAT"": 10, ""MELON"": 10}","{""COW"": 2, ""SHEEP"": 3}",0,0
44,1,20,0,333.0,2,2,1,"{""WHEAT"": 11, ""CARROT"": 4, ""MELON"": 5}","{""SHEEP"": 2, ""COW"": 3}",0,0
44,1,20,1,33.0,4,4,1,"{""WHEAT"": 10, ""MELON"": 10}","{""COW"": 2, ""SHEEP"": 3}",0,0
45,1,21,0,333.0,2,2,1,"{""WHEAT"": 11, ""CARROT"": 4, ""MELON"": 5}","{""SHEEP"": 2, ""COW"": 3}",0,0
45,1,21,1,33.0,4,4,1,"{""WHEAT"": 10, ""MELON"": 10}","{""COW"": 2, ""SHEEP"": 3}",0,0
46,1,22,0,333.0,2,2,1,"{""WHEAT"": 11, ""CARROT"": 4, ""MELON"": 5}","{""SHEEP"": 2, ""COW"": 3}",0,0
46,1,22,1,33.0,4,4,1,"{""WHEAT"": 10, ""MELON"": 10}","{""COW"": 2, ""SHEEP"": 3}",0,0
47,1,23,0,333.0,2,2,1,"{""WHEAT"": 11, ""CARROT"": 4, ""MELON"": 5}","{""SHEEP"": 2, ""COW"": 3}",0,0
47,1,23,1,33.0,4,4,1,"{""WHEAT"": 10, ""MELON"": 10}","{""COW"": 2, ""SHEEP"": 3}",0,0
48,2,0,0,529.0,0,0,1,"{""WHEAT"": 11, ""CARROT"": 4, ""MELON"": 5}","{""SHEEP"": 2, ""COW"": 3}",0,0
48,2,0,1,33.0,0,0,1,"{""WHEAT"": 10, ""MELON"": 10}","{""COW"": 2, ""SHEEP"": 3}",0,0
49,2,1,0,215.0,3,3,1,"{""WHEAT"": 11, ""CARROT"": 4, ""MELON"": 5}","{""SHEEP"": 2, ""COW"": 3}",0,1
49,2,1,1,13.0,6,6,1,"{""WHEAT"": 10, ""MELON"": 10}","{""COW"": 2, ""SHEEP"": 3}",0,0
50,2,2,0,215.0,3,3,1,"{""WHEAT"": 11, ""CARROT"": 4, ""MELON"": 5}","{""SHEEP"": 2, ""COW"": 3}",0,0
50,2,2,1,13.0,6,6,1,"{""WHEAT"": 10, ""MELON"": 10}","{""COW"": 2, ""SHEEP"": 3}",0,1
51,2,3,0,215.0,3,3,1,"{""WHEAT"": 11, ""CARROT"": 4, ""MELON"": 5}","{""SHEEP"": 2, ""COW"": 3}",0,0
51,2,3,1,53.0,6,6,1,"{""WHEAT"": 10, ""MELON"": 10}","{""COW"": 2, ""SHEEP"": 3}",0,2
52,2,4,0,215.0,3,3,1,"{""WHEAT"": 11, ""CARROT"": 4, ""MELON"": 5}","{""SHEEP"": 2, ""COW"": 3}",0,0
52,2,4,1,53.0,6,6,1,"{""WHEAT"": 10, ""MELON"": 10}","{""COW"": 2, ""SHEEP"": 3}",0,2
53,2,5,0,313.0,3,3,1,"{""WHEAT"": 11, ""CARROT"": 4, ""MELON"": 5}","{""SHEEP"": 2, ""COW"": 3}",0,0
53,2,5,1,53.0,6,6,1,"{""WHEAT"": 10, ""MELON"": 10}","{""COW"": 2, ""SHEEP"": 3}",0,3
54,2,6,0,313.0,3,3,1,"{""WHEAT"": 11, ""CARROT"": 4, ""MELON"": 5}","{""SHEEP"": 2, ""COW"": 3}",0,0
54,2,6,1,91.0,6,6,1,"{""WHEAT"": 10, ""MELON"": 10}","{""COW"": 2, ""SHEEP"": 3}",0,5
55,2,7,0,313.0,3,3,1,"{""WHEAT"": 10, ""CARROT"": 4, ""MELON"": 5}","{""SHEEP"": 2, ""COW"": 3}",0,0
55,2,7,1,188.0,6,6,1,"{""WHEAT"": 10, ""MELON"": 10}","{""COW"": 2, ""SHEEP"": 3}",0,0
56,2,8,0,313.0,3,3,1,"{""WHEAT"": 9, ""CARROT"": 4, ""MELON"": 5}","{""SHEEP"": 2, ""COW"": 3}",0,0
56,2,8,1,128.0,6,6,1,"{""WHEAT"": 10, ""MELON"": 10}","{""COW"": 2, ""SHEEP"": 3}",0,3
57,2,9,0,313.0,3,3,1,"{""WHEAT"": 10, ""CARROT"": 4, ""MELON"": 5}","{""SHEEP"": 2, ""COW"": 3, ""GOOSE"": 1}",0,0
57,2,9,1,145.0,6,6,1,"{""WHEAT"": 10, ""MELON"": 10}","{""COW"": 2, ""SHEEP"": 3}",0,1
58,2,10,0,313.0,3,3,1,"{""WHEAT"": 10, ""CARROT"": 4, ""MELON"": 5}","{""SHEEP"": 2, ""COW"": 3, ""GOOSE"": 1}",0,0
58,2,10,1,242.0,6,6,1,"{""WHEAT"": 10, ""MELON"": 10}","{""COW"": 2, ""SHEEP"": 3}",0,0
59,2,11,0,313.0,3,3,1,"{""WHEAT"": 10, ""CARROT"": 4, ""MELON"": 5}","{""SHEEP"": 2, ""COW"": 3, ""GOOSE"": 1}",0,0
59,2,11,1,162.0,6,6,1,"{""WHEAT"": 9, ""MELON"": 10}","{""COW"": 2, ""SHEEP"": 3}",0,0
60,2,12,0,313.0,3,3,1,"{""WHEAT"": 10, ""CARROT"": 4, ""MELON"": 5}","{""SHEEP"": 2, ""COW"": 3, ""GOOSE"": 1}",0,0
60,2,12,1,62.0,6,6,1,"{""WHEAT"": 9, ""MELON"": 11}","{""COW"": 2, ""SHEEP"": 3}",0,0
61,2,13,0,313.0,3,3,1,"{""WHEAT"": 10, ""CARROT"": 4, ""MELON"": 5}","{""SHEEP"": 2, ""COW"": 3, ""GOOSE"": 1}",0,0
61,2,13,1,62.0,6,6,1,"{""WHEAT"": 8, ""MELON"": 11}","{""COW"": 2, ""SHEEP"": 3}",0,0
62,2,14,0,313.0,3,3,1,"{""WHEAT"": 10, ""CARROT"": 4, ""MELON"": 5}","{""SHEEP"": 2, ""COW"": 3, ""GOOSE"": 1}",0,0
62,2,14,1,62.0,6,6,1,"{""WHEAT"": 8, ""MELON"": 12}","{""COW"": 2, ""SHEEP"": 3}",0,0
63,2,15,0,313.0,3,3,1,"{""WHEAT"": 10, ""CARROT"": 4, ""MELON"": 5}","{""SHEEP"": 2, ""COW"": 3, ""GOOSE"": 1}",0,0
63,2,15,1,62.0,6,6,1,"{""WHEAT"": 7, ""MELON"": 12}","{""COW"": 2, ""SHEEP"": 3}",0,0
64,2,16,0,313.0,3,3,1,"{""WHEAT"": 10, ""CARROT"": 4, ""MELON"": 5}","{""SHEEP"": 2, ""COW"": 3, ""GOOSE"": 1}",0,0
64,2,16,1,62.0,6,6,1,"{""MELON"": 12, ""WHEAT"": 6, ""STRAWBERRY"": 1}","{""COW"": 2, ""SHEEP"": 3}",0,0
65,2,17,0,537.0,3,3,1,"{""WHEAT"": 10, ""CARROT"": 4, ""MELON"": 5}","{""SHEEP"": 2, ""COW"": 3, ""GOOSE"": 1}",0,0
65,2,17,1,62.0,6,6,1,"{""MELON"": 12, ""WHEAT"": 6, ""STRAWBERRY"": 1}","{""COW"": 2, ""SHEEP"": 3}",0,0
66,2,18,0,537.0,3,3,1,"{""WHEAT"": 10, ""CARROT"": 4, ""MELON"": 5}","{""SHEEP"": 2, ""COW"": 3, ""GOOSE"": 1}",0,0
66,2,18,1,62.0,6,6,1,"{""MELON"": 12, ""WHEAT"": 6, ""STRAWBERRY"": 1}","{""COW"": 2, ""SHEEP"": 3}",0,0
67,2,19,0,537.0,3,3,1,"{""WHEAT"": 10, ""CARROT"": 4, ""MELON"": 5}","{""SHEEP"": 2, ""COW"": 3, ""GOOSE"": 1}",0,0
67,2,19,1,62.0,6,6,1,"{""MELON"": 12, ""WHEAT"": 6, ""STRAWBERRY"": 1}","{""COW"": 2, ""SHEEP"": 3}",0,0
68,2,20,0,537.0,3,3,1,"{""WHEAT"": 10, ""CARROT"": 4, ""MELON"": 5}","{""SHEEP"": 2, ""COW"": 3, ""GOOSE"": 1}",0,0
68,2,20,1,62.0,6,6,1,"{""MELON"": 12, ""WHEAT"": 6, ""STRAWBERRY"": 1}","{""COW"": 2, ""SHEEP"": 3}",0,0
69,2,21,0,633.0,3,3,1,"{""WHEAT"": 10, ""CARROT"": 4, ""MELON"": 5}","{""SHEEP"": 2, ""COW"": 3, ""GOOSE"": 1}",0,0
69,2,21,1,62.0,6,6,1,"{""MELON"": 12, ""WHEAT"": 6, ""STRAWBERRY"": 1}","{""COW"": 2, ""SHEEP"": 3}",0,0
70,2,22,0,633.0,3,3,1,"{""WHEAT"": 10, ""CARROT"": 4, ""MELON"": 5}","{""SHEEP"": 2, ""COW"": 3, ""GOOSE"": 1}",0,0
70,2,22,1,62.0,6,6,1,"{""MELON"": 12, ""WHEAT"": 6, ""STRAWBERRY"": 1}","{""COW"": 2, ""SHEEP"": 3}",0,0
71,2,23,0,633.0,3,3,1,"{""WHEAT"": 10, ""CARROT"": 4, ""MELON"": 5}","{""SHEEP"": 2, ""COW"": 3, ""GOOSE"": 1}",0,0
71,2,23,1,62.0,6,6,1,"{""MELON"": 12, ""WHEAT"": 6, ""STRAWBERRY"": 1}","{""COW"": 2, ""SHEEP"": 3}",0,0
72,3,0,0,633.0,0,0,1,"{""WHEAT"": 10, ""CARROT"": 4, ""MELON"": 5}","{""SHEEP"": 2, ""COW"": 3, ""GOOSE"": 1}",0,1
72,3,0,1,62.0,0,0,1,"{""MELON"": 12, ""WHEAT"": 6, ""STRAWBERRY"": 1}","{""COW"": 2, ""SHEEP"": 3}",0,9
73,3,1,0,252.0,4,4,1,"{""WHEAT"": 10, ""CARROT"": 4, ""MELON"": 5}","{""SHEEP"": 2, ""COW"": 3, ""GOOSE"": 1}",0,1
73,3,1,1,42.0,6,6,1,"{""MELON"": 12, ""WHEAT"": 6, ""STRAWBERRY"": 1}","{""COW"": 2, ""SHEEP"": 3}",0,9
74,3,2,0,252.0,4,4,1,"{""WHEAT"": 10, ""CARROT"": 4, ""MELON"": 5}","{""SHEEP"": 2, ""COW"": 3, ""GOOSE"": 1}",0,0
74,3,2,1,42.0,6,6,1,"{""MELON"": 12, ""WHEAT"": 6, ""STRAWBERRY"": 1}","{""COW"": 2, ""SHEEP"": 3}",0,2
75,3,3,0,252.0,4,4,1,"{""WHEAT"": 10, ""CARROT"": 4, ""MELON"": 5}","{""SHEEP"": 2, ""COW"": 3, ""GOOSE"": 1}",0,0
75,3,3,1,138.0,6,6,1,"{""MELON"": 12, ""WHEAT"": 6, ""STRAWBERRY"": 1}","{""COW"": 2, ""SHEEP"": 3}",0,1
76,3,4,0,252.0,4,4,1,"{""WHEAT"": 10, ""CARROT"": 4, ""MELON"": 5}","{""SHEEP"": 2, ""COW"": 3, ""GOOSE"": 1}",0,0
76,3,4,1,138.0,6,6,1,"{""MELON"": 12, ""WHEAT"": 6, ""STRAWBERRY"": 1}","{""COW"": 2, ""SHEEP"": 3}",0,1
77,3,5,0,252.0,4,4,1,"{""WHEAT"": 10, ""CARROT"": 4, ""MELON"": 5}","{""SHEEP"": 2, ""COW"": 3, ""GOOSE"": 1}",0,0
77,3,5,1,138.0,6,6,1,"{""MELON"": 12, ""WHEAT"": 6, ""STRAWBERRY"": 1}","{""COW"": 2, ""SHEEP"": 3}",0,2
78,3,6,0,252.0,4,4,1,"{""WHEAT"": 10, ""CARROT"": 4, ""MELON"": 5}","{""SHEEP"": 2, ""COW"": 3, ""GOOSE"": 1}",0,0
78,3,6,1,234.0,6,6,1,"{""MELON"": 12, ""WHEAT"": 6, ""STRAWBERRY"": 1}","{""COW"": 2, ""SHEEP"": 3}",0,2
79,3,7,0,252.0,4,4,1,"{""WHEAT"": 10, ""CARROT"": 3, ""MELON"": 5}","{""SHEEP"": 2, ""COW"": 3, ""GOOSE"": 1}",0,0
79,3,7,1,330.0,6,6,1,"{""MELON"": 12, ""WHEAT"": 6, ""STRAWBERRY"": 1}","{""COW"": 2, ""SHEEP"": 3}",0,0
80,3,8,0,252.0,4,4,1,"{""WHEAT"": 9, ""CARROT"": 4, ""MELON"": 5}","{""SHEEP"": 2, ""COW"": 3, ""GOOSE"": 1}",0,0
80,3,8,1,330.0,6,6,1,"{""MELON"": 12, ""WHEAT"": 5, ""STRAWBERRY"": 1}","{""COW"": 2, ""SHEEP"": 3}",0,1
81,3,9,0,252.0,4,4,1,"{""WHEAT"": 9, ""CARROT"": 3, ""MELON"": 5}","{""SHEEP"": 2, ""COW"": 3, ""GOOSE"": 1}",0,0
81,3,9,1,425.0,6,6,1,"{""MELON"": 12, ""WHEAT"": 5, ""STRAWBERRY"": 1}","{""COW"": 2, ""SHEEP"": 3}",0,0
82,3,10,0,252.0,4,4,1,"{""WHEAT"": 11, ""CARROT"": 3, ""MELON"": 5}","{""SHEEP"": 2, ""COW"": 3, ""GOOSE"": 1}",0,0
82,3,10,1,425.0,6,6,1,"{""MELON"": 12, ""WHEAT"": 5, ""STRAWBERRY"": 1}","{""COW"": 2, ""SHEEP"": 3}",0,0
83,3,11,0,252.0,4,4,1,"{""WHEAT"": 11, ""CARROT"": 3, ""MELON"": 5}","{""SHEEP"": 2, ""COW"": 3, ""GOOSE"": 1}",0,0
83,3,11,1,425.0,6,6,1,"{""MELON"": 12, ""WHEAT"": 5, ""STRAWBERRY"": 1}","{""COW"": 2, ""SHEEP"": 3}",0,2
84,3,12,0,252.0,4,4,1,"{""WHEAT"": 11, ""CARROT"": 2, ""MELON"": 5}","{""SHEEP"": 2, ""COW"": 3, ""GOOSE"": 1}",0,0
84,3,12,1,420.0,6,6,1,"{""MELON"": 12, ""WHEAT"": 5, ""STRAWBERRY"": 1}","{""COW"": 2, ""SHEEP"": 3}",0,0
85,3,13,0,252.0,4,4,1,"{""WHEAT"": 12, ""CARROT"": 2, ""MELON"": 5}","{""SHEEP"": 2, ""COW"": 3, ""GOOSE"": 1}",0,0
85,3,13,1,420.0,6,6,1,"{""MELON"": 12, ""WHEAT"": 5, ""STRAWBERRY"": 1}","{""COW"": 2, ""SHEEP"": 3}",0,0
86,3,14,0,252.0,4,4,1,"{""WHEAT"": 12, ""MELON"": 5, ""CARROT"": 1}","{""SHEEP"": 2, ""COW"": 3, ""GOOSE"": 1}",0,0
86,3,14,1,320.0,6,6,1,"{""MELON"": 12, ""WHEAT"": 5, ""STRAWBERRY"": 1}","{""COW"": 2, ""SHEEP"": 3}",0,0
87,3,15,0,252.0,4,4,1,"{""WHEAT"": 11, ""MELON"": 5, ""CARROT"": 1}","{""SHEEP"": 2, ""COW"": 3, ""GOOSE"": 1}",0,0
87,3,15,1,320.0,6,6,1,"{""MELON"": 12, ""WHEAT"": 5, ""STRAWBERRY"": 1}","{""COW"": 2, ""SHEEP"": 3}",0,0
88,3,16,0,252.0,4,4,1,"{""WHEAT"": 12, ""MELON"": 5, ""CARROT"": 1}","{""COW"": 4, ""SHEEP"": 2, ""GOOSE"": 1}",0,0
88,3,16,1,220.0,6,6,1,"{""STRAWBERRY"": 2, ""MELON"": 12, ""WHEAT"": 5}","{""COW"": 2, ""SHEEP"": 3}",0,0
89,3,17,0,252.0,4,4,1,"{""WHEAT"": 12, ""MELON"": 5, ""CARROT"": 1}","{""COW"": 4, ""SHEEP"": 2, ""GOOSE"": 1}",0,0
89,3,17,1,220.0,6,6,1,"{""STRAWBERRY"": 3, ""MELON"": 12, ""WHEAT"": 4}","{""COW"": 2, ""SHEEP"": 3}",0,0
90,3,18,0,252.0,4,4,1,"{""WHEAT"": 12, ""MELON"": 5, ""CARROT"": 1}","{""COW"": 4, ""SHEEP"": 2, ""GOOSE"": 1}",0,0
90,3,18,1,120.0,6,6,1,"{""STRAWBERRY"": 4, ""MELON"": 12, ""WHEAT"": 4}","{""COW"": 2, ""SHEEP"": 3}",0,0
91,3,19,0,252.0,4,4,1,"{""WHEAT"": 12, ""MELON"": 5, ""CARROT"": 1}","{""COW"": 4, ""SHEEP"": 2, ""GOOSE"": 1}",0,0
91,3,19,1,120.0,6,6,1,"{""STRAWBERRY"": 4, ""MELON"": 12, ""WHEAT"": 4}","{""COW"": 2, ""SHEEP"": 3}",0,0
92,3,20,0,252.0,4,4,1,"{""WHEAT"": 12, ""MELON"": 5, ""CARROT"": 1}","{""COW"": 4, ""SHEEP"": 2, ""GOOSE"": 1}",0,0
92,3,20,1,120.0,6,6,1,"{""STRAWBERRY"": 4, ""MELON"": 12, ""WHEAT"": 4}","{""COW"": 2, ""SHEEP"": 3}",0,0
93,3,21,0,252.0,4,4,1,"{""WHEAT"": 12, ""MELON"": 5, ""CARROT"": 1}","{""COW"": 4, ""SHEEP"": 2, ""GOOSE"": 1}",0,0
93,3,21,1,120.0,6,6,1,"{""STRAWBERRY"": 4, ""MELON"": 12, ""WHEAT"": 4}","{""COW"": 2, ""SHEEP"": 3}",0,0
94,3,22,0,681.0,4,4,1,"{""WHEAT"": 12, ""MELON"": 5, ""CARROT"": 1}","{""COW"": 4, ""SHEEP"": 2, ""GOOSE"": 1}",0,0
94,3,22,1,120.0,6,6,1,"{""STRAWBERRY"": 4, ""MELON"": 12, ""WHEAT"": 4}","{""COW"": 2, ""SHEEP"": 3}",0,0
95,3,23,0,681.0,4,4,1,"{""WHEAT"": 12, ""MELON"": 5, ""CARROT"": 1}","{""COW"": 4, ""SHEEP"": 2, ""GOOSE"": 1}",0,0
95,3,23,1,120.0,6,6,1,"{""STRAWBERRY"": 4, ""MELON"": 12, ""WHEAT"": 4}","{""COW"": 2, ""SHEEP"": 3}",0,0
96,4,0,0,964.0,0,0,1,"{""WHEAT"": 12, ""MELON"": 5, ""CARROT"": 1}","{""COW"": 4, ""SHEEP"": 2, ""GOOSE"": 1}",0,9
96,4,0,1,120.0,0,0,1,"{""STRAWBERRY"": 4, ""MELON"": 12, ""WHEAT"": 3}","{""COW"": 2, ""SHEEP"": 3}",0,13
97,4,1,0,82.0,5,5,1,"{""WHEAT"": 12, ""MELON"": 5, ""CARROT"": 1}","{""COW"": 4, ""SHEEP"": 2, ""GOOSE"": 1}",0,9
97,4,1,1,100.0,6,6,1,"{""STRAWBERRY"": 4, ""MELON"": 12, ""WHEAT"": 3}","{""COW"": 2, ""SHEEP"": 3}",0,13
98,4,2,0,373.0,5,5,1,"{""WHEAT"": 12, ""MELON"": 5, ""CARROT"": 1}","{""COW"": 4, ""SHEEP"": 2, ""GOOSE"": 1}",0,0
98,4,2,1,100.0,6,6,1,"{""STRAWBERRY"": 4, ""MELON"": 12, ""WHEAT"": 3}","{""COW"": 2, ""SHEEP"": 3}",0,4
99,4,3,0,373.0,5,5,1,"{""WHEAT"": 12, ""MELON"": 5, ""CARROT"": 1}","{""COW"": 4, ""SHEEP"": 2, ""GOOSE"": 1}",0,0
99,4,3,1,194.0,6,6,1,"{""STRAWBERRY"": 4, ""MELON"": 12, ""WHEAT"": 3}","{""COW"": 2, ""SHEEP"": 3}",0,0
100,4,4,0,373.0,5,5,1,"{""WHEAT"": 12, ""MELON"": 5, ""CARROT"": 1}","{""COW"": 4, ""SHEEP"": 2, ""GOOSE"": 1}",0,0
100,4,4,1,194.0,6,6,1,"{""STRAWBERRY"": 4, ""MELON"": 12, ""WHEAT"": 3}","{""COW"": 2, ""SHEEP"": 3}",0,0
101,4,5,0,373.0,5,5,1,"{""WHEAT"": 12, ""MELON"": 5, ""CARROT"": 1}","{""COW"": 4, ""SHEEP"": 2, ""GOOSE"": 1}",0,0
101,4,5,1,194.0,6,6,1,"{""STRAWBERRY"": 4, ""MELON"": 12, ""WHEAT"": 3}","{""COW"": 2, ""SHEEP"": 3}",0,1
102,4,6,0,373.0,5,5,1,"{""WHEAT"": 11, ""MELON"": 5, ""CARROT"": 1}","{""COW"": 4, ""SHEEP"": 2, ""GOOSE"": 1}",0,0
102,4,6,1,288.0,6,6,1,"{""STRAWBERRY"": 4, ""MELON"": 12, ""WHEAT"": 3}","{""COW"": 2, ""SHEEP"": 3}",0,0
103,4,7,0,373.0,5,5,1,"{""WHEAT"": 11, ""MELON"": 5, ""CARROT"": 1}","{""COW"": 4, ""SHEEP"": 2, ""GOOSE"": 1}",0,0
103,4,7,1,288.0,6,6,1,"{""STRAWBERRY"": 4, ""MELON"": 12, ""WHEAT"": 3}","{""COW"": 2, ""SHEEP"": 3}",0,0
104,4,8,0,373.0,5,5,1,"{""WHEAT"": 11, ""MELON"": 5, ""CARROT"": 1}","{""COW"": 4, ""SHEEP"": 2, ""GOOSE"": 2}",0,0
104,4,8,1,288.0,6,6,1,"{""STRAWBERRY"": 4, ""MELON"": 12, ""WHEAT"": 3}","{""COW"": 2, ""SHEEP"": 3}",0,2
105,4,9,0,373.0,5,5,1,"{""WHEAT"": 10, ""MELON"": 5, ""CARROT"": 1}","{""COW"": 4, ""SHEEP"": 2, ""GOOSE"": 2}",0,0
105,4,9,1,474.0,6,6,1,"{""STRAWBERRY"": 4, ""MELON"": 12, ""WHEAT"": 2}","{""COW"": 2, ""SHEEP"": 3}",0,0
106,4,10,0,373.0,5,5,1,"{""WHEAT"": 8, ""MELON"": 5, ""CARROT"": 1}","{""COW"": 4, ""SHEEP"": 2, ""GOOSE"": 2}",0,0
106,4,10,1,474.0,6,6,1,"{""STRAWBERRY"": 5, ""MELON"": 12, ""WHEAT"": 2}","{""COW"": 2, ""SHEEP"": 3}",0,0
107,4,11,0,373.0,5,5,1,"{""WHEAT"": 10, ""MELON"": 5, ""CARROT"": 1}","{""COW"": 4, ""SHEEP"": 3, ""GOOSE"": 2}",0,0
107,4,11,1,374.0,6,6,1,"{""STRAWBERRY"": 5, ""MELON"": 12, ""WHEAT"": 2}","{""COW"": 2, ""SHEEP"": 3}",0,1
108,4,12,0,373.0,5,5,1,"{""WHEAT"": 9, ""MELON"": 5, ""CARROT"": 1}","{""COW"": 4, ""SHEEP"": 3, ""GOOSE"": 2}",0,0
108,4,12,1,467.0,6,6,1,"{""STRAWBERRY"": 5, ""MELON"": 12, ""WHEAT"": 2}","{""COW"": 2, ""SHEEP"": 3}",0,0
109,4,13,0,373.0,5,5,1,"{""WHEAT"": 8, ""STRAWBERRY"": 1, ""MELON"": 5, ""CARROT"": 1}","{""COW"": 4, ""SHEEP"": 3, ""GOOSE"": 2}",0,0
109,4,13,1,467.0,6,6,1,"{""STRAWBERRY"": 5, ""MELON"": 12, ""WHEAT"": 2}","{""COW"": 2, ""SHEEP"": 3}",0,0
110,4,14,0,373.0,5,5,1,"{""WHEAT"": 9, ""STRAWBERRY"": 1, ""MELON"": 5, ""CARROT"": 1}","{""COW"": 4, ""SHEEP"": 3, ""GOOSE"": 2}",0,0
110,4,14,1,467.0,6,6,1,"{""STRAWBERRY"": 5, ""MELON"": 12, ""WHEAT"": 1}","{""COW"": 2, ""SHEEP"": 3}",0,0
111,4,15,0,373.0,5,5,1,"{""WHEAT"": 9, ""STRAWBERRY"": 1, ""MELON"": 5, ""CARROT"": 1}","{""COW"": 4, ""SHEEP"": 3, ""GOOSE"": 2}",0,0
111,4,15,1,367.0,6,6,1,"{""STRAWBERRY"": 6, ""MELON"": 12, ""WHEAT"": 1}","{""COW"": 2, ""SHEEP"": 3}",0,3
112,4,16,0,373.0,5,5,1,"{""WHEAT"": 9, ""STRAWBERRY"": 1, ""MELON"": 5, ""CARROT"": 1}","{""COW"": 4, ""SHEEP"": 3, ""GOOSE"": 2}",0,0
112,4,16,1,329.0,6,6,1,"{""STRAWBERRY"": 6, ""MELON"": 12, ""WHEAT"": 1}","{""COW"": 2, ""SHEEP"": 3}",0,0
113,4,17,0,373.0,5,5,1,"{""WHEAT"": 9, ""STRAWBERRY"": 1, ""MELON"": 5, ""CARROT"": 1}","{""COW"": 4, ""SHEEP"": 3, ""GOOSE"": 2}",0,0
113,4,17,1,329.0,6,6,1,"{""STRAWBERRY"": 7, ""MELON"": 12}","{""COW"": 2, ""SHEEP"": 3}",0,0
114,4,18,0,373.0,5,5,1,"{""WHEAT"": 9, ""STRAWBERRY"": 1, ""MELON"": 5, ""CARROT"": 1}","{""COW"": 4, ""SHEEP"": 3, ""GOOSE"": 2}",0,0
114,4,18,1,329.0,6,6,1,"{""STRAWBERRY"": 8, ""MELON"": 12}","{""COW"": 2, ""SHEEP"": 3}",0,0
115,4,19,0,373.0,5,5,1,"{""WHEAT"": 9, ""STRAWBERRY"": 1, ""MELON"": 5, ""CARROT"": 1}","{""COW"": 4, ""SHEEP"": 3, ""GOOSE"": 2}",0,0
115,4,19,1,229.0,6,6,1,"{""STRAWBERRY"": 8, ""MELON"": 12}","{""COW"": 2, ""SHEEP"": 3}",0,0
116,4,20,0,373.0,5,5,1,"{""WHEAT"": 9, ""STRAWBERRY"": 1, ""MELON"": 5, ""CARROT"": 1}","{""COW"": 4, ""SHEEP"": 3, ""GOOSE"": 2}",0,0
116,4,20,1,229.0,6,6,1,"{""STRAWBERRY"": 8, ""MELON"": 12}","{""COW"": 2, ""SHEEP"": 3}",0,0
117,4,21,0,557.0,5,5,1,"{""WHEAT"": 9, ""STRAWBERRY"": 1, ""MELON"": 5, ""CARROT"": 1}","{""COW"": 4, ""SHEEP"": 3, ""GOOSE"": 2}",0,0
117,4,21,1,229.0,6,6,1,"{""STRAWBERRY"": 8, ""MELON"": 12}","{""COW"": 2, ""SHEEP"": 3}",0,0
118,4,22,0,772.0,5,5,1,"{""WHEAT"": 9, ""STRAWBERRY"": 1, ""MELON"": 5, ""CARROT"": 1}","{""COW"": 4, ""SHEEP"": 3, ""GOOSE"": 2}",0,0
118,4,22,1,229.0,6,6,1,"{""STRAWBERRY"": 8, ""MELON"": 12}","{""COW"": 2, ""SHEEP"": 3}",0,0
119,4,23,0,986.0,5,5,1,"{""WHEAT"": 9, ""STRAWBERRY"": 1, ""MELON"": 5, ""CARROT"": 1}","{""COW"": 4, ""SHEEP"": 3, ""GOOSE"": 2}",0,0
119,4,23,1,229.0,6,6,1,"{""STRAWBERRY"": 8, ""MELON"": 12}","{""COW"": 2, ""SHEEP"": 3}",0,0
120,5,0,0,1467.0,0,0,1,"{""WHEAT"": 9, ""STRAWBERRY"": 1, ""MELON"": 5, ""CARROT"": 1}","{""COW"": 4, ""SHEEP"": 3, ""GOOSE"": 2}",0,0
120,5,0,1,229.0,0,0,1,"{""STRAWBERRY"": 8, ""MELON"": 12}","{""COW"": 2, ""SHEEP"": 3}",0,18
121,5,1,0,305.0,5,5,2,"{""WHEAT"": 9, ""STRAWBERRY"": 1, ""MELON"": 5, ""CARROT"": 1}","{""COW"": 4, ""SHEEP"": 3, ""GOOSE"": 2}",0,0
121,5,1,1,151.0,6,6,1,"{""STRAWBERRY"": 8, ""MELON"": 12}","{""COW"": 2, ""SHEEP"": 3}",0,20
122,5,2,0,305.0,5,5,2,"{""WHEAT"": 9, ""STRAWBERRY"": 1, ""MELON"": 5, ""CARROT"": 1}","{""COW"": 4, ""SHEEP"": 3, ""GOOSE"": 2}",0,0
122,5,2,1,151.0,6,6,1,"{""STRAWBERRY"": 8, ""MELON"": 12}","{""COW"": 2, ""SHEEP"": 3}",0,7
123,5,3,0,305.0,5,5,2,"{""WHEAT"": 11, ""STRAWBERRY"": 1, ""MELON"": 5, ""CARROT"": 1}","{""COW"": 4, ""SHEEP"": 3, ""GOOSE"": 2}",0,0
123,5,3,1,242.0,6,6,1,"{""STRAWBERRY"": 8, ""MELON"": 12}","{""COW"": 2, ""SHEEP"": 3}",0,0
124,5,4,0,305.0,5,5,2,"{""WHEAT"": 11, ""STRAWBERRY"": 1, ""MELON"": 5, ""CARROT"": 1}","{""COW"": 4, ""SHEEP"": 3, ""GOOSE"": 2}",0,0
124,5,4,1,229.0,7,7,1,"{""STRAWBERRY"": 8, ""MELON"": 12}","{""COW"": 2, ""SHEEP"": 3}",0,0
125,5,5,0,305.0,5,5,2,"{""WHEAT"": 11, ""STRAWBERRY"": 1, ""MELON"": 5, ""CARROT"": 2}","{""COW"": 4, ""SHEEP"": 3, ""GOOSE"": 2}",0,0
125,5,5,1,229.0,7,7,1,"{""STRAWBERRY"": 8, ""MELON"": 12}","{""COW"": 2, ""SHEEP"": 3}",0,0
126,5,6,0,305.0,5,5,2,"{""WHEAT"": 13, ""STRAWBERRY"": 1, ""MELON"": 5, ""CARROT"": 2}","{""COW"": 4, ""SHEEP"": 3, ""GOOSE"": 2}",0,0
126,5,6,1,229.0,7,7,1,"{""STRAWBERRY"": 8, ""MELON"": 12}","{""COW"": 2, ""SHEEP"": 3}",0,0
127,5,7,0,305.0,5,5,2,"{""WHEAT"": 13, ""STRAWBERRY"": 1, ""MELON"": 5, ""CARROT"": 2}","{""COW"": 4, ""SHEEP"": 3, ""GOOSE"": 2}",0,0
127,5,7,1,229.0,7,7,1,"{""STRAWBERRY"": 8, ""MELON"": 12}","{""COW"": 2, ""SHEEP"": 3}",0,0
128,5,8,0,305.0,5,5,2,"{""WHEAT"": 13, ""STRAWBERRY"": 1, ""MELON"": 5, ""CARROT"": 2}","{""COW"": 4, ""SHEEP"": 3, ""GOOSE"": 2}",0,0
128,5,8,1,229.0,7,7,1,"{""STRAWBERRY"": 8, ""MELON"": 12}","{""COW"": 2, ""SHEEP"": 3}",0,2
129,5,9,0,305.0,5,5,2,"{""WHEAT"": 13, ""STRAWBERRY"": 1, ""MELON"": 5, ""CARROT"": 2}","{""COW"": 4, ""SHEEP"": 3, ""GOOSE"": 2}",0,0
129,5,9,1,411.0,7,7,1,"{""STRAWBERRY"": 8, ""MELON"": 12}","{""COW"": 2, ""SHEEP"": 3}",0,0
130,5,10,0,305.0,5,5,2,"{""WHEAT"": 15, ""STRAWBERRY"": 1, ""MELON"": 5, ""CARROT"": 2}","{""COW"": 4, ""SHEEP"": 3, ""GOOSE"": 2}",0,0
130,5,10,1,411.0,7,7,1,"{""STRAWBERRY"": 8, ""MELON"": 12}","{""COW"": 2, ""SHEEP"": 3}",0,1
131,5,11,0,305.0,5,5,2,"{""WHEAT"": 15, ""STRAWBERRY"": 1, ""MELON"": 5, ""CARROT"": 2}","{""COW"": 4, ""SHEEP"": 3, ""GOOSE"": 2}",0,0
131,5,11,1,502.0,7,7,1,"{""STRAWBERRY"": 8, ""MELON"": 12}","{""COW"": 2, ""SHEEP"": 3}",0,0
132,5,12,0,305.0,5,5,2,"{""WHEAT"": 17, ""STRAWBERRY"": 1, ""MELON"": 5, ""CARROT"": 2}","{""COW"": 4, ""SHEEP"": 3, ""GOOSE"": 2}",0,0
132,5,12,1,502.0,7,7,1,"{""STRAWBERRY"": 8, ""MELON"": 12}","{""COW"": 2, ""SHEEP"": 3}",0,1
133,5,13,0,305.0,5,5,2,"{""WHEAT"": 17, ""STRAWBERRY"": 1, ""MELON"": 5, ""CARROT"": 2}","{""COW"": 4, ""SHEEP"": 3, ""GOOSE"": 2}",0,0
133,5,13,1,593.0,7,7,1,"{""STRAWBERRY"": 8, ""MELON"": 12}","{""COW"": 2, ""SHEEP"": 3}",0,0
134,5,14,0,305.0,5,5,2,"{""WHEAT"": 17, ""STRAWBERRY"": 1, ""MELON"": 5, ""CARROT"": 2}","{""COW"": 4, ""SHEEP"": 3, ""GOOSE"": 2}",0,0
134,5,14,1,593.0,7,7,1,"{""STRAWBERRY"": 8, ""MELON"": 12}","{""COW"": 2, ""SHEEP"": 3}",0,3
135,5,15,0,305.0,5,5,2,"{""WHEAT"": 19, ""STRAWBERRY"": 1, ""MELON"": 5, ""CARROT"": 2}","{""COW"": 4, ""SHEEP"": 3, ""GOOSE"": 2}",0,0
135,5,15,1,593.0,7,7,1,"{""STRAWBERRY"": 8, ""MELON"": 12}","{""COW"": 2, ""SHEEP"": 3}",0,2
136,5,16,0,305.0,5,5,2,"{""WHEAT"": 19, ""STRAWBERRY"": 1, ""MELON"": 5, ""CARROT"": 2}","{""COW"": 4, ""SHEEP"": 3, ""GOOSE"": 2}",0,0
136,5,16,1,593.0,7,7,1,"{""STRAWBERRY"": 8, ""MELON"": 12}","{""COW"": 2, ""SHEEP"": 3}",0,1
137,5,17,0,305.0,5,5,2,"{""WHEAT"": 19, ""STRAWBERRY"": 1, ""MELON"": 5, ""CARROT"": 2}","{""COW"": 4, ""SHEEP"": 3, ""GOOSE"": 2}",0,0
137,5,17,1,593.0,7,7,1,"{""STRAWBERRY"": 8, ""MELON"": 12}","{""COW"": 2, ""SHEEP"": 3}",0,0
138,5,18,0,305.0,5,5,2,"{""WHEAT"": 20, ""STRAWBERRY"": 1, ""MELON"": 5, ""CARROT"": 2}","{""COW"": 4, ""SHEEP"": 3, ""GOOSE"": 2}",0,0
138,5,18,1,593.0,7,7,1,"{""STRAWBERRY"": 8, ""MELON"": 12}","{""COW"": 2, ""SHEEP"": 3}",0,3
139,5,19,0,305.0,5,5,2,"{""WHEAT"": 20, ""STRAWBERRY"": 1, ""MELON"": 5, ""CARROT"": 2}","{""COW"": 4, ""SHEEP"": 3, ""GOOSE"": 2}",0,0
139,5,19,1,593.0,7,7,1,"{""STRAWBERRY"": 8, ""MELON"": 12}","{""COW"": 2, ""SHEEP"": 3}",0,2
140,5,20,0,305.0,5,5,2,"{""WHEAT"": 20, ""STRAWBERRY"": 1, ""MELON"": 5, ""CARROT"": 2}","{""COW"": 4, ""SHEEP"": 3, ""GOOSE"": 2}",0,0
140,5,20,1,593.0,7,7,1,"{""STRAWBERRY"": 8, ""MELON"": 12}","{""COW"": 2, ""SHEEP"": 3}",0,1
141,5,21,0,305.0,5,5,2,"{""WHEAT"": 20, ""STRAWBERRY"": 1, ""MELON"": 5, ""CARROT"": 2}","{""COW"": 4, ""SHEEP"": 3, ""GOOSE"": 2}",0,0
141,5,21,1,593.0,7,7,1,"{""STRAWBERRY"": 8, ""MELON"": 12}","{""COW"": 2, ""SHEEP"": 3}",0,0
142,5,22,0,1022.0,5,5,2,"{""WHEAT"": 20, ""STRAWBERRY"": 1, ""MELON"": 5, ""CARROT"": 2}","{""COW"": 4, ""SHEEP"": 3, ""GOOSE"": 2}",0,0
142,5,22,1,593.0,7,7,1,"{""STRAWBERRY"": 8, ""MELON"": 12}","{""COW"": 2, ""SHEEP"": 3}",0,3
143,5,23,0,1022.0,5,5,2,"{""WHEAT"": 20, ""STRAWBERRY"": 1, ""MELON"": 5, ""CARROT"": 2}","{""COW"": 4, ""SHEEP"": 3, ""GOOSE"": 2}",0,0
143,5,23,1,593.0,7,7,1,"{""STRAWBERRY"": 8, ""MELON"": 12}","{""COW"": 2, ""SHEEP"": 3}",0,2
144,6,0,0,1022.0,0,0,2,"{""WHEAT"": 20, ""STRAWBERRY"": 1, ""MELON"": 5, ""CARROT"": 2}","{""COW"": 4, ""SHEEP"": 3, ""GOOSE"": 2}",0,2
144,6,0,1,593.0,0,0,1,"{""STRAWBERRY"": 8, ""MELON"": 12}","{""COW"": 2, ""SHEEP"": 3}",0,15
145,6,1,0,319.0,5,5,2,"{""WHEAT"": 20, ""STRAWBERRY"": 1, ""MELON"": 5, ""CARROT"": 2}","{""COW"": 4, ""SHEEP"": 3, ""GOOSE"": 2}",0,5
145,6,1,1,477.0,8,8,1,"{""STRAWBERRY"": 8, ""MELON"": 12}","{""COW"": 2, ""SHEEP"": 3}",0,17
146,6,2,0,319.0,5,5,2,"{""WHEAT"": 20, ""STRAWBERRY"": 1, ""MELON"": 5, ""CARROT"": 2}","{""COW"": 4, ""SHEEP"": 3, ""GOOSE"": 2}",0,0
146,6,2,1,508.0,8,8,1,"{""STRAWBERRY"": 8, ""MELON"": 12}","{""COW"": 2, ""SHEEP"": 3}",0,14
147,6,3,0,319.0,5,5,2,"{""WHEAT"": 20, ""STRAWBERRY"": 2, ""MELON"": 5, ""CARROT"": 2}","{""COW"": 4, ""SHEEP"": 3, ""GOOSE"": 2}",0,0
147,6,3,1,508.0,8,8,1,"{""STRAWBERRY"": 8, ""MELON"": 12}","{""COW"": 2, ""SHEEP"": 3}",0,14
148,6,4,0,319.0,5,5,2,"{""WHEAT"": 20, ""STRAWBERRY"": 2, ""MELON"": 5, ""CARROT"": 2}","{""COW"": 4, ""SHEEP"": 3, ""GOOSE"": 2}",0,0
148,6,4,1,508.0,8,8,1,"{""STRAWBERRY"": 8, ""MELON"": 12}","{""COW"": 2, ""SHEEP"": 3}",0,20
149,6,5,0,319.0,5,5,2,"{""WHEAT"": 21, ""STRAWBERRY"": 2, ""MELON"": 5, ""CARROT"": 2}","{""COW"": 4, ""SHEEP"": 3, ""GOOSE"": 2}",0,0
149,6,5,1,1793.0,8,8,1,"{""STRAWBERRY"": 8, ""MELON"": 12}","{""COW"": 2, ""SHEEP"": 3}",0,0
150,6,6,0,408.0,5,5,2,"{""WHEAT"": 21, ""STRAWBERRY"": 2, ""MELON"": 5, ""CARROT"": 2}","{""COW"": 4, ""SHEEP"": 3, ""GOOSE"": 2}",0,0
150,6,6,1,793.0,8,8,2,"{""STRAWBERRY"": 8, ""MELON"": 12}","{""COW"": 2, ""SHEEP"": 3}",0,6
151,6,7,0,408.0,5,5,2,"{""WHEAT"": 21, ""STRAWBERRY"": 2, ""MELON"": 5, ""CARROT"": 2}","{""COW"": 4, ""SHEEP"": 3, ""GOOSE"": 2}",0,0
151,6,7,1,1473.0,8,8,2,"{""STRAWBERRY"": 8, ""MELON"": 12}","{""COW"": 2, ""SHEEP"": 3}",0,14
152,6,8,0,408.0,5,5,2,"{""WHEAT"": 20, ""STRAWBERRY"": 3, ""MELON"": 5, ""CARROT"": 2}","{""COW"": 4, ""SHEEP"": 3, ""GOOSE"": 2}",0,0
152,6,8,1,2916.0,8,8,2,"{""STRAWBERRY"": 8, ""MELON"": 12}","{""COW"": 2, ""SHEEP"": 3}",0,4
153,6,9,0,1447.0,5,5,2,"{""WHEAT"": 20, ""STRAWBERRY"": 3, ""CARROT"": 3, ""MELON"": 5}","{""COW"": 4, ""SHEEP"": 3, ""GOOSE"": 2}",0,0
153,6,9,1,2516.0,8,8,2,"{""STRAWBERRY"": 8, ""MELON"": 12}","{""COW"": 2, ""SHEEP"": 3}",0,2
154,6,10,0,1447.0,5,5,2,"{""WHEAT"": 20, ""STRAWBERRY"": 3, ""CARROT"": 2, ""MELON"": 5}","{""COW"": 4, ""SHEEP"": 3, ""GOOSE"": 2}",0,0
154,6,10,1,2416.0,8,8,2,"{""STRAWBERRY"": 9, ""MELON"": 12}","{""COW"": 2, ""SHEEP"": 3}",0,1
155,6,11,0,1447.0,5,5,2,"{""WHEAT"": 21, ""STRAWBERRY"": 4, ""CARROT"": 2, ""MELON"": 5}","{""COW"": 4, ""SHEEP"": 3, ""GOOSE"": 2}",0,0
155,6,11,1,2006.0,8,8,2,"{""STRAWBERRY"": 9, ""MELON"": 12}","{""COW"": 3, ""SHEEP"": 3}",0,3
156,6,12,0,1447.0,5,5,2,"{""WHEAT"": 21, ""STRAWBERRY"": 4, ""CARROT"": 3, ""MELON"": 5}","{""COW"": 4, ""SHEEP"": 3, ""GOOSE"": 2}",0,0
156,6,12,1,1794.0,8,8,2,"{""STRAWBERRY"": 9, ""MELON"": 12}","{""COW"": 3, ""SHEEP"": 3}",0,2
157,6,13,0,1447.0,5,5,2,"{""WHEAT"": 21, ""STRAWBERRY"": 4, ""CARROT"": 3, ""MELON"": 5}","{""COW"": 4, ""SHEEP"": 3, ""GOOSE"": 2}",0,0
157,6,13,1,1694.0,8,8,2,"{""STRAWBERRY"": 11, ""MELON"": 12}","{""COW"": 3, ""SHEEP"": 3}",0,1
158,6,14,0,1447.0,5,5,2,"{""WHEAT"": 21, ""STRAWBERRY"": 5, ""CARROT"": 4, ""MELON"": 5}","{""COW"": 4, ""SHEEP"": 3, ""GOOSE"": 2}",0,0
158,6,14,1,1194.0,8,8,2,"{""STRAWBERRY"": 11, ""MELON"": 12}","{""COW"": 3, ""SHEEP"": 3, ""GOOSE"": 1}",0,2
159,6,15,0,1447.0,5,5,2,"{""WHEAT"": 21, ""STRAWBERRY"": 5, ""CARROT"": 5, ""MELON"": 5}","{""COW"": 4, ""SHEEP"": 3, ""GOOSE"": 2}",0,0
159,6,15,1,1094.0,8,8,2,"{""STRAWBERRY"": 11, ""MELON"": 12}","{""COW"": 3, ""SHEEP"": 3, ""GOOSE"": 1}",0,1
160,6,16,0,1447.0,5,5,2,"{""WHEAT"": 21, ""STRAWBERRY"": 5, ""CARROT"": 5, ""MELON"": 5}","{""COW"": 4, ""SHEEP"": 3, ""GOOSE"": 2}",0,0
160,6,16,1,594.0,8,8,2,"{""STRAWBERRY"": 12, ""MELON"": 12}","{""COW"": 3, ""SHEEP"": 3, ""GOOSE"": 2}",0,2
161,6,17,0,1447.0,5,5,2,"{""WHEAT"": 21, ""STRAWBERRY"": 5, ""CARROT"": 5, ""MELON"": 5}","{""COW"": 4, ""SHEEP"": 3, ""GOOSE"": 2}",0,0
161,6,17,1,494.0,8,8,2,"{""STRAWBERRY"": 14, ""MELON"": 12}","{""COW"": 3, ""SHEEP"": 3, ""GOOSE"": 2}",0,2
162,6,18,0,1447.0,5,5,2,"{""WHEAT"": 21, ""STRAWBERRY"": 6, ""CARROT"": 6, ""MELON"": 5}","{""COW"": 4, ""SHEEP"": 3, ""GOOSE"": 2}",0,0
162,6,18,1,394.0,8,8,2,"{""STRAWBERRY"": 15, ""MELON"": 12}","{""COW"": 3, ""SHEEP"": 3, ""GOOSE"": 3}",0,2
163,6,19,0,1447.0,5,5,2,"{""WHEAT"": 21, ""STRAWBERRY"": 6, ""CARROT"": 6, ""MELON"": 5}","{""COW"": 4, ""SHEEP"": 3, ""GOOSE"": 2}",0,0
163,6,19,1,294.0,8,8,2,"{""STRAWBERRY"": 16, ""MELON"": 12}","{""COW"": 4, ""SHEEP"": 3, ""GOOSE"": 3}",0,1
164,6,20,0,1447.0,5,5,2,"{""WHEAT"": 21, ""STRAWBERRY"": 6, ""CARROT"": 6, ""MELON"": 5}","{""COW"": 4, ""SHEEP"": 3, ""GOOSE"": 2}",0,0
164,6,20,1,194.0,8,8,2,"{""STRAWBERRY"": 18, ""MELON"": 12}","{""COW"": 4, ""SHEEP"": 3, ""GOOSE"": 3}",0,1
165,6,21,0,1447.0,5,5,2,"{""WHEAT"": 21, ""STRAWBERRY"": 6, ""CARROT"": 8, ""MELON"": 5}","{""COW"": 4, ""SHEEP"": 3, ""GOOSE"": 2}",0,0
165,6,21,1,94.0,8,8,2,"{""STRAWBERRY"": 19, ""MELON"": 12, ""WHEAT"": 1}","{""COW"": 4, ""SHEEP"": 3, ""GOOSE"": 3}",0,0
166,6,22,0,1447.0,5,5,2,"{""WHEAT"": 21, ""STRAWBERRY"": 6, ""CARROT"": 8, ""MELON"": 5}","{""COW"": 4, ""SHEEP"": 3, ""GOOSE"": 2}",0,0
166,6,22,1,94.0,8,8,2,"{""STRAWBERRY"": 20, ""MELON"": 12, ""WHEAT"": 1}","{""COW"": 4, ""SHEEP"": 3, ""GOOSE"": 3}",0,0
167,6,23,0,1447.0,5,5,2,"{""WHEAT"": 21, ""STRAWBERRY"": 6, ""CARROT"": 8, ""MELON"": 5}","{""COW"": 4, ""SHEEP"": 3, ""GOOSE"": 2}",0,0
167,6,23,1,94.0,8,8,2,"{""STRAWBERRY"": 21, ""MELON"": 12, ""WHEAT"": 1}","{""COW"": 5, ""SHEEP"": 3, ""GOOSE"": 3}",0,0
168,7,0,0,1447.0,0,0,2,"{""WHEAT"": 21, ""STRAWBERRY"": 6, ""CARROT"": 8, ""MELON"": 5}","{""COW"": 4, ""SHEEP"": 3, ""GOOSE"": 2}",0,17
168,7,0,1,94.0,0,0,2,"{""STRAWBERRY"": 21, ""MELON"": 12, ""WHEAT"": 1}","{""COW"": 5, ""SHEEP"": 3, ""GOOSE"": 3}",0,13
169,7,1,0,566.0,3,3,2,"{""WHEAT"": 21, ""STRAWBERRY"": 6, ""CARROT"": 8, ""MELON"": 5}","{""COW"": 4, ""SHEEP"": 3, ""GOOSE"": 2}",0,9
169,7,1,1,127.0,8,8,2,"{""STRAWBERRY"": 21, ""MELON"": 12, ""WHEAT"": 1}","{""COW"": 5, ""SHEEP"": 3, ""GOOSE"": 3}",0,0
170,7,2,0,534.0,9,9,2,"{""WHEAT"": 21, ""STRAWBERRY"": 6, ""CARROT"": 8, ""MELON"": 5}","{""COW"": 4, ""SHEEP"": 3, ""GOOSE"": 2}",0,8
170,7,2,1,93.0,9,9,2,"{""STRAWBERRY"": 21, ""MELON"": 12, ""WHEAT"": 1}","{""COW"": 5, ""SHEEP"": 3, ""GOOSE"": 3}",0,0
171,7,3,0,534.0,9,9,2,"{""WHEAT"": 21, ""STRAWBERRY"": 6, ""CARROT"": 8, ""MELON"": 5}","{""COW"": 4, ""SHEEP"": 3, ""GOOSE"": 2}",0,3
171,7,3,1,93.0,9,9,2,"{""STRAWBERRY"": 21, ""MELON"": 12, ""WHEAT"": 1}","{""COW"": 5, ""SHEEP"": 3, ""GOOSE"": 3}",0,2
172,7,4,0,534.0,9,9,2,"{""WHEAT"": 21, ""STRAWBERRY"": 6, ""CARROT"": 8, ""MELON"": 5}","{""COW"": 4, ""SHEEP"": 3, ""GOOSE"": 2}",0,2
172,7,4,1,265.0,9,9,2,"{""STRAWBERRY"": 21, ""MELON"": 12, ""WHEAT"": 1}","{""COW"": 5, ""SHEEP"": 3, ""GOOSE"": 3}",0,0
173,7,5,0,534.0,9,9,2,"{""WHEAT"": 21, ""STRAWBERRY"": 6, ""CARROT"": 8, ""MELON"": 5}","{""COW"": 4, ""SHEEP"": 3, ""GOOSE"": 2}",0,2
173,7,5,1,265.0,9,9,2,"{""STRAWBERRY"": 21, ""MELON"": 12, ""WHEAT"": 1}","{""COW"": 5, ""SHEEP"": 3, ""GOOSE"": 3}",0,0
174,7,6,0,534.0,9,9,2,"{""WHEAT"": 19, ""STRAWBERRY"": 6, ""CARROT"": 8, ""MELON"": 5}","{""COW"": 4, ""SHEEP"": 3, ""GOOSE"": 2}",0,2
174,7,6,1,165.0,9,9,2,"{""STRAWBERRY"": 21, ""MELON"": 12, ""WHEAT"": 1}","{""COW"": 5, ""SHEEP"": 3, ""GOOSE"": 3}",0,2
175,7,7,0,534.0,9,9,2,"{""WHEAT"": 18, ""STRAWBERRY"": 7, ""CARROT"": 8, ""MELON"": 5}","{""COW"": 4, ""SHEEP"": 3, ""GOOSE"": 2}",0,2
175,7,7,1,172.0,9,9,2,"{""STRAWBERRY"": 21, ""MELON"": 12, ""WHEAT"": 1}","{""COW"": 5, ""SHEEP"": 3, ""GOOSE"": 3}",0,7
176,7,8,0,534.0,9,9,2,"{""WHEAT"": 16, ""STRAWBERRY"": 9, ""CARROT"": 8, ""MELON"": 5}","{""COW"": 4, ""SHEEP"": 3, ""GOOSE"": 2}",0,2
176,7,8,1,342.0,9,9,2,"{""STRAWBERRY"": 21, ""MELON"": 12, ""WHEAT"": 1}","{""COW"": 5, ""SHEEP"": 3, ""GOOSE"": 3}",0,0
177,7,9,0,534.0,9,9,2,"{""WHEAT"": 15, ""STRAWBERRY"": 10, ""CARROT"": 8, ""MELON"": 5}","{""COW"": 4, ""SHEEP"": 3, ""GOOSE"": 2}",0,2
177,7,9,1,210.0,9,9,2,"{""STRAWBERRY"": 21, ""MELON"": 12, ""WHEAT"": 1}","{""COW"": 5, ""SHEEP"": 3, ""GOOSE"": 3}",0,5
178,7,10,0,534.0,9,9,2,"{""WHEAT"": 14, ""STRAWBERRY"": 11, ""CARROT"": 8, ""MELON"": 5}","{""COW"": 4, ""SHEEP"": 3, ""GOOSE"": 3}",0,2
178,7,10,1,195.0,9,9,2,"{""STRAWBERRY"": 22, ""MELON"": 12, ""WHEAT"": 1}","{""COW"": 5, ""SHEEP"": 3, ""GOOSE"": 3}",0,0
179,7,11,0,534.0,9,9,2,"{""WHEAT"": 13, ""STRAWBERRY"": 12, ""CARROT"": 7, ""MELON"": 5}","{""COW"": 4, ""SHEEP"": 3, ""GOOSE"": 3}",0,2
179,7,11,1,29.0,9,9,2,"{""STRAWBERRY"": 22, ""MELON"": 12, ""WHEAT"": 1}","{""COW"": 5, ""SHEEP"": 3, ""GOOSE"": 3}",0,3
180,7,12,0,534.0,9,9,2,"{""WHEAT"": 13, ""STRAWBERRY"": 13, ""CARROT"": 7, ""MELON"": 5}","{""COW"": 4, ""SHEEP"": 3, ""GOOSE"": 3}",0,2
180,7,12,1,14.0,9,9,2,"{""STRAWBERRY"": 22, ""MELON"": 12, ""WHEAT"": 1}","{""COW"": 5, ""SHEEP"": 3, ""GOOSE"": 3}",0,6
181,7,13,0,534.0,9,9,2,"{""WHEAT"": 13, ""STRAWBERRY"": 13, ""CARROT"": 7, ""MELON"": 5}","{""COW"": 4, ""SHEEP"": 3, ""GOOSE"": 4}",0,2
181,7,13,1,98.0,9,9,2,"{""STRAWBERRY"": 23, ""MELON"": 12, ""WHEAT"": 1}","{""COW"": 5, ""SHEEP"": 3, ""GOOSE"": 3}",0,0
182,7,14,0,534.0,9,9,2,"{""WHEAT"": 12, ""STRAWBERRY"": 14, ""CARROT"": 7, ""MELON"": 5}","{""COW"": 4, ""SHEEP"": 3, ""GOOSE"": 4}",0,2
182,7,14,1,30.0,9,9,2,"{""STRAWBERRY"": 24, ""MELON"": 12, ""WHEAT"": 1}","{""COW"": 5, ""SHEEP"": 3, ""GOOSE"": 3}",0,3
183,7,15,0,534.0,9,9,2,"{""WHEAT"": 11, ""STRAWBERRY"": 14, ""CARROT"": 7, ""MELON"": 5}","{""COW"": 4, ""SHEEP"": 3, ""GOOSE"": 4}",0,2
183,7,15,1,14.0,9,9,2,"{""STRAWBERRY"": 24, ""MELON"": 12, ""WHEAT"": 1}","{""COW"": 5, ""SHEEP"": 3, ""GOOSE"": 3}",0,0
184,7,16,0,534.0,9,9,2,"{""WHEAT"": 10, ""STRAWBERRY"": 15, ""CARROT"": 7, ""MELON"": 5}","{""COW"": 4, ""SHEEP"": 3, ""GOOSE"": 5}",0,2
184,7,16,1,14.0,9,9,2,"{""STRAWBERRY"": 24, ""MELON"": 12, ""WHEAT"": 1}","{""COW"": 5, ""SHEEP"": 3, ""GOOSE"": 3}",0,0
185,7,17,0,534.0,9,9,2,"{""WHEAT"": 10, ""STRAWBERRY"": 16, ""CARROT"": 7, ""MELON"": 5}","{""COW"": 4, ""SHEEP"": 3, ""GOOSE"": 5}",0,2
185,7,17,1,14.0,9,9,2,"{""STRAWBERRY"": 24, ""MELON"": 12, ""WHEAT"": 1}","{""COW"": 5, ""SHEEP"": 3, ""GOOSE"": 3}",0,0
186,7,18,0,534.0,9,9,2,"{""WHEAT"": 10, ""STRAWBERRY"": 16, ""CARROT"": 7, ""MELON"": 5}","{""COW"": 4, ""SHEEP"": 3, ""GOOSE"": 5}",0,2
186,7,18,1,14.0,9,9,2,"{""STRAWBERRY"": 25, ""MELON"": 12, ""WHEAT"": 1}","{""COW"": 5, ""SHEEP"": 3, ""GOOSE"": 3}",0,0
187,7,19,0,534.0,9,9,2,"{""WHEAT"": 10, ""STRAWBERRY"": 16, ""CARROT"": 7, ""MELON"": 5}","{""COW"": 4, ""SHEEP"": 3, ""GOOSE"": 5}",0,2
187,7,19,1,14.0,9,9,2,"{""STRAWBERRY"": 25, ""MELON"": 12, ""WHEAT"": 1}","{""COW"": 5, ""SHEEP"": 3, ""GOOSE"": 3}",0,0
188,7,20,0,534.0,9,9,2,"{""WHEAT"": 9, ""STRAWBERRY"": 16, ""CARROT"": 7, ""MELON"": 5}","{""COW"": 4, ""SHEEP"": 3, ""GOOSE"": 5}",0,2
188,7,20,1,14.0,9,9,2,"{""STRAWBERRY"": 25, ""MELON"": 12, ""WHEAT"": 1}","{""COW"": 5, ""SHEEP"": 3, ""GOOSE"": 3}",0,0
189,7,21,0,534.0,9,9,2,"{""WHEAT"": 9, ""STRAWBERRY"": 16, ""CARROT"": 7, ""MELON"": 5}","{""COW"": 4, ""SHEEP"": 3, ""GOOSE"": 5}",0,2
189,7,21,1,14.0,9,9,2,"{""STRAWBERRY"": 25, ""MELON"": 12, ""WHEAT"": 1}","{""COW"": 5, ""SHEEP"": 3, ""GOOSE"": 3}",0,0
190,7,22,0,534.0,9,9,2,"{""STRAWBERRY"": 16, ""CARROT"": 7, ""MELON"": 5, ""WHEAT"": 6}","{""COW"": 5, ""SHEEP"": 3, ""GOOSE"": 5}",0,2
190,7,22,1,14.0,9,9,2,"{""STRAWBERRY"": 25, ""MELON"": 12, ""WHEAT"": 1}","{""COW"": 5, ""SHEEP"": 3, ""GOOSE"": 3}",0,0
191,7,23,0,702.0,9,9,2,"{""WHEAT"": 7, ""STRAWBERRY"": 18, ""CARROT"": 7, ""MELON"": 5}","{""COW"": 5, ""SHEEP"": 3, ""GOOSE"": 5}",0,2
191,7,23,1,14.0,9,9,2,"{""STRAWBERRY"": 25, ""MELON"": 12, ""WHEAT"": 1}","{""COW"": 5, ""SHEEP"": 3, ""GOOSE"": 3}",0,0
192,8,0,0,1023.0,0,0,2,"{""WHEAT"": 7, ""STRAWBERRY"": 18, ""CARROT"": 7, ""MELON"": 5}","{""COW"": 5, ""SHEEP"": 3, ""GOOSE"": 5}",0,35
192,8,0,1,14.0,0,0,2,"{""STRAWBERRY"": 25, ""MELON"": 12, ""WHEAT"": 1}","{""COW"": 5, ""SHEEP"": 3, ""GOOSE"": 3}",0,18
193,8,1,0,649.0,4,4,2,"{""WHEAT"": 7, ""STRAWBERRY"": 18, ""CARROT"": 7, ""MELON"": 5}","{""COW"": 5, ""SHEEP"": 3, ""GOOSE"": 5}",0,17
193,8,1,1,10.0,8,8,2,"{""STRAWBERRY"": 25, ""MELON"": 12, ""WHEAT"": 1}","{""COW"": 5, ""SHEEP"": 3, ""GOOSE"": 3}",0,18
194,8,2,0,623.0,7,7,2,"{""WHEAT"": 7, ""STRAWBERRY"": 18, ""CARROT"": 7, ""MELON"": 5}","{""COW"": 5, ""SHEEP"": 3, ""GOOSE"": 5}",0,8
194,8,2,1,10.0,8,8,2,"{""STRAWBERRY"": 25, ""MELON"": 12, ""WHEAT"": 1}","{""COW"": 5, ""SHEEP"": 3, ""GOOSE"": 3}",0,15
195,8,3,0,623.0,7,7,2,"{""WHEAT"": 7, ""STRAWBERRY"": 18, ""CARROT"": 7, ""MELON"": 5}","{""COW"": 5, ""SHEEP"": 3, ""GOOSE"": 5}",0,2
195,8,3,1,1067.0,9,9,2,"{""STRAWBERRY"": 25, ""MELON"": 12, ""WHEAT"": 1}","{""COW"": 5, ""SHEEP"": 3, ""GOOSE"": 3}",0,10
196,8,4,0,623.0,7,7,2,"{""WHEAT"": 7, ""STRAWBERRY"": 18, ""CARROT"": 7, ""MELON"": 5}","{""COW"": 5, ""SHEEP"": 3, ""GOOSE"": 5}",0,2
196,8,4,1,1149.0,9,9,2,"{""STRAWBERRY"": 25, ""MELON"": 12, ""WHEAT"": 1}","{""COW"": 5, ""SHEEP"": 3, ""GOOSE"": 3}",0,8
197,8,5,0,623.0,7,7,2,"{""WHEAT"": 7, ""STRAWBERRY"": 18, ""CARROT"": 7, ""MELON"": 5}","{""COW"": 5, ""SHEEP"": 3, ""GOOSE"": 5}",0,2
197,8,5,1,1231.0,9,9,2,"{""STRAWBERRY"": 25, ""MELON"": 12, ""WHEAT"": 1}","{""COW"": 5, ""SHEEP"": 3, ""GOOSE"": 3}",0,0
198,8,6,0,623.0,7,7,2,"{""WHEAT"": 7, ""STRAWBERRY"": 18, ""CARROT"": 7, ""MELON"": 5}","{""COW"": 5, ""SHEEP"": 3, ""GOOSE"": 5}",0,2
198,8,6,1,1231.0,9,9,2,"{""STRAWBERRY"": 25, ""MELON"": 12, ""WHEAT"": 1}","{""COW"": 5, ""SHEEP"": 3, ""GOOSE"": 3}",0,0
199,8,7,0,623.0,7,7,2,"{""WHEAT"": 7, ""STRAWBERRY"": 18, ""CARROT"": 7, ""MELON"": 5}","{""COW"": 5, ""SHEEP"": 3, ""GOOSE"": 5}",0,2
199,8,7,1,1131.0,9,9,2,"{""STRAWBERRY"": 25, ""MELON"": 12, ""WHEAT"": 1}","{""COW"": 5, ""SHEEP"": 3, ""GOOSE"": 3}",0,6
200,8,8,0,623.0,7,7,2,"{""WHEAT"": 7, ""STRAWBERRY"": 18, ""CARROT"": 7, ""MELON"": 5}","{""COW"": 5, ""SHEEP"": 3, ""GOOSE"": 5}",0,2
200,8,8,1,1989.0,9,9,2,"{""STRAWBERRY"": 25, ""MELON"": 12, ""WHEAT"": 1}","{""COW"": 5, ""SHEEP"": 3, ""GOOSE"": 3}",0,5
201,8,9,0,623.0,7,7,2,"{""WHEAT"": 7, ""STRAWBERRY"": 18, ""CARROT"": 7, ""MELON"": 5}","{""COW"": 5, ""SHEEP"": 3, ""GOOSE"": 5}",0,2
201,8,9,1,2070.0,9,9,2,"{""STRAWBERRY"": 25, ""MELON"": 12, ""WHEAT"": 1}","{""COW"": 5, ""SHEEP"": 3, ""GOOSE"": 3}",0,5
202,8,10,0,623.0,7,7,2,"{""WHEAT"": 7, ""STRAWBERRY"": 18, ""CARROT"": 6, ""MELON"": 5}","{""COW"": 5, ""SHEEP"": 3, ""GOOSE"": 5}",0,2
202,8,10,1,2151.0,9,9,2,"{""STRAWBERRY"": 25, ""MELON"": 12, ""WHEAT"": 1}","{""COW"": 5, ""SHEEP"": 3, ""GOOSE"": 3}",0,4
203,8,11,0,623.0,7,7,2,"{""WHEAT"": 6, ""STRAWBERRY"": 19, ""CARROT"": 6, ""MELON"": 5}","{""COW"": 5, ""SHEEP"": 3, ""GOOSE"": 5}",0,2
203,8,11,1,2151.0,9,9,2,"{""STRAWBERRY"": 25, ""MELON"": 12, ""WHEAT"": 1}","{""COW"": 5, ""SHEEP"": 3, ""GOOSE"": 3}",0,5
204,8,12,0,623.0,7,7,2,"{""WHEAT"": 6, ""STRAWBERRY"": 19, ""CARROT"": 5, ""MELON"": 5}","{""COW"": 5, ""SHEEP"": 3, ""GOOSE"": 5}",0,2
204,8,12,1,2232.0,9,9,2,"{""STRAWBERRY"": 25, ""MELON"": 12, ""WHEAT"": 1}","{""COW"": 5, ""SHEEP"": 3, ""GOOSE"": 3}",0,0
205,8,13,0,623.0,7,7,2,"{""WHEAT"": 7, ""STRAWBERRY"": 19, ""CARROT"": 5, ""MELON"": 5}","{""COW"": 5, ""SHEEP"": 4, ""GOOSE"": 5}",0,2
205,8,13,1,2232.0,9,9,2,"{""STRAWBERRY"": 25, ""MELON"": 12, ""WHEAT"": 1}","{""COW"": 5, ""SHEEP"": 3, ""GOOSE"": 3}",0,1
206,8,14,0,623.0,7,7,2,"{""WHEAT"": 7, ""STRAWBERRY"": 19, ""CARROT"": 4, ""MELON"": 5}","{""COW"": 5, ""SHEEP"": 4, ""GOOSE"": 5}",0,2
206,8,14,1,2211.0,9,9,2,"{""STRAWBERRY"": 25, ""MELON"": 12, ""WHEAT"": 1}","{""COW"": 5, ""SHEEP"": 3, ""GOOSE"": 3}",0,4
207,8,15,0,623.0,7,7,2,"{""WHEAT"": 7, ""STRAWBERRY"": 19, ""CARROT"": 4, ""MELON"": 5}","{""COW"": 5, ""SHEEP"": 4, ""GOOSE"": 5}",0,2
207,8,15,1,2292.0,9,9,2,"{""STRAWBERRY"": 25, ""MELON"": 12, ""WHEAT"": 1}","{""COW"": 5, ""SHEEP"": 3, ""GOOSE"": 3}",0,0
208,8,16,0,623.0,7,7,2,"{""WHEAT"": 7, ""STRAWBERRY"": 19, ""CARROT"": 4, ""MELON"": 5}","{""COW"": 5, ""SHEEP"": 4, ""GOOSE"": 6}",0,2
208,8,16,1,2292.0,9,9,2,"{""STRAWBERRY"": 26, ""MELON"": 12, ""WHEAT"": 1}","{""COW"": 5, ""SHEEP"": 3, ""GOOSE"": 3}",0,3
209,8,17,0,623.0,7,7,2,"{""WHEAT"": 7, ""STRAWBERRY"": 19, ""CARROT"": 3, ""MELON"": 5}","{""COW"": 5, ""SHEEP"": 4, ""GOOSE"": 6}",0,2
209,8,17,1,2352.0,9,9,2,"{""STRAWBERRY"": 26, ""MELON"": 12, ""WHEAT"": 1}","{""COW"": 5, ""SHEEP"": 3, ""GOOSE"": 3}",0,1
210,8,18,0,623.0,7,7,2,"{""WHEAT"": 6, ""STRAWBERRY"": 20, ""CARROT"": 3, ""MELON"": 5}","{""COW"": 5, ""SHEEP"": 4, ""GOOSE"": 6}",0,2
210,8,18,1,2432.0,9,9,2,"{""STRAWBERRY"": 26, ""MELON"": 12, ""WHEAT"": 1}","{""COW"": 5, ""SHEEP"": 3, ""GOOSE"": 3}",0,6
211,8,19,0,623.0,7,7,2,"{""WHEAT"": 6, ""STRAWBERRY"": 21, ""CARROT"": 3, ""MELON"": 5}","{""COW"": 5, ""SHEEP"": 4, ""GOOSE"": 6}",0,2
211,8,19,1,2432.0,9,9,2,"{""STRAWBERRY"": 26, ""MELON"": 12}","{""COW"": 5, ""SHEEP"": 3, ""GOOSE"": 3}",0,2
212,8,20,0,623.0,7,7,2,"{""WHEAT"": 6, ""STRAWBERRY"": 21, ""CARROT"": 3, ""MELON"": 5}","{""COW"": 5, ""SHEEP"": 4, ""GOOSE"": 6}",0,2
212,8,20,1,2432.0,9,9,2,"{""STRAWBERRY"": 27, ""MELON"": 12}","{""COW"": 5, ""SHEEP"": 3, ""GOOSE"": 3}",0,0
213,8,21,0,623.0,7,7,2,"{""WHEAT"": 6, ""STRAWBERRY"": 21, ""CARROT"": 2, ""MELON"": 5}","{""COW"": 5, ""SHEEP"": 4, ""GOOSE"": 6}",0,2
213,8,21,1,2432.0,9,9,2,"{""STRAWBERRY"": 27, ""MELON"": 12}","{""COW"": 5, ""SHEEP"": 3, ""GOOSE"": 3}",0,6
214,8,22,0,623.0,7,7,2,"{""WHEAT"": 7, ""STRAWBERRY"": 21, ""MELON"": 5}","{""COW"": 5, ""SHEEP"": 4, ""GOOSE"": 6}",0,2
214,8,22,1,2432.0,9,9,2,"{""STRAWBERRY"": 27, ""MELON"": 12}","{""COW"": 5, ""SHEEP"": 3, ""GOOSE"": 3}",0,2
215,8,23,0,2543.0,7,7,2,"{""WHEAT"": 8, ""STRAWBERRY"": 22, ""MELON"": 5}","{""COW"": 5, ""SHEEP"": 4, ""GOOSE"": 6}",0,2
215,8,23,1,2432.0,9,9,2,"{""STRAWBERRY"": 27, ""MELON"": 12}","{""COW"": 5, ""SHEEP"": 3, ""GOOSE"": 3}",0,0
216,9,0,0,2543.0,0,0,2,"{""WHEAT"": 8, ""STRAWBERRY"": 22, ""MELON"": 5}","{""COW"": 5, ""SHEEP"": 4, ""GOOSE"": 6}",0,39
216,9,0,1,2432.0,0,0,2,"{""STRAWBERRY"": 27, ""MELON"": 12}","{""COW"": 5, ""SHEEP"": 3, ""GOOSE"": 3}",0,17
217,9,1,0,163.0,1,1,3,"{""WHEAT"": 8, ""STRAWBERRY"": 22, ""MELON"": 5}","{""COW"": 5, ""SHEEP"": 4, ""GOOSE"": 6}",0,31
217,9,1,1,1910.0,8,8,2,"{""STRAWBERRY"": 27, ""MELON"": 12}","{""COW"": 5, ""SHEEP"": 3, ""GOOSE"": 3}",0,20
218,9,2,0,180.0,10,10,3,"{""WHEAT"": 8, ""STRAWBERRY"": 22, ""MELON"": 5}","{""COW"": 5, ""SHEEP"": 4, ""GOOSE"": 6}",0,28
218,9,2,1,1898.0,10,10,2,"{""STRAWBERRY"": 27, ""MELON"": 12}","{""COW"": 5, ""SHEEP"": 3, ""GOOSE"": 3}",0,10
219,9,3,0,180.0,10,10,3,"{""WHEAT"": 8, ""STRAWBERRY"": 22, ""MELON"": 5}","{""COW"": 5, ""SHEEP"": 4, ""GOOSE"": 6}",0,16
219,9,3,1,1898.0,10,10,2,"{""STRAWBERRY"": 27, ""MELON"": 12}","{""COW"": 5, ""SHEEP"": 3, ""GOOSE"": 3}",0,9
220,9,4,0,180.0,10,10,3,"{""WHEAT"": 8, ""STRAWBERRY"": 23, ""MELON"": 5}","{""COW"": 5, ""SHEEP"": 4, ""GOOSE"": 6}",0,16
220,9,4,1,1898.0,10,10,2,"{""STRAWBERRY"": 27, ""MELON"": 12}","{""COW"": 5, ""SHEEP"": 3, ""GOOSE"": 3}",0,13
221,9,5,0,180.0,10,10,3,"{""WHEAT"": 8, ""STRAWBERRY"": 23, ""MELON"": 5, ""CARROT"": 1}","{""COW"": 5, ""SHEEP"": 4, ""GOOSE"": 6}",0,16
221,9,5,1,2677.0,10,10,2,"{""STRAWBERRY"": 27, ""MELON"": 12}","{""COW"": 5, ""SHEEP"": 3, ""GOOSE"": 3}",0,10
222,9,6,0,180.0,10,10,3,"{""WHEAT"": 9, ""STRAWBERRY"": 23, ""MELON"": 6, ""CARROT"": 1}","{""COW"": 5, ""SHEEP"": 4, ""GOOSE"": 6}",0,16
222,9,6,1,1338.0,10,10,3,"{""STRAWBERRY"": 27, ""MELON"": 12}","{""COW"": 5, ""SHEEP"": 3, ""GOOSE"": 3}",0,5
223,9,7,0,180.0,10,10,3,"{""WHEAT"": 9, ""STRAWBERRY"": 24, ""MELON"": 6, ""CARROT"": 1}","{""COW"": 5, ""SHEEP"": 4, ""GOOSE"": 6}",0,16
223,9,7,1,1338.0,10,10,3,"{""STRAWBERRY"": 27, ""MELON"": 12}","{""COW"": 5, ""SHEEP"": 3, ""GOOSE"": 3}",0,6
224,9,8,0,180.0,10,10,3,"{""WHEAT"": 8, ""STRAWBERRY"": 24, ""MELON"": 7, ""CARROT"": 1}","{""COW"": 5, ""SHEEP"": 4, ""GOOSE"": 7}",0,16
224,9,8,1,1405.0,10,10,3,"{""STRAWBERRY"": 27, ""MELON"": 12}","{""COW"": 5, ""SHEEP"": 3, ""GOOSE"": 3}",0,5
225,9,9,0,180.0,10,10,3,"{""WHEAT"": 9, ""STRAWBERRY"": 24, ""MELON"": 7, ""CARROT"": 1}","{""COW"": 5, ""SHEEP"": 4, ""GOOSE"": 7}",0,16
225,9,9,1,1441.0,10,10,3,"{""STRAWBERRY"": 27, ""MELON"": 12}","{""COW"": 5, ""SHEEP"": 3, ""GOOSE"": 3}",0,7
226,9,10,0,180.0,10,10,3,"{""WHEAT"": 9, ""STRAWBERRY"": 24, ""MELON"": 7, ""CARROT"": 2}","{""COW"": 5, ""SHEEP"": 4, ""GOOSE"": 8}",0,16
226,9,10,1,1508.0,10,10,3,"{""STRAWBERRY"": 27, ""MELON"": 12}","{""COW"": 5, ""SHEEP"": 3, ""GOOSE"": 3}",0,6
227,9,11,0,180.0,10,10,3,"{""WHEAT"": 9, ""STRAWBERRY"": 24, ""MELON"": 7, ""CARROT"": 3}","{""COW"": 5, ""SHEEP"": 4, ""GOOSE"": 8}",0,16
227,9,11,1,1498.0,10,10,3,"{""STRAWBERRY"": 27, ""MELON"": 12, ""WHEAT"": 1}","{""COW"": 6, ""SHEEP"": 3, ""GOOSE"": 3}",0,5
228,9,12,0,180.0,10,10,3,"{""WHEAT"": 10, ""STRAWBERRY"": 24, ""MELON"": 7, ""CARROT"": 4}","{""COW"": 5, ""SHEEP"": 4, ""GOOSE"": 8}",0,16
228,9,12,1,1488.0,10,10,3,"{""STRAWBERRY"": 27, ""MELON"": 12, ""WHEAT"": 2}","{""COW"": 6, ""SHEEP"": 3, ""GOOSE"": 3}",0,6
229,9,13,0,180.0,10,10,3,"{""WHEAT"": 10, ""STRAWBERRY"": 25, ""MELON"": 7, ""CARROT"": 4}","{""COW"": 5, ""SHEEP"": 4, ""GOOSE"": 8}",0,16
229,9,13,1,1554.0,10,10,3,"{""STRAWBERRY"": 27, ""MELON"": 12, ""WHEAT"": 3}","{""COW"": 6, ""SHEEP"": 3, ""GOOSE"": 3}",0,0
230,9,14,0,180.0,10,10,3,"{""WHEAT"": 11, ""STRAWBERRY"": 25, ""MELON"": 7, ""CARROT"": 4}","{""COW"": 5, ""SHEEP"": 4, ""GOOSE"": 8}",0,16
230,9,14,1,1544.0,10,10,3,"{""STRAWBERRY"": 27, ""MELON"": 12, ""WHEAT"": 4}","{""COW"": 7, ""SHEEP"": 3, ""GOOSE"": 3}",0,1
231,9,15,0,180.0,10,10,3,"{""WHEAT"": 13, ""STRAWBERRY"": 25, ""MELON"": 7, ""CARROT"": 4}","{""COW"": 5, ""SHEEP"": 4, ""GOOSE"": 8}",0,16
231,9,15,1,1610.0,10,10,3,"{""STRAWBERRY"": 27, ""MELON"": 12, ""WHEAT"": 4}","{""COW"": 7, ""SHEEP"": 3, ""GOOSE"": 3}",0,0
232,9,16,0,180.0,10,10,3,"{""WHEAT"": 13, ""STRAWBERRY"": 25, ""MELON"": 7, ""CARROT"": 4}","{""COW"": 5, ""SHEEP"": 4, ""GOOSE"": 8}",0,16
232,9,16,1,1600.0,10,10,3,"{""STRAWBERRY"": 27, ""MELON"": 12, ""WHEAT"": 6}","{""COW"": 7, ""SHEEP"": 3, ""GOOSE"": 3}",0,0
233,9,17,0,180.0,10,10,3,"{""WHEAT"": 14, ""STRAWBERRY"": 25, ""MELON"": 8, ""CARROT"": 4}","{""COW"": 5, ""SHEEP"": 4, ""GOOSE"": 8}",0,16
233,9,17,1,1590.0,10,10,3,"{""STRAWBERRY"": 27, ""MELON"": 12, ""WHEAT"": 7}","{""COW"": 7, ""SHEEP"": 3, ""GOOSE"": 3}",0,0
234,9,18,0,180.0,10,10,3,"{""WHEAT"": 14, ""STRAWBERRY"": 25, ""MELON"": 8, ""CARROT"": 4}","{""COW"": 5, ""SHEEP"": 4, ""GOOSE"": 8}",0,16
234,9,18,1,1550.0,10,10,3,"{""STRAWBERRY"": 27, ""MELON"": 12, ""WHEAT"": 7}","{""COW"": 7, ""SHEEP"": 3, ""GOOSE"": 3}",0,0
235,9,19,0,180.0,10,10,3,"{""WHEAT"": 16, ""STRAWBERRY"": 25, ""MELON"": 8, ""CARROT"": 4}","{""COW"": 5, ""SHEEP"": 4, ""GOOSE"": 8}",0,16
235,9,19,1,1540.0,10,10,3,"{""STRAWBERRY"": 27, ""MELON"": 12, ""WHEAT"": 9}","{""COW"": 7, ""SHEEP"": 3, ""GOOSE"": 3}",0,2
236,9,20,0,180.0,10,10,3,"{""WHEAT"": 17, ""STRAWBERRY"": 25, ""MELON"": 9, ""CARROT"": 4}","{""COW"": 5, ""SHEEP"": 4, ""GOOSE"": 8}",0,16
236,9,20,1,1682.0,10,10,3,"{""STRAWBERRY"": 27, ""MELON"": 12, ""WHEAT"": 11}","{""COW"": 7, ""SHEEP"": 3, ""GOOSE"": 3}",0,0
237,9,21,0,180.0,10,10,3,"{""WHEAT"": 17, ""STRAWBERRY"": 25, ""MELON"": 9, ""CARROT"": 4}","{""COW"": 5, ""SHEEP"": 4, ""GOOSE"": 8}",0,16
237,9,21,1,1672.0,10,10,3,"{""STRAWBERRY"": 27, ""MELON"": 12, ""WHEAT"": 11}","{""COW"": 7, ""SHEEP"": 3, ""GOOSE"": 3}",0,0
238,9,22,0,755.0,10,10,3,"{""WHEAT"": 17, ""STRAWBERRY"": 25, ""MELON"": 9, ""CARROT"": 5}","{""COW"": 5, ""SHEEP"": 4, ""GOOSE"": 8}",0,0
238,9,22,1,1662.0,10,10,3,"{""STRAWBERRY"": 27, ""MELON"": 12, ""WHEAT"": 14}","{""COW"": 7, ""SHEEP"": 3, ""GOOSE"": 3}",0,0
239,9,23,0,1012.0,10,10,3,"{""WHEAT"": 17, ""STRAWBERRY"": 25, ""MELON"": 11, ""CARROT"": 5}","{""COW"": 5, ""SHEEP"": 4, ""GOOSE"": 8}",0,0
239,9,23,1,1662.0,10,10,3,"{""STRAWBERRY"": 27, ""MELON"": 12, ""WHEAT"": 16}","{""COW"": 7, ""SHEEP"": 3, ""GOOSE"": 3}",0,0
240,10,0,0,2195.0,0,0,3,"{""WHEAT"": 17, ""STRAWBERRY"": 25, ""MELON"": 11, ""CARROT"": 5}","{""COW"": 5, ""SHEEP"": 4, ""GOOSE"": 8}",0,8
240,10,0,1,1662.0,0,0,3,"{""STRAWBERRY"": 27, ""MELON"": 12, ""WHEAT"": 16}","{""COW"": 7, ""SHEEP"": 3, ""GOOSE"": 3}",0,15
241,10,1,0,907.0,5,5,3,"{""WHEAT"": 17, ""STRAWBERRY"": 25, ""MELON"": 11, ""CARROT"": 5}","{""COW"": 5, ""SHEEP"": 4, ""GOOSE"": 8}",0,21
241,10,1,1,1503.0,8,8,3,"{""STRAWBERRY"": 27, ""MELON"": 12, ""WHEAT"": 16}","{""COW"": 7, ""SHEEP"": 3, ""GOOSE"": 3}",0,22
242,10,2,0,1414.0,11,11,3,"{""WHEAT"": 17, ""STRAWBERRY"": 25, ""MELON"": 11, ""CARROT"": 5}","{""COW"": 5, ""SHEEP"": 4, ""GOOSE"": 8}",0,8
242,10,2,1,126.0,11,11,3,"{""STRAWBERRY"": 27, ""MELON"": 12, ""WHEAT"": 16}","{""COW"": 7, ""SHEEP"": 3, ""GOOSE"": 3}",0,42
243,10,3,0,1414.0,11,11,3,"{""WHEAT"": 17, ""STRAWBERRY"": 25, ""MELON"": 11, ""CARROT"": 5}","{""COW"": 5, ""SHEEP"": 4, ""GOOSE"": 8}",0,0
243,10,3,1,2.0,11,11,3,"{""STRAWBERRY"": 27, ""MELON"": 12, ""WHEAT"": 16}","{""COW"": 7, ""SHEEP"": 3, ""GOOSE"": 3}",0,47
244,10,4,0,1414.0,11,11,3,"{""WHEAT"": 17, ""STRAWBERRY"": 25, ""MELON"": 11, ""CARROT"": 5}","{""COW"": 5, ""SHEEP"": 4, ""GOOSE"": 8}",0,0
244,10,4,1,2.0,11,11,3,"{""STRAWBERRY"": 27, ""MELON"": 12, ""WHEAT"": 16}","{""COW"": 7, ""SHEEP"": 3, ""GOOSE"": 3}",0,47
245,10,5,0,1414.0,11,11,3,"{""WHEAT"": 17, ""STRAWBERRY"": 25, ""MELON"": 11, ""CARROT"": 5}","{""COW"": 5, ""SHEEP"": 4, ""GOOSE"": 8}",0,0
245,10,5,1,2.0,11,11,3,"{""STRAWBERRY"": 27, ""MELON"": 12, ""WHEAT"": 16}","{""COW"": 7, ""SHEEP"": 3, ""GOOSE"": 3}",0,47
246,10,6,0,1414.0,11,11,3,"{""WHEAT"": 17, ""STRAWBERRY"": 25, ""MELON"": 11, ""CARROT"": 5}","{""COW"": 5, ""SHEEP"": 4, ""GOOSE"": 8}",0,0
246,10,6,1,2.0,11,11,3,"{""STRAWBERRY"": 27, ""MELON"": 11, ""WHEAT"": 16}","{""COW"": 7, ""SHEEP"": 3, ""GOOSE"": 3}",0,49
247,10,7,0,1414.0,11,11,3,"{""WHEAT"": 16, ""STRAWBERRY"": 25, ""MELON"": 11, ""CARROT"": 5}","{""COW"": 5, ""SHEEP"": 4, ""GOOSE"": 8}",0,0
247,10,7,1,146.0,11,11,3,"{""STRAWBERRY"": 27, ""MELON"": 10, ""WHEAT"": 16}","{""COW"": 7, ""SHEEP"": 3, ""GOOSE"": 3}",0,47
248,10,8,0,1414.0,11,11,3,"{""WHEAT"": 16, ""STRAWBERRY"": 25, ""MELON"": 10, ""CARROT"": 5}","{""COW"": 5, ""SHEEP"": 4, ""GOOSE"": 8}",0,0
248,10,8,1,146.0,11,11,3,"{""STRAWBERRY"": 27, ""MELON"": 7, ""WHEAT"": 16}","{""COW"": 7, ""SHEEP"": 3, ""GOOSE"": 3}",0,47
249,10,9,0,1840.0,11,11,3,"{""WHEAT"": 16, ""STRAWBERRY"": 25, ""MELON"": 11, ""CARROT"": 5}","{""COW"": 5, ""SHEEP"": 4, ""GOOSE"": 8}",0,0
249,10,9,1,146.0,11,11,3,"{""STRAWBERRY"": 27, ""MELON"": 7, ""WHEAT"": 16}","{""COW"": 7, ""SHEEP"": 3, ""GOOSE"": 3}",0,47
250,10,10,0,1840.0,11,11,3,"{""WHEAT"": 16, ""STRAWBERRY"": 25, ""MELON"": 11, ""CARROT"": 5}","{""COW"": 5, ""SHEEP"": 4, ""GOOSE"": 9}",0,0
250,10,10,1,648.0,11,11,3,"{""STRAWBERRY"": 27, ""MELON"": 7, ""WHEAT"": 16}","{""COW"": 7, ""SHEEP"": 3, ""GOOSE"": 3}",0,40
251,10,11,0,1840.0,11,11,3,"{""WHEAT"": 16, ""STRAWBERRY"": 25, ""MELON"": 10, ""CARROT"": 5}","{""COW"": 5, ""SHEEP"": 4, ""GOOSE"": 9}",0,0
251,10,11,1,1490.0,11,11,3,"{""STRAWBERRY"": 27, ""MELON"": 6, ""WHEAT"": 16}","{""COW"": 7, ""SHEEP"": 3, ""GOOSE"": 3}",0,56
252,10,12,0,1840.0,11,11,3,"{""WHEAT"": 17, ""STRAWBERRY"": 25, ""MELON"": 10, ""CARROT"": 5}","{""COW"": 5, ""SHEEP"": 4, ""GOOSE"": 9}",0,0
252,10,12,1,2938.0,11,11,3,"{""STRAWBERRY"": 27, ""MELON"": 6, ""WHEAT"": 17}","{""COW"": 7, ""SHEEP"": 3, ""GOOSE"": 3}",0,56
253,10,13,0,3338.0,11,11,3,"{""WHEAT"": 17, ""STRAWBERRY"": 25, ""MELON"": 10, ""CARROT"": 5}","{""COW"": 5, ""SHEEP"": 4, ""GOOSE"": 9}",0,0
253,10,13,1,4436.0,11,11,3,"{""STRAWBERRY"": 27, ""MELON"": 6, ""WHEAT"": 17}","{""COW"": 7, ""SHEEP"": 3, ""GOOSE"": 3}",0,63
254,10,14,0,3338.0,11,11,3,"{""WHEAT"": 17, ""STRAWBERRY"": 25, ""MELON"": 10, ""CARROT"": 5}","{""COW"": 5, ""SHEEP"": 4, ""GOOSE"": 9}",0,0
254,10,14,1,7465.0,11,11,3,"{""STRAWBERRY"": 27, ""MELON"": 6, ""WHEAT"": 17}","{""COW"": 7, ""SHEEP"": 3, ""GOOSE"": 3}",0,40
255,10,15,0,3338.0,11,11,3,"{""WHEAT"": 17, ""STRAWBERRY"": 25, ""MELON"": 9, ""CARROT"": 5}","{""COW"": 5, ""SHEEP"": 4, ""GOOSE"": 9}",0,0
255,10,15,1,7455.0,11,11,3,"{""STRAWBERRY"": 27, ""MELON"": 6, ""WHEAT"": 17}","{""COW"": 7, ""SHEEP"": 3, ""GOOSE"": 3}",0,54
256,10,16,0,3338.0,11,11,3,"{""WHEAT"": 17, ""STRAWBERRY"": 25, ""MELON"": 7, ""CARROT"": 5}","{""COW"": 5, ""SHEEP"": 4, ""GOOSE"": 9}",0,0
256,10,16,1,8154.0,11,11,3,"{""STRAWBERRY"": 27, ""MELON"": 6, ""WHEAT"": 17}","{""COW"": 7, ""SHEEP"": 3, ""GOOSE"": 3}",0,39
257,10,17,0,3338.0,11,11,3,"{""WHEAT"": 17, ""STRAWBERRY"": 26, ""MELON"": 8, ""CARROT"": 5}","{""COW"": 5, ""SHEEP"": 4, ""GOOSE"": 10}",0,0
257,10,17,1,8144.0,11,11,3,"{""STRAWBERRY"": 27, ""MELON"": 6, ""WHEAT"": 19}","{""COW"": 7, ""SHEEP"": 3, ""GOOSE"": 3}",0,43
258,10,18,0,3338.0,11,11,3,"{""WHEAT"": 17, ""STRAWBERRY"": 26, ""MELON"": 8, ""CARROT"": 5}","{""COW"": 5, ""SHEEP"": 4, ""GOOSE"": 10}",0,0
258,10,18,1,8034.0,11,11,3,"{""STRAWBERRY"": 28, ""MELON"": 6, ""WHEAT"": 19}","{""COW"": 7, ""SHEEP"": 3, ""GOOSE"": 3}",0,42
259,10,19,0,3338.0,11,11,3,"{""WHEAT"": 17, ""STRAWBERRY"": 26, ""MELON"": 8, ""CARROT"": 5}","{""COW"": 5, ""SHEEP"": 4, ""GOOSE"": 10}",0,0
259,10,19,1,8024.0,11,11,3,"{""STRAWBERRY"": 28, ""MELON"": 6, ""WHEAT"": 20}","{""COW"": 7, ""SHEEP"": 3, ""GOOSE"": 3}",0,41
260,10,20,0,3338.0,11,11,3,"{""WHEAT"": 17, ""STRAWBERRY"": 26, ""MELON"": 8, ""CARROT"": 5}","{""COW"": 5, ""SHEEP"": 4, ""GOOSE"": 10}",0,0
260,10,20,1,7914.0,11,11,3,"{""STRAWBERRY"": 29, ""MELON"": 6, ""WHEAT"": 22}","{""COW"": 7, ""SHEEP"": 3, ""GOOSE"": 3}",0,40
261,10,21,0,3338.0,11,11,3,"{""WHEAT"": 17, ""STRAWBERRY"": 26, ""MELON"": 8, ""CARROT"": 5}","{""COW"": 5, ""SHEEP"": 4, ""GOOSE"": 10}",0,0
261,10,21,1,7914.0,11,11,3,"{""STRAWBERRY"": 30, ""MELON"": 6, ""WHEAT"": 22}","{""COW"": 7, ""SHEEP"": 3, ""GOOSE"": 3}",0,39
262,10,22,0,3338.0,11,11,3,"{""WHEAT"": 17, ""STRAWBERRY"": 26, ""MELON"": 8, ""CARROT"": 5}","{""COW"": 5, ""SHEEP"": 4, ""GOOSE"": 10}",0,0
262,10,22,1,7914.0,11,11,3,"{""STRAWBERRY"": 30, ""MELON"": 6, ""WHEAT"": 22}","{""COW"": 7, ""SHEEP"": 3, ""GOOSE"": 3}",0,46
263,10,23,0,6683.0,11,11,3,"{""WHEAT"": 17, ""STRAWBERRY"": 26, ""MELON"": 8, ""CARROT"": 5}","{""COW"": 5, ""SHEEP"": 4, ""GOOSE"": 10}",0,0
263,10,23,1,7914.0,11,11,3,"{""STRAWBERRY"": 30, ""MELON"": 6, ""WHEAT"": 24}","{""COW"": 7, ""SHEEP"": 3, ""GOOSE"": 3}",0,45
264,11,0,0,8636.0,0,0,3,"{""WHEAT"": 17, ""STRAWBERRY"": 26, ""MELON"": 8, ""CARROT"": 5}","{""COW"": 5, ""SHEEP"": 4, ""GOOSE"": 10}",0,24
264,11,0,1,7914.0,0,0,3,"{""STRAWBERRY"": 30, ""MELON"": 6, ""WHEAT"": 24}","{""COW"": 7, ""SHEEP"": 3, ""GOOSE"": 3}",0,81
265,11,1,0,10414.0,3,3,3,"{""WHEAT"": 17, ""STRAWBERRY"": 26, ""MELON"": 8, ""CARROT"": 5}","{""COW"": 5, ""SHEEP"": 4, ""GOOSE"": 10}",0,15
265,11,1,1,9704.0,8,8,3,"{""STRAWBERRY"": 30, ""MELON"": 6, ""WHEAT"": 24}","{""COW"": 7, ""SHEEP"": 3, ""GOOSE"": 3}",0,62
266,11,2,0,10275.0,10,10,3,"{""WHEAT"": 17, ""STRAWBERRY"": 26, ""MELON"": 8, ""CARROT"": 5}","{""COW"": 5, ""SHEEP"": 4, ""GOOSE"": 10}",0,15
266,11,2,1,10003.0,11,11,3,"{""STRAWBERRY"": 30, ""MELON"": 6, ""WHEAT"": 24}","{""COW"": 7, ""SHEEP"": 3, ""GOOSE"": 3}",0,26
267,11,3,0,10275.0,10,10,3,"{""WHEAT"": 17, ""STRAWBERRY"": 26, ""MELON"": 8, ""CARROT"": 5}","{""COW"": 5, ""SHEEP"": 4, ""GOOSE"": 10}",0,0
267,11,3,1,10003.0,11,11,3,"{""STRAWBERRY"": 30, ""MELON"": 6, ""WHEAT"": 24}","{""COW"": 7, ""SHEEP"": 3, ""GOOSE"": 3}",0,23
268,11,4,0,10275.0,10,10,3,"{""WHEAT"": 17, ""STRAWBERRY"": 26, ""MELON"": 8, ""CARROT"": 5}","{""COW"": 5, ""SHEEP"": 4, ""GOOSE"": 10}",0,0
268,11,4,1,10003.0,11,11,3,"{""STRAWBERRY"": 30, ""MELON"": 6, ""WHEAT"": 24}","{""COW"": 7, ""SHEEP"": 3, ""GOOSE"": 3}",0,23
269,11,5,0,10275.0,10,10,3,"{""WHEAT"": 16, ""STRAWBERRY"": 26, ""MELON"": 8, ""CARROT"": 5}","{""COW"": 5, ""SHEEP"": 4, ""GOOSE"": 10}",0,0
269,11,5,1,10003.0,11,11,3,"{""STRAWBERRY"": 30, ""MELON"": 5, ""WHEAT"": 24}","{""COW"": 7, ""SHEEP"": 3, ""GOOSE"": 3}",0,23
270,11,6,0,10275.0,10,10,3,"{""WHEAT"": 16, ""STRAWBERRY"": 27, ""MELON"": 8, ""CARROT"": 5}","{""COW"": 5, ""SHEEP"": 4, ""GOOSE"": 10}",0,0
270,11,6,1,9993.0,11,11,3,"{""STRAWBERRY"": 30, ""MELON"": 5, ""WHEAT"": 24}","{""COW"": 7, ""SHEEP"": 3, ""GOOSE"": 3}",0,23
271,11,7,0,10275.0,10,10,3,"{""WHEAT"": 16, ""STRAWBERRY"": 27, ""MELON"": 8, ""CARROT"": 5}","{""COW"": 5, ""SHEEP"": 4, ""GOOSE"": 10}",0,0
271,11,7,1,9993.0,11,11,3,"{""STRAWBERRY"": 30, ""MELON"": 3, ""WHEAT"": 24}","{""COW"": 7, ""SHEEP"": 3, ""GOOSE"": 3}",0,24
272,11,8,0,10275.0,10,10,3,"{""WHEAT"": 15, ""STRAWBERRY"": 27, ""MELON"": 8, ""CARROT"": 5}","{""COW"": 5, ""SHEEP"": 4, ""GOOSE"": 10}",0,0
272,11,8,1,10323.0,11,11,3,"{""STRAWBERRY"": 30, ""MELON"": 3, ""WHEAT"": 24}","{""COW"": 7, ""SHEEP"": 3, ""GOOSE"": 3}",0,22
273,11,9,0,10275.0,10,10,3,"{""WHEAT"": 16, ""STRAWBERRY"": 27, ""MELON"": 8, ""CARROT"": 5}","{""COW"": 5, ""SHEEP"": 4, ""GOOSE"": 10}",0,0
273,11,9,1,10323.0,11,11,3,"{""STRAWBERRY"": 30, ""MELON"": 3, ""WHEAT"": 24}","{""COW"": 7, ""SHEEP"": 3, ""GOOSE"": 3}",0,19
274,11,10,0,10275.0,10,10,3,"{""WHEAT"": 16, ""STRAWBERRY"": 27, ""MELON"": 8, ""CARROT"": 5}","{""COW"": 5, ""SHEEP"": 4, ""GOOSE"": 10}",0,0
274,11,10,1,10323.0,11,11,3,"{""STRAWBERRY"": 30, ""MELON"": 3, ""WHEAT"": 24}","{""COW"": 7, ""SHEEP"": 3, ""GOOSE"": 3}",0,19
275,11,11,0,10275.0,10,10,3,"{""WHEAT"": 16, ""STRAWBERRY"": 27, ""MELON"": 8, ""CARROT"": 5}","{""COW"": 5, ""SHEEP"": 4, ""GOOSE"": 10}",0,0
275,11,11,1,10323.0,11,11,3,"{""STRAWBERRY"": 30, ""MELON"": 3, ""WHEAT"": 23}","{""COW"": 7, ""SHEEP"": 3, ""GOOSE"": 3}",0,25
276,11,12,0,10275.0,10,10,3,"{""WHEAT"": 15, ""STRAWBERRY"": 27, ""MELON"": 8, ""CARROT"": 5}","{""COW"": 5, ""SHEEP"": 4, ""GOOSE"": 10}",0,0
276,11,12,1,10213.0,11,11,3,"{""STRAWBERRY"": 30, ""MELON"": 3, ""WHEAT"": 23}","{""COW"": 7, ""SHEEP"": 3, ""GOOSE"": 3}",0,31
277,11,13,0,10275.0,10,10,3,"{""WHEAT"": 15, ""STRAWBERRY"": 27, ""MELON"": 8, ""CARROT"": 5}","{""COW"": 5, ""SHEEP"": 4, ""GOOSE"": 10}",0,0
277,11,13,1,10578.0,11,11,3,"{""STRAWBERRY"": 30, ""MELON"": 3, ""WHEAT"": 24}","{""COW"": 7, ""SHEEP"": 3, ""GOOSE"": 3}",0,25
278,11,14,0,10275.0,10,10,3,"{""WHEAT"": 14, ""STRAWBERRY"": 28, ""MELON"": 8, ""CARROT"": 5}","{""COW"": 5, ""SHEEP"": 4, ""GOOSE"": 10}",0,0
278,11,14,1,10635.0,11,11,3,"{""STRAWBERRY"": 30, ""MELON"": 3, ""WHEAT"": 24}","{""COW"": 7, ""SHEEP"": 3, ""GOOSE"": 3}",0,18
279,11,15,0,10275.0,10,10,3,"{""WHEAT"": 15, ""STRAWBERRY"": 28, ""MELON"": 8, ""CARROT"": 5}","{""COW"": 5, ""SHEEP"": 4, ""GOOSE"": 10}",0,0
279,11,15,1,10635.0,11,11,3,"{""STRAWBERRY"": 31, ""MELON"": 3, ""WHEAT"": 24}","{""COW"": 7, ""SHEEP"": 3, ""GOOSE"": 3}",0,0
280,11,16,0,10275.0,10,10,3,"{""WHEAT"": 15, ""STRAWBERRY"": 28, ""MELON"": 8, ""CARROT"": 5}","{""COW"": 5, ""SHEEP"": 4, ""GOOSE"": 10}",0,0
280,11,16,1,10525.0,11,11,3,"{""STRAWBERRY"": 31, ""MELON"": 3, ""WHEAT"": 25}","{""COW"": 7, ""SHEEP"": 3, ""GOOSE"": 3}",0,25
281,11,17,0,10275.0,10,10,3,"{""WHEAT"": 15, ""STRAWBERRY"": 28, ""MELON"": 8, ""CARROT"": 5}","{""COW"": 5, ""SHEEP"": 4, ""GOOSE"": 10}",0,0
281,11,17,1,10515.0,11,11,3,"{""STRAWBERRY"": 31, ""MELON"": 3, ""WHEAT"": 26}","{""COW"": 7, ""SHEEP"": 3, ""GOOSE"": 3}",0,23
282,11,18,0,10275.0,10,10,3,"{""WHEAT"": 15, ""STRAWBERRY"": 28, ""MELON"": 8, ""CARROT"": 5}","{""COW"": 5, ""SHEEP"": 4, ""GOOSE"": 10}",0,0
282,11,18,1,10505.0,11,11,3,"{""STRAWBERRY"": 31, ""MELON"": 3, ""WHEAT"": 25}","{""COW"": 7, ""SHEEP"": 3, ""GOOSE"": 3}",0,22
283,11,19,0,10275.0,10,10,3,"{""WHEAT"": 15, ""STRAWBERRY"": 28, ""MELON"": 8, ""CARROT"": 5}","{""COW"": 5, ""SHEEP"": 4, ""GOOSE"": 10}",0,0
283,11,19,1,10495.0,11,11,3,"{""STRAWBERRY"": 31, ""MELON"": 3, ""WHEAT"": 26}","{""COW"": 7, ""SHEEP"": 3, ""GOOSE"": 3}",0,21
284,11,20,0,10275.0,10,10,3,"{""WHEAT"": 15, ""STRAWBERRY"": 28, ""MELON"": 8, ""CARROT"": 5}","{""COW"": 5, ""SHEEP"": 4, ""GOOSE"": 10}",0,0
284,11,20,1,10485.0,11,11,3,"{""STRAWBERRY"": 31, ""MELON"": 2, ""WHEAT"": 26}","{""COW"": 7, ""SHEEP"": 3, ""GOOSE"": 3}",0,20
285,11,21,0,10275.0,10,10,3,"{""WHEAT"": 15, ""STRAWBERRY"": 28, ""MELON"": 8, ""CARROT"": 5}","{""COW"": 5, ""SHEEP"": 4, ""GOOSE"": 10}",0,0
285,11,21,1,10375.0,11,11,3,"{""STRAWBERRY"": 32, ""MELON"": 2, ""WHEAT"": 25}","{""COW"": 7, ""SHEEP"": 3, ""GOOSE"": 3}",0,19
286,11,22,0,10275.0,10,10,3,"{""STRAWBERRY"": 28, ""WHEAT"": 14, ""MELON"": 8, ""CARROT"": 5}","{""COW"": 5, ""SHEEP"": 4, ""GOOSE"": 10}",0,0
286,11,22,1,10375.0,11,11,3,"{""STRAWBERRY"": 32, ""MELON"": 2, ""WHEAT"": 26}","{""COW"": 7, ""SHEEP"": 3, ""GOOSE"": 3}",0,25
287,11,23,0,10275.0,10,10,3,"{""WHEAT"": 15, ""STRAWBERRY"": 28, ""MELON"": 8, ""CARROT"": 5}","{""COW"": 5, ""SHEEP"": 4, ""GOOSE"": 10}",0,0
287,11,23,1,10375.0,11,11,3,"{""STRAWBERRY"": 32, ""MELON"": 2, ""WHEAT"": 26}","{""COW"": 7, ""SHEEP"": 3, ""GOOSE"": 3}",0,25
288,12,0,0,10863.0,0,0,3,"{""WHEAT"": 15, ""STRAWBERRY"": 28, ""MELON"": 8, ""CARROT"": 5}","{""COW"": 5, ""SHEEP"": 4, ""GOOSE"": 10}",0,45
288,12,0,1,10375.0,0,0,3,"{""STRAWBERRY"": 32, ""MELON"": 2, ""WHEAT"": 25}","{""COW"": 7, ""SHEEP"": 3, ""GOOSE"": 3}",1,73
289,12,1,0,12482.0,3,3,3,"{""WHEAT"": 15, ""STRAWBERRY"": 28, ""MELON"": 8, ""CARROT"": 5}","{""COW"": 5, ""SHEEP"": 4, ""GOOSE"": 10}",0,13
289,12,1,1,10965.0,8,8,3,"{""STRAWBERRY"": 32, ""MELON"": 2, ""WHEAT"": 25}","{""COW"": 7, ""SHEEP"": 3, ""GOOSE"": 3}",1,63
290,12,2,0,12398.0,9,9,3,"{""WHEAT"": 15, ""STRAWBERRY"": 28, ""MELON"": 8, ""CARROT"": 5}","{""COW"": 5, ""SHEEP"": 4, ""GOOSE"": 10}",0,13
290,12,2,1,10687.0,11,11,3,"{""STRAWBERRY"": 32, ""MELON"": 2, ""WHEAT"": 25}","{""COW"": 7, ""SHEEP"": 3, ""GOOSE"": 3}",1,51
291,12,3,0,12398.0,9,9,3,"{""WHEAT"": 15, ""STRAWBERRY"": 28, ""MELON"": 8, ""CARROT"": 5}","{""COW"": 5, ""SHEEP"": 4, ""GOOSE"": 10}",0,2
291,12,3,1,10687.0,11,11,3,"{""STRAWBERRY"": 32, ""MELON"": 2, ""WHEAT"": 25}","{""COW"": 7, ""SHEEP"": 3, ""GOOSE"": 3}",1,48
292,12,4,0,12398.0,9,9,3,"{""WHEAT"": 15, ""STRAWBERRY"": 28, ""MELON"": 8, ""CARROT"": 5}","{""COW"": 5, ""SHEEP"": 4, ""GOOSE"": 10}",0,0
292,12,4,1,10687.0,11,11,3,"{""STRAWBERRY"": 32, ""MELON"": 2, ""WHEAT"": 25}","{""COW"": 7, ""SHEEP"": 3, ""GOOSE"": 3}",1,48
293,12,5,0,12398.0,9,9,3,"{""WHEAT"": 15, ""STRAWBERRY"": 28, ""MELON"": 8, ""CARROT"": 5}","{""COW"": 5, ""SHEEP"": 4, ""GOOSE"": 10}",0,0
293,12,5,1,10687.0,11,11,3,"{""STRAWBERRY"": 32, ""MELON"": 2, ""WHEAT"": 24}","{""COW"": 7, ""SHEEP"": 3, ""GOOSE"": 3}",1,52
294,12,6,0,12398.0,9,9,3,"{""WHEAT"": 15, ""STRAWBERRY"": 28, ""MELON"": 8, ""CARROT"": 5}","{""COW"": 5, ""SHEEP"": 4, ""GOOSE"": 10}",0,0
294,12,6,1,10687.0,11,11,3,"{""STRAWBERRY"": 32, ""MELON"": 2, ""WHEAT"": 25}","{""COW"": 7, ""SHEEP"": 3, ""GOOSE"": 3}",1,48
295,12,7,0,12398.0,9,9,3,"{""WHEAT"": 15, ""STRAWBERRY"": 28, ""MELON"": 8, ""CARROT"": 5}","{""COW"": 5, ""SHEEP"": 4, ""GOOSE"": 10}",0,0
295,12,7,1,10687.0,11,11,3,"{""STRAWBERRY"": 32, ""MELON"": 1, ""WHEAT"": 25}","{""COW"": 7, ""SHEEP"": 3, ""GOOSE"": 3}",1,48
296,12,8,0,12398.0,9,9,3,"{""WHEAT"": 15, ""STRAWBERRY"": 28, ""MELON"": 8, ""CARROT"": 3}","{""COW"": 5, ""SHEEP"": 4, ""GOOSE"": 10}",0,0
296,12,8,1,10687.0,11,11,3,"{""STRAWBERRY"": 32, ""MELON"": 1, ""WHEAT"": 25}","{""COW"": 7, ""SHEEP"": 3, ""GOOSE"": 3}",1,51
297,12,9,0,12398.0,9,9,3,"{""WHEAT"": 15, ""STRAWBERRY"": 28, ""MELON"": 8, ""CARROT"": 4}","{""COW"": 5, ""SHEEP"": 4, ""GOOSE"": 10}",0,0
297,12,9,1,10980.0,11,11,3,"{""STRAWBERRY"": 32, ""MELON"": 1, ""WHEAT"": 25}","{""COW"": 7, ""SHEEP"": 3, ""GOOSE"": 3}",1,53
298,12,10,0,12398.0,9,9,3,"{""WHEAT"": 15, ""STRAWBERRY"": 28, ""MELON"": 8, ""CARROT"": 5}","{""COW"": 5, ""SHEEP"": 4, ""GOOSE"": 10}",0,0
298,12,10,1,11042.0,11,11,3,"{""STRAWBERRY"": 32, ""MELON"": 1, ""WHEAT"": 24}","{""COW"": 7, ""SHEEP"": 3, ""GOOSE"": 3}",1,52
299,12,11,0,12398.0,9,9,3,"{""WHEAT"": 15, ""STRAWBERRY"": 28, ""MELON"": 8, ""CARROT"": 5}","{""COW"": 5, ""SHEEP"": 4, ""GOOSE"": 10}",0,0
299,12,11,1,11352.0,11,11,3,"{""STRAWBERRY"": 32, ""WHEAT"": 25}","{""COW"": 7, ""SHEEP"": 3, ""GOOSE"": 3}",1,44
300,12,12,0,12398.0,9,9,3,"{""WHEAT"": 15, ""STRAWBERRY"": 28, ""MELON"": 8, ""CARROT"": 5}","{""COW"": 5, ""SHEEP"": 4, ""GOOSE"": 10}",0,0
300,12,12,1,11242.0,11,11,3,"{""STRAWBERRY"": 33, ""WHEAT"": 25}","{""COW"": 7, ""SHEEP"": 3, ""GOOSE"": 3}",1,50
301,12,13,0,12398.0,9,9,3,"{""WHEAT"": 14, ""STRAWBERRY"": 28, ""MELON"": 8, ""CARROT"": 5}","{""COW"": 5, ""SHEEP"": 4, ""GOOSE"": 10}",0,0
301,12,13,1,11330.0,11,11,3,"{""STRAWBERRY"": 33, ""WHEAT"": 25}","{""COW"": 7, ""SHEEP"": 3, ""GOOSE"": 3}",1,49
302,12,14,0,12398.0,9,9,3,"{""WHEAT"": 15, ""STRAWBERRY"": 28, ""MELON"": 8, ""CARROT"": 5}","{""COW"": 5, ""SHEEP"": 4, ""GOOSE"": 10}",0,0
302,12,14,1,11330.0,11,11,3,"{""STRAWBERRY"": 33, ""WHEAT"": 25}","{""COW"": 7, ""SHEEP"": 3, ""GOOSE"": 3}",1,49
303,12,15,0,12398.0,9,9,3,"{""WHEAT"": 15, ""STRAWBERRY"": 28, ""MELON"": 8, ""CARROT"": 5}","{""COW"": 5, ""SHEEP"": 4, ""GOOSE"": 10}",0,0
303,12,15,1,11330.0,11,11,3,"{""STRAWBERRY"": 34, ""WHEAT"": 24}","{""COW"": 7, ""SHEEP"": 3, ""GOOSE"": 3}",1,49
304,12,16,0,12398.0,9,9,3,"{""WHEAT"": 15, ""STRAWBERRY"": 28, ""MELON"": 8, ""CARROT"": 5}","{""COW"": 5, ""SHEEP"": 4, ""GOOSE"": 10}",0,0
304,12,16,1,11560.0,11,11,3,"{""STRAWBERRY"": 34, ""WHEAT"": 25}","{""COW"": 7, ""SHEEP"": 3, ""GOOSE"": 3}",1,43
305,12,17,0,12398.0,9,9,3,"{""WHEAT"": 14, ""STRAWBERRY"": 28, ""MELON"": 8, ""CARROT"": 3}","{""COW"": 5, ""SHEEP"": 4, ""GOOSE"": 10}",0,0
305,12,17,1,11500.0,11,11,3,"{""STRAWBERRY"": 34, ""WHEAT"": 24}","{""COW"": 7, ""SHEEP"": 3, ""GOOSE"": 3}",1,52
306,12,18,0,12398.0,9,9,3,"{""WHEAT"": 15, ""STRAWBERRY"": 30, ""MELON"": 8, ""CARROT"": 3}","{""COW"": 5, ""SHEEP"": 4, ""GOOSE"": 10}",0,0
306,12,18,1,11866.0,11,11,3,"{""STRAWBERRY"": 34, ""WHEAT"": 24}","{""COW"": 7, ""SHEEP"": 3, ""GOOSE"": 3}",1,47
307,12,19,0,12398.0,9,9,3,"{""WHEAT"": 15, ""STRAWBERRY"": 30, ""MELON"": 8, ""CARROT"": 3}","{""COW"": 5, ""SHEEP"": 4, ""GOOSE"": 10}",0,0
307,12,19,1,11856.0,11,11,3,"{""STRAWBERRY"": 34, ""WHEAT"": 25}","{""COW"": 7, ""SHEEP"": 3, ""GOOSE"": 3}",1,47
308,12,20,0,12398.0,9,9,3,"{""WHEAT"": 15, ""STRAWBERRY"": 30, ""MELON"": 8, ""CARROT"": 3}","{""COW"": 5, ""SHEEP"": 4, ""GOOSE"": 10}",0,0
308,12,20,1,11856.0,11,11,3,"{""STRAWBERRY"": 34, ""WHEAT"": 25}","{""COW"": 7, ""SHEEP"": 3, ""GOOSE"": 3}",1,47
309,12,21,0,12398.0,9,9,3,"{""WHEAT"": 15, ""STRAWBERRY"": 30, ""MELON"": 8, ""CARROT"": 3}","{""COW"": 5, ""SHEEP"": 4, ""GOOSE"": 10}",0,0
309,12,21,1,11856.0,11,11,3,"{""STRAWBERRY"": 34, ""WHEAT"": 25}","{""COW"": 7, ""SHEEP"": 3, ""GOOSE"": 3}",1,47
310,12,22,0,12398.0,9,9,3,"{""WHEAT"": 12, ""STRAWBERRY"": 30, ""MELON"": 8, ""CARROT"": 3}","{""COW"": 5, ""SHEEP"": 4, ""GOOSE"": 10}",0,0
310,12,22,1,11951.0,11,11,3,"{""STRAWBERRY"": 34, ""WHEAT"": 24}","{""COW"": 7, ""SHEEP"": 3, ""GOOSE"": 3}",1,46
311,12,23,0,13528.0,9,9,3,"{""WHEAT"": 14, ""STRAWBERRY"": 31, ""MELON"": 8, ""CARROT"": 3}","{""COW"": 5, ""SHEEP"": 4, ""GOOSE"": 10}",0,0
311,12,23,1,12375.0,11,11,3,"{""STRAWBERRY"": 34, ""WHEAT"": 25}","{""COW"": 7, ""SHEEP"": 3, ""GOOSE"": 3}",1,38
312,13,0,0,13528.0,0,0,3,"{""WHEAT"": 14, ""STRAWBERRY"": 31, ""MELON"": 8, ""CARROT"": 3}","{""COW"": 5, ""SHEEP"": 4, ""GOOSE"": 10}",0,64
312,13,0,1,12375.0,0,0,3,"{""STRAWBERRY"": 34, ""WHEAT"": 25}","{""COW"": 7, ""SHEEP"": 3, ""GOOSE"": 3}",1,85
313,13,1,0,15109.0,3,3,3,"{""WHEAT"": 14, ""STRAWBERRY"": 31, ""MELON"": 8, ""CARROT"": 3}","{""COW"": 5, ""SHEEP"": 4, ""GOOSE"": 10}",0,30
313,13,1,1,12680.0,8,8,3,"{""STRAWBERRY"": 34, ""WHEAT"": 25}","{""COW"": 7, ""SHEEP"": 3, ""GOOSE"": 3}",1,75
314,13,2,0,14970.0,10,10,3,"{""WHEAT"": 14, ""STRAWBERRY"": 31, ""MELON"": 8, ""CARROT"": 3}","{""COW"": 5, ""SHEEP"": 4, ""GOOSE"": 10}",0,25
314,13,2,1,12502.0,11,11,3,"{""STRAWBERRY"": 34, ""WHEAT"": 25}","{""COW"": 7, ""SHEEP"": 3, ""GOOSE"": 3}",1,60
315,13,3,0,14970.0,10,10,3,"{""WHEAT"": 14, ""STRAWBERRY"": 31, ""MELON"": 8, ""CARROT"": 3}","{""COW"": 5, ""SHEEP"": 4, ""GOOSE"": 10}",0,14
315,13,3,1,12502.0,11,11,3,"{""STRAWBERRY"": 34, ""WHEAT"": 25}","{""COW"": 7, ""SHEEP"": 3, ""GOOSE"": 3}",1,57
316,13,4,0,14970.0,10,10,3,"{""WHEAT"": 14, ""STRAWBERRY"": 31, ""MELON"": 8, ""CARROT"": 3}","{""COW"": 5, ""SHEEP"": 4, ""GOOSE"": 10}",0,13
316,13,4,1,12502.0,11,11,3,"{""STRAWBERRY"": 34, ""WHEAT"": 25}","{""COW"": 7, ""SHEEP"": 3, ""GOOSE"": 3}",1,57
317,13,5,0,14970.0,10,10,3,"{""WHEAT"": 14, ""STRAWBERRY"": 31, ""MELON"": 8, ""CARROT"": 3}","{""COW"": 5, ""SHEEP"": 4, ""GOOSE"": 10}",0,13
317,13,5,1,12502.0,11,11,3,"{""STRAWBERRY"": 34, ""WHEAT"": 24}","{""COW"": 7, ""SHEEP"": 3, ""GOOSE"": 3}",1,57
318,13,6,0,14970.0,10,10,3,"{""WHEAT"": 14, ""STRAWBERRY"": 31, ""MELON"": 8, ""CARROT"": 3}","{""COW"": 5, ""SHEEP"": 4, ""GOOSE"": 10}",0,13
318,13,6,1,12502.0,11,11,3,"{""STRAWBERRY"": 34, ""WHEAT"": 24}","{""COW"": 7, ""SHEEP"": 3, ""GOOSE"": 3}",1,57
319,13,7,0,14970.0,10,10,3,"{""WHEAT"": 14, ""STRAWBERRY"": 31, ""MELON"": 8, ""CARROT"": 3}","{""COW"": 5, ""SHEEP"": 4, ""GOOSE"": 10}",0,13
319,13,7,1,12502.0,11,11,3,"{""STRAWBERRY"": 34, ""WHEAT"": 24}","{""COW"": 7, ""SHEEP"": 3, ""GOOSE"": 3}",1,57
320,13,8,0,14970.0,10,10,3,"{""WHEAT"": 14, ""STRAWBERRY"": 31, ""MELON"": 8, ""CARROT"": 3}","{""COW"": 5, ""SHEEP"": 4, ""GOOSE"": 10}",0,13
320,13,8,1,12492.0,11,11,3,"{""STRAWBERRY"": 34, ""WHEAT"": 24}","{""COW"": 7, ""SHEEP"": 3, ""GOOSE"": 3}",1,57
321,13,9,0,14970.0,10,10,3,"{""WHEAT"": 13, ""STRAWBERRY"": 31, ""MELON"": 8, ""CARROT"": 3}","{""COW"": 5, ""SHEEP"": 4, ""GOOSE"": 10}",0,13
321,13,9,1,12540.0,11,11,3,"{""STRAWBERRY"": 34, ""WHEAT"": 25}","{""COW"": 7, ""SHEEP"": 3, ""GOOSE"": 3}",1,53
322,13,10,0,14970.0,10,10,3,"{""WHEAT"": 14, ""STRAWBERRY"": 31, ""MELON"": 8, ""CARROT"": 3}","{""COW"": 5, ""SHEEP"": 4, ""GOOSE"": 10}",0,13
322,13,10,1,12530.0,11,11,3,"{""STRAWBERRY"": 34, ""WHEAT"": 25}","{""COW"": 7, ""SHEEP"": 3, ""GOOSE"": 3}",1,53
323,13,11,0,14970.0,10,10,3,"{""WHEAT"": 14, ""STRAWBERRY"": 31, ""MELON"": 8, ""CARROT"": 3}","{""COW"": 5, ""SHEEP"": 4, ""GOOSE"": 10}",0,13
323,13,11,1,12530.0,11,11,3,"{""STRAWBERRY"": 34, ""WHEAT"": 23}","{""COW"": 7, ""SHEEP"": 3, ""GOOSE"": 3}",1,53
324,13,12,0,14970.0,10,10,3,"{""WHEAT"": 14, ""STRAWBERRY"": 31, ""MELON"": 8, ""CARROT"": 3}","{""COW"": 5, ""SHEEP"": 4, ""GOOSE"": 10}",0,13
324,13,12,1,12638.0,11,11,3,"{""STRAWBERRY"": 34, ""WHEAT"": 25}","{""COW"": 7, ""SHEEP"": 3, ""GOOSE"": 3}",1,50
325,13,13,0,14970.0,10,10,3,"{""WHEAT"": 13, ""STRAWBERRY"": 31, ""MELON"": 8, ""CARROT"": 3}","{""COW"": 5, ""SHEEP"": 4, ""GOOSE"": 10}",0,13
325,13,13,1,12628.0,11,11,3,"{""STRAWBERRY"": 34, ""WHEAT"": 23}","{""COW"": 7, ""SHEEP"": 3, ""GOOSE"": 3}",1,50
326,13,14,0,14970.0,10,10,3,"{""WHEAT"": 13, ""STRAWBERRY"": 32, ""MELON"": 8, ""CARROT"": 3}","{""COW"": 5, ""SHEEP"": 4, ""GOOSE"": 10}",0,13
326,13,14,1,12602.0,11,11,3,"{""STRAWBERRY"": 36, ""WHEAT"": 23}","{""COW"": 7, ""SHEEP"": 3, ""GOOSE"": 3}",1,49
327,13,15,0,14970.0,10,10,3,"{""WHEAT"": 13, ""STRAWBERRY"": 32, ""MELON"": 8, ""CARROT"": 3}","{""COW"": 5, ""SHEEP"": 4, ""GOOSE"": 10}",0,13
327,13,15,1,12592.0,11,11,3,"{""STRAWBERRY"": 36, ""WHEAT"": 22}","{""COW"": 7, ""SHEEP"": 3, ""GOOSE"": 3}",1,49
328,13,16,0,14970.0,10,10,3,"{""WHEAT"": 12, ""STRAWBERRY"": 32, ""MELON"": 8, ""CARROT"": 3}","{""COW"": 5, ""SHEEP"": 4, ""GOOSE"": 10}",0,13
328,13,16,1,12582.0,11,11,3,"{""STRAWBERRY"": 36, ""WHEAT"": 23}","{""COW"": 7, ""SHEEP"": 3, ""GOOSE"": 3}",1,49
329,13,17,0,14970.0,10,10,3,"{""WHEAT"": 13, ""STRAWBERRY"": 32, ""MELON"": 8, ""CARROT"": 3}","{""COW"": 5, ""SHEEP"": 4, ""GOOSE"": 10}",0,13
329,13,17,1,12572.0,11,11,3,"{""STRAWBERRY"": 36, ""WHEAT"": 22}","{""COW"": 7, ""SHEEP"": 3, ""GOOSE"": 3}",1,49
330,13,18,0,14970.0,10,10,3,"{""WHEAT"": 13, ""STRAWBERRY"": 32, ""MELON"": 8, ""CARROT"": 3}","{""COW"": 5, ""SHEEP"": 4, ""GOOSE"": 10}",0,13
330,13,18,1,12646.0,11,11,3,"{""STRAWBERRY"": 37, ""WHEAT"": 21}","{""COW"": 7, ""SHEEP"": 3, ""GOOSE"": 3}",1,50
331,13,19,0,15226.0,10,10,3,"{""WHEAT"": 13, ""STRAWBERRY"": 32, ""MELON"": 8, ""CARROT"": 3}","{""COW"": 5, ""SHEEP"": 4, ""GOOSE"": 10}",0,13
331,13,19,1,12848.0,11,11,3,"{""STRAWBERRY"": 37, ""WHEAT"": 22}","{""COW"": 7, ""SHEEP"": 3, ""GOOSE"": 3}",1,46
332,13,20,0,15226.0,10,10,3,"{""WHEAT"": 13, ""STRAWBERRY"": 32, ""MELON"": 8, ""CARROT"": 3}","{""COW"": 5, ""SHEEP"": 4, ""GOOSE"": 10}",0,13
332,13,20,1,12838.0,11,11,3,"{""STRAWBERRY"": 37, ""WHEAT"": 21}","{""COW"": 7, ""SHEEP"": 3, ""GOOSE"": 3}",1,46
333,13,21,0,15226.0,10,10,3,"{""WHEAT"": 12, ""STRAWBERRY"": 32, ""MELON"": 8, ""CARROT"": 3}","{""COW"": 5, ""SHEEP"": 4, ""GOOSE"": 10}",0,13
333,13,21,1,12828.0,11,11,3,"{""STRAWBERRY"": 37, ""WHEAT"": 21}","{""COW"": 7, ""SHEEP"": 3, ""GOOSE"": 3}",1,46
334,13,22,0,15226.0,10,10,3,"{""WHEAT"": 12, ""STRAWBERRY"": 33, ""MELON"": 8, ""CARROT"": 3}","{""COW"": 5, ""SHEEP"": 4, ""GOOSE"": 10}",0,13
334,13,22,1,12912.0,11,11,3,"{""STRAWBERRY"": 37, ""WHEAT"": 22}","{""COW"": 7, ""SHEEP"": 3, ""GOOSE"": 3}",1,45
335,13,23,0,16126.0,10,10,3,"{""WHEAT"": 12, ""STRAWBERRY"": 33, ""MELON"": 8, ""CARROT"": 3}","{""COW"": 5, ""SHEEP"": 4, ""GOOSE"": 10}",0,13
335,13,23,1,12992.0,11,11,3,"{""STRAWBERRY"": 37, ""WHEAT"": 22}","{""COW"": 7, ""SHEEP"": 3, ""GOOSE"": 3}",1,48
336,14,0,0,16396.0,0,0,3,"{""WHEAT"": 12, ""STRAWBERRY"": 33, ""MELON"": 8, ""CARROT"": 3}","{""COW"": 5, ""GOOSE"": 10, ""SHEEP"": 3}",0,38
336,14,0,1,16479.0,0,0,3,"{""STRAWBERRY"": 37, ""WHEAT"": 22}","{""COW"": 7, ""SHEEP"": 3, ""GOOSE"": 3}",0,93
337,14,1,0,16430.0,6,6,3,"{""WHEAT"": 12, ""STRAWBERRY"": 33, ""MELON"": 8, ""CARROT"": 3}","{""COW"": 5, ""GOOSE"": 10, ""SHEEP"": 3}",0,32
337,14,1,1,16860.0,8,8,3,"{""STRAWBERRY"": 37, ""WHEAT"": 22}","{""COW"": 7, ""SHEEP"": 3, ""GOOSE"": 3}",0,85
338,14,2,0,16307.0,10,10,3,"{""WHEAT"": 12, ""STRAWBERRY"": 33, ""MELON"": 8, ""CARROT"": 3}","{""COW"": 5, ""GOOSE"": 10, ""SHEEP"": 3}",0,24
338,14,2,1,17540.0,11,11,3,"{""STRAWBERRY"": 37, ""WHEAT"": 22}","{""COW"": 7, ""SHEEP"": 3, ""GOOSE"": 3}",0,56
339,14,3,0,16307.0,10,10,3,"{""WHEAT"": 12, ""STRAWBERRY"": 33, ""MELON"": 8, ""CARROT"": 3}","{""COW"": 5, ""GOOSE"": 10, ""SHEEP"": 3}",0,20
339,14,3,1,17540.0,11,11,3,"{""STRAWBERRY"": 37, ""WHEAT"": 22}","{""COW"": 7, ""SHEEP"": 3, ""GOOSE"": 3}",0,56
340,14,4,0,16307.0,10,10,3,"{""WHEAT"": 12, ""STRAWBERRY"": 33, ""MELON"": 8, ""CARROT"": 3}","{""COW"": 5, ""GOOSE"": 10, ""SHEEP"": 3}",0,20
340,14,4,1,17540.0,11,11,3,"{""STRAWBERRY"": 37, ""WHEAT"": 22}","{""COW"": 7, ""SHEEP"": 3, ""GOOSE"": 3}",0,53
341,14,5,0,16307.0,10,10,3,"{""WHEAT"": 12, ""STRAWBERRY"": 33, ""MELON"": 8, ""CARROT"": 3}","{""COW"": 5, ""GOOSE"": 10, ""SHEEP"": 3}",0,20
341,14,5,1,17540.0,11,11,3,"{""STRAWBERRY"": 37, ""WHEAT"": 22}","{""COW"": 7, ""SHEEP"": 3, ""GOOSE"": 3}",0,59
342,14,6,0,16307.0,10,10,3,"{""WHEAT"": 12, ""STRAWBERRY"": 33, ""MELON"": 8, ""CARROT"": 1}","{""COW"": 5, ""GOOSE"": 10, ""SHEEP"": 3}",0,20
342,14,6,1,17540.0,11,11,3,"{""STRAWBERRY"": 37, ""WHEAT"": 21}","{""COW"": 7, ""SHEEP"": 3, ""GOOSE"": 3}",0,59
343,14,7,0,16307.0,10,10,3,"{""WHEAT"": 13, ""STRAWBERRY"": 33, ""MELON"": 8, ""TOMATO"": 1, ""CARROT"": 1}","{""COW"": 5, ""GOOSE"": 10, ""SHEEP"": 3}",0,20
343,14,7,1,17530.0,11,11,3,"{""STRAWBERRY"": 37, ""WHEAT"": 20}","{""COW"": 7, ""SHEEP"": 3, ""GOOSE"": 3}",0,62
344,14,8,0,16307.0,10,10,3,"{""WHEAT"": 13, ""STRAWBERRY"": 33, ""MELON"": 8, ""TOMATO"": 1, ""CARROT"": 1}","{""COW"": 5, ""GOOSE"": 10, ""SHEEP"": 3}",0,20
344,14,8,1,17520.0,11,11,3,"{""STRAWBERRY"": 37, ""WHEAT"": 22}","{""COW"": 7, ""SHEEP"": 3, ""GOOSE"": 3}",0,59
345,14,9,0,16307.0,10,10,3,"{""WHEAT"": 12, ""STRAWBERRY"": 33, ""MELON"": 8, ""TOMATO"": 1, ""CARROT"": 1}","{""COW"": 5, ""GOOSE"": 10, ""SHEEP"": 3}",0,20
345,14,9,1,17520.0,11,11,3,"{""STRAWBERRY"": 37, ""WHEAT"": 22}","{""COW"": 7, ""SHEEP"": 3, ""GOOSE"": 3}",0,59
346,14,10,0,16307.0,10,10,3,"{""WHEAT"": 10, ""STRAWBERRY"": 33, ""TOMATO"": 2, ""MELON"": 8, ""CARROT"": 1}","{""COW"": 5, ""GOOSE"": 10, ""SHEEP"": 3}",0,20
346,14,10,1,17520.0,11,11,3,"{""STRAWBERRY"": 37, ""WHEAT"": 22}","{""COW"": 7, ""SHEEP"": 3, ""GOOSE"": 3}",0,67
347,14,11,0,16307.0,10,10,3,"{""WHEAT"": 12, ""STRAWBERRY"": 33, ""TOMATO"": 2, ""MELON"": 8, ""CARROT"": 1}","{""COW"": 5, ""GOOSE"": 10, ""SHEEP"": 3}",0,20
347,14,11,1,17944.0,11,11,3,"{""STRAWBERRY"": 37, ""WHEAT"": 22}","{""COW"": 7, ""SHEEP"": 3, ""GOOSE"": 3}",0,63
348,14,12,0,16307.0,10,10,3,"{""WHEAT"": 12, ""STRAWBERRY"": 33, ""TOMATO"": 2, ""MELON"": 8, ""CARROT"": 1}","{""COW"": 5, ""GOOSE"": 10, ""SHEEP"": 3}",0,20
348,14,12,1,17944.0,11,11,3,"{""STRAWBERRY"": 37, ""WHEAT"": 21}","{""COW"": 7, ""SHEEP"": 3, ""GOOSE"": 3}",0,61
349,14,13,0,16307.0,10,10,3,"{""WHEAT"": 12, ""STRAWBERRY"": 33, ""TOMATO"": 2, ""MELON"": 8, ""CARROT"": 1}","{""COW"": 5, ""GOOSE"": 10, ""SHEEP"": 3}",0,20
349,14,13,1,18012.0,11,11,3,"{""STRAWBERRY"": 37, ""WHEAT"": 21}","{""COW"": 7, ""SHEEP"": 3, ""GOOSE"": 3}",0,59
350,14,14,0,16307.0,10,10,3,"{""WHEAT"": 12, ""STRAWBERRY"": 33, ""TOMATO"": 2, ""MELON"": 8, ""CARROT"": 1}","{""COW"": 5, ""GOOSE"": 10, ""SHEEP"": 3}",0,20
350,14,14,1,17952.0,11,11,3,"{""STRAWBERRY"": 37, ""WHEAT"": 22}","{""COW"": 7, ""SHEEP"": 3, ""GOOSE"": 3}",0,59
351,14,15,0,16307.0,10,10,3,"{""WHEAT"": 12, ""STRAWBERRY"": 33, ""TOMATO"": 2, ""MELON"": 8, ""CARROT"": 1}","{""COW"": 5, ""GOOSE"": 10, ""SHEEP"": 3}",0,20
351,14,15,1,17952.0,11,11,3,"{""STRAWBERRY"": 37, ""WHEAT"": 22}","{""COW"": 7, ""SHEEP"": 3, ""GOOSE"": 3}",0,59
352,14,16,0,16307.0,10,10,3,"{""WHEAT"": 12, ""STRAWBERRY"": 33, ""TOMATO"": 2, ""MELON"": 8, ""CARROT"": 1}","{""COW"": 5, ""GOOSE"": 10, ""SHEEP"": 3}",0,20
352,14,16,1,17952.0,11,11,3,"{""STRAWBERRY"": 37, ""WHEAT"": 22}","{""COW"": 7, ""SHEEP"": 3, ""GOOSE"": 3}",0,59
353,14,17,0,16307.0,10,10,3,"{""WHEAT"": 12, ""STRAWBERRY"": 33, ""TOMATO"": 2, ""MELON"": 8}","{""COW"": 5, ""GOOSE"": 10, ""SHEEP"": 3}",0,20
353,14,17,1,17952.0,11,11,3,"{""STRAWBERRY"": 37, ""WHEAT"": 21}","{""COW"": 7, ""SHEEP"": 3, ""GOOSE"": 3}",0,59
354,14,18,0,16307.0,10,10,3,"{""WHEAT"": 13, ""STRAWBERRY"": 33, ""TOMATO"": 2, ""MELON"": 8}","{""COW"": 5, ""GOOSE"": 10, ""SHEEP"": 3}",0,20
354,14,18,1,18118.0,11,11,3,"{""STRAWBERRY"": 37, ""WHEAT"": 22}","{""COW"": 7, ""SHEEP"": 3, ""GOOSE"": 3}",0,57
355,14,19,0,16307.0,10,10,3,"{""WHEAT"": 13, ""STRAWBERRY"": 33, ""TOMATO"": 2, ""MELON"": 8}","{""COW"": 5, ""GOOSE"": 10, ""SHEEP"": 3}",0,20
355,14,19,1,18108.0,11,11,3,"{""STRAWBERRY"": 37, ""WHEAT"": 22}","{""COW"": 7, ""SHEEP"": 3, ""GOOSE"": 3}",0,57
356,14,20,0,16307.0,10,10,3,"{""WHEAT"": 13, ""STRAWBERRY"": 33, ""TOMATO"": 2, ""MELON"": 8}","{""COW"": 5, ""GOOSE"": 10, ""SHEEP"": 3}",0,20
356,14,20,1,18108.0,11,11,3,"{""STRAWBERRY"": 37, ""WHEAT"": 22}","{""COW"": 7, ""SHEEP"": 3, ""GOOSE"": 3}",0,57
357,14,21,0,16307.0,10,10,3,"{""WHEAT"": 13, ""STRAWBERRY"": 33, ""TOMATO"": 2, ""MELON"": 8}","{""COW"": 5, ""GOOSE"": 10, ""SHEEP"": 3}",0,20
357,14,21,1,18108.0,11,11,3,"{""STRAWBERRY"": 37, ""WHEAT"": 20, ""TOMATO"": 1}","{""COW"": 7, ""SHEEP"": 3, ""GOOSE"": 3}",0,57
358,14,22,0,17302.0,10,10,3,"{""WHEAT"": 13, ""STRAWBERRY"": 33, ""TOMATO"": 2, ""MELON"": 8}","{""COW"": 5, ""GOOSE"": 10, ""SHEEP"": 3}",0,20
358,14,22,1,18355.0,11,11,3,"{""STRAWBERRY"": 37, ""WHEAT"": 22, ""TOMATO"": 1}","{""COW"": 7, ""SHEEP"": 3, ""GOOSE"": 3}",0,54
359,14,23,0,18273.0,10,10,3,"{""WHEAT"": 14, ""STRAWBERRY"": 33, ""TOMATO"": 2, ""MELON"": 8}","{""COW"": 5, ""GOOSE"": 10, ""SHEEP"": 3}",0,20
359,14,23,1,19604.0,11,11,3,"{""STRAWBERRY"": 37, ""WHEAT"": 22, ""TOMATO"": 1}","{""COW"": 7, ""SHEEP"": 3, ""GOOSE"": 3}",0,47
360,15,0,0,18273.0,0,0,3,"{""WHEAT"": 14, ""STRAWBERRY"": 33, ""TOMATO"": 2, ""MELON"": 8}","{""COW"": 5, ""GOOSE"": 10, ""SHEEP"": 3}",0,59
360,15,0,1,19604.0,0,0,3,"{""STRAWBERRY"": 37, ""WHEAT"": 22, ""TOMATO"": 1}","{""COW"": 7, ""SHEEP"": 3, ""GOOSE"": 3}",0,100
361,15,1,0,13474.0,2,2,4,"{""WHEAT"": 14, ""STRAWBERRY"": 33, ""TOMATO"": 2, ""MELON"": 8}","{""COW"": 5, ""GOOSE"": 10, ""SHEEP"": 3}",0,47
361,15,1,1,19654.0,8,8,3,"{""STRAWBERRY"": 37, ""WHEAT"": 22, ""TOMATO"": 1}","{""COW"": 7, ""SHEEP"": 3, ""GOOSE"": 3}",0,98
362,15,2,0,13244.0,11,11,4,"{""WHEAT"": 14, ""STRAWBERRY"": 33, ""TOMATO"": 2, ""MELON"": 8}","{""COW"": 5, ""GOOSE"": 10, ""SHEEP"": 3}",0,43
362,15,2,1,19376.0,11,11,3,"{""STRAWBERRY"": 37, ""WHEAT"": 22, ""TOMATO"": 1}","{""COW"": 7, ""SHEEP"": 3, ""GOOSE"": 3}",0,82
363,15,3,0,13244.0,11,11,4,"{""WHEAT"": 14, ""STRAWBERRY"": 34, ""TOMATO"": 2, ""MELON"": 8}","{""COW"": 5, ""GOOSE"": 10, ""SHEEP"": 3}",0,34
363,15,3,1,19584.0,11,11,3,"{""STRAWBERRY"": 37, ""WHEAT"": 22, ""TOMATO"": 1}","{""COW"": 7, ""SHEEP"": 3, ""GOOSE"": 3}",0,78
364,15,4,0,13244.0,11,11,4,"{""WHEAT"": 14, ""STRAWBERRY"": 35, ""TOMATO"": 2, ""MELON"": 8}","{""COW"": 5, ""GOOSE"": 10, ""SHEEP"": 3}",0,33
364,15,4,1,19584.0,11,11,3,"{""STRAWBERRY"": 37, ""WHEAT"": 22, ""TOMATO"": 1}","{""COW"": 7, ""SHEEP"": 3, ""GOOSE"": 3}",0,82
365,15,5,0,13244.0,11,11,4,"{""WHEAT"": 14, ""STRAWBERRY"": 35, ""TOMATO"": 2, ""MELON"": 8, ""CARROT"": 1}","{""COW"": 5, ""GOOSE"": 10, ""SHEEP"": 3}",0,33
365,15,5,1,19584.0,11,11,3,"{""STRAWBERRY"": 37, ""WHEAT"": 21, ""TOMATO"": 1}","{""COW"": 7, ""SHEEP"": 3, ""GOOSE"": 3}",0,79
366,15,6,0,13244.0,11,11,4,"{""WHEAT"": 14, ""STRAWBERRY"": 36, ""TOMATO"": 2, ""MELON"": 8, ""CARROT"": 1}","{""COW"": 5, ""GOOSE"": 10, ""SHEEP"": 3}",0,33
366,15,6,1,19584.0,11,11,3,"{""STRAWBERRY"": 37, ""WHEAT"": 22, ""TOMATO"": 1}","{""COW"": 7, ""SHEEP"": 3, ""GOOSE"": 3}",0,82
367,15,7,0,13244.0,11,11,4,"{""WHEAT"": 14, ""STRAWBERRY"": 36, ""TOMATO"": 3, ""MELON"": 8, ""CARROT"": 1}","{""COW"": 5, ""GOOSE"": 10, ""SHEEP"": 3}",0,33
367,15,7,1,19584.0,11,11,3,"{""STRAWBERRY"": 37, ""WHEAT"": 22, ""TOMATO"": 1}","{""COW"": 7, ""SHEEP"": 3, ""GOOSE"": 3}",0,78
368,15,8,0,13244.0,11,11,4,"{""WHEAT"": 14, ""STRAWBERRY"": 37, ""TOMATO"": 3, ""MELON"": 8, ""CARROT"": 1}","{""COW"": 5, ""GOOSE"": 10, ""SHEEP"": 3}",0,33
368,15,8,1,19584.0,11,11,3,"{""STRAWBERRY"": 37, ""WHEAT"": 22, ""TOMATO"": 1}","{""COW"": 7, ""SHEEP"": 3, ""GOOSE"": 3}",0,78
369,15,9,0,13244.0,11,11,4,"{""WHEAT"": 13, ""STRAWBERRY"": 37, ""TOMATO"": 3, ""MELON"": 8, ""CARROT"": 1}","{""COW"": 5, ""GOOSE"": 10, ""SHEEP"": 3}",0,33
369,15,9,1,19584.0,11,11,3,"{""STRAWBERRY"": 37, ""WHEAT"": 22, ""TOMATO"": 1}","{""COW"": 7, ""SHEEP"": 3, ""GOOSE"": 3}",0,78
370,15,10,0,13244.0,11,11,4,"{""WHEAT"": 13, ""STRAWBERRY"": 38, ""TOMATO"": 4, ""MELON"": 8, ""CARROT"": 2}","{""COW"": 5, ""GOOSE"": 10, ""SHEEP"": 3}",0,33
370,15,10,1,19584.0,11,11,3,"{""STRAWBERRY"": 37, ""WHEAT"": 21, ""TOMATO"": 1}","{""COW"": 7, ""SHEEP"": 3, ""GOOSE"": 3}",0,78
371,15,11,0,13244.0,11,11,4,"{""WHEAT"": 13, ""STRAWBERRY"": 38, ""TOMATO"": 4, ""MELON"": 8, ""CARROT"": 2}","{""COW"": 5, ""GOOSE"": 10, ""SHEEP"": 3}",0,33
371,15,11,1,19886.0,11,11,3,"{""STRAWBERRY"": 37, ""WHEAT"": 22, ""TOMATO"": 1}","{""COW"": 7, ""SHEEP"": 3, ""GOOSE"": 3}",0,70
372,15,12,0,13244.0,11,11,4,"{""WHEAT"": 13, ""STRAWBERRY"": 38, ""TOMATO"": 4, ""MELON"": 8, ""CARROT"": 2}","{""COW"": 5, ""GOOSE"": 10, ""SHEEP"": 3}",0,33
372,15,12,1,19886.0,11,11,3,"{""STRAWBERRY"": 37, ""WHEAT"": 21, ""TOMATO"": 1}","{""COW"": 7, ""SHEEP"": 3, ""GOOSE"": 3}",0,70
373,15,13,0,13244.0,11,11,4,"{""WHEAT"": 12, ""STRAWBERRY"": 40, ""TOMATO"": 4, ""MELON"": 8, ""CARROT"": 3}","{""COW"": 5, ""GOOSE"": 10, ""SHEEP"": 3}",0,33
373,15,13,1,19876.0,11,11,3,"{""STRAWBERRY"": 38, ""WHEAT"": 21, ""TOMATO"": 1}","{""COW"": 7, ""SHEEP"": 3, ""GOOSE"": 3}",0,70
374,15,14,0,13244.0,11,11,4,"{""WHEAT"": 12, ""STRAWBERRY"": 41, ""TOMATO"": 4, ""MELON"": 8, ""CARROT"": 3}","{""COW"": 5, ""GOOSE"": 10, ""SHEEP"": 3}",0,33
374,15,14,1,19776.0,11,11,3,"{""STRAWBERRY"": 38, ""WHEAT"": 21, ""TOMATO"": 1}","{""COW"": 7, ""SHEEP"": 3, ""GOOSE"": 3}",0,70
375,15,15,0,13244.0,11,11,4,"{""WHEAT"": 12, ""STRAWBERRY"": 41, ""TOMATO"": 4, ""MELON"": 8, ""CARROT"": 3}","{""COW"": 5, ""GOOSE"": 10, ""SHEEP"": 3}",0,33
375,15,15,1,19776.0,11,11,3,"{""STRAWBERRY"": 38, ""WHEAT"": 21, ""TOMATO"": 1}","{""COW"": 7, ""SHEEP"": 3, ""GOOSE"": 3}",0,70
376,15,16,0,13244.0,11,11,4,"{""WHEAT"": 12, ""STRAWBERRY"": 41, ""TOMATO"": 6, ""MELON"": 8, ""CARROT"": 3}","{""COW"": 5, ""GOOSE"": 10, ""SHEEP"": 3}",0,33
376,15,16,1,19776.0,11,11,3,"{""STRAWBERRY"": 38, ""WHEAT"": 21, ""TOMATO"": 1}","{""COW"": 7, ""SHEEP"": 3, ""GOOSE"": 3}",0,70
377,15,17,0,13244.0,11,11,4,"{""WHEAT"": 12, ""STRAWBERRY"": 41, ""TOMATO"": 8, ""MELON"": 8, ""CARROT"": 3}","{""COW"": 5, ""GOOSE"": 10, ""SHEEP"": 3}",0,33
377,15,17,1,19776.0,11,11,3,"{""STRAWBERRY"": 38, ""WHEAT"": 20, ""TOMATO"": 1}","{""COW"": 7, ""SHEEP"": 3, ""GOOSE"": 3}",0,70
378,15,18,0,13244.0,11,11,4,"{""WHEAT"": 12, ""STRAWBERRY"": 41, ""TOMATO"": 8, ""MELON"": 8, ""CARROT"": 3}","{""COW"": 5, ""GOOSE"": 10, ""SHEEP"": 3}",0,33
378,15,18,1,19766.0,11,11,3,"{""STRAWBERRY"": 39, ""WHEAT"": 20, ""TOMATO"": 1}","{""COW"": 7, ""SHEEP"": 3, ""GOOSE"": 3}",0,70
379,15,19,0,13244.0,11,11,4,"{""WHEAT"": 12, ""STRAWBERRY"": 41, ""TOMATO"": 10, ""MELON"": 8, ""CARROT"": 3}","{""COW"": 5, ""GOOSE"": 10, ""SHEEP"": 3}",0,33
379,15,19,1,19666.0,11,11,3,"{""STRAWBERRY"": 39, ""WHEAT"": 20, ""TOMATO"": 1}","{""COW"": 7, ""SHEEP"": 3, ""GOOSE"": 3}",0,70
380,15,20,0,13244.0,11,11,4,"{""WHEAT"": 12, ""STRAWBERRY"": 41, ""TOMATO"": 10, ""MELON"": 9, ""CARROT"": 4}","{""COW"": 5, ""GOOSE"": 10, ""SHEEP"": 3}",0,33
380,15,20,1,19666.0,11,11,3,"{""STRAWBERRY"": 39, ""WHEAT"": 20, ""TOMATO"": 1}","{""COW"": 7, ""SHEEP"": 3, ""GOOSE"": 3}",0,70
381,15,21,0,13244.0,11,11,4,"{""STRAWBERRY"": 41, ""TOMATO"": 10, ""WHEAT"": 10, ""MELON"": 9, ""CARROT"": 4}","{""COW"": 5, ""GOOSE"": 10, ""SHEEP"": 3}",0,33
381,15,21,1,19666.0,11,11,3,"{""STRAWBERRY"": 39, ""WHEAT"": 20, ""TOMATO"": 1}","{""COW"": 7, ""SHEEP"": 3, ""GOOSE"": 3}",0,70
382,15,22,0,13244.0,11,11,4,"{""CARROT"": 5, ""STRAWBERRY"": 41, ""TOMATO"": 11, ""WHEAT"": 10, ""MELON"": 10}","{""COW"": 5, ""GOOSE"": 10, ""SHEEP"": 3}",0,33
382,15,22,1,19966.0,11,11,3,"{""STRAWBERRY"": 39, ""WHEAT"": 20, ""TOMATO"": 1}","{""COW"": 7, ""SHEEP"": 3, ""GOOSE"": 3}",0,66
383,15,23,0,13244.0,11,11,4,"{""CARROT"": 5, ""STRAWBERRY"": 41, ""TOMATO"": 13, ""WHEAT"": 10, ""MELON"": 10}","{""COW"": 5, ""GOOSE"": 10, ""SHEEP"": 3}",0,33
383,15,23,1,21064.0,11,11,3,"{""STRAWBERRY"": 39, ""WHEAT"": 20, ""TOMATO"": 1}","{""COW"": 7, ""SHEEP"": 3, ""GOOSE"": 3}",0,44
384,16,0,0,13244.0,0,0,4,"{""CARROT"": 5, ""STRAWBERRY"": 41, ""TOMATO"": 13, ""WHEAT"": 10, ""MELON"": 10}","{""COW"": 3, ""GOOSE"": 10, ""SHEEP"": 3}",0,81
384,16,0,1,21064.0,0,0,3,"{""STRAWBERRY"": 39, ""WHEAT"": 20, ""TOMATO"": 1}","{""COW"": 7, ""SHEEP"": 3, ""GOOSE"": 3}",0,79
385,16,1,0,14036.0,4,4,4,"{""CARROT"": 5, ""STRAWBERRY"": 41, ""TOMATO"": 13, ""WHEAT"": 10, ""MELON"": 10}","{""COW"": 3, ""GOOSE"": 10, ""SHEEP"": 3}",0,52
385,16,1,1,21050.0,8,8,3,"{""STRAWBERRY"": 39, ""WHEAT"": 20, ""TOMATO"": 1}","{""COW"": 7, ""SHEEP"": 3, ""GOOSE"": 3}",0,78
386,16,2,0,13900.0,10,10,4,"{""CARROT"": 5, ""STRAWBERRY"": 41, ""TOMATO"": 13, ""WHEAT"": 10, ""MELON"": 10}","{""COW"": 3, ""GOOSE"": 10, ""SHEEP"": 3}",0,43
386,16,2,1,20872.0,11,11,3,"{""STRAWBERRY"": 39, ""WHEAT"": 20, ""TOMATO"": 1}","{""COW"": 7, ""SHEEP"": 3, ""GOOSE"": 3}",0,75
387,16,3,0,13900.0,10,10,4,"{""CARROT"": 5, ""STRAWBERRY"": 41, ""TOMATO"": 13, ""WHEAT"": 10, ""MELON"": 10}","{""COW"": 3, ""GOOSE"": 10, ""SHEEP"": 3}",0,39
387,16,3,1,20872.0,11,11,3,"{""STRAWBERRY"": 39, ""WHEAT"": 20, ""TOMATO"": 1}","{""COW"": 7, ""SHEEP"": 3, ""GOOSE"": 3}",0,78
388,16,4,0,13900.0,10,10,4,"{""CARROT"": 5, ""STRAWBERRY"": 41, ""TOMATO"": 13, ""WHEAT"": 10, ""MELON"": 11}","{""COW"": 3, ""GOOSE"": 10, ""SHEEP"": 3}",0,35
388,16,4,1,20872.0,11,11,3,"{""STRAWBERRY"": 39, ""WHEAT"": 20, ""TOMATO"": 1}","{""COW"": 7, ""SHEEP"": 3, ""GOOSE"": 3}",0,78
389,16,5,0,13900.0,10,10,4,"{""CARROT"": 5, ""STRAWBERRY"": 41, ""TOMATO"": 13, ""WHEAT"": 10, ""MELON"": 11}","{""COW"": 3, ""GOOSE"": 10, ""SHEEP"": 3}",0,35
389,16,5,1,21184.0,11,11,3,"{""STRAWBERRY"": 39, ""WHEAT"": 18, ""TOMATO"": 1}","{""COW"": 7, ""SHEEP"": 3, ""GOOSE"": 3}",1,70
390,16,6,0,13900.0,10,10,4,"{""CARROT"": 5, ""STRAWBERRY"": 41, ""TOMATO"": 13, ""WHEAT"": 10, ""MELON"": 11}","{""COW"": 3, ""GOOSE"": 10, ""SHEEP"": 3}",0,35
390,16,6,1,21184.0,11,11,3,"{""STRAWBERRY"": 39, ""WHEAT"": 18, ""TOMATO"": 1}","{""COW"": 7, ""SHEEP"": 3, ""GOOSE"": 3}",1,70
391,16,7,0,13900.0,10,10,4,"{""CARROT"": 5, ""STRAWBERRY"": 41, ""TOMATO"": 13, ""WHEAT"": 10, ""MELON"": 11}","{""COW"": 3, ""GOOSE"": 10, ""SHEEP"": 3}",0,35
391,16,7,1,21184.0,11,11,3,"{""STRAWBERRY"": 39, ""WHEAT"": 19, ""TOMATO"": 1}","{""COW"": 7, ""SHEEP"": 3, ""GOOSE"": 3}",1,70
392,16,8,0,13900.0,10,10,4,"{""CARROT"": 5, ""STRAWBERRY"": 41, ""TOMATO"": 13, ""WHEAT"": 10, ""MELON"": 11}","{""COW"": 3, ""GOOSE"": 10, ""SHEEP"": 3}",0,35
392,16,8,1,21184.0,11,11,3,"{""STRAWBERRY"": 39, ""WHEAT"": 19, ""TOMATO"": 1}","{""COW"": 7, ""SHEEP"": 3, ""GOOSE"": 3}",1,70
393,16,9,0,13900.0,10,10,4,"{""CARROT"": 5, ""STRAWBERRY"": 41, ""TOMATO"": 13, ""WHEAT"": 10, ""MELON"": 11}","{""COW"": 3, ""GOOSE"": 10, ""SHEEP"": 3}",0,35
393,16,9,1,21184.0,11,11,3,"{""STRAWBERRY"": 39, ""WHEAT"": 18, ""TOMATO"": 1}","{""COW"": 7, ""SHEEP"": 3, ""GOOSE"": 3}",1,70
394,16,10,0,13900.0,10,10,4,"{""CARROT"": 5, ""STRAWBERRY"": 41, ""TOMATO"": 13, ""WHEAT"": 9, ""MELON"": 12}","{""COW"": 3, ""GOOSE"": 10, ""SHEEP"": 3}",0,35
394,16,10,1,21369.0,11,11,3,"{""STRAWBERRY"": 39, ""WHEAT"": 18, ""TOMATO"": 1}","{""COW"": 7, ""SHEEP"": 3, ""GOOSE"": 3}",1,70
395,16,11,0,13900.0,10,10,4,"{""CARROT"": 5, ""STRAWBERRY"": 41, ""TOMATO"": 13, ""WHEAT"": 9, ""MELON"": 12}","{""COW"": 3, ""GOOSE"": 10, ""SHEEP"": 3}",0,35
395,16,11,1,21461.0,11,11,3,"{""STRAWBERRY"": 39, ""WHEAT"": 19, ""TOMATO"": 1}","{""COW"": 7, ""SHEEP"": 3, ""GOOSE"": 3}",1,68
396,16,12,0,13900.0,10,10,4,"{""CARROT"": 5, ""STRAWBERRY"": 41, ""TOMATO"": 13, ""WHEAT"": 8, ""MELON"": 12}","{""COW"": 3, ""GOOSE"": 10, ""SHEEP"": 3}",0,35
396,16,12,1,22162.0,11,11,3,"{""STRAWBERRY"": 39, ""WHEAT"": 19, ""TOMATO"": 1}","{""COW"": 7, ""SHEEP"": 3, ""GOOSE"": 3}",1,65
397,16,13,0,13900.0,10,10,4,"{""CARROT"": 5, ""STRAWBERRY"": 41, ""TOMATO"": 13, ""WHEAT"": 7, ""MELON"": 12}","{""COW"": 3, ""GOOSE"": 10, ""SHEEP"": 3}",0,35
397,16,13,1,22162.0,11,11,3,"{""STRAWBERRY"": 39, ""WHEAT"": 19, ""TOMATO"": 1}","{""COW"": 7, ""SHEEP"": 3, ""GOOSE"": 3}",1,72
398,16,14,0,13900.0,10,10,4,"{""CARROT"": 5, ""STRAWBERRY"": 41, ""TOMATO"": 13, ""WHEAT"": 7, ""MELON"": 12}","{""COW"": 3, ""GOOSE"": 10, ""SHEEP"": 3}",0,35
398,16,14,1,22874.0,11,11,3,"{""STRAWBERRY"": 39, ""WHEAT"": 19, ""TOMATO"": 1}","{""COW"": 7, ""SHEEP"": 3, ""GOOSE"": 3}",1,69
399,16,15,0,13900.0,10,10,4,"{""CARROT"": 5, ""STRAWBERRY"": 41, ""TOMATO"": 13, ""WHEAT"": 7, ""MELON"": 12}","{""COW"": 3, ""GOOSE"": 10, ""SHEEP"": 3}",0,35
399,16,15,1,22874.0,11,11,3,"{""STRAWBERRY"": 39, ""WHEAT"": 18, ""TOMATO"": 1}","{""COW"": 7, ""SHEEP"": 3, ""GOOSE"": 3}",1,69
400,16,16,0,13900.0,10,10,4,"{""CARROT"": 5, ""STRAWBERRY"": 41, ""TOMATO"": 13, ""WHEAT"": 6, ""MELON"": 12}","{""COW"": 3, ""GOOSE"": 10, ""SHEEP"": 3}",0,35
400,16,16,1,23020.0,11,11,3,"{""STRAWBERRY"": 39, ""WHEAT"": 19, ""TOMATO"": 1}","{""COW"": 7, ""SHEEP"": 3, ""GOOSE"": 3}",1,65
401,16,17,0,13900.0,10,10,4,"{""CARROT"": 5, ""STRAWBERRY"": 41, ""TOMATO"": 13, ""WHEAT"": 7, ""MELON"": 12}","{""COW"": 3, ""GOOSE"": 10, ""SHEEP"": 3}",0,35
401,16,17,1,23010.0,11,11,3,"{""STRAWBERRY"": 39, ""WHEAT"": 19, ""TOMATO"": 1}","{""COW"": 7, ""SHEEP"": 3, ""GOOSE"": 3}",1,79
402,16,18,0,13900.0,10,10,4,"{""CARROT"": 5, ""STRAWBERRY"": 41, ""TOMATO"": 13, ""WHEAT"": 7, ""MELON"": 12}","{""COW"": 3, ""GOOSE"": 10, ""SHEEP"": 3}",0,35
402,16,18,1,23274.0,11,11,3,"{""STRAWBERRY"": 39, ""WHEAT"": 19, ""TOMATO"": 1}","{""COW"": 7, ""SHEEP"": 3, ""GOOSE"": 3}",1,73
403,16,19,0,13900.0,10,10,4,"{""CARROT"": 5, ""STRAWBERRY"": 41, ""TOMATO"": 13, ""WHEAT"": 7, ""MELON"": 12}","{""COW"": 3, ""GOOSE"": 10, ""SHEEP"": 3}",0,35
403,16,19,1,23274.0,11,11,3,"{""STRAWBERRY"": 39, ""WHEAT"": 19, ""TOMATO"": 1}","{""COW"": 7, ""SHEEP"": 3, ""GOOSE"": 3}",1,73
404,16,20,0,13900.0,10,10,4,"{""CARROT"": 5, ""STRAWBERRY"": 41, ""TOMATO"": 13, ""WHEAT"": 7, ""MELON"": 12}","{""COW"": 3, ""GOOSE"": 10, ""SHEEP"": 3}",0,35
404,16,20,1,23274.0,11,11,3,"{""STRAWBERRY"": 39, ""WHEAT"": 19, ""TOMATO"": 1}","{""COW"": 7, ""SHEEP"": 3, ""GOOSE"": 3}",1,73
405,16,21,0,13900.0,10,10,4,"{""CARROT"": 5, ""STRAWBERRY"": 41, ""TOMATO"": 13, ""WHEAT"": 6, ""MELON"": 12}","{""COW"": 3, ""GOOSE"": 10, ""SHEEP"": 3}",0,35
405,16,21,1,23274.0,11,11,3,"{""STRAWBERRY"": 39, ""WHEAT"": 19, ""TOMATO"": 1}","{""COW"": 7, ""SHEEP"": 3, ""GOOSE"": 3}",1,73
406,16,22,0,13900.0,10,10,4,"{""CARROT"": 5, ""STRAWBERRY"": 41, ""TOMATO"": 13, ""WHEAT"": 7, ""MELON"": 12}","{""COW"": 3, ""GOOSE"": 10, ""SHEEP"": 3}",0,35
406,16,22,1,29665.0,11,11,3,"{""STRAWBERRY"": 39, ""WHEAT"": 18, ""TOMATO"": 1}","{""COW"": 7, ""SHEEP"": 3, ""GOOSE"": 3}",1,38
407,16,23,0,15332.0,10,10,4,"{""CARROT"": 5, ""STRAWBERRY"": 41, ""TOMATO"": 13, ""WHEAT"": 7, ""MELON"": 12}","{""COW"": 3, ""GOOSE"": 10, ""SHEEP"": 3}",0,35
407,16,23,1,32143.0,11,11,3,"{""STRAWBERRY"": 39, ""WHEAT"": 19, ""TOMATO"": 1}","{""COW"": 7, ""SHEEP"": 3, ""GOOSE"": 3}",1,25
408,17,0,0,15856.0,0,0,4,"{""CARROT"": 5, ""STRAWBERRY"": 41, ""TOMATO"": 13, ""WHEAT"": 7, ""MELON"": 12}","{""COW"": 3, ""GOOSE"": 10, ""SHEEP"": 3}",0,93
408,17,0,1,32143.0,0,0,3,"{""STRAWBERRY"": 39, ""WHEAT"": 19, ""TOMATO"": 1}","{""COW"": 7, ""SHEEP"": 3, ""GOOSE"": 3}",1,86
409,17,1,0,18287.0,3,3,4,"{""CARROT"": 5, ""STRAWBERRY"": 41, ""TOMATO"": 13, ""WHEAT"": 7, ""MELON"": 12}","{""COW"": 3, ""GOOSE"": 10, ""SHEEP"": 3}",0,53
409,17,1,1,32089.0,8,8,3,"{""STRAWBERRY"": 39, ""WHEAT"": 19, ""TOMATO"": 1}","{""COW"": 7, ""SHEEP"": 3, ""GOOSE"": 3}",1,83
410,17,2,0,17915.0,12,12,4,"{""CARROT"": 5, ""STRAWBERRY"": 41, ""TOMATO"": 13, ""WHEAT"": 7, ""MELON"": 12}","{""COW"": 3, ""GOOSE"": 10, ""SHEEP"": 3}",0,53
410,17,2,1,31911.0,11,11,3,"{""STRAWBERRY"": 39, ""WHEAT"": 19, ""TOMATO"": 1}","{""COW"": 7, ""SHEEP"": 3, ""GOOSE"": 3}",1,70
411,17,3,0,17915.0,12,12,4,"{""CARROT"": 5, ""STRAWBERRY"": 41, ""TOMATO"": 13, ""WHEAT"": 7, ""MELON"": 12}","{""COW"": 3, ""GOOSE"": 10, ""SHEEP"": 3}",0,40
411,17,3,1,32329.0,11,11,3,"{""STRAWBERRY"": 39, ""WHEAT"": 19, ""TOMATO"": 1}","{""COW"": 7, ""SHEEP"": 3, ""GOOSE"": 3}",1,68
412,17,4,0,17915.0,12,12,4,"{""CARROT"": 5, ""STRAWBERRY"": 41, ""TOMATO"": 13, ""WHEAT"": 7, ""MELON"": 12}","{""COW"": 3, ""GOOSE"": 10, ""SHEEP"": 3}",0,40
412,17,4,1,32329.0,11,11,3,"{""STRAWBERRY"": 39, ""WHEAT"": 19, ""TOMATO"": 1}","{""COW"": 7, ""SHEEP"": 3, ""GOOSE"": 3}",1,68
413,17,5,0,17915.0,12,12,4,"{""CARROT"": 5, ""STRAWBERRY"": 41, ""TOMATO"": 13, ""WHEAT"": 7, ""MELON"": 12}","{""COW"": 3, ""GOOSE"": 10, ""SHEEP"": 3}",0,40
413,17,5,1,32329.0,11,11,3,"{""STRAWBERRY"": 39, ""WHEAT"": 19, ""TOMATO"": 1}","{""COW"": 7, ""SHEEP"": 3, ""GOOSE"": 3}",1,68
414,17,6,0,17915.0,12,12,4,"{""CARROT"": 5, ""STRAWBERRY"": 41, ""TOMATO"": 13, ""WHEAT"": 7, ""MELON"": 12}","{""COW"": 3, ""GOOSE"": 10, ""SHEEP"": 3}",0,40
414,17,6,1,32329.0,11,11,3,"{""STRAWBERRY"": 39, ""WHEAT"": 18, ""TOMATO"": 1}","{""COW"": 7, ""SHEEP"": 3, ""GOOSE"": 3}",1,68
415,17,7,0,17915.0,12,12,4,"{""CARROT"": 4, ""STRAWBERRY"": 41, ""TOMATO"": 13, ""WHEAT"": 7, ""MELON"": 12}","{""COW"": 3, ""GOOSE"": 10, ""SHEEP"": 3}",0,40
415,17,7,1,32475.0,11,11,3,"{""STRAWBERRY"": 39, ""WHEAT"": 18, ""TOMATO"": 1}","{""COW"": 7, ""SHEEP"": 3, ""GOOSE"": 3}",1,64
416,17,8,0,17915.0,12,12,4,"{""CARROT"": 3, ""STRAWBERRY"": 41, ""TOMATO"": 15, ""WHEAT"": 7, ""MELON"": 12}","{""COW"": 3, ""GOOSE"": 10, ""SHEEP"": 3}",0,40
416,17,8,1,32580.0,11,11,3,"{""STRAWBERRY"": 39, ""WHEAT"": 19, ""TOMATO"": 1}","{""COW"": 7, ""SHEEP"": 3, ""GOOSE"": 3}",1,61
417,17,9,0,17915.0,12,12,4,"{""CARROT"": 3, ""STRAWBERRY"": 41, ""TOMATO"": 16, ""WHEAT"": 7, ""MELON"": 12}","{""COW"": 3, ""GOOSE"": 10, ""SHEEP"": 3}",0,40
417,17,9,1,32570.0,11,11,3,"{""STRAWBERRY"": 39, ""WHEAT"": 19, ""TOMATO"": 1}","{""COW"": 7, ""SHEEP"": 3, ""GOOSE"": 3}",1,61
418,17,10,0,17915.0,12,12,4,"{""CARROT"": 3, ""STRAWBERRY"": 41, ""TOMATO"": 16, ""WHEAT"": 7, ""MELON"": 12}","{""COW"": 3, ""GOOSE"": 10, ""SHEEP"": 3}",0,40
418,17,10,1,32570.0,11,11,3,"{""STRAWBERRY"": 39, ""WHEAT"": 19, ""TOMATO"": 1}","{""COW"": 7, ""SHEEP"": 3, ""GOOSE"": 3}",0,61
419,17,11,0,17915.0,12,12,4,"{""CARROT"": 3, ""STRAWBERRY"": 41, ""TOMATO"": 17, ""WHEAT"": 7, ""MELON"": 12}","{""COW"": 3, ""GOOSE"": 10, ""SHEEP"": 3}",0,40
419,17,11,1,32560.0,11,11,3,"{""STRAWBERRY"": 39, ""WHEAT"": 20, ""TOMATO"": 1}","{""COW"": 7, ""SHEEP"": 3, ""GOOSE"": 3}",0,61
420,17,12,0,17915.0,12,12,4,"{""CARROT"": 3, ""STRAWBERRY"": 41, ""TOMATO"": 18, ""WHEAT"": 7, ""MELON"": 12}","{""COW"": 3, ""GOOSE"": 10, ""SHEEP"": 3}",0,40
420,17,12,1,32560.0,11,11,3,"{""STRAWBERRY"": 39, ""WHEAT"": 18, ""TOMATO"": 1}","{""COW"": 7, ""SHEEP"": 3, ""GOOSE"": 3}",0,61
421,17,13,0,17915.0,12,12,4,"{""CARROT"": 1, ""STRAWBERRY"": 41, ""TOMATO"": 18, ""WHEAT"": 7, ""MELON"": 12}","{""COW"": 3, ""GOOSE"": 10, ""SHEEP"": 3}",0,40
421,17,13,1,32628.0,11,11,3,"{""STRAWBERRY"": 39, ""WHEAT"": 19, ""TOMATO"": 1}","{""COW"": 7, ""SHEEP"": 3, ""GOOSE"": 3}",0,59
422,17,14,0,17915.0,12,12,4,"{""CARROT"": 1, ""STRAWBERRY"": 41, ""TOMATO"": 20, ""WHEAT"": 7, ""MELON"": 12}","{""COW"": 3, ""GOOSE"": 10, ""SHEEP"": 3}",0,40
422,17,14,1,33547.0,11,11,3,"{""STRAWBERRY"": 39, ""WHEAT"": 20, ""TOMATO"": 1}","{""COW"": 7, ""SHEEP"": 3, ""GOOSE"": 3}",0,55
423,17,15,0,17915.0,12,12,4,"{""CARROT"": 1, ""STRAWBERRY"": 41, ""TOMATO"": 20, ""WHEAT"": 8, ""MELON"": 12}","{""COW"": 3, ""GOOSE"": 10, ""SHEEP"": 3}",0,40
423,17,15,1,33547.0,11,11,3,"{""STRAWBERRY"": 39, ""WHEAT"": 20, ""TOMATO"": 1}","{""COW"": 7, ""SHEEP"": 3, ""GOOSE"": 3}",0,55
424,17,16,0,17915.0,12,12,4,"{""CARROT"": 1, ""STRAWBERRY"": 41, ""TOMATO"": 20, ""WHEAT"": 8, ""MELON"": 12}","{""COW"": 3, ""GOOSE"": 10, ""SHEEP"": 3}",0,40
424,17,16,1,33547.0,11,11,3,"{""STRAWBERRY"": 39, ""WHEAT"": 20, ""TOMATO"": 1}","{""COW"": 7, ""SHEEP"": 3, ""GOOSE"": 3}",0,55
425,17,17,0,17915.0,12,12,4,"{""CARROT"": 1, ""STRAWBERRY"": 41, ""TOMATO"": 20, ""WHEAT"": 8, ""MELON"": 12}","{""COW"": 3, ""GOOSE"": 10, ""SHEEP"": 3}",0,40
425,17,17,1,33547.0,11,11,3,"{""STRAWBERRY"": 39, ""WHEAT"": 19, ""TOMATO"": 1}","{""COW"": 7, ""SHEEP"": 3, ""GOOSE"": 3}",0,55
426,17,18,0,17915.0,12,12,4,"{""CARROT"": 1, ""STRAWBERRY"": 41, ""TOMATO"": 20, ""WHEAT"": 9, ""MELON"": 12}","{""COW"": 3, ""GOOSE"": 10, ""SHEEP"": 3}",0,40
426,17,18,1,33537.0,11,11,3,"{""STRAWBERRY"": 39, ""WHEAT"": 19, ""TOMATO"": 1}","{""COW"": 7, ""SHEEP"": 3, ""GOOSE"": 3}",0,55
427,17,19,0,17915.0,12,12,4,"{""CARROT"": 1, ""STRAWBERRY"": 41, ""TOMATO"": 21, ""WHEAT"": 9, ""MELON"": 12}","{""COW"": 3, ""GOOSE"": 10, ""SHEEP"": 3}",0,40
427,17,19,1,33527.0,11,11,3,"{""STRAWBERRY"": 39, ""WHEAT"": 20, ""TOMATO"": 1}","{""COW"": 7, ""SHEEP"": 3, ""GOOSE"": 3}",0,57
428,17,20,0,17915.0,12,12,4,"{""STRAWBERRY"": 41, ""TOMATO"": 21, ""WHEAT"": 9, ""MELON"": 12}","{""COW"": 3, ""GOOSE"": 10, ""SHEEP"": 3}",0,40
428,17,20,1,38799.0,11,11,3,"{""STRAWBERRY"": 39, ""WHEAT"": 20, ""TOMATO"": 1}","{""COW"": 7, ""SHEEP"": 3, ""GOOSE"": 3}",0,34
429,17,21,0,17915.0,12,12,4,"{""WHEAT"": 10, ""STRAWBERRY"": 41, ""TOMATO"": 21, ""MELON"": 12}","{""COW"": 3, ""GOOSE"": 10, ""SHEEP"": 3}",0,40
429,17,21,1,38799.0,11,11,3,"{""STRAWBERRY"": 39, ""WHEAT"": 20, ""TOMATO"": 1}","{""COW"": 7, ""SHEEP"": 3, ""GOOSE"": 3}",0,34
430,17,22,0,20167.0,12,12,4,"{""WHEAT"": 10, ""STRAWBERRY"": 41, ""TOMATO"": 21, ""MELON"": 12}","{""COW"": 3, ""GOOSE"": 10, ""SHEEP"": 3}",0,40
430,17,22,1,38799.0,11,11,3,"{""STRAWBERRY"": 39, ""WHEAT"": 19, ""TOMATO"": 1}","{""COW"": 7, ""SHEEP"": 3, ""GOOSE"": 3}",0,34
431,17,23,0,21992.0,12,12,4,"{""WHEAT"": 10, ""STRAWBERRY"": 41, ""TOMATO"": 21, ""MELON"": 12}","{""COW"": 3, ""GOOSE"": 10, ""SHEEP"": 3}",0,40
431,17,23,1,38799.0,11,11,3,"{""STRAWBERRY"": 39, ""WHEAT"": 20, ""TOMATO"": 1}","{""COW"": 7, ""SHEEP"": 3, ""GOOSE"": 3}",0,34
432,18,0,0,21992.0,0,0,4,"{""WHEAT"": 10, ""STRAWBERRY"": 41, ""TOMATO"": 19, ""MELON"": 11}","{""COW"": 3, ""GOOSE"": 10, ""SHEEP"": 3}",3,82
432,18,0,1,38799.0,0,0,3,"{""STRAWBERRY"": 39, ""WHEAT"": 20, ""TOMATO"": 1}","{""COW"": 7, ""SHEEP"": 3, ""GOOSE"": 3}",0,91
433,18,1,0,24389.0,3,3,4,"{""WHEAT"": 10, ""STRAWBERRY"": 41, ""TOMATO"": 19, ""MELON"": 11}","{""COW"": 3, ""GOOSE"": 10, ""SHEEP"": 3}",3,54
433,18,1,1,38841.0,8,8,3,"{""STRAWBERRY"": 39, ""WHEAT"": 20, ""TOMATO"": 1}","{""COW"": 7, ""SHEEP"": 3, ""GOOSE"": 3}",0,89
434,18,2,0,24250.0,10,10,4,"{""WHEAT"": 10, ""STRAWBERRY"": 41, ""TOMATO"": 19, ""MELON"": 11}","{""COW"": 3, ""GOOSE"": 10, ""SHEEP"": 3}",3,54
434,18,2,1,38643.0,11,11,3,"{""STRAWBERRY"": 39, ""WHEAT"": 20, ""TOMATO"": 1}","{""COW"": 7, ""SHEEP"": 3, ""GOOSE"": 3}",0,83
435,18,3,0,24250.0,10,10,4,"{""WHEAT"": 10, ""STRAWBERRY"": 41, ""TOMATO"": 19, ""MELON"": 11}","{""COW"": 3, ""GOOSE"": 10, ""SHEEP"": 3}",3,40
435,18,3,1,38643.0,11,11,3,"{""STRAWBERRY"": 39, ""WHEAT"": 20, ""TOMATO"": 1}","{""COW"": 7, ""SHEEP"": 3, ""GOOSE"": 3}",0,85
436,18,4,0,24250.0,10,10,4,"{""WHEAT"": 10, ""STRAWBERRY"": 41, ""TOMATO"": 19, ""MELON"": 11}","{""COW"": 3, ""GOOSE"": 10, ""SHEEP"": 3}",3,40
436,18,4,1,38643.0,11,11,3,"{""STRAWBERRY"": 39, ""WHEAT"": 20, ""TOMATO"": 2}","{""COW"": 7, ""SHEEP"": 3, ""GOOSE"": 3}",0,81
437,18,5,0,24250.0,10,10,4,"{""WHEAT"": 9, ""STRAWBERRY"": 41, ""TOMATO"": 19, ""MELON"": 11}","{""COW"": 3, ""GOOSE"": 10, ""SHEEP"": 3}",3,40
437,18,5,1,39072.0,11,11,3,"{""STRAWBERRY"": 39, ""WHEAT"": 19, ""TOMATO"": 2}","{""COW"": 7, ""SHEEP"": 3, ""GOOSE"": 3}",0,70
438,18,6,0,24250.0,10,10,4,"{""WHEAT"": 10, ""STRAWBERRY"": 41, ""TOMATO"": 19, ""MELON"": 11}","{""COW"": 3, ""GOOSE"": 10, ""SHEEP"": 3}",3,40
438,18,6,1,39072.0,11,11,3,"{""STRAWBERRY"": 39, ""WHEAT"": 20, ""TOMATO"": 2}","{""COW"": 7, ""SHEEP"": 3, ""GOOSE"": 3}",0,70
439,18,7,0,24250.0,10,10,4,"{""WHEAT"": 10, ""STRAWBERRY"": 41, ""TOMATO"": 19, ""MELON"": 11}","{""COW"": 3, ""GOOSE"": 10, ""SHEEP"": 3}",3,40
439,18,7,1,39072.0,11,11,3,"{""STRAWBERRY"": 39, ""WHEAT"": 20, ""TOMATO"": 2}","{""COW"": 7, ""SHEEP"": 3, ""GOOSE"": 3}",0,70
440,18,8,0,24250.0,10,10,4,"{""WHEAT"": 10, ""STRAWBERRY"": 41, ""TOMATO"": 19, ""MELON"": 11}","{""COW"": 3, ""GOOSE"": 10, ""SHEEP"": 3}",3,40
440,18,8,1,39072.0,11,11,3,"{""STRAWBERRY"": 39, ""WHEAT"": 20, ""TOMATO"": 2}","{""COW"": 7, ""SHEEP"": 3, ""GOOSE"": 3}",0,70
441,18,9,0,24250.0,10,10,4,"{""WHEAT"": 10, ""STRAWBERRY"": 41, ""TOMATO"": 19, ""MELON"": 11}","{""COW"": 3, ""GOOSE"": 10, ""SHEEP"": 3}",3,40
441,18,9,1,39072.0,11,11,3,"{""STRAWBERRY"": 39, ""WHEAT"": 20, ""TOMATO"": 2}","{""COW"": 7, ""SHEEP"": 3, ""GOOSE"": 3}",0,70
442,18,10,0,24250.0,10,10,4,"{""WHEAT"": 9, ""STRAWBERRY"": 41, ""TOMATO"": 19, ""MELON"": 11}","{""COW"": 3, ""GOOSE"": 10, ""SHEEP"": 3}",3,40
442,18,10,1,39138.0,11,11,3,"{""STRAWBERRY"": 39, ""WHEAT"": 18, ""TOMATO"": 2}","{""COW"": 7, ""SHEEP"": 3, ""GOOSE"": 3}",0,68
443,18,11,0,24250.0,10,10,4,"{""WHEAT"": 10, ""STRAWBERRY"": 41, ""TOMATO"": 19, ""MELON"": 11}","{""COW"": 3, ""GOOSE"": 10, ""SHEEP"": 3}",2,40
443,18,11,1,39440.0,11,11,3,"{""STRAWBERRY"": 39, ""WHEAT"": 19, ""TOMATO"": 2, ""CARROT"": 1}","{""COW"": 7, ""SHEEP"": 3, ""GOOSE"": 3}",0,60
444,18,12,0,24250.0,10,10,4,"{""WHEAT"": 11, ""STRAWBERRY"": 41, ""TOMATO"": 19, ""MELON"": 11}","{""COW"": 3, ""GOOSE"": 10, ""SHEEP"": 3}",2,40
444,18,12,1,39430.0,11,11,3,"{""STRAWBERRY"": 39, ""WHEAT"": 19, ""TOMATO"": 2, ""CARROT"": 1}","{""COW"": 7, ""SHEEP"": 3, ""GOOSE"": 3}",0,60
445,18,13,0,24250.0,10,10,4,"{""WHEAT"": 10, ""STRAWBERRY"": 41, ""TOMATO"": 19, ""MELON"": 11}","{""COW"": 3, ""GOOSE"": 10, ""SHEEP"": 3}",2,40
445,18,13,1,41862.0,11,11,3,"{""STRAWBERRY"": 39, ""WHEAT"": 19, ""TOMATO"": 2, ""CARROT"": 1}","{""COW"": 7, ""SHEEP"": 3, ""GOOSE"": 3}",0,49
446,18,14,0,24250.0,10,10,4,"{""WHEAT"": 11, ""STRAWBERRY"": 41, ""TOMATO"": 19, ""MELON"": 11}","{""COW"": 3, ""GOOSE"": 10, ""SHEEP"": 3}",2,40
446,18,14,1,41862.0,11,11,3,"{""STRAWBERRY"": 39, ""WHEAT"": 19, ""TOMATO"": 2, ""CARROT"": 1}","{""COW"": 7, ""SHEEP"": 3, ""GOOSE"": 3}",0,49
447,18,15,0,24250.0,10,10,4,"{""WHEAT"": 11, ""STRAWBERRY"": 41, ""TOMATO"": 19, ""MELON"": 11}","{""COW"": 3, ""GOOSE"": 10, ""SHEEP"": 3}",2,40
447,18,15,1,41862.0,11,11,3,"{""STRAWBERRY"": 39, ""WHEAT"": 19, ""TOMATO"": 2, ""CARROT"": 1}","{""COW"": 7, ""SHEEP"": 3, ""GOOSE"": 3}",0,54
448,18,16,0,24250.0,10,10,4,"{""WHEAT"": 11, ""STRAWBERRY"": 41, ""TOMATO"": 19, ""MELON"": 11}","{""COW"": 3, ""GOOSE"": 10, ""SHEEP"": 3}",1,40
448,18,16,1,41862.0,11,11,3,"{""STRAWBERRY"": 39, ""WHEAT"": 19, ""TOMATO"": 2, ""CARROT"": 1}","{""COW"": 7, ""SHEEP"": 3, ""GOOSE"": 3}",0,54
449,18,17,0,24250.0,10,10,4,"{""WHEAT"": 10, ""STRAWBERRY"": 41, ""TOMATO"": 19, ""MELON"": 11, ""CARROT"": 1}","{""COW"": 3, ""GOOSE"": 10, ""SHEEP"": 3}",1,40
449,18,17,1,42960.0,11,11,3,"{""STRAWBERRY"": 39, ""WHEAT"": 18, ""TOMATO"": 2, ""CARROT"": 1}","{""COW"": 7, ""SHEEP"": 3, ""GOOSE"": 3}",0,55
450,18,18,0,24250.0,10,10,4,"{""WHEAT"": 11, ""STRAWBERRY"": 41, ""TOMATO"": 19, ""MELON"": 11, ""CARROT"": 1}","{""COW"": 3, ""GOOSE"": 10, ""SHEEP"": 3}",1,40
450,18,18,1,42900.0,11,11,3,"{""STRAWBERRY"": 39, ""WHEAT"": 19, ""TOMATO"": 2, ""CARROT"": 1}","{""COW"": 7, ""SHEEP"": 3, ""GOOSE"": 3}",0,55
451,18,19,0,24250.0,10,10,4,"{""WHEAT"": 11, ""STRAWBERRY"": 41, ""TOMATO"": 19, ""MELON"": 11, ""CARROT"": 1}","{""COW"": 3, ""GOOSE"": 10, ""SHEEP"": 3}",1,40
451,18,19,1,42890.0,11,11,3,"{""STRAWBERRY"": 39, ""WHEAT"": 19, ""TOMATO"": 2, ""CARROT"": 1}","{""COW"": 7, ""SHEEP"": 3, ""GOOSE"": 3}",0,55
452,18,20,0,24885.0,10,10,4,"{""WHEAT"": 11, ""STRAWBERRY"": 41, ""TOMATO"": 19, ""MELON"": 11, ""CARROT"": 1}","{""COW"": 3, ""GOOSE"": 10, ""SHEEP"": 3}",0,40
452,18,20,1,42890.0,11,11,3,"{""STRAWBERRY"": 39, ""WHEAT"": 19, ""TOMATO"": 2, ""CARROT"": 1}","{""COW"": 7, ""SHEEP"": 3, ""GOOSE"": 3}",0,66
453,18,21,0,24885.0,10,10,4,"{""WHEAT"": 11, ""STRAWBERRY"": 41, ""TOMATO"": 19, ""MELON"": 11, ""CARROT"": 2}","{""COW"": 3, ""GOOSE"": 10, ""SHEEP"": 3}",0,40
453,18,21,1,45324.0,11,11,3,"{""STRAWBERRY"": 39, ""WHEAT"": 18, ""TOMATO"": 2, ""CARROT"": 1}","{""COW"": 7, ""SHEEP"": 3, ""GOOSE"": 3}",0,51
454,18,22,0,24885.0,10,10,4,"{""WHEAT"": 10, ""STRAWBERRY"": 41, ""TOMATO"": 19, ""MELON"": 11, ""CARROT"": 2}","{""COW"": 3, ""GOOSE"": 10, ""SHEEP"": 3}",0,40
454,18,22,1,45665.0,11,11,3,"{""STRAWBERRY"": 39, ""WHEAT"": 19, ""TOMATO"": 2, ""CARROT"": 1}","{""COW"": 7, ""SHEEP"": 3, ""GOOSE"": 3}",0,42
455,18,23,0,24885.0,10,10,4,"{""WHEAT"": 10, ""STRAWBERRY"": 41, ""TOMATO"": 19, ""CARROT"": 3, ""MELON"": 11}","{""COW"": 3, ""GOOSE"": 10, ""SHEEP"": 3}",0,40
455,18,23,1,45665.0,11,11,3,"{""STRAWBERRY"": 39, ""WHEAT"": 19, ""TOMATO"": 2, ""CARROT"": 1}","{""COW"": 7, ""SHEEP"": 3, ""GOOSE"": 3}",0,46
456,19,0,0,25128.0,0,0,4,"{""WHEAT"": 10, ""STRAWBERRY"": 37, ""TOMATO"": 19, ""CARROT"": 3, ""MELON"": 11}","{""COW"": 2, ""GOOSE"": 10, ""SHEEP"": 3}",4,98
456,19,0,1,46532.0,0,0,3,"{""STRAWBERRY"": 39, ""WHEAT"": 19, ""TOMATO"": 2, ""CARROT"": 1}","{""COW"": 7, ""SHEEP"": 3, ""GOOSE"": 3}",0,94
457,19,1,0,29188.0,2,2,4,"{""WHEAT"": 10, ""STRAWBERRY"": 37, ""TOMATO"": 19, ""CARROT"": 3, ""MELON"": 11}","{""COW"": 2, ""GOOSE"": 10, ""SHEEP"": 3}",4,51
457,19,1,1,48019.0,8,8,3,"{""STRAWBERRY"": 38, ""WHEAT"": 19, ""TOMATO"": 2, ""CARROT"": 1}","{""COW"": 7, ""SHEEP"": 3, ""GOOSE"": 3}",1,83
458,19,2,0,28958.0,11,11,4,"{""WHEAT"": 10, ""STRAWBERRY"": 37, ""TOMATO"": 19, ""CARROT"": 3, ""MELON"": 11}","{""COW"": 2, ""GOOSE"": 10, ""SHEEP"": 3}",4,51
458,19,2,1,47841.0,11,11,3,"{""STRAWBERRY"": 38, ""WHEAT"": 19, ""TOMATO"": 2, ""CARROT"": 1}","{""COW"": 7, ""SHEEP"": 3, ""GOOSE"": 3}",1,70
459,19,3,0,28958.0,11,11,4,"{""WHEAT"": 10, ""STRAWBERRY"": 37, ""TOMATO"": 19, ""CARROT"": 3, ""MELON"": 11}","{""COW"": 2, ""GOOSE"": 10, ""SHEEP"": 3}",4,40
459,19,3,1,47841.0,11,11,3,"{""STRAWBERRY"": 38, ""WHEAT"": 19, ""TOMATO"": 2, ""CARROT"": 1}","{""COW"": 7, ""SHEEP"": 3, ""GOOSE"": 3}",1,72
460,19,4,0,28958.0,11,11,4,"{""WHEAT"": 10, ""STRAWBERRY"": 37, ""TOMATO"": 19, ""CARROT"": 3, ""MELON"": 11}","{""COW"": 2, ""GOOSE"": 10, ""SHEEP"": 3}",4,40
460,19,4,1,47841.0,11,11,3,"{""STRAWBERRY"": 38, ""WHEAT"": 19, ""TOMATO"": 2, ""CARROT"": 1}","{""COW"": 7, ""SHEEP"": 3, ""GOOSE"": 3}",1,72
461,19,5,0,28958.0,11,11,4,"{""WHEAT"": 10, ""STRAWBERRY"": 37, ""TOMATO"": 19, ""CARROT"": 3, ""MELON"": 11}","{""COW"": 2, ""GOOSE"": 10, ""SHEEP"": 3}",4,40
461,19,5,1,47841.0,11,11,3,"{""STRAWBERRY"": 38, ""WHEAT"": 18, ""TOMATO"": 2, ""CARROT"": 1}","{""COW"": 7, ""SHEEP"": 3, ""GOOSE"": 3}",1,72
462,19,6,0,29379.0,11,11,4,"{""WHEAT"": 10, ""STRAWBERRY"": 37, ""TOMATO"": 19, ""CARROT"": 3, ""MELON"": 11}","{""COW"": 2, ""GOOSE"": 10, ""SHEEP"": 3}",4,40
462,19,6,1,48262.0,11,11,3,"{""STRAWBERRY"": 38, ""WHEAT"": 17, ""TOMATO"": 2, ""CARROT"": 1}","{""COW"": 7, ""SHEEP"": 3, ""GOOSE"": 3}",1,70
463,19,7,0,29379.0,11,11,4,"{""WHEAT"": 10, ""STRAWBERRY"": 37, ""TOMATO"": 19, ""CARROT"": 3, ""MELON"": 11}","{""COW"": 2, ""GOOSE"": 10, ""SHEEP"": 3}",4,40
463,19,7,1,48408.0,11,11,3,"{""STRAWBERRY"": 38, ""WHEAT"": 19, ""TOMATO"": 2, ""CARROT"": 1}","{""COW"": 7, ""SHEEP"": 3, ""GOOSE"": 3}",1,66
464,19,8,0,29379.0,11,11,4,"{""WHEAT"": 10, ""STRAWBERRY"": 37, ""TOMATO"": 19, ""CARROT"": 3, ""MELON"": 9}","{""COW"": 2, ""GOOSE"": 10, ""SHEEP"": 3}",4,40
464,19,8,1,48408.0,11,11,3,"{""STRAWBERRY"": 38, ""WHEAT"": 19, ""TOMATO"": 2, ""CARROT"": 1}","{""COW"": 7, ""SHEEP"": 3, ""GOOSE"": 3}",1,66
465,19,9,0,29379.0,11,11,4,"{""WHEAT"": 10, ""STRAWBERRY"": 37, ""TOMATO"": 20, ""CARROT"": 4, ""MELON"": 8}","{""COW"": 2, ""GOOSE"": 10, ""SHEEP"": 3}",4,40
465,19,9,1,48408.0,11,11,3,"{""STRAWBERRY"": 38, ""WHEAT"": 19, ""TOMATO"": 2, ""CARROT"": 1}","{""COW"": 7, ""SHEEP"": 3, ""GOOSE"": 3}",1,66
466,19,10,0,29379.0,11,11,4,"{""WHEAT"": 11, ""STRAWBERRY"": 37, ""TOMATO"": 20, ""CARROT"": 4, ""MELON"": 8}","{""COW"": 2, ""GOOSE"": 10, ""SHEEP"": 3}",4,40
466,19,10,1,48830.0,11,11,3,"{""STRAWBERRY"": 38, ""WHEAT"": 18, ""TOMATO"": 2, ""CARROT"": 1}","{""COW"": 7, ""SHEEP"": 3, ""GOOSE"": 3}",1,64
467,19,11,0,29379.0,11,11,4,"{""WHEAT"": 11, ""STRAWBERRY"": 37, ""TOMATO"": 20, ""CARROT"": 4, ""MELON"": 8}","{""COW"": 2, ""GOOSE"": 10, ""SHEEP"": 3}",4,40
467,19,11,1,48820.0,11,11,3,"{""STRAWBERRY"": 38, ""WHEAT"": 19, ""TOMATO"": 2, ""CARROT"": 1}","{""COW"": 7, ""SHEEP"": 3, ""GOOSE"": 3}",1,64
468,19,12,0,29379.0,11,11,4,"{""WHEAT"": 11, ""STRAWBERRY"": 37, ""TOMATO"": 20, ""CARROT"": 4, ""MELON"": 8}","{""COW"": 2, ""GOOSE"": 10, ""SHEEP"": 3}",4,40
468,19,12,1,49414.0,11,11,3,"{""STRAWBERRY"": 37, ""WHEAT"": 19, ""TOMATO"": 2, ""CARROT"": 1}","{""COW"": 7, ""SHEEP"": 3, ""GOOSE"": 3}",1,61
469,19,13,0,29379.0,11,11,4,"{""WHEAT"": 11, ""STRAWBERRY"": 37, ""TOMATO"": 20, ""CARROT"": 4, ""MELON"": 8}","{""COW"": 2, ""GOOSE"": 10, ""SHEEP"": 3}",4,40
469,19,13,1,49718.0,11,11,3,"{""STRAWBERRY"": 37, ""WHEAT"": 20, ""TOMATO"": 2, ""CARROT"": 1}","{""COW"": 7, ""SHEEP"": 3, ""GOOSE"": 3}",1,55
470,19,14,0,29379.0,11,11,4,"{""WHEAT"": 11, ""STRAWBERRY"": 37, ""TOMATO"": 20, ""CARROT"": 4, ""MELON"": 7}","{""COW"": 2, ""GOOSE"": 10, ""SHEEP"": 3}",4,40
470,19,14,1,50969.0,11,11,3,"{""STRAWBERRY"": 37, ""WHEAT"": 20, ""TOMATO"": 2, ""CARROT"": 1}","{""COW"": 7, ""SHEEP"": 3, ""GOOSE"": 3}",1,49
471,19,15,0,29379.0,11,11,4,"{""WHEAT"": 11, ""STRAWBERRY"": 37, ""TOMATO"": 21, ""CARROT"": 4, ""MELON"": 7}","{""COW"": 2, ""GOOSE"": 10, ""SHEEP"": 3}",2,40
471,19,15,1,50969.0,11,11,3,"{""STRAWBERRY"": 37, ""WHEAT"": 19, ""TOMATO"": 2, ""CARROT"": 1}","{""COW"": 7, ""SHEEP"": 3, ""GOOSE"": 3}",1,49
472,19,16,0,29379.0,11,11,4,"{""WHEAT"": 11, ""STRAWBERRY"": 37, ""TOMATO"": 22, ""CARROT"": 5, ""MELON"": 7}","{""COW"": 2, ""GOOSE"": 10, ""SHEEP"": 3}",2,40
472,19,16,1,50959.0,11,11,3,"{""STRAWBERRY"": 36, ""WHEAT"": 20, ""TOMATO"": 2, ""CARROT"": 1}","{""COW"": 7, ""SHEEP"": 3, ""GOOSE"": 3}",1,49
473,19,17,0,29379.0,11,11,4,"{""WHEAT"": 11, ""STRAWBERRY"": 37, ""TOMATO"": 22, ""CARROT"": 5, ""MELON"": 7}","{""COW"": 2, ""GOOSE"": 10, ""SHEEP"": 3}",2,40
473,19,17,1,50899.0,11,11,3,"{""STRAWBERRY"": 36, ""TOMATO"": 3, ""WHEAT"": 20, ""CARROT"": 1}","{""COW"": 7, ""SHEEP"": 3, ""GOOSE"": 3}",1,49
474,19,18,0,29379.0,11,11,4,"{""WHEAT"": 11, ""STRAWBERRY"": 37, ""TOMATO"": 22, ""CARROT"": 5, ""MELON"": 7}","{""COW"": 2, ""GOOSE"": 10, ""SHEEP"": 3}",1,40
474,19,18,1,50899.0,11,11,3,"{""STRAWBERRY"": 36, ""TOMATO"": 3, ""WHEAT"": 18, ""CARROT"": 1}","{""COW"": 7, ""SHEEP"": 3, ""GOOSE"": 3}",1,49
475,19,19,0,29379.0,11,11,4,"{""WHEAT"": 11, ""STRAWBERRY"": 37, ""TOMATO"": 24, ""CARROT"": 5, ""MELON"": 7}","{""COW"": 2, ""GOOSE"": 10, ""SHEEP"": 3}",0,40
475,19,19,1,50889.0,11,11,3,"{""STRAWBERRY"": 36, ""TOMATO"": 3, ""WHEAT"": 20, ""CARROT"": 1}","{""COW"": 7, ""SHEEP"": 3, ""GOOSE"": 3}",1,54
476,19,20,0,29379.0,11,11,4,"{""WHEAT"": 11, ""STRAWBERRY"": 37, ""TOMATO"": 24, ""CARROT"": 6, ""MELON"": 7}","{""COW"": 2, ""GOOSE"": 10, ""SHEEP"": 3}",0,40
476,19,20,1,51309.0,11,11,3,"{""STRAWBERRY"": 36, ""TOMATO"": 3, ""WHEAT"": 20, ""CARROT"": 1}","{""COW"": 7, ""SHEEP"": 3, ""GOOSE"": 3}",1,52
477,19,21,0,29379.0,11,11,4,"{""WHEAT"": 11, ""STRAWBERRY"": 37, ""TOMATO"": 24, ""CARROT"": 6, ""MELON"": 7}","{""COW"": 2, ""GOOSE"": 10, ""SHEEP"": 3}",0,40
477,19,21,1,51309.0,11,11,3,"{""STRAWBERRY"": 36, ""TOMATO"": 3, ""WHEAT"": 20, ""CARROT"": 1}","{""COW"": 7, ""SHEEP"": 3, ""GOOSE"": 3}",1,52
478,19,22,0,29379.0,11,11,4,"{""WHEAT"": 11, ""STRAWBERRY"": 37, ""TOMATO"": 24, ""CARROT"": 6, ""MELON"": 6}","{""COW"": 2, ""GOOSE"": 10, ""SHEEP"": 3}",0,40
478,19,22,1,51309.0,11,11,3,"{""STRAWBERRY"": 35, ""TOMATO"": 3, ""WHEAT"": 20, ""CARROT"": 1}","{""COW"": 7, ""SHEEP"": 3, ""GOOSE"": 3}",1,52
479,19,23,0,29379.0,11,11,4,"{""WHEAT"": 12, ""STRAWBERRY"": 37, ""TOMATO"": 24, ""CARROT"": 6, ""MELON"": 6}","{""COW"": 2, ""GOOSE"": 10, ""SHEEP"": 3}",0,40
479,19,23,1,51582.0,11,11,3,"{""TOMATO"": 4, ""STRAWBERRY"": 35, ""WHEAT"": 20, ""CARROT"": 1}","{""COW"": 7, ""SHEEP"": 3, ""GOOSE"": 3}",1,45
480,20,0,0,31105.0,0,0,4,"{""WHEAT"": 12, ""STRAWBERRY"": 37, ""TOMATO"": 22, ""CARROT"": 6, ""MELON"": 6}","{""COW"": 2, ""GOOSE"": 10, ""SHEEP"": 3}",2,99
480,20,0,1,51582.0,0,0,3,"{""TOMATO"": 4, ""STRAWBERRY"": 35, ""WHEAT"": 20, ""CARROT"": 1}","{""COW"": 7, ""SHEEP"": 3, ""GOOSE"": 3}",1,86
481,20,1,0,32834.0,4,4,4,"{""WHEAT"": 12, ""STRAWBERRY"": 37, ""TOMATO"": 22, ""CARROT"": 6, ""MELON"": 6}","{""COW"": 2, ""GOOSE"": 10, ""SHEEP"": 3}",2,85
481,20,1,1,51572.0,8,8,3,"{""TOMATO"": 4, ""STRAWBERRY"": 35, ""WHEAT"": 20, ""CARROT"": 1}","{""COW"": 7, ""SHEEP"": 3, ""GOOSE"": 3}",1,85
482,20,2,0,33468.0,12,12,4,"{""WHEAT"": 12, ""STRAWBERRY"": 37, ""TOMATO"": 22, ""CARROT"": 6, ""MELON"": 6}","{""COW"": 2, ""GOOSE"": 10, ""SHEEP"": 3}",2,61
482,20,2,1,51641.0,11,11,3,"{""TOMATO"": 4, ""STRAWBERRY"": 35, ""WHEAT"": 20, ""CARROT"": 1}","{""COW"": 7, ""SHEEP"": 3, ""GOOSE"": 3}",1,74
483,20,3,0,33468.0,12,12,4,"{""WHEAT"": 12, ""STRAWBERRY"": 37, ""TOMATO"": 22, ""CARROT"": 6, ""MELON"": 6}","{""COW"": 2, ""GOOSE"": 10, ""SHEEP"": 3}",2,42
483,20,3,1,51876.0,11,11,3,"{""TOMATO"": 4, ""STRAWBERRY"": 35, ""WHEAT"": 20, ""CARROT"": 1}","{""COW"": 7, ""SHEEP"": 3, ""GOOSE"": 3}",1,71
484,20,4,0,33468.0,12,12,4,"{""WHEAT"": 12, ""STRAWBERRY"": 37, ""TOMATO"": 22, ""CARROT"": 6, ""MELON"": 6}","{""COW"": 2, ""GOOSE"": 10, ""SHEEP"": 3}",2,40
484,20,4,1,51876.0,11,11,3,"{""TOMATO"": 4, ""STRAWBERRY"": 35, ""WHEAT"": 20, ""CARROT"": 1}","{""COW"": 7, ""SHEEP"": 3, ""GOOSE"": 3}",1,71
485,20,5,0,33468.0,12,12,4,"{""WHEAT"": 12, ""STRAWBERRY"": 37, ""TOMATO"": 22, ""CARROT"": 6, ""MELON"": 6}","{""COW"": 2, ""GOOSE"": 10, ""SHEEP"": 3}",2,40
485,20,5,1,52071.0,11,11,3,"{""TOMATO"": 4, ""STRAWBERRY"": 35, ""WHEAT"": 19, ""CARROT"": 1}","{""COW"": 7, ""SHEEP"": 3, ""GOOSE"": 3}",1,66
486,20,6,0,33468.0,12,12,4,"{""WHEAT"": 12, ""STRAWBERRY"": 37, ""TOMATO"": 22, ""CARROT"": 6, ""MELON"": 5}","{""COW"": 2, ""GOOSE"": 10, ""SHEEP"": 3}",2,40
486,20,6,1,52491.0,11,11,3,"{""TOMATO"": 4, ""STRAWBERRY"": 35, ""WHEAT"": 19, ""CARROT"": 1}","{""COW"": 7, ""SHEEP"": 3, ""GOOSE"": 3}",1,64
487,20,7,0,33468.0,12,12,4,"{""WHEAT"": 12, ""STRAWBERRY"": 37, ""TOMATO"": 22, ""CARROT"": 7, ""MELON"": 5}","{""COW"": 2, ""GOOSE"": 10, ""SHEEP"": 3}",2,40
487,20,7,1,52637.0,11,11,3,"{""TOMATO"": 4, ""STRAWBERRY"": 35, ""WHEAT"": 20, ""CARROT"": 1}","{""COW"": 7, ""SHEEP"": 3, ""GOOSE"": 3}",1,60
488,20,8,0,33468.0,12,12,4,"{""WHEAT"": 12, ""STRAWBERRY"": 37, ""TOMATO"": 22, ""CARROT"": 7, ""MELON"": 5}","{""COW"": 2, ""GOOSE"": 10, ""SHEEP"": 3}",2,40
488,20,8,1,52627.0,11,11,3,"{""TOMATO"": 4, ""STRAWBERRY"": 35, ""WHEAT"": 20, ""CARROT"": 1}","{""COW"": 7, ""SHEEP"": 3, ""GOOSE"": 3}",1,60
489,20,9,0,33468.0,12,12,4,"{""WHEAT"": 12, ""STRAWBERRY"": 37, ""TOMATO"": 22, ""CARROT"": 7, ""MELON"": 5}","{""COW"": 2, ""GOOSE"": 10, ""SHEEP"": 3}",2,40
489,20,9,1,52627.0,11,11,3,"{""TOMATO"": 4, ""STRAWBERRY"": 35, ""WHEAT"": 20, ""CARROT"": 1}","{""COW"": 7, ""SHEEP"": 3, ""GOOSE"": 3}",1,60
490,20,10,0,33468.0,12,12,4,"{""WHEAT"": 12, ""STRAWBERRY"": 37, ""TOMATO"": 22, ""CARROT"": 7, ""MELON"": 5}","{""COW"": 2, ""GOOSE"": 10, ""SHEEP"": 3}",2,40
490,20,10,1,54510.0,11,11,3,"{""TOMATO"": 4, ""STRAWBERRY"": 35, ""WHEAT"": 19, ""CARROT"": 1}","{""COW"": 7, ""SHEEP"": 3, ""GOOSE"": 3}",1,51
491,20,11,0,33468.0,12,12,4,"{""WHEAT"": 11, ""STRAWBERRY"": 37, ""TOMATO"": 22, ""CARROT"": 7, ""MELON"": 5}","{""COW"": 2, ""GOOSE"": 10, ""SHEEP"": 3}",2,40
491,20,11,1,54500.0,11,11,3,"{""TOMATO"": 4, ""STRAWBERRY"": 35, ""WHEAT"": 19, ""CARROT"": 1}","{""COW"": 7, ""SHEEP"": 3, ""GOOSE"": 3}",1,51
492,20,12,0,33468.0,12,12,4,"{""WHEAT"": 12, ""STRAWBERRY"": 37, ""TOMATO"": 22, ""CARROT"": 7, ""MELON"": 5}","{""COW"": 2, ""GOOSE"": 10, ""SHEEP"": 3}",2,40
492,20,12,1,54607.0,11,11,3,"{""TOMATO"": 4, ""STRAWBERRY"": 35, ""WHEAT"": 20, ""CARROT"": 1}","{""COW"": 7, ""SHEEP"": 3, ""GOOSE"": 3}",1,48
493,20,13,0,33468.0,12,12,4,"{""WHEAT"": 12, ""STRAWBERRY"": 37, ""TOMATO"": 22, ""CARROT"": 7, ""MELON"": 5}","{""COW"": 2, ""GOOSE"": 10, ""SHEEP"": 3}",2,40
493,20,13,1,54477.0,11,11,3,"{""TOMATO"": 4, ""STRAWBERRY"": 35, ""WHEAT"": 20, ""CARROT"": 1}","{""COW"": 7, ""SHEEP"": 3, ""GOOSE"": 3}",1,48
494,20,14,0,33468.0,12,12,4,"{""WHEAT"": 12, ""STRAWBERRY"": 37, ""TOMATO"": 22, ""CARROT"": 7, ""MELON"": 5}","{""COW"": 2, ""GOOSE"": 10, ""SHEEP"": 3}",2,40
494,20,14,1,54477.0,11,11,3,"{""TOMATO"": 4, ""STRAWBERRY"": 35, ""WHEAT"": 18, ""CARROT"": 1}","{""COW"": 7, ""SHEEP"": 3, ""GOOSE"": 3}",1,60
495,20,15,0,33468.0,12,12,4,"{""WHEAT"": 12, ""STRAWBERRY"": 37, ""TOMATO"": 22, ""CARROT"": 7, ""MELON"": 5}","{""COW"": 2, ""GOOSE"": 10, ""SHEEP"": 3}",2,40
495,20,15,1,55092.0,11,11,3,"{""TOMATO"": 4, ""STRAWBERRY"": 35, ""WHEAT"": 17, ""CARROT"": 3}","{""COW"": 7, ""SHEEP"": 3, ""GOOSE"": 3}",1,61
496,20,16,0,33468.0,12,12,4,"{""WHEAT"": 12, ""STRAWBERRY"": 37, ""TOMATO"": 22, ""CARROT"": 7, ""MELON"": 5}","{""COW"": 2, ""GOOSE"": 10, ""SHEEP"": 3}",2,40
496,20,16,1,55910.0,11,11,3,"{""TOMATO"": 4, ""STRAWBERRY"": 35, ""WHEAT"": 17, ""CARROT"": 3}","{""COW"": 7, ""SHEEP"": 3, ""GOOSE"": 3}",1,57
497,20,17,0,33468.0,12,12,4,"{""WHEAT"": 12, ""STRAWBERRY"": 37, ""TOMATO"": 22, ""CARROT"": 7, ""MELON"": 5}","{""COW"": 2, ""GOOSE"": 10, ""SHEEP"": 3}",1,40
497,20,17,1,55900.0,11,11,3,"{""TOMATO"": 4, ""STRAWBERRY"": 35, ""WHEAT"": 17, ""CARROT"": 4}","{""COW"": 7, ""SHEEP"": 3, ""GOOSE"": 3}",1,57
498,20,18,0,33468.0,12,12,4,"{""WHEAT"": 11, ""STRAWBERRY"": 36, ""TOMATO"": 22, ""CARROT"": 7, ""MELON"": 5}","{""COW"": 2, ""GOOSE"": 10, ""SHEEP"": 3}",1,40
498,20,18,1,55890.0,11,11,3,"{""TOMATO"": 4, ""STRAWBERRY"": 35, ""WHEAT"": 17, ""CARROT"": 4}","{""COW"": 7, ""SHEEP"": 3, ""GOOSE"": 3}",1,65
499,20,19,0,33468.0,12,12,4,"{""WHEAT"": 14, ""STRAWBERRY"": 36, ""TOMATO"": 22, ""CARROT"": 7, ""MELON"": 5}","{""COW"": 2, ""GOOSE"": 10, ""SHEEP"": 3}",1,40
499,20,19,1,57540.0,11,11,3,"{""TOMATO"": 4, ""STRAWBERRY"": 35, ""WHEAT"": 17, ""CARROT"": 4}","{""COW"": 7, ""SHEEP"": 3, ""GOOSE"": 3}",1,57
500,20,20,0,33468.0,12,12,4,"{""WHEAT"": 14, ""STRAWBERRY"": 36, ""TOMATO"": 22, ""CARROT"": 6, ""MELON"": 5}","{""COW"": 2, ""GOOSE"": 10, ""SHEEP"": 3}",1,40
500,20,20,1,57540.0,11,11,3,"{""TOMATO"": 4, ""STRAWBERRY"": 34, ""WHEAT"": 16, ""CARROT"": 4}","{""COW"": 7, ""SHEEP"": 3, ""GOOSE"": 3}",1,57
501,20,21,0,33468.0,12,12,4,"{""WHEAT"": 14, ""STRAWBERRY"": 36, ""TOMATO"": 22, ""CARROT"": 7, ""MELON"": 5}","{""COW"": 2, ""GOOSE"": 10, ""SHEEP"": 3}",1,40
501,20,21,1,57530.0,11,11,3,"{""TOMATO"": 4, ""STRAWBERRY"": 33, ""CARROT"": 6, ""WHEAT"": 16}","{""COW"": 7, ""SHEEP"": 3, ""GOOSE"": 3}",1,57
502,20,22,0,33468.0,12,12,4,"{""WHEAT"": 14, ""STRAWBERRY"": 36, ""TOMATO"": 22, ""CARROT"": 7, ""MELON"": 3}","{""COW"": 2, ""GOOSE"": 10, ""SHEEP"": 3}",1,40
502,20,22,1,57610.0,11,11,3,"{""TOMATO"": 4, ""STRAWBERRY"": 33, ""CARROT"": 7, ""WHEAT"": 16}","{""COW"": 7, ""SHEEP"": 3, ""GOOSE"": 3}",1,55
503,20,23,0,33468.0,12,12,4,"{""WHEAT"": 16, ""STRAWBERRY"": 36, ""TOMATO"": 22, ""CARROT"": 7, ""MELON"": 3}","{""COW"": 2, ""GOOSE"": 10, ""SHEEP"": 3}",1,40
503,20,23,1,58353.0,11,11,3,"{""TOMATO"": 4, ""STRAWBERRY"": 33, ""CARROT"": 7, ""WHEAT"": 16}","{""COW"": 7, ""SHEEP"": 3, ""GOOSE"": 3}",1,35
504,21,0,0,35510.0,0,0,4,"{""WHEAT"": 16, ""STRAWBERRY"": 36, ""TOMATO"": 22, ""CARROT"": 7, ""MELON"": 3}","{""COW"": 2, ""GOOSE"": 10, ""SHEEP"": 3}",1,99
504,21,0,1,58558.0,0,0,3,"{""TOMATO"": 4, ""STRAWBERRY"": 33, ""CARROT"": 7, ""WHEAT"": 16}","{""COW"": 7, ""SHEEP"": 3, ""GOOSE"": 3}",1,100
505,21,1,0,38734.0,6,6,4,"{""WHEAT"": 16, ""STRAWBERRY"": 36, ""TOMATO"": 22, ""CARROT"": 7, ""MELON"": 3}","{""COW"": 2, ""GOOSE"": 10, ""SHEEP"": 3}",1,84
505,21,1,1,60868.0,8,8,3,"{""TOMATO"": 4, ""STRAWBERRY"": 32, ""CARROT"": 7, ""WHEAT"": 16}","{""COW"": 7, ""SHEEP"": 3, ""GOOSE"": 3}",2,85
506,21,2,0,40970.0,11,11,4,"{""WHEAT"": 16, ""STRAWBERRY"": 36, ""TOMATO"": 22, ""CARROT"": 7, ""MELON"": 3}","{""COW"": 2, ""GOOSE"": 10, ""SHEEP"": 3}",1,57
506,21,2,1,60690.0,11,11,3,"{""TOMATO"": 4, ""STRAWBERRY"": 32, ""CARROT"": 7, ""WHEAT"": 16}","{""COW"": 7, ""SHEEP"": 3, ""GOOSE"": 3}",2,69
507,21,3,0,40970.0,11,11,4,"{""WHEAT"": 16, ""STRAWBERRY"": 36, ""TOMATO"": 22, ""CARROT"": 7, ""MELON"": 3}","{""COW"": 2, ""GOOSE"": 10, ""SHEEP"": 3}",1,42
507,21,3,1,60690.0,11,11,3,"{""TOMATO"": 4, ""STRAWBERRY"": 31, ""CARROT"": 7, ""WHEAT"": 16}","{""COW"": 7, ""SHEEP"": 3, ""GOOSE"": 3}",3,71
508,21,4,0,40970.0,11,11,4,"{""WHEAT"": 16, ""STRAWBERRY"": 36, ""TOMATO"": 22, ""CARROT"": 7, ""MELON"": 3}","{""COW"": 2, ""GOOSE"": 10, ""SHEEP"": 3}",1,40
508,21,4,1,60690.0,11,11,3,"{""TOMATO"": 4, ""STRAWBERRY"": 31, ""CARROT"": 7, ""WHEAT"": 16}","{""COW"": 7, ""SHEEP"": 3, ""GOOSE"": 3}",3,71
509,21,5,0,40970.0,11,11,4,"{""WHEAT"": 15, ""STRAWBERRY"": 36, ""TOMATO"": 22, ""CARROT"": 7, ""MELON"": 3}","{""COW"": 2, ""GOOSE"": 10, ""SHEEP"": 3}",1,40
509,21,5,1,60690.0,11,11,3,"{""TOMATO"": 4, ""STRAWBERRY"": 31, ""CARROT"": 7, ""WHEAT"": 15}","{""COW"": 7, ""SHEEP"": 3, ""GOOSE"": 3}",3,71
510,21,6,0,41050.0,11,11,4,"{""WHEAT"": 16, ""STRAWBERRY"": 36, ""TOMATO"": 22, ""CARROT"": 7, ""MELON"": 3}","{""COW"": 2, ""GOOSE"": 10, ""SHEEP"": 3}",1,38
510,21,6,1,61074.0,11,11,3,"{""TOMATO"": 4, ""STRAWBERRY"": 31, ""CARROT"": 7, ""WHEAT"": 16}","{""COW"": 7, ""SHEEP"": 3, ""GOOSE"": 3}",3,69
511,21,7,0,41050.0,11,11,4,"{""WHEAT"": 16, ""STRAWBERRY"": 36, ""TOMATO"": 22, ""CARROT"": 7, ""MELON"": 3}","{""COW"": 2, ""GOOSE"": 10, ""SHEEP"": 3}",1,38
511,21,7,1,61074.0,11,11,3,"{""TOMATO"": 4, ""STRAWBERRY"": 31, ""CARROT"": 7, ""WHEAT"": 16}","{""COW"": 7, ""SHEEP"": 3, ""GOOSE"": 3}",3,69
512,21,8,0,41050.0,11,11,4,"{""WHEAT"": 16, ""STRAWBERRY"": 36, ""TOMATO"": 22, ""CARROT"": 7, ""MELON"": 3}","{""COW"": 2, ""GOOSE"": 10, ""SHEEP"": 3}",1,38
512,21,8,1,61074.0,11,11,3,"{""TOMATO"": 4, ""STRAWBERRY"": 31, ""CARROT"": 7, ""WHEAT"": 16}","{""COW"": 7, ""SHEEP"": 3, ""GOOSE"": 3}",3,69
513,21,9,0,41050.0,11,11,4,"{""WHEAT"": 16, ""STRAWBERRY"": 36, ""TOMATO"": 22, ""CARROT"": 7, ""MELON"": 3}","{""COW"": 2, ""GOOSE"": 10, ""SHEEP"": 3}",1,38
513,21,9,1,61074.0,11,11,3,"{""TOMATO"": 4, ""STRAWBERRY"": 31, ""CARROT"": 7, ""WHEAT"": 16}","{""COW"": 7, ""SHEEP"": 3, ""GOOSE"": 3}",3,69
514,21,10,0,41050.0,11,11,4,"{""WHEAT"": 16, ""STRAWBERRY"": 36, ""TOMATO"": 22, ""CARROT"": 6, ""MELON"": 3}","{""COW"": 2, ""GOOSE"": 10, ""SHEEP"": 3}",1,38
514,21,10,1,61652.0,11,11,3,"{""TOMATO"": 4, ""STRAWBERRY"": 31, ""CARROT"": 7, ""WHEAT"": 15}","{""COW"": 7, ""SHEEP"": 3, ""GOOSE"": 3}",2,66
515,21,11,0,41050.0,11,11,4,"{""WHEAT"": 16, ""STRAWBERRY"": 36, ""TOMATO"": 22, ""CARROT"": 7, ""MELON"": 3}","{""COW"": 2, ""GOOSE"": 10, ""SHEEP"": 3}",1,38
515,21,11,1,61962.0,11,11,3,"{""TOMATO"": 4, ""STRAWBERRY"": 31, ""WHEAT"": 16, ""CARROT"": 7}","{""COW"": 7, ""SHEEP"": 3, ""GOOSE"": 3}",2,58
516,21,12,0,41050.0,11,11,4,"{""WHEAT"": 16, ""STRAWBERRY"": 36, ""TOMATO"": 22, ""CARROT"": 7, ""MELON"": 3}","{""COW"": 2, ""GOOSE"": 10, ""SHEEP"": 3}",0,38
516,21,12,1,61952.0,11,11,3,"{""TOMATO"": 4, ""STRAWBERRY"": 31, ""WHEAT"": 16, ""CARROT"": 8}","{""COW"": 7, ""SHEEP"": 3, ""GOOSE"": 3}",2,58
517,21,13,0,41050.0,11,11,4,"{""WHEAT"": 17, ""STRAWBERRY"": 36, ""TOMATO"": 22, ""CARROT"": 7, ""MELON"": 3}","{""COW"": 2, ""GOOSE"": 10, ""SHEEP"": 3}",0,38
517,21,13,1,61952.0,11,11,3,"{""TOMATO"": 4, ""STRAWBERRY"": 31, ""WHEAT"": 16, ""CARROT"": 8}","{""COW"": 7, ""SHEEP"": 3, ""GOOSE"": 3}",2,58
518,21,14,0,41050.0,11,11,4,"{""WHEAT"": 17, ""STRAWBERRY"": 36, ""TOMATO"": 22, ""CARROT"": 7, ""MELON"": 3}","{""COW"": 2, ""GOOSE"": 10, ""SHEEP"": 3}",0,38
518,21,14,1,63488.0,11,11,3,"{""TOMATO"": 4, ""STRAWBERRY"": 31, ""WHEAT"": 16, ""CARROT"": 7}","{""COW"": 7, ""SHEEP"": 3, ""GOOSE"": 3}",1,50
519,21,15,0,41050.0,11,11,4,"{""WHEAT"": 17, ""STRAWBERRY"": 36, ""TOMATO"": 22, ""CARROT"": 7, ""MELON"": 3}","{""COW"": 2, ""GOOSE"": 10, ""SHEEP"": 3}",0,38
519,21,15,1,63478.0,11,11,3,"{""TOMATO"": 4, ""STRAWBERRY"": 31, ""WHEAT"": 18, ""CARROT"": 7}","{""COW"": 7, ""SHEEP"": 3, ""GOOSE"": 3}",1,50
520,21,16,0,41050.0,11,11,4,"{""WHEAT"": 17, ""STRAWBERRY"": 36, ""TOMATO"": 22, ""CARROT"": 6, ""MELON"": 3}","{""COW"": 2, ""GOOSE"": 10, ""SHEEP"": 3}",0,38
520,21,16,1,63478.0,11,11,3,"{""TOMATO"": 4, ""STRAWBERRY"": 31, ""WHEAT"": 18, ""CARROT"": 7}","{""COW"": 7, ""SHEEP"": 3, ""GOOSE"": 3}",1,50
521,21,17,0,41050.0,11,11,4,"{""WHEAT"": 16, ""STRAWBERRY"": 36, ""TOMATO"": 22, ""CARROT"": 7, ""MELON"": 3}","{""COW"": 2, ""GOOSE"": 10, ""SHEEP"": 3}",0,38
521,21,17,1,63478.0,11,11,3,"{""TOMATO"": 4, ""STRAWBERRY"": 31, ""WHEAT"": 16, ""CARROT"": 7}","{""COW"": 7, ""SHEEP"": 3, ""GOOSE"": 3}",1,50
522,21,18,0,41050.0,11,11,4,"{""WHEAT"": 17, ""STRAWBERRY"": 36, ""TOMATO"": 22, ""CARROT"": 7, ""MELON"": 3}","{""COW"": 2, ""GOOSE"": 10, ""SHEEP"": 3}",0,38
522,21,18,1,63468.0,11,11,3,"{""TOMATO"": 4, ""STRAWBERRY"": 31, ""WHEAT"": 18, ""CARROT"": 7}","{""COW"": 7, ""SHEEP"": 3, ""GOOSE"": 3}",0,50
523,21,19,0,41050.0,11,11,4,"{""WHEAT"": 17, ""STRAWBERRY"": 36, ""TOMATO"": 22, ""CARROT"": 7, ""MELON"": 3}","{""COW"": 2, ""GOOSE"": 10, ""SHEEP"": 3}",0,38
523,21,19,1,63458.0,11,11,3,"{""TOMATO"": 4, ""STRAWBERRY"": 31, ""WHEAT"": 19, ""CARROT"": 7}","{""COW"": 7, ""SHEEP"": 3, ""GOOSE"": 3}",0,50
524,21,20,0,41050.0,11,11,4,"{""WHEAT"": 17, ""STRAWBERRY"": 36, ""TOMATO"": 22, ""CARROT"": 7, ""MELON"": 3}","{""COW"": 2, ""GOOSE"": 10, ""SHEEP"": 3}",0,38
524,21,20,1,63458.0,11,11,3,"{""TOMATO"": 4, ""STRAWBERRY"": 31, ""WHEAT"": 18, ""CARROT"": 7}","{""COW"": 7, ""SHEEP"": 3, ""GOOSE"": 3}",0,50
525,21,21,0,41050.0,11,11,4,"{""WHEAT"": 17, ""STRAWBERRY"": 36, ""TOMATO"": 22, ""CARROT"": 7, ""MELON"": 3}","{""COW"": 2, ""GOOSE"": 10, ""SHEEP"": 3}",0,38
525,21,21,1,63448.0,11,11,3,"{""TOMATO"": 4, ""STRAWBERRY"": 31, ""WHEAT"": 19, ""CARROT"": 7}","{""COW"": 7, ""SHEEP"": 3, ""GOOSE"": 3}",0,50
526,21,22,0,41050.0,11,11,4,"{""STRAWBERRY"": 36, ""WHEAT"": 15, ""TOMATO"": 22, ""CARROT"": 5, ""MELON"": 3}","{""COW"": 2, ""GOOSE"": 10, ""SHEEP"": 3}",0,38
526,21,22,1,63448.0,11,11,3,"{""TOMATO"": 4, ""STRAWBERRY"": 31, ""WHEAT"": 18, ""CARROT"": 7}","{""COW"": 7, ""SHEEP"": 3, ""GOOSE"": 3}",0,50
527,21,23,0,41050.0,11,11,4,"{""CARROT"": 6, ""STRAWBERRY"": 36, ""WHEAT"": 18, ""TOMATO"": 22, ""MELON"": 3}","{""COW"": 2, ""GOOSE"": 10, ""SHEEP"": 3}",0,38
527,21,23,1,64319.0,11,11,3,"{""TOMATO"": 4, ""STRAWBERRY"": 31, ""WHEAT"": 19, ""CARROT"": 7}","{""COW"": 7, ""SHEEP"": 3, ""GOOSE"": 3}",0,32
528,22,0,0,47455.0,0,0,4,"{""CARROT"": 6, ""STRAWBERRY"": 32, ""WHEAT"": 18, ""TOMATO"": 22, ""MELON"": 3}","{""COW"": 2, ""GOOSE"": 10, ""SHEEP"": 2}",4,99
528,22,0,1,64319.0,0,0,3,"{""TOMATO"": 4, ""STRAWBERRY"": 31, ""WHEAT"": 19, ""CARROT"": 7}","{""COW"": 7, ""SHEEP"": 3, ""GOOSE"": 3}",0,72
529,22,1,0,49949.0,3,3,4,"{""CARROT"": 6, ""STRAWBERRY"": 32, ""WHEAT"": 18, ""TOMATO"": 22, ""MELON"": 3}","{""COW"": 2, ""GOOSE"": 10, ""SHEEP"": 2}",4,50
529,22,1,1,64265.0,8,8,3,"{""TOMATO"": 4, ""STRAWBERRY"": 31, ""WHEAT"": 19, ""CARROT"": 7}","{""COW"": 7, ""SHEEP"": 3, ""GOOSE"": 3}",0,70
530,22,2,0,49577.0,12,12,4,"{""CARROT"": 6, ""STRAWBERRY"": 32, ""WHEAT"": 18, ""TOMATO"": 22, ""MELON"": 3}","{""COW"": 2, ""GOOSE"": 10, ""SHEEP"": 2}",4,46
530,22,2,1,63967.0,11,11,3,"{""TOMATO"": 4, ""STRAWBERRY"": 31, ""WHEAT"": 19, ""CARROT"": 7}","{""COW"": 7, ""SHEEP"": 3, ""GOOSE"": 3}",0,66
531,22,3,0,49577.0,12,12,4,"{""CARROT"": 6, ""STRAWBERRY"": 32, ""WHEAT"": 18, ""TOMATO"": 22, ""MELON"": 3}","{""COW"": 2, ""GOOSE"": 10, ""SHEEP"": 2}",4,40
531,22,3,1,63967.0,11,11,3,"{""TOMATO"": 4, ""STRAWBERRY"": 31, ""WHEAT"": 19, ""CARROT"": 7}","{""COW"": 7, ""SHEEP"": 3, ""GOOSE"": 3}",0,68
532,22,4,0,49577.0,12,12,4,"{""CARROT"": 6, ""STRAWBERRY"": 32, ""WHEAT"": 18, ""TOMATO"": 22, ""MELON"": 3}","{""COW"": 2, ""GOOSE"": 10, ""SHEEP"": 2}",4,40
532,22,4,1,63967.0,11,11,3,"{""TOMATO"": 4, ""STRAWBERRY"": 31, ""WHEAT"": 19, ""CARROT"": 7}","{""COW"": 7, ""SHEEP"": 3, ""GOOSE"": 3}",0,68
533,22,5,0,49577.0,12,12,4,"{""CARROT"": 6, ""STRAWBERRY"": 32, ""WHEAT"": 18, ""TOMATO"": 22, ""MELON"": 3}","{""COW"": 2, ""GOOSE"": 10, ""SHEEP"": 2}",4,40
533,22,5,1,63967.0,11,11,3,"{""TOMATO"": 4, ""STRAWBERRY"": 31, ""WHEAT"": 18, ""CARROT"": 7}","{""COW"": 7, ""SHEEP"": 3, ""GOOSE"": 3}",0,68
534,22,6,0,49577.0,12,12,4,"{""CARROT"": 5, ""STRAWBERRY"": 32, ""WHEAT"": 18, ""TOMATO"": 22, ""MELON"": 3}","{""COW"": 2, ""GOOSE"": 10, ""SHEEP"": 2}",4,40
534,22,6,1,64325.0,11,11,3,"{""TOMATO"": 4, ""STRAWBERRY"": 30, ""WHEAT"": 18, ""CARROT"": 7}","{""COW"": 7, ""SHEEP"": 3, ""GOOSE"": 3}",0,66
535,22,7,0,49577.0,12,12,4,"{""CARROT"": 5, ""STRAWBERRY"": 32, ""WHEAT"": 18, ""TOMATO"": 22, ""MELON"": 3}","{""COW"": 2, ""GOOSE"": 10, ""SHEEP"": 2}",4,40
535,22,7,1,64675.0,11,11,3,"{""TOMATO"": 4, ""STRAWBERRY"": 30, ""WHEAT"": 19, ""CARROT"": 7}","{""COW"": 7, ""SHEEP"": 3, ""GOOSE"": 3}",0,57
536,22,8,0,49577.0,12,12,4,"{""CARROT"": 5, ""STRAWBERRY"": 32, ""WHEAT"": 18, ""TOMATO"": 22, ""MELON"": 3}","{""COW"": 2, ""GOOSE"": 10, ""SHEEP"": 2}",4,40
536,22,8,1,64665.0,11,11,3,"{""TOMATO"": 4, ""STRAWBERRY"": 30, ""WHEAT"": 19, ""CARROT"": 8}","{""COW"": 7, ""SHEEP"": 3, ""GOOSE"": 3}",0,57
537,22,9,0,49577.0,12,12,4,"{""CARROT"": 5, ""STRAWBERRY"": 32, ""WHEAT"": 18, ""TOMATO"": 22, ""MELON"": 3}","{""COW"": 2, ""GOOSE"": 10, ""SHEEP"": 2}",4,40
537,22,9,1,64665.0,11,11,3,"{""TOMATO"": 4, ""STRAWBERRY"": 30, ""WHEAT"": 19, ""CARROT"": 8}","{""COW"": 7, ""SHEEP"": 3, ""GOOSE"": 3}",0,57
538,22,10,0,49577.0,12,12,4,"{""CARROT"": 5, ""STRAWBERRY"": 32, ""WHEAT"": 18, ""TOMATO"": 22, ""MELON"": 3}","{""COW"": 2, ""GOOSE"": 10, ""SHEEP"": 2}",4,40
538,22,10,1,65026.0,11,11,3,"{""TOMATO"": 4, ""STRAWBERRY"": 29, ""WHEAT"": 19, ""CARROT"": 8}","{""COW"": 7, ""SHEEP"": 3, ""GOOSE"": 3}",0,55
539,22,11,0,49577.0,12,12,4,"{""CARROT"": 5, ""STRAWBERRY"": 31, ""WHEAT"": 18, ""TOMATO"": 22, ""MELON"": 3}","{""COW"": 2, ""GOOSE"": 10, ""SHEEP"": 2}",3,40
539,22,11,1,65205.0,11,11,3,"{""TOMATO"": 4, ""STRAWBERRY"": 28, ""WHEAT"": 19, ""CARROT"": 8}","{""COW"": 7, ""SHEEP"": 3, ""GOOSE"": 3}",0,54
540,22,12,0,49577.0,12,12,4,"{""CARROT"": 6, ""STRAWBERRY"": 31, ""WHEAT"": 18, ""TOMATO"": 22, ""MELON"": 3}","{""COW"": 2, ""GOOSE"": 10, ""SHEEP"": 2}",3,40
540,22,12,1,65195.0,11,11,3,"{""TOMATO"": 4, ""STRAWBERRY"": 28, ""WHEAT"": 20, ""CARROT"": 9}","{""COW"": 7, ""SHEEP"": 3, ""GOOSE"": 3}",0,54
541,22,13,0,49577.0,12,12,4,"{""CARROT"": 6, ""STRAWBERRY"": 31, ""WHEAT"": 18, ""TOMATO"": 22, ""MELON"": 3}","{""COW"": 2, ""GOOSE"": 10, ""SHEEP"": 2}",3,40
541,22,13,1,65185.0,11,11,3,"{""TOMATO"": 4, ""STRAWBERRY"": 27, ""WHEAT"": 20, ""CARROT"": 8}","{""COW"": 7, ""SHEEP"": 3, ""GOOSE"": 3}",0,54
542,22,14,0,49577.0,12,12,4,"{""CARROT"": 6, ""STRAWBERRY"": 31, ""WHEAT"": 18, ""TOMATO"": 22, ""MELON"": 3}","{""COW"": 2, ""GOOSE"": 10, ""SHEEP"": 2}",3,40
542,22,14,1,65356.0,11,11,3,"{""TOMATO"": 4, ""STRAWBERRY"": 27, ""CARROT"": 10, ""WHEAT"": 20}","{""COW"": 7, ""SHEEP"": 3, ""GOOSE"": 3}",0,53
543,22,15,0,49577.0,12,12,4,"{""CARROT"": 6, ""STRAWBERRY"": 31, ""WHEAT"": 18, ""TOMATO"": 22, ""MELON"": 3}","{""COW"": 2, ""GOOSE"": 10, ""SHEEP"": 2}",3,40
543,22,15,1,65537.0,11,11,3,"{""TOMATO"": 4, ""STRAWBERRY"": 26, ""CARROT"": 10, ""WHEAT"": 20}","{""COW"": 7, ""SHEEP"": 3, ""GOOSE"": 3}",0,52
544,22,16,0,49577.0,12,12,4,"{""CARROT"": 6, ""STRAWBERRY"": 31, ""WHEAT"": 17, ""TOMATO"": 22, ""MELON"": 3}","{""COW"": 2, ""GOOSE"": 10, ""SHEEP"": 2}",3,40
544,22,16,1,65707.0,11,11,3,"{""TOMATO"": 4, ""STRAWBERRY"": 25, ""CARROT"": 10, ""WHEAT"": 21}","{""COW"": 7, ""SHEEP"": 3, ""GOOSE"": 3}",0,51
545,22,17,0,49577.0,12,12,4,"{""CARROT"": 6, ""STRAWBERRY"": 31, ""WHEAT"": 17, ""TOMATO"": 22, ""MELON"": 3}","{""COW"": 2, ""GOOSE"": 10, ""SHEEP"": 2}",3,40
545,22,17,1,65707.0,11,11,3,"{""TOMATO"": 4, ""STRAWBERRY"": 25, ""CARROT"": 10, ""WHEAT"": 22}","{""COW"": 7, ""SHEEP"": 3, ""GOOSE"": 3}",0,51
546,22,18,0,49577.0,12,12,4,"{""CARROT"": 5, ""STRAWBERRY"": 31, ""WHEAT"": 17, ""TOMATO"": 22, ""MELON"": 3}","{""COW"": 2, ""GOOSE"": 10, ""SHEEP"": 2}",2,40
546,22,18,1,65697.0,11,11,3,"{""TOMATO"": 4, ""STRAWBERRY"": 25, ""CARROT"": 10, ""WHEAT"": 22}","{""COW"": 7, ""SHEEP"": 3, ""GOOSE"": 3}",0,51
547,22,19,0,49577.0,12,12,4,"{""CARROT"": 6, ""STRAWBERRY"": 31, ""WHEAT"": 17, ""TOMATO"": 22, ""MELON"": 3}","{""COW"": 2, ""GOOSE"": 10, ""SHEEP"": 2}",2,40
547,22,19,1,65697.0,11,11,3,"{""TOMATO"": 4, ""STRAWBERRY"": 24, ""CARROT"": 9, ""WHEAT"": 22}","{""COW"": 7, ""SHEEP"": 3, ""GOOSE"": 3}",0,51
548,22,20,0,49577.0,12,12,4,"{""CARROT"": 6, ""STRAWBERRY"": 31, ""WHEAT"": 17, ""TOMATO"": 22, ""MELON"": 3}","{""COW"": 2, ""GOOSE"": 10, ""SHEEP"": 2}",2,40
548,22,20,1,65687.0,11,11,3,"{""TOMATO"": 4, ""STRAWBERRY"": 24, ""CARROT"": 10, ""WHEAT"": 22}","{""COW"": 7, ""SHEEP"": 3, ""GOOSE"": 3}",0,51
549,22,21,0,49577.0,12,12,4,"{""CARROT"": 6, ""STRAWBERRY"": 31, ""WHEAT"": 15, ""TOMATO"": 22, ""MELON"": 3}","{""COW"": 2, ""GOOSE"": 10, ""SHEEP"": 2}",1,40
549,22,21,1,65677.0,11,11,3,"{""TOMATO"": 4, ""STRAWBERRY"": 22, ""CARROT"": 10, ""WHEAT"": 23}","{""COW"": 7, ""SHEEP"": 3, ""GOOSE"": 3}",0,62
550,22,22,0,49577.0,12,12,4,"{""CARROT"": 8, ""STRAWBERRY"": 30, ""WHEAT"": 16, ""TOMATO"": 22, ""MELON"": 3}","{""COW"": 2, ""GOOSE"": 10, ""SHEEP"": 2}",0,40
550,22,22,1,67282.0,11,11,3,"{""TOMATO"": 4, ""STRAWBERRY"": 22, ""CARROT"": 10, ""WHEAT"": 25}","{""COW"": 7, ""SHEEP"": 3, ""GOOSE"": 3}",0,63
551,22,23,0,49577.0,12,12,4,"{""CARROT"": 10, ""STRAWBERRY"": 30, ""WHEAT"": 17, ""TOMATO"": 22, ""MELON"": 3}","{""COW"": 2, ""GOOSE"": 10, ""SHEEP"": 2}",0,40
551,22,23,1,68522.0,11,11,3,"{""TOMATO"": 4, ""STRAWBERRY"": 22, ""CARROT"": 10, ""WHEAT"": 25}","{""COW"": 7, ""SHEEP"": 3, ""GOOSE"": 3}",0,35
552,23,0,0,52812.0,0,0,4,"{""CARROT"": 10, ""STRAWBERRY"": 29, ""WHEAT"": 17, ""TOMATO"": 22, ""MELON"": 3}","{""COW"": 2, ""GOOSE"": 10, ""SHEEP"": 2}",1,98
552,23,0,1,68651.0,0,0,3,"{""TOMATO"": 4, ""STRAWBERRY"": 22, ""CARROT"": 10, ""WHEAT"": 25}","{""COW"": 7, ""SHEEP"": 3, ""GOOSE"": 3}",0,98
553,23,1,0,55628.0,1,1,4,"{""CARROT"": 10, ""STRAWBERRY"": 26, ""WHEAT"": 17, ""TOMATO"": 22, ""MELON"": 3}","{""COW"": 2, ""GOOSE"": 10, ""SHEEP"": 2}",4,55
553,23,1,1,68458.0,8,8,3,"{""TOMATO"": 4, ""STRAWBERRY"": 18, ""CARROT"": 10, ""WHEAT"": 25}","{""COW"": 7, ""SHEEP"": 3, ""GOOSE"": 3}",4,100
554,23,2,0,55397.0,11,11,4,"{""CARROT"": 10, ""STRAWBERRY"": 26, ""WHEAT"": 17, ""TOMATO"": 22, ""MELON"": 3}","{""COW"": 2, ""GOOSE"": 10, ""SHEEP"": 2}",4,55
554,23,2,1,67849.0,11,11,3,"{""TOMATO"": 4, ""STRAWBERRY"": 18, ""CARROT"": 10, ""WHEAT"": 25}","{""COW"": 7, ""SHEEP"": 3, ""GOOSE"": 3}",4,99
555,23,3,0,55397.0,11,11,4,"{""CARROT"": 10, ""STRAWBERRY"": 26, ""WHEAT"": 17, ""TOMATO"": 22, ""MELON"": 3}","{""COW"": 2, ""GOOSE"": 10, ""SHEEP"": 2}",4,40
555,23,3,1,67849.0,11,11,3,"{""TOMATO"": 4, ""STRAWBERRY"": 18, ""CARROT"": 10, ""WHEAT"": 25}","{""COW"": 7, ""SHEEP"": 3, ""GOOSE"": 3}",4,99
556,23,4,0,55397.0,11,11,4,"{""CARROT"": 10, ""STRAWBERRY"": 26, ""WHEAT"": 17, ""TOMATO"": 22, ""MELON"": 3}","{""COW"": 2, ""GOOSE"": 10, ""SHEEP"": 2}",4,40
556,23,4,1,67849.0,11,11,3,"{""TOMATO"": 4, ""STRAWBERRY"": 18, ""CARROT"": 10, ""WHEAT"": 25}","{""COW"": 7, ""SHEEP"": 3, ""GOOSE"": 3}",4,99
557,23,5,0,55397.0,11,11,4,"{""CARROT"": 10, ""STRAWBERRY"": 25, ""WHEAT"": 18, ""TOMATO"": 22, ""MELON"": 3}","{""COW"": 2, ""GOOSE"": 10, ""SHEEP"": 2}",4,40
557,23,5,1,67849.0,11,11,3,"{""TOMATO"": 4, ""STRAWBERRY"": 18, ""CARROT"": 10, ""WHEAT"": 25}","{""COW"": 7, ""SHEEP"": 3, ""GOOSE"": 3}",4,99
558,23,6,0,55397.0,11,11,4,"{""CARROT"": 10, ""STRAWBERRY"": 24, ""WHEAT"": 18, ""TOMATO"": 22, ""MELON"": 3}","{""COW"": 2, ""GOOSE"": 10, ""SHEEP"": 2}",4,40
558,23,6,1,67849.0,11,11,3,"{""TOMATO"": 4, ""STRAWBERRY"": 18, ""CARROT"": 10, ""WHEAT"": 23}","{""COW"": 7, ""SHEEP"": 3, ""GOOSE"": 3}",4,99
559,23,7,0,55397.0,11,11,4,"{""CARROT"": 9, ""STRAWBERRY"": 24, ""WHEAT"": 19, ""TOMATO"": 22, ""MELON"": 3}","{""COW"": 2, ""GOOSE"": 10, ""SHEEP"": 2}",4,40
559,23,7,1,68079.0,11,11,3,"{""TOMATO"": 4, ""STRAWBERRY"": 18, ""CARROT"": 10, ""WHEAT"": 25}","{""COW"": 7, ""SHEEP"": 3, ""GOOSE"": 3}",4,93
560,23,8,0,55397.0,11,11,4,"{""CARROT"": 9, ""STRAWBERRY"": 24, ""WHEAT"": 18, ""TOMATO"": 22, ""MELON"": 3}","{""COW"": 2, ""GOOSE"": 10, ""SHEEP"": 2}",4,40
560,23,8,1,68069.0,11,11,3,"{""TOMATO"": 4, ""STRAWBERRY"": 18, ""CARROT"": 10, ""WHEAT"": 25}","{""COW"": 7, ""SHEEP"": 3, ""GOOSE"": 3}",4,93
561,23,9,0,55397.0,11,11,4,"{""CARROT"": 9, ""STRAWBERRY"": 24, ""WHEAT"": 18, ""TOMATO"": 22, ""MELON"": 3}","{""COW"": 2, ""GOOSE"": 10, ""SHEEP"": 2}",4,40
561,23,9,1,68069.0,11,11,3,"{""TOMATO"": 4, ""STRAWBERRY"": 18, ""CARROT"": 10, ""WHEAT"": 25}","{""COW"": 7, ""SHEEP"": 3, ""GOOSE"": 3}",4,93
562,23,10,0,55397.0,11,11,4,"{""CARROT"": 9, ""STRAWBERRY"": 23, ""WHEAT"": 18, ""TOMATO"": 22, ""MELON"": 3}","{""COW"": 2, ""GOOSE"": 10, ""SHEEP"": 2}",4,40
562,23,10,1,68410.0,11,11,3,"{""TOMATO"": 4, ""STRAWBERRY"": 18, ""CARROT"": 10, ""WHEAT"": 25}","{""COW"": 7, ""SHEEP"": 3, ""GOOSE"": 3}",4,91
563,23,11,0,55397.0,11,11,4,"{""CARROT"": 10, ""STRAWBERRY"": 23, ""WHEAT"": 18, ""TOMATO"": 22, ""MELON"": 3}","{""COW"": 2, ""GOOSE"": 10, ""SHEEP"": 2}",4,40
563,23,11,1,68410.0,11,11,3,"{""TOMATO"": 4, ""STRAWBERRY"": 18, ""CARROT"": 10, ""WHEAT"": 23}","{""COW"": 7, ""SHEEP"": 3, ""GOOSE"": 3}",3,91
564,23,12,0,55397.0,11,11,4,"{""CARROT"": 10, ""STRAWBERRY"": 23, ""WHEAT"": 17, ""TOMATO"": 22, ""MELON"": 3}","{""COW"": 2, ""GOOSE"": 10, ""SHEEP"": 2}",4,40
564,23,12,1,68560.0,11,11,3,"{""TOMATO"": 4, ""STRAWBERRY"": 18, ""CARROT"": 10, ""WHEAT"": 26}","{""COW"": 7, ""SHEEP"": 3, ""GOOSE"": 3}",3,87
565,23,13,0,55397.0,11,11,4,"{""CARROT"": 10, ""STRAWBERRY"": 23, ""WHEAT"": 18, ""TOMATO"": 22, ""MELON"": 3}","{""COW"": 2, ""GOOSE"": 10, ""SHEEP"": 2}",4,40
565,23,13,1,68550.0,11,11,3,"{""TOMATO"": 4, ""STRAWBERRY"": 17, ""CARROT"": 9, ""WHEAT"": 26}","{""COW"": 7, ""SHEEP"": 3, ""GOOSE"": 3}",3,87
566,23,14,0,55397.0,11,11,4,"{""CARROT"": 10, ""STRAWBERRY"": 23, ""WHEAT"": 18, ""TOMATO"": 22, ""MELON"": 3}","{""COW"": 2, ""GOOSE"": 10, ""SHEEP"": 2}",4,40
566,23,14,1,68540.0,11,11,3,"{""TOMATO"": 4, ""STRAWBERRY"": 17, ""CARROT"": 8, ""WHEAT"": 28}","{""COW"": 7, ""SHEEP"": 3, ""GOOSE"": 3}",3,87
567,23,15,0,55397.0,11,11,4,"{""CARROT"": 10, ""STRAWBERRY"": 23, ""WHEAT"": 17, ""TOMATO"": 22, ""MELON"": 3}","{""COW"": 2, ""GOOSE"": 10, ""SHEEP"": 2}",4,40
567,23,15,1,68874.0,11,11,3,"{""TOMATO"": 4, ""STRAWBERRY"": 17, ""CARROT"": 8, ""WHEAT"": 29}","{""COW"": 7, ""SHEEP"": 3, ""GOOSE"": 3}",2,85
568,23,16,0,55397.0,11,11,4,"{""CARROT"": 10, ""STRAWBERRY"": 23, ""WHEAT"": 16, ""TOMATO"": 22, ""MELON"": 3}","{""COW"": 2, ""GOOSE"": 10, ""SHEEP"": 2}",4,40
568,23,16,1,68864.0,11,11,3,"{""TOMATO"": 4, ""STRAWBERRY"": 17, ""CARROT"": 7, ""WHEAT"": 30}","{""COW"": 7, ""SHEEP"": 3, ""GOOSE"": 3}",2,85
569,23,17,0,55397.0,11,11,4,"{""CARROT"": 10, ""STRAWBERRY"": 22, ""WHEAT"": 17, ""TOMATO"": 22, ""MELON"": 3}","{""COW"": 2, ""GOOSE"": 10, ""SHEEP"": 2}",4,40
569,23,17,1,68854.0,11,11,3,"{""TOMATO"": 4, ""STRAWBERRY"": 16, ""CARROT"": 6, ""WHEAT"": 31}","{""COW"": 7, ""SHEEP"": 3, ""GOOSE"": 3}",2,85
570,23,18,0,55397.0,11,11,4,"{""CARROT"": 10, ""STRAWBERRY"": 22, ""WHEAT"": 18, ""TOMATO"": 22, ""MELON"": 3}","{""COW"": 2, ""GOOSE"": 10, ""SHEEP"": 2}",4,40
570,23,18,1,69098.0,11,11,3,"{""TOMATO"": 4, ""STRAWBERRY"": 16, ""CARROT"": 6, ""WHEAT"": 33}","{""COW"": 7, ""SHEEP"": 3, ""GOOSE"": 3}",1,80
571,23,19,0,55397.0,11,11,4,"{""CARROT"": 9, ""STRAWBERRY"": 22, ""WHEAT"": 18, ""TOMATO"": 22, ""MELON"": 3}","{""COW"": 2, ""GOOSE"": 10, ""SHEEP"": 2}",4,40
571,23,19,1,69088.0,11,11,3,"{""TOMATO"": 4, ""STRAWBERRY"": 16, ""CARROT"": 6, ""WHEAT"": 33}","{""COW"": 7, ""SHEEP"": 3, ""GOOSE"": 3}",0,80
572,23,20,0,55397.0,11,11,4,"{""CARROT"": 10, ""STRAWBERRY"": 21, ""WHEAT"": 17, ""TOMATO"": 22, ""MELON"": 3}","{""COW"": 2, ""GOOSE"": 10, ""SHEEP"": 2}",4,40
572,23,20,1,69078.0,11,11,3,"{""TOMATO"": 4, ""STRAWBERRY"": 16, ""CARROT"": 6, ""WHEAT"": 34}","{""COW"": 7, ""SHEEP"": 3, ""GOOSE"": 3}",0,80
573,23,21,0,55397.0,11,11,4,"{""CARROT"": 12, ""STRAWBERRY"": 21, ""WHEAT"": 17, ""TOMATO"": 22, ""MELON"": 3}","{""COW"": 2, ""GOOSE"": 10, ""SHEEP"": 2}",4,40
573,23,21,1,69048.0,11,11,3,"{""TOMATO"": 4, ""STRAWBERRY"": 16, ""CARROT"": 6, ""WHEAT"": 35}","{""COW"": 7, ""SHEEP"": 3, ""GOOSE"": 3}",0,80
574,23,22,0,55397.0,11,11,4,"{""CARROT"": 12, ""STRAWBERRY"": 21, ""WHEAT"": 16, ""TOMATO"": 22, ""MELON"": 3}","{""COW"": 2, ""GOOSE"": 10, ""SHEEP"": 2}",4,40
574,23,22,1,70463.0,11,11,3,"{""TOMATO"": 4, ""STRAWBERRY"": 16, ""CARROT"": 6, ""WHEAT"": 34}","{""COW"": 7, ""SHEEP"": 3, ""GOOSE"": 3}",0,65
575,23,23,0,55397.0,11,11,4,"{""CARROT"": 12, ""STRAWBERRY"": 21, ""WHEAT"": 17, ""TOMATO"": 22, ""MELON"": 3}","{""COW"": 2, ""GOOSE"": 10, ""SHEEP"": 2}",4,40
575,23,23,1,71756.0,11,11,3,"{""TOMATO"": 4, ""STRAWBERRY"": 15, ""CARROT"": 6, ""WHEAT"": 35}","{""COW"": 7, ""SHEEP"": 3, ""GOOSE"": 3}",0,46
576,24,0,0,57011.0,0,0,4,"{""STRAWBERRY"": 20, ""WHEAT"": 17, ""CARROT"": 11, ""TOMATO"": 22, ""MELON"": 3}","{""COW"": 2, ""GOOSE"": 10, ""SHEEP"": 2}",4,100
576,24,0,1,72097.0,0,0,3,"{""TOMATO"": 4, ""STRAWBERRY"": 15, ""CARROT"": 6, ""WHEAT"": 35}","{""COW"": 7, ""SHEEP"": 3, ""GOOSE"": 3}",0,100
577,24,1,0,61497.0,2,2,4,"{""WHEAT"": 17, ""CARROT"": 11, ""TOMATO"": 22, ""STRAWBERRY"": 14, ""MELON"": 3}","{""COW"": 2, ""GOOSE"": 10, ""SHEEP"": 2}",10,58
577,24,1,1,72370.0,8,8,3,"{""TOMATO"": 4, ""STRAWBERRY"": 14, ""CARROT"": 6, ""WHEAT"": 35}","{""COW"": 7, ""SHEEP"": 3, ""GOOSE"": 3}",1,94
578,24,2,0,61267.0,11,11,4,"{""WHEAT"": 17, ""CARROT"": 11, ""TOMATO"": 22, ""STRAWBERRY"": 14, ""MELON"": 3}","{""COW"": 2, ""GOOSE"": 10, ""SHEEP"": 2}",10,58
578,24,2,1,72135.0,11,11,3,"{""TOMATO"": 4, ""STRAWBERRY"": 14, ""CARROT"": 6, ""WHEAT"": 35}","{""COW"": 7, ""SHEEP"": 3, ""GOOSE"": 3}",1,91
579,24,3,0,61267.0,11,11,4,"{""WHEAT"": 17, ""CARROT"": 11, ""TOMATO"": 22, ""STRAWBERRY"": 14, ""MELON"": 3}","{""COW"": 2, ""GOOSE"": 10, ""SHEEP"": 2}",10,36
579,24,3,1,72135.0,11,11,3,"{""TOMATO"": 4, ""STRAWBERRY"": 14, ""CARROT"": 6, ""WHEAT"": 35}","{""COW"": 7, ""SHEEP"": 3, ""GOOSE"": 3}",1,93
580,24,4,0,61267.0,11,11,4,"{""WHEAT"": 17, ""CARROT"": 11, ""TOMATO"": 22, ""STRAWBERRY"": 14, ""MELON"": 3}","{""COW"": 2, ""GOOSE"": 10, ""SHEEP"": 2}",9,36
580,24,4,1,72135.0,11,11,3,"{""TOMATO"": 4, ""STRAWBERRY"": 14, ""CARROT"": 6, ""WHEAT"": 35}","{""COW"": 7, ""SHEEP"": 3, ""GOOSE"": 3}",1,93
581,24,5,0,61267.0,11,11,4,"{""WHEAT"": 19, ""CARROT"": 11, ""TOMATO"": 22, ""STRAWBERRY"": 14, ""MELON"": 3}","{""COW"": 2, ""GOOSE"": 10, ""SHEEP"": 2}",9,36
581,24,5,1,72135.0,11,11,3,"{""TOMATO"": 4, ""STRAWBERRY"": 14, ""CARROT"": 6, ""WHEAT"": 33}","{""COW"": 7, ""SHEEP"": 3, ""GOOSE"": 3}",1,93
582,24,6,0,61267.0,11,11,4,"{""WHEAT"": 20, ""CARROT"": 11, ""TOMATO"": 22, ""STRAWBERRY"": 14, ""MELON"": 3}","{""COW"": 2, ""GOOSE"": 10, ""SHEEP"": 2}",9,36
582,24,6,1,72125.0,11,11,3,"{""TOMATO"": 4, ""STRAWBERRY"": 14, ""CARROT"": 6, ""WHEAT"": 35}","{""COW"": 7, ""SHEEP"": 3, ""GOOSE"": 3}",1,93
583,24,7,0,61267.0,11,11,4,"{""WHEAT"": 20, ""CARROT"": 11, ""TOMATO"": 22, ""STRAWBERRY"": 14, ""MELON"": 3}","{""COW"": 2, ""GOOSE"": 10, ""SHEEP"": 2}",9,36
583,24,7,1,72125.0,11,11,3,"{""TOMATO"": 4, ""STRAWBERRY"": 14, ""CARROT"": 6, ""WHEAT"": 35}","{""COW"": 7, ""SHEEP"": 3, ""GOOSE"": 3}",1,93
584,24,8,0,61267.0,11,11,4,"{""WHEAT"": 20, ""CARROT"": 11, ""TOMATO"": 22, ""STRAWBERRY"": 14, ""MELON"": 3}","{""COW"": 2, ""GOOSE"": 10, ""SHEEP"": 2}",9,36
584,24,8,1,72125.0,11,11,3,"{""TOMATO"": 4, ""STRAWBERRY"": 14, ""CARROT"": 6, ""WHEAT"": 35}","{""COW"": 7, ""SHEEP"": 3, ""GOOSE"": 3}",1,93
585,24,9,0,61267.0,11,11,4,"{""WHEAT"": 20, ""CARROT"": 11, ""TOMATO"": 22, ""STRAWBERRY"": 14, ""MELON"": 3}","{""COW"": 2, ""GOOSE"": 10, ""SHEEP"": 2}",9,36
585,24,9,1,72125.0,11,11,3,"{""TOMATO"": 4, ""STRAWBERRY"": 13, ""CARROT"": 6, ""WHEAT"": 34}","{""COW"": 7, ""SHEEP"": 3, ""GOOSE"": 3}",1,93
586,24,10,0,61267.0,11,11,4,"{""WHEAT"": 20, ""CARROT"": 10, ""TOMATO"": 22, ""STRAWBERRY"": 14, ""MELON"": 3}","{""COW"": 2, ""GOOSE"": 10, ""SHEEP"": 2}",9,36
586,24,10,1,72125.0,11,11,3,"{""TOMATO"": 4, ""STRAWBERRY"": 12, ""CARROT"": 7, ""WHEAT"": 34}","{""COW"": 7, ""SHEEP"": 3, ""GOOSE"": 3}",1,93
587,24,11,0,61267.0,11,11,4,"{""WHEAT"": 22, ""CARROT"": 10, ""TOMATO"": 22, ""STRAWBERRY"": 14, ""MELON"": 3}","{""COW"": 2, ""GOOSE"": 10, ""SHEEP"": 2}",8,36
587,24,11,1,72515.0,11,11,3,"{""TOMATO"": 4, ""STRAWBERRY"": 12, ""CARROT"": 6, ""WHEAT"": 36}","{""COW"": 7, ""SHEEP"": 3, ""GOOSE"": 3}",1,83
588,24,12,0,61267.0,11,11,4,"{""WHEAT"": 23, ""CARROT"": 10, ""TOMATO"": 22, ""STRAWBERRY"": 14, ""MELON"": 3}","{""COW"": 2, ""GOOSE"": 10, ""SHEEP"": 2}",8,36
588,24,12,1,72505.0,11,11,3,"{""TOMATO"": 4, ""STRAWBERRY"": 12, ""WHEAT"": 36, ""CARROT"": 6}","{""COW"": 7, ""SHEEP"": 3, ""GOOSE"": 3}",1,83
589,24,13,0,61267.0,11,11,4,"{""WHEAT"": 23, ""CARROT"": 10, ""TOMATO"": 22, ""STRAWBERRY"": 14, ""MELON"": 3}","{""COW"": 2, ""GOOSE"": 10, ""SHEEP"": 2}",8,36
589,24,13,1,72495.0,11,11,3,"{""TOMATO"": 4, ""STRAWBERRY"": 12, ""CARROT"": 7, ""WHEAT"": 36}","{""COW"": 7, ""SHEEP"": 3, ""GOOSE"": 3}",1,83
590,24,14,0,61267.0,11,11,4,"{""CARROT"": 10, ""TOMATO"": 22, ""WHEAT"": 22, ""STRAWBERRY"": 14, ""MELON"": 3}","{""COW"": 2, ""GOOSE"": 10, ""SHEEP"": 2}",8,36
590,24,14,1,72519.0,11,11,3,"{""TOMATO"": 4, ""STRAWBERRY"": 12, ""CARROT"": 7, ""WHEAT"": 34}","{""COW"": 7, ""SHEEP"": 3, ""GOOSE"": 3}",1,82
591,24,15,0,61267.0,11,11,4,"{""CARROT"": 10, ""TOMATO"": 22, ""WHEAT"": 22, ""STRAWBERRY"": 14, ""MELON"": 3}","{""COW"": 2, ""GOOSE"": 10, ""SHEEP"": 2}",8,36
591,24,15,1,72519.0,11,11,3,"{""TOMATO"": 4, ""STRAWBERRY"": 12, ""CARROT"": 8, ""WHEAT"": 35}","{""COW"": 7, ""SHEEP"": 3, ""GOOSE"": 3}",1,82
592,24,16,0,61267.0,11,11,4,"{""CARROT"": 10, ""TOMATO"": 22, ""WHEAT"": 22, ""STRAWBERRY"": 14, ""MELON"": 3}","{""COW"": 2, ""GOOSE"": 10, ""SHEEP"": 2}",8,36
592,24,16,1,72519.0,11,11,3,"{""TOMATO"": 4, ""STRAWBERRY"": 12, ""CARROT"": 7, ""WHEAT"": 34}","{""COW"": 7, ""SHEEP"": 3, ""GOOSE"": 3}",1,82
593,24,17,0,61267.0,11,11,4,"{""CARROT"": 10, ""TOMATO"": 22, ""WHEAT"": 23, ""STRAWBERRY"": 14, ""MELON"": 3}","{""COW"": 2, ""GOOSE"": 10, ""SHEEP"": 2}",8,36
593,24,17,1,72789.0,11,11,3,"{""TOMATO"": 4, ""STRAWBERRY"": 12, ""CARROT"": 9, ""WHEAT"": 34}","{""COW"": 7, ""SHEEP"": 3, ""GOOSE"": 3}",0,75
594,24,18,0,61267.0,11,11,4,"{""CARROT"": 10, ""TOMATO"": 22, ""WHEAT"": 22, ""STRAWBERRY"": 14, ""MELON"": 3}","{""COW"": 2, ""GOOSE"": 10, ""SHEEP"": 2}",8,36
594,24,18,1,72779.0,11,11,3,"{""TOMATO"": 4, ""STRAWBERRY"": 12, ""CARROT"": 9, ""WHEAT"": 33}","{""COW"": 7, ""SHEEP"": 3, ""GOOSE"": 3}",0,75
595,24,19,0,61267.0,11,11,4,"{""CARROT"": 10, ""TOMATO"": 22, ""WHEAT"": 22, ""STRAWBERRY"": 14, ""MELON"": 3}","{""COW"": 2, ""GOOSE"": 10, ""SHEEP"": 2}",8,36
595,24,19,1,72779.0,11,11,3,"{""TOMATO"": 4, ""STRAWBERRY"": 12, ""CARROT"": 9, ""WHEAT"": 34}","{""COW"": 7, ""SHEEP"": 3, ""GOOSE"": 3}",0,75
596,24,20,0,61267.0,11,11,4,"{""CARROT"": 9, ""TOMATO"": 22, ""WHEAT"": 22, ""STRAWBERRY"": 14, ""MELON"": 3}","{""COW"": 2, ""GOOSE"": 10, ""SHEEP"": 2}",8,36
596,24,20,1,72779.0,11,11,3,"{""TOMATO"": 4, ""STRAWBERRY"": 12, ""CARROT"": 9, ""WHEAT"": 35}","{""COW"": 7, ""SHEEP"": 3, ""GOOSE"": 3}",0,85
597,24,21,0,61267.0,11,11,4,"{""CARROT"": 9, ""TOMATO"": 22, ""WHEAT"": 22, ""STRAWBERRY"": 14, ""MELON"": 3}","{""COW"": 2, ""GOOSE"": 10, ""SHEEP"": 2}",8,36
597,24,21,1,73246.0,11,11,3,"{""TOMATO"": 4, ""STRAWBERRY"": 12, ""CARROT"": 8, ""WHEAT"": 36}","{""COW"": 7, ""SHEEP"": 3, ""GOOSE"": 3}",0,75
598,24,22,0,61267.0,11,11,4,"{""CARROT"": 9, ""TOMATO"": 22, ""WHEAT"": 22, ""STRAWBERRY"": 14, ""MELON"": 3}","{""COW"": 2, ""GOOSE"": 10, ""SHEEP"": 2}",8,36
598,24,22,1,74682.0,11,11,3,"{""TOMATO"": 4, ""STRAWBERRY"": 12, ""CARROT"": 8, ""WHEAT"": 37}","{""COW"": 7, ""SHEEP"": 3, ""GOOSE"": 3}",0,52
599,24,23,0,62809.0,11,11,4,"{""CARROT"": 9, ""TOMATO"": 22, ""WHEAT"": 23, ""STRAWBERRY"": 14, ""MELON"": 3}","{""COW"": 2, ""GOOSE"": 10, ""SHEEP"": 2}",8,36
599,24,23,1,76147.0,11,11,3,"{""TOMATO"": 4, ""STRAWBERRY"": 12, ""CARROT"": 8, ""WHEAT"": 37}","{""COW"": 7, ""SHEEP"": 3, ""GOOSE"": 3}",0,35
600,25,0,0,62809.0,0,0,4,"{""CARROT"": 9, ""TOMATO"": 22, ""WHEAT"": 23, ""STRAWBERRY"": 14, ""MELON"": 3}","{""COW"": 2, ""GOOSE"": 10, ""SHEEP"": 2}",8,100
600,25,0,1,76640.0,0,0,3,"{""TOMATO"": 4, ""STRAWBERRY"": 12, ""CARROT"": 8, ""WHEAT"": 37}","{""COW"": 7, ""SHEEP"": 3, ""GOOSE"": 3}",0,96
601,25,1,0,63448.0,6,6,4,"{""CARROT"": 9, ""TOMATO"": 22, ""WHEAT"": 23, ""STRAWBERRY"": 14, ""MELON"": 3}","{""COW"": 2, ""GOOSE"": 10, ""SHEEP"": 2}",8,94
601,25,1,1,76674.0,8,8,3,"{""TOMATO"": 4, ""STRAWBERRY"": 12, ""CARROT"": 8, ""WHEAT"": 37}","{""COW"": 7, ""SHEEP"": 3, ""GOOSE"": 3}",0,92
602,25,2,0,68193.0,11,11,4,"{""CARROT"": 9, ""TOMATO"": 22, ""WHEAT"": 23, ""STRAWBERRY"": 14, ""MELON"": 3}","{""COW"": 2, ""GOOSE"": 10, ""SHEEP"": 2}",8,45
602,25,2,1,76389.0,11,11,3,"{""TOMATO"": 4, ""STRAWBERRY"": 12, ""CARROT"": 8, ""WHEAT"": 37}","{""COW"": 7, ""SHEEP"": 3, ""GOOSE"": 3}",0,81
603,25,3,0,68193.0,11,11,4,"{""CARROT"": 9, ""TOMATO"": 22, ""WHEAT"": 23, ""STRAWBERRY"": 14, ""MELON"": 3}","{""COW"": 2, ""GOOSE"": 10, ""SHEEP"": 2}",8,39
603,25,3,1,76709.0,11,11,3,"{""TOMATO"": 4, ""STRAWBERRY"": 12, ""CARROT"": 8, ""WHEAT"": 37}","{""COW"": 7, ""SHEEP"": 3, ""GOOSE"": 3}",0,78
604,25,4,0,68193.0,11,11,4,"{""CARROT"": 9, ""TOMATO"": 22, ""WHEAT"": 23, ""STRAWBERRY"": 14, ""MELON"": 3}","{""COW"": 2, ""GOOSE"": 10, ""SHEEP"": 2}",8,39
604,25,4,1,76709.0,11,11,3,"{""TOMATO"": 4, ""STRAWBERRY"": 12, ""CARROT"": 8, ""WHEAT"": 37}","{""COW"": 7, ""SHEEP"": 3, ""GOOSE"": 3}",0,78
605,25,5,0,68193.0,11,11,4,"{""CARROT"": 9, ""TOMATO"": 22, ""WHEAT"": 22, ""STRAWBERRY"": 14, ""MELON"": 3}","{""COW"": 2, ""GOOSE"": 10, ""SHEEP"": 2}",8,39
605,25,5,1,76709.0,11,11,3,"{""TOMATO"": 4, ""STRAWBERRY"": 12, ""CARROT"": 8, ""WHEAT"": 37}","{""COW"": 7, ""SHEEP"": 3, ""GOOSE"": 3}",0,78
606,25,6,0,68193.0,11,11,4,"{""CARROT"": 9, ""TOMATO"": 22, ""WHEAT"": 23, ""STRAWBERRY"": 14, ""MELON"": 3}","{""COW"": 2, ""GOOSE"": 10, ""SHEEP"": 2}",8,39
606,25,6,1,76709.0,11,11,3,"{""TOMATO"": 4, ""STRAWBERRY"": 12, ""CARROT"": 7, ""WHEAT"": 35}","{""COW"": 7, ""SHEEP"": 3, ""GOOSE"": 3}",0,78
607,25,7,0,68193.0,11,11,4,"{""CARROT"": 9, ""TOMATO"": 22, ""WHEAT"": 23, ""STRAWBERRY"": 14, ""MELON"": 3}","{""COW"": 2, ""GOOSE"": 10, ""SHEEP"": 2}",8,39
607,25,7,1,76859.0,11,11,3,"{""TOMATO"": 4, ""STRAWBERRY"": 12, ""CARROT"": 8, ""WHEAT"": 36}","{""COW"": 7, ""SHEEP"": 3, ""GOOSE"": 3}",0,74
608,25,8,0,68193.0,11,11,4,"{""CARROT"": 9, ""TOMATO"": 22, ""WHEAT"": 23, ""STRAWBERRY"": 14, ""MELON"": 3}","{""COW"": 2, ""GOOSE"": 10, ""SHEEP"": 2}",8,39
608,25,8,1,76849.0,11,11,3,"{""TOMATO"": 4, ""STRAWBERRY"": 12, ""CARROT"": 8, ""WHEAT"": 37}","{""COW"": 7, ""SHEEP"": 3, ""GOOSE"": 3}",0,74
609,25,9,0,68193.0,11,11,4,"{""CARROT"": 9, ""TOMATO"": 22, ""WHEAT"": 23, ""STRAWBERRY"": 14, ""MELON"": 3}","{""COW"": 2, ""GOOSE"": 10, ""SHEEP"": 2}",8,39
609,25,9,1,76849.0,11,11,3,"{""TOMATO"": 4, ""STRAWBERRY"": 12, ""CARROT"": 8, ""WHEAT"": 37}","{""COW"": 7, ""SHEEP"": 3, ""GOOSE"": 3}",0,74
610,25,10,0,68801.0,11,11,4,"{""CARROT"": 8, ""TOMATO"": 22, ""WHEAT"": 23, ""STRAWBERRY"": 14, ""MELON"": 3}","{""COW"": 2, ""GOOSE"": 10, ""SHEEP"": 2}",8,24
610,25,10,1,76839.0,11,11,3,"{""TOMATO"": 4, ""STRAWBERRY"": 12, ""CARROT"": 8, ""WHEAT"": 37}","{""COW"": 7, ""SHEEP"": 3, ""GOOSE"": 3}",0,74
611,25,11,0,68801.0,11,11,4,"{""CARROT"": 9, ""TOMATO"": 22, ""WHEAT"": 23, ""STRAWBERRY"": 14, ""MELON"": 3}","{""COW"": 2, ""GOOSE"": 10, ""SHEEP"": 2}",7,24
611,25,11,1,76839.0,11,11,3,"{""TOMATO"": 4, ""STRAWBERRY"": 12, ""CARROT"": 8, ""WHEAT"": 35}","{""COW"": 7, ""SHEEP"": 3, ""GOOSE"": 3}",0,74
612,25,12,0,68801.0,11,11,4,"{""CARROT"": 10, ""TOMATO"": 22, ""WHEAT"": 23, ""STRAWBERRY"": 14, ""MELON"": 3}","{""COW"": 2, ""GOOSE"": 10, ""SHEEP"": 2}",7,24
612,25,12,1,77029.0,11,11,3,"{""TOMATO"": 4, ""STRAWBERRY"": 12, ""CARROT"": 8, ""WHEAT"": 35}","{""COW"": 7, ""SHEEP"": 3, ""GOOSE"": 3}",0,69
613,25,13,0,68801.0,11,11,4,"{""CARROT"": 11, ""TOMATO"": 22, ""WHEAT"": 23, ""STRAWBERRY"": 14, ""MELON"": 2}","{""COW"": 2, ""GOOSE"": 10, ""SHEEP"": 2}",7,24
613,25,13,1,77019.0,11,11,3,"{""TOMATO"": 4, ""STRAWBERRY"": 12, ""CARROT"": 9, ""WHEAT"": 35}","{""COW"": 7, ""SHEEP"": 3, ""GOOSE"": 3}",0,69
614,25,14,0,68801.0,11,11,4,"{""CARROT"": 11, ""TOMATO"": 22, ""WHEAT"": 23, ""STRAWBERRY"": 14, ""MELON"": 2}","{""COW"": 2, ""GOOSE"": 10, ""SHEEP"": 2}",7,24
614,25,14,1,77009.0,11,11,3,"{""TOMATO"": 4, ""STRAWBERRY"": 12, ""CARROT"": 10, ""WHEAT"": 35}","{""COW"": 7, ""SHEEP"": 3, ""GOOSE"": 3}",0,69
615,25,15,0,68801.0,11,11,4,"{""CARROT"": 11, ""WHEAT"": 22, ""STRAWBERRY"": 14, ""TOMATO"": 21, ""MELON"": 2}","{""COW"": 2, ""GOOSE"": 10, ""SHEEP"": 2}",7,24
615,25,15,1,76999.0,11,11,3,"{""TOMATO"": 4, ""STRAWBERRY"": 12, ""CARROT"": 10, ""WHEAT"": 35}","{""COW"": 7, ""SHEEP"": 3, ""GOOSE"": 3}",0,69
616,25,16,0,68801.0,11,11,4,"{""CARROT"": 12, ""WHEAT"": 22, ""STRAWBERRY"": 14, ""TOMATO"": 21, ""MELON"": 2}","{""COW"": 2, ""GOOSE"": 10, ""SHEEP"": 2}",7,24
616,25,16,1,76999.0,11,11,3,"{""TOMATO"": 3, ""STRAWBERRY"": 12, ""CARROT"": 10, ""WHEAT"": 34}","{""COW"": 7, ""SHEEP"": 3, ""GOOSE"": 3}",0,69
617,25,17,0,68801.0,11,11,4,"{""CARROT"": 12, ""WHEAT"": 22, ""STRAWBERRY"": 14, ""TOMATO"": 21, ""MELON"": 2}","{""COW"": 2, ""GOOSE"": 10, ""SHEEP"": 2}",7,24
617,25,17,1,76999.0,11,11,3,"{""TOMATO"": 3, ""STRAWBERRY"": 12, ""CARROT"": 11, ""WHEAT"": 35}","{""COW"": 7, ""SHEEP"": 3, ""GOOSE"": 3}",0,69
618,25,18,0,69014.0,11,11,4,"{""CARROT"": 13, ""WHEAT"": 22, ""STRAWBERRY"": 14, ""TOMATO"": 21, ""MELON"": 2}","{""COW"": 2, ""GOOSE"": 10, ""SHEEP"": 2}",7,20
618,25,18,1,76999.0,11,11,3,"{""TOMATO"": 3, ""STRAWBERRY"": 12, ""CARROT"": 11, ""WHEAT"": 35}","{""COW"": 7, ""SHEEP"": 3, ""GOOSE"": 3}",0,69
619,25,19,0,69014.0,11,11,4,"{""CARROT"": 13, ""WHEAT"": 22, ""STRAWBERRY"": 14, ""TOMATO"": 21, ""MELON"": 2}","{""COW"": 2, ""GOOSE"": 10, ""SHEEP"": 2}",7,20
619,25,19,1,76999.0,11,11,3,"{""TOMATO"": 3, ""STRAWBERRY"": 12, ""CARROT"": 11, ""WHEAT"": 35}","{""COW"": 7, ""SHEEP"": 3, ""GOOSE"": 3}",0,69
620,25,20,0,69014.0,11,11,4,"{""CARROT"": 13, ""WHEAT"": 21, ""STRAWBERRY"": 14, ""TOMATO"": 21, ""MELON"": 2}","{""COW"": 2, ""GOOSE"": 10, ""SHEEP"": 2}",7,20
620,25,20,1,76999.0,11,11,3,"{""TOMATO"": 3, ""STRAWBERRY"": 12, ""CARROT"": 11, ""WHEAT"": 34}","{""COW"": 7, ""SHEEP"": 3, ""GOOSE"": 3}",0,69
621,25,21,0,69014.0,11,11,4,"{""CARROT"": 14, ""WHEAT"": 21, ""STRAWBERRY"": 14, ""TOMATO"": 21, ""MELON"": 2}","{""COW"": 2, ""GOOSE"": 10, ""SHEEP"": 2}",7,20
621,25,21,1,76989.0,11,11,3,"{""TOMATO"": 3, ""STRAWBERRY"": 12, ""CARROT"": 12, ""WHEAT"": 32}","{""COW"": 7, ""SHEEP"": 3, ""GOOSE"": 3}",0,76
622,25,22,0,70556.0,11,11,4,"{""CARROT"": 13, ""WHEAT"": 20, ""STRAWBERRY"": 14, ""TOMATO"": 21, ""MELON"": 2}","{""COW"": 2, ""GOOSE"": 10, ""SHEEP"": 2}",6,0
622,25,22,1,78442.0,11,11,3,"{""TOMATO"": 3, ""STRAWBERRY"": 12, ""CARROT"": 13, ""WHEAT"": 32}","{""COW"": 7, ""SHEEP"": 3, ""GOOSE"": 3}",0,74
623,25,23,0,70556.0,11,11,4,"{""CARROT"": 15, ""WHEAT"": 20, ""STRAWBERRY"": 14, ""TOMATO"": 21, ""MELON"": 2}","{""COW"": 2, ""GOOSE"": 10, ""SHEEP"": 2}",6,0
623,25,23,1,79864.0,11,11,3,"{""TOMATO"": 3, ""STRAWBERRY"": 12, ""CARROT"": 13, ""WHEAT"": 33}","{""COW"": 7, ""SHEEP"": 3, ""GOOSE"": 3}",0,42
624,26,0,0,72339.0,0,0,4,"{""CARROT"": 14, ""WHEAT"": 19, ""STRAWBERRY"": 14, ""TOMATO"": 20, ""MELON"": 2}","{""COW"": 2, ""GOOSE"": 10}",7,99
624,26,0,1,79865.0,0,0,3,"{""TOMATO"": 3, ""STRAWBERRY"": 12, ""CARROT"": 13, ""WHEAT"": 33}","{""COW"": 6, ""SHEEP"": 3, ""GOOSE"": 3}",0,94
625,26,1,0,72482.0,6,6,4,"{""CARROT"": 14, ""WHEAT"": 19, ""STRAWBERRY"": 12, ""TOMATO"": 20, ""MELON"": 2}","{""COW"": 2, ""GOOSE"": 10}",9,98
625,26,1,1,80474.0,8,8,3,"{""TOMATO"": 3, ""STRAWBERRY"": 12, ""CARROT"": 13, ""WHEAT"": 33}","{""COW"": 6, ""SHEEP"": 3, ""GOOSE"": 3}",0,78
626,26,2,0,74404.0,12,12,4,"{""CARROT"": 14, ""WHEAT"": 19, ""STRAWBERRY"": 12, ""TOMATO"": 20, ""MELON"": 2}","{""COW"": 2, ""GOOSE"": 10}",9,42
626,26,2,1,80171.0,11,11,3,"{""TOMATO"": 3, ""STRAWBERRY"": 12, ""CARROT"": 13, ""WHEAT"": 33}","{""COW"": 6, ""SHEEP"": 3, ""GOOSE"": 3}",0,75
627,26,3,0,74404.0,12,12,4,"{""CARROT"": 14, ""WHEAT"": 19, ""STRAWBERRY"": 12, ""TOMATO"": 20, ""MELON"": 2}","{""COW"": 2, ""GOOSE"": 10}",9,40
627,26,3,1,80366.0,11,11,3,"{""TOMATO"": 3, ""STRAWBERRY"": 12, ""CARROT"": 13, ""WHEAT"": 33}","{""COW"": 6, ""SHEEP"": 3, ""GOOSE"": 3}",0,74
628,26,4,0,74404.0,12,12,4,"{""CARROT"": 14, ""WHEAT"": 18, ""STRAWBERRY"": 12, ""TOMATO"": 20, ""MELON"": 2}","{""COW"": 2, ""GOOSE"": 10}",9,40
628,26,4,1,80366.0,11,11,3,"{""TOMATO"": 3, ""STRAWBERRY"": 12, ""CARROT"": 13, ""WHEAT"": 33}","{""COW"": 6, ""SHEEP"": 3, ""GOOSE"": 3}",0,71
629,26,5,0,74404.0,12,12,4,"{""CARROT"": 15, ""WHEAT"": 18, ""STRAWBERRY"": 12, ""TOMATO"": 20, ""MELON"": 2}","{""COW"": 2, ""GOOSE"": 10}",9,40
629,26,5,1,80366.0,11,11,3,"{""TOMATO"": 3, ""STRAWBERRY"": 12, ""CARROT"": 13, ""WHEAT"": 33}","{""COW"": 6, ""SHEEP"": 3, ""GOOSE"": 3}",0,71
630,26,6,0,74404.0,12,12,4,"{""CARROT"": 15, ""WHEAT"": 18, ""STRAWBERRY"": 12, ""TOMATO"": 20, ""MELON"": 2}","{""COW"": 2, ""GOOSE"": 10}",9,40
630,26,6,1,80419.0,11,11,3,"{""TOMATO"": 3, ""STRAWBERRY"": 12, ""CARROT"": 13, ""WHEAT"": 31}","{""COW"": 6, ""SHEEP"": 3, ""GOOSE"": 3}",0,70
631,26,7,0,74404.0,12,12,4,"{""CARROT"": 15, ""WHEAT"": 18, ""STRAWBERRY"": 12, ""TOMATO"": 20, ""MELON"": 2}","{""COW"": 2, ""GOOSE"": 10}",9,40
631,26,7,1,80565.0,11,11,3,"{""TOMATO"": 3, ""STRAWBERRY"": 12, ""CARROT"": 13, ""WHEAT"": 32}","{""COW"": 6, ""SHEEP"": 3, ""GOOSE"": 3}",0,66
632,26,8,0,74404.0,12,12,4,"{""CARROT"": 15, ""WHEAT"": 18, ""STRAWBERRY"": 12, ""TOMATO"": 20, ""MELON"": 2}","{""COW"": 2, ""GOOSE"": 10}",9,40
632,26,8,1,80555.0,11,11,3,"{""TOMATO"": 3, ""STRAWBERRY"": 12, ""CARROT"": 13, ""WHEAT"": 33}","{""COW"": 6, ""SHEEP"": 3, ""GOOSE"": 3}",0,66
633,26,9,0,74404.0,12,12,4,"{""CARROT"": 15, ""WHEAT"": 18, ""STRAWBERRY"": 12, ""TOMATO"": 20, ""MELON"": 2}","{""COW"": 2, ""GOOSE"": 10}",9,40
633,26,9,1,80555.0,11,11,3,"{""TOMATO"": 3, ""STRAWBERRY"": 12, ""CARROT"": 13, ""WHEAT"": 33}","{""COW"": 6, ""SHEEP"": 3, ""GOOSE"": 3}",0,66
634,26,10,0,74404.0,12,12,4,"{""CARROT"": 14, ""WHEAT"": 17, ""STRAWBERRY"": 12, ""TOMATO"": 20, ""MELON"": 2}","{""COW"": 2, ""GOOSE"": 10}",9,40
634,26,10,1,80610.0,11,11,3,"{""TOMATO"": 3, ""STRAWBERRY"": 10, ""CARROT"": 13, ""WHEAT"": 32}","{""COW"": 6, ""SHEEP"": 3, ""GOOSE"": 3}",0,65
635,26,11,0,74404.0,12,12,4,"{""CARROT"": 15, ""WHEAT"": 16, ""STRAWBERRY"": 12, ""TOMATO"": 20, ""MELON"": 2}","{""COW"": 2, ""GOOSE"": 10}",9,40
635,26,11,1,80600.0,11,11,3,"{""TOMATO"": 3, ""STRAWBERRY"": 10, ""CARROT"": 15, ""WHEAT"": 32}","{""COW"": 6, ""SHEEP"": 3, ""GOOSE"": 3}",0,74
636,26,12,0,74404.0,12,12,4,"{""CARROT"": 15, ""WHEAT"": 16, ""STRAWBERRY"": 12, ""TOMATO"": 20, ""MELON"": 2}","{""COW"": 2, ""GOOSE"": 10}",9,40
636,26,12,1,81125.0,11,11,3,"{""TOMATO"": 3, ""STRAWBERRY"": 10, ""CARROT"": 15, ""WHEAT"": 30}","{""COW"": 6, ""SHEEP"": 3, ""GOOSE"": 3}",0,63
637,26,13,0,74404.0,12,12,4,"{""CARROT"": 15, ""WHEAT"": 16, ""STRAWBERRY"": 12, ""TOMATO"": 20, ""MELON"": 2}","{""COW"": 2, ""GOOSE"": 10}",9,40
637,26,13,1,80995.0,11,11,3,"{""TOMATO"": 3, ""STRAWBERRY"": 10, ""CARROT"": 18, ""WHEAT"": 30}","{""COW"": 6, ""SHEEP"": 3, ""GOOSE"": 3}",0,63
638,26,14,0,75242.0,12,12,4,"{""CARROT"": 15, ""WHEAT"": 16, ""STRAWBERRY"": 12, ""TOMATO"": 20, ""MELON"": 2}","{""COW"": 2, ""GOOSE"": 10}",9,21
638,26,14,1,80995.0,11,11,3,"{""TOMATO"": 3, ""STRAWBERRY"": 10, ""CARROT"": 17, ""WHEAT"": 30}","{""COW"": 6, ""SHEEP"": 3, ""GOOSE"": 3}",0,63
639,26,15,0,75242.0,12,12,4,"{""CARROT"": 16, ""WHEAT"": 15, ""STRAWBERRY"": 12, ""TOMATO"": 20, ""MELON"": 2}","{""COW"": 2, ""GOOSE"": 10}",9,21
639,26,15,1,81063.0,11,11,3,"{""TOMATO"": 3, ""STRAWBERRY"": 9, ""CARROT"": 18, ""WHEAT"": 30}","{""COW"": 6, ""SHEEP"": 3, ""GOOSE"": 3}",0,61
640,26,16,0,75242.0,12,12,4,"{""CARROT"": 16, ""WHEAT"": 15, ""STRAWBERRY"": 12, ""TOMATO"": 20, ""MELON"": 2}","{""COW"": 2, ""GOOSE"": 10}",9,21
640,26,16,1,81063.0,11,11,3,"{""TOMATO"": 3, ""STRAWBERRY"": 9, ""CARROT"": 19, ""WHEAT"": 29}","{""COW"": 6, ""SHEEP"": 3, ""GOOSE"": 3}",0,68
641,26,17,0,75242.0,12,12,4,"{""CARROT"": 15, ""WHEAT"": 15, ""STRAWBERRY"": 12, ""TOMATO"": 20, ""MELON"": 2}","{""COW"": 2, ""GOOSE"": 10}",8,21
641,26,17,1,81442.0,11,11,3,"{""TOMATO"": 3, ""STRAWBERRY"": 9, ""CARROT"": 20, ""WHEAT"": 27}","{""COW"": 6, ""SHEEP"": 3, ""GOOSE"": 3}",0,60
642,26,18,0,75242.0,12,12,4,"{""CARROT"": 17, ""WHEAT"": 15, ""STRAWBERRY"": 12, ""TOMATO"": 20, ""MELON"": 2}","{""COW"": 2, ""GOOSE"": 10}",8,21
642,26,18,1,81562.0,11,11,3,"{""TOMATO"": 3, ""STRAWBERRY"": 9, ""CARROT"": 21, ""WHEAT"": 27}","{""COW"": 6, ""SHEEP"": 3, ""GOOSE"": 3}",0,58
643,26,19,0,75242.0,12,12,4,"{""CARROT"": 17, ""WHEAT"": 15, ""STRAWBERRY"": 12, ""TOMATO"": 20, ""MELON"": 2}","{""COW"": 2, ""GOOSE"": 10}",7,21
643,26,19,1,81562.0,11,11,3,"{""TOMATO"": 3, ""STRAWBERRY"": 9, ""CARROT"": 22, ""WHEAT"": 26}","{""COW"": 6, ""SHEEP"": 3, ""GOOSE"": 3}",0,58
644,26,20,0,75242.0,12,12,4,"{""CARROT"": 19, ""WHEAT"": 14, ""STRAWBERRY"": 12, ""TOMATO"": 20, ""MELON"": 2}","{""COW"": 2, ""GOOSE"": 10}",7,21
644,26,20,1,83901.0,11,11,3,"{""TOMATO"": 3, ""STRAWBERRY"": 9, ""CARROT"": 23, ""WHEAT"": 26}","{""COW"": 6, ""SHEEP"": 3, ""GOOSE"": 3}",0,44
645,26,21,0,75242.0,12,12,4,"{""CARROT"": 20, ""WHEAT"": 12, ""STRAWBERRY"": 12, ""TOMATO"": 20, ""MELON"": 2}","{""COW"": 2, ""GOOSE"": 10}",5,21
645,26,21,1,83901.0,11,11,3,"{""TOMATO"": 3, ""STRAWBERRY"": 9, ""CARROT"": 23, ""WHEAT"": 26}","{""COW"": 6, ""SHEEP"": 3, ""GOOSE"": 3}",0,44
646,26,22,0,75504.0,12,12,4,"{""CARROT"": 23, ""WHEAT"": 12, ""STRAWBERRY"": 12, ""TOMATO"": 20, ""MELON"": 2}","{""COW"": 2, ""GOOSE"": 10}",5,16
646,26,22,1,84600.0,11,11,3,"{""TOMATO"": 3, ""STRAWBERRY"": 9, ""CARROT"": 22, ""WHEAT"": 26}","{""COW"": 6, ""SHEEP"": 3, ""GOOSE"": 3}",0,29
647,26,23,0,75504.0,12,12,4,"{""CARROT"": 25, ""WHEAT"": 13, ""STRAWBERRY"": 12, ""TOMATO"": 20, ""MELON"": 2}","{""COW"": 2, ""GOOSE"": 10}",5,16
647,26,23,1,85253.0,11,11,3,"{""TOMATO"": 3, ""STRAWBERRY"": 9, ""CARROT"": 23, ""WHEAT"": 25}","{""COW"": 6, ""SHEEP"": 3, ""GOOSE"": 3}",0,25
648,27,0,0,78202.0,0,0,4,"{""CARROT"": 25, ""WHEAT"": 13, ""STRAWBERRY"": 12, ""TOMATO"": 20, ""MELON"": 2}","{""COW"": 2, ""GOOSE"": 10}",5,100
648,27,0,1,85733.0,0,0,3,"{""TOMATO"": 3, ""STRAWBERRY"": 9, ""CARROT"": 23, ""WHEAT"": 25}","{""COW"": 6, ""SHEEP"": 3, ""GOOSE"": 3}",0,96
649,27,1,0,82731.0,3,3,4,"{""CARROT"": 25, ""WHEAT"": 13, ""STRAWBERRY"": 11, ""TOMATO"": 13, ""MELON"": 2}","{""COW"": 2, ""GOOSE"": 10}",13,25
649,27,1,1,86615.0,8,8,3,"{""TOMATO"": 3, ""STRAWBERRY"": 9, ""CARROT"": 23, ""WHEAT"": 25}","{""COW"": 6, ""SHEEP"": 3, ""GOOSE"": 3}",0,72
650,27,2,0,82592.0,10,10,4,"{""CARROT"": 25, ""WHEAT"": 13, ""STRAWBERRY"": 11, ""TOMATO"": 13, ""MELON"": 2}","{""COW"": 2, ""GOOSE"": 10}",13,25
650,27,2,1,86317.0,11,11,3,"{""TOMATO"": 3, ""STRAWBERRY"": 9, ""CARROT"": 23, ""WHEAT"": 25}","{""COW"": 6, ""SHEEP"": 3, ""GOOSE"": 3}",0,67
651,27,3,0,82592.0,10,10,4,"{""CARROT"": 26, ""WHEAT"": 13, ""STRAWBERRY"": 11, ""TOMATO"": 13, ""MELON"": 1}","{""COW"": 2, ""GOOSE"": 10}",12,11
651,27,3,1,86659.0,11,11,3,"{""TOMATO"": 3, ""STRAWBERRY"": 9, ""CARROT"": 23, ""WHEAT"": 25}","{""COW"": 6, ""SHEEP"": 3, ""GOOSE"": 3}",0,58
652,27,4,0,82592.0,10,10,4,"{""CARROT"": 27, ""WHEAT"": 14, ""STRAWBERRY"": 11, ""TOMATO"": 13, ""MELON"": 1}","{""COW"": 2, ""GOOSE"": 10}",12,11
652,27,4,1,86659.0,11,11,3,"{""TOMATO"": 3, ""STRAWBERRY"": 9, ""CARROT"": 23, ""WHEAT"": 25}","{""COW"": 6, ""SHEEP"": 3, ""GOOSE"": 3}",0,64
653,27,5,0,82592.0,10,10,4,"{""CARROT"": 27, ""WHEAT"": 13, ""STRAWBERRY"": 11, ""TOMATO"": 13}","{""COW"": 2, ""GOOSE"": 10}",11,11
653,27,5,1,86659.0,11,11,3,"{""TOMATO"": 3, ""STRAWBERRY"": 9, ""CARROT"": 23, ""WHEAT"": 24}","{""COW"": 6, ""SHEEP"": 3, ""GOOSE"": 3}",0,62
654,27,6,0,82592.0,10,10,4,"{""CARROT"": 29, ""WHEAT"": 14, ""STRAWBERRY"": 11, ""TOMATO"": 13}","{""COW"": 2, ""GOOSE"": 10}",11,11
654,27,6,1,86659.0,11,11,3,"{""TOMATO"": 3, ""STRAWBERRY"": 9, ""CARROT"": 24, ""WHEAT"": 22}","{""COW"": 6, ""SHEEP"": 3, ""GOOSE"": 3}",0,62
655,27,7,0,82592.0,10,10,4,"{""CARROT"": 29, ""WHEAT"": 14, ""STRAWBERRY"": 11, ""TOMATO"": 13}","{""COW"": 2, ""GOOSE"": 10}",11,11
655,27,7,1,86659.0,11,11,3,"{""TOMATO"": 3, ""STRAWBERRY"": 9, ""CARROT"": 24, ""WHEAT"": 24}","{""COW"": 6, ""SHEEP"": 3, ""GOOSE"": 3}",0,62
656,27,8,0,82592.0,10,10,4,"{""CARROT"": 29, ""WHEAT"": 13, ""STRAWBERRY"": 11, ""TOMATO"": 13}","{""COW"": 2, ""GOOSE"": 10}",11,11
656,27,8,1,86659.0,11,11,3,"{""TOMATO"": 3, ""STRAWBERRY"": 9, ""CARROT"": 24, ""WHEAT"": 24}","{""COW"": 6, ""SHEEP"": 3, ""GOOSE"": 3}",0,62
657,27,9,0,82592.0,10,10,4,"{""CARROT"": 29, ""WHEAT"": 11, ""STRAWBERRY"": 11, ""TOMATO"": 13}","{""COW"": 2, ""GOOSE"": 10}",11,11
657,27,9,1,86659.0,11,11,3,"{""TOMATO"": 3, ""STRAWBERRY"": 9, ""CARROT"": 24, ""WHEAT"": 24}","{""COW"": 6, ""SHEEP"": 3, ""GOOSE"": 3}",0,62
658,27,10,0,82592.0,10,10,4,"{""CARROT"": 31, ""WHEAT"": 11, ""STRAWBERRY"": 11, ""TOMATO"": 13}","{""COW"": 2, ""GOOSE"": 10}",11,11
658,27,10,1,86695.0,11,11,3,"{""TOMATO"": 3, ""STRAWBERRY"": 9, ""CARROT"": 23, ""WHEAT"": 24}","{""COW"": 6, ""SHEEP"": 3, ""GOOSE"": 3}",0,61
659,27,11,0,82592.0,10,10,4,"{""CARROT"": 31, ""WHEAT"": 11, ""STRAWBERRY"": 11, ""TOMATO"": 13}","{""COW"": 2, ""GOOSE"": 10}",11,11
659,27,11,1,87265.0,11,11,3,"{""TOMATO"": 3, ""STRAWBERRY"": 9, ""CARROT"": 24, ""WHEAT"": 23}","{""COW"": 6, ""SHEEP"": 3, ""GOOSE"": 3}",0,46
660,27,12,0,82592.0,10,10,4,"{""CARROT"": 31, ""WHEAT"": 11, ""STRAWBERRY"": 11, ""TOMATO"": 13}","{""COW"": 2, ""GOOSE"": 10}",11,11
660,27,12,1,87265.0,11,11,3,"{""TOMATO"": 3, ""STRAWBERRY"": 9, ""CARROT"": 24, ""WHEAT"": 23}","{""COW"": 6, ""SHEEP"": 3, ""GOOSE"": 3}",0,46
661,27,13,0,82592.0,10,10,4,"{""CARROT"": 31, ""WHEAT"": 11, ""STRAWBERRY"": 11, ""TOMATO"": 13}","{""COW"": 2, ""GOOSE"": 10}",11,11
661,27,13,1,87265.0,11,11,3,"{""TOMATO"": 3, ""STRAWBERRY"": 9, ""CARROT"": 24, ""WHEAT"": 24}","{""COW"": 6, ""SHEEP"": 3, ""GOOSE"": 3}",0,46
662,27,14,0,82592.0,10,10,4,"{""CARROT"": 32, ""WHEAT"": 11, ""STRAWBERRY"": 11, ""TOMATO"": 13}","{""COW"": 2, ""GOOSE"": 10}",11,11
662,27,14,1,87270.0,11,11,3,"{""TOMATO"": 3, ""STRAWBERRY"": 9, ""CARROT"": 24, ""WHEAT"": 24}","{""COW"": 6, ""SHEEP"": 3, ""GOOSE"": 3}",0,45
663,27,15,0,82592.0,10,10,4,"{""CARROT"": 31, ""WHEAT"": 12, ""STRAWBERRY"": 11, ""TOMATO"": 13}","{""COW"": 2, ""GOOSE"": 10}",11,11
663,27,15,1,87270.0,11,11,3,"{""TOMATO"": 3, ""STRAWBERRY"": 8, ""CARROT"": 23, ""WHEAT"": 24}","{""COW"": 6, ""SHEEP"": 3, ""GOOSE"": 3}",0,45
664,27,16,0,82592.0,10,10,4,"{""CARROT"": 31, ""WHEAT"": 13, ""STRAWBERRY"": 11, ""TOMATO"": 13}","{""COW"": 2, ""GOOSE"": 10}",11,11
664,27,16,1,87270.0,11,11,3,"{""TOMATO"": 3, ""STRAWBERRY"": 8, ""CARROT"": 25, ""WHEAT"": 22}","{""COW"": 6, ""SHEEP"": 3, ""GOOSE"": 3}",0,45
665,27,17,0,82592.0,10,10,4,"{""CARROT"": 31, ""WHEAT"": 13, ""STRAWBERRY"": 11, ""TOMATO"": 13}","{""COW"": 2, ""GOOSE"": 10}",11,11
665,27,17,1,87240.0,11,11,3,"{""TOMATO"": 3, ""STRAWBERRY"": 8, ""CARROT"": 25, ""WHEAT"": 22}","{""COW"": 6, ""SHEEP"": 3, ""GOOSE"": 3}",0,55
666,27,18,0,82592.0,10,10,4,"{""CARROT"": 31, ""WHEAT"": 14, ""STRAWBERRY"": 11, ""TOMATO"": 13}","{""COW"": 2, ""GOOSE"": 10}",11,11
666,27,18,1,87240.0,11,11,3,"{""TOMATO"": 3, ""STRAWBERRY"": 8, ""CARROT"": 24, ""WHEAT"": 22}","{""COW"": 6, ""SHEEP"": 3, ""GOOSE"": 3}",0,55
667,27,19,0,82592.0,10,10,4,"{""CARROT"": 31, ""WHEAT"": 14, ""STRAWBERRY"": 11, ""TOMATO"": 13}","{""COW"": 2, ""GOOSE"": 10}",10,11
667,27,19,1,87544.0,11,11,3,"{""TOMATO"": 3, ""STRAWBERRY"": 7, ""CARROT"": 23, ""WHEAT"": 22}","{""COW"": 6, ""SHEEP"": 3, ""GOOSE"": 3}",0,49
668,27,20,0,82592.0,10,10,4,"{""CARROT"": 34, ""WHEAT"": 14, ""STRAWBERRY"": 11, ""TOMATO"": 13}","{""COW"": 2, ""GOOSE"": 10}",10,11
668,27,20,1,87544.0,11,11,3,"{""TOMATO"": 3, ""STRAWBERRY"": 7, ""WHEAT"": 24, ""CARROT"": 23}","{""COW"": 6, ""SHEEP"": 3, ""GOOSE"": 3}",0,56
669,27,21,0,82592.0,10,10,4,"{""CARROT"": 34, ""WHEAT"": 14, ""STRAWBERRY"": 11, ""TOMATO"": 13}","{""COW"": 2, ""GOOSE"": 10}",10,11
669,27,21,1,87544.0,11,11,3,"{""TOMATO"": 3, ""STRAWBERRY"": 7, ""WHEAT"": 23, ""CARROT"": 23}","{""COW"": 6, ""SHEEP"": 3, ""GOOSE"": 3}",0,56
670,27,22,0,82592.0,10,10,4,"{""CARROT"": 34, ""WHEAT"": 13, ""STRAWBERRY"": 11, ""TOMATO"": 13}","{""COW"": 2, ""GOOSE"": 10}",9,11
670,27,22,1,87637.0,11,11,3,"{""TOMATO"": 3, ""STRAWBERRY"": 7, ""WHEAT"": 23, ""CARROT"": 23}","{""COW"": 6, ""SHEEP"": 3, ""GOOSE"": 3}",0,53
671,27,23,0,82592.0,10,10,4,"{""CARROT"": 37, ""WHEAT"": 14, ""STRAWBERRY"": 11, ""TOMATO"": 13}","{""COW"": 2, ""GOOSE"": 10}",9,11
671,27,23,1,88230.0,11,11,3,"{""TOMATO"": 3, ""STRAWBERRY"": 7, ""WHEAT"": 23, ""CARROT"": 23}","{""COW"": 6, ""SHEEP"": 3, ""GOOSE"": 3}",0,47
672,28,0,0,82592.0,0,0,4,"{""CARROT"": 37, ""WHEAT"": 14, ""STRAWBERRY"": 11, ""TOMATO"": 13}","{""COW"": 2, ""GOOSE"": 10}",9,83
672,28,0,1,89562.0,0,0,3,"{""TOMATO"": 3, ""STRAWBERRY"": 7, ""WHEAT"": 23, ""CARROT"": 22}","{""COW"": 6, ""GOOSE"": 3}",1,86
673,28,1,0,82449.0,10,10,4,"{""CARROT"": 37, ""WHEAT"": 14, ""STRAWBERRY"": 11, ""TOMATO"": 13}","{""COW"": 2, ""GOOSE"": 10}",9,83
673,28,1,1,90038.0,8,8,3,"{""TOMATO"": 3, ""STRAWBERRY"": 7, ""WHEAT"": 23, ""CARROT"": 22}","{""COW"": 6, ""GOOSE"": 3}",1,72
674,28,2,0,84445.0,10,10,4,"{""CARROT"": 37, ""WHEAT"": 14, ""STRAWBERRY"": 11, ""TOMATO"": 13}","{""COW"": 2, ""GOOSE"": 10}",9,40
674,28,2,1,90325.0,10,10,3,"{""TOMATO"": 3, ""STRAWBERRY"": 7, ""WHEAT"": 23, ""CARROT"": 22}","{""COW"": 6, ""GOOSE"": 3}",1,61
675,28,3,0,84445.0,10,10,4,"{""CARROT"": 37, ""WHEAT"": 14, ""STRAWBERRY"": 11, ""TOMATO"": 13}","{""COW"": 2, ""GOOSE"": 10}",9,40
675,28,3,1,90325.0,10,10,3,"{""TOMATO"": 3, ""STRAWBERRY"": 7, ""WHEAT"": 23, ""CARROT"": 22}","{""COW"": 6, ""GOOSE"": 3}",1,64
676,28,4,0,84445.0,10,10,4,"{""CARROT"": 37, ""WHEAT"": 14, ""STRAWBERRY"": 11, ""TOMATO"": 13}","{""COW"": 2, ""GOOSE"": 10}",9,40
676,28,4,1,90325.0,10,10,3,"{""TOMATO"": 3, ""STRAWBERRY"": 7, ""WHEAT"": 23, ""CARROT"": 22}","{""COW"": 6, ""GOOSE"": 3}",1,64
677,28,5,0,84445.0,10,10,4,"{""CARROT"": 37, ""WHEAT"": 14, ""STRAWBERRY"": 11, ""TOMATO"": 13}","{""COW"": 2, ""GOOSE"": 10}",9,40
677,28,5,1,90325.0,10,10,3,"{""TOMATO"": 3, ""STRAWBERRY"": 7, ""WHEAT"": 22, ""CARROT"": 22}","{""COW"": 6, ""GOOSE"": 3}",1,64
678,28,6,0,84568.0,10,10,4,"{""CARROT"": 37, ""WHEAT"": 14, ""STRAWBERRY"": 11, ""TOMATO"": 13}","{""COW"": 2, ""GOOSE"": 10}",9,37
678,28,6,1,90325.0,10,10,3,"{""TOMATO"": 3, ""STRAWBERRY"": 7, ""WHEAT"": 21, ""CARROT"": 22}","{""COW"": 6, ""GOOSE"": 3}",1,64
679,28,7,0,84568.0,10,10,4,"{""CARROT"": 36, ""WHEAT"": 14, ""STRAWBERRY"": 11, ""TOMATO"": 13}","{""COW"": 2, ""GOOSE"": 10}",9,37
679,28,7,1,90325.0,10,10,3,"{""TOMATO"": 3, ""STRAWBERRY"": 7, ""WHEAT"": 20, ""CARROT"": 22}","{""COW"": 6, ""GOOSE"": 3}",1,64
680,28,8,0,84568.0,10,10,4,"{""CARROT"": 36, ""WHEAT"": 14, ""STRAWBERRY"": 11, ""TOMATO"": 13}","{""COW"": 2, ""GOOSE"": 10}",9,37
680,28,8,1,90325.0,10,10,3,"{""TOMATO"": 3, ""STRAWBERRY"": 7, ""WHEAT"": 19, ""CARROT"": 22}","{""COW"": 6, ""GOOSE"": 3}",1,64
681,28,9,0,84568.0,10,10,4,"{""CARROT"": 36, ""WHEAT"": 13, ""STRAWBERRY"": 11, ""TOMATO"": 13}","{""COW"": 2, ""GOOSE"": 10}",9,37
681,28,9,1,90325.0,10,10,3,"{""TOMATO"": 3, ""STRAWBERRY"": 7, ""WHEAT"": 19, ""CARROT"": 22}","{""COW"": 6, ""GOOSE"": 3}",1,64
682,28,10,0,84658.0,10,10,4,"{""CARROT"": 35, ""WHEAT"": 13, ""STRAWBERRY"": 11, ""TOMATO"": 13}","{""COW"": 2, ""GOOSE"": 10}",9,35
682,28,10,1,90376.0,10,10,3,"{""TOMATO"": 3, ""STRAWBERRY"": 7, ""WHEAT"": 18, ""CARROT"": 21}","{""COW"": 6, ""GOOSE"": 3}",1,72
683,28,11,0,84658.0,10,10,4,"{""CARROT"": 35, ""WHEAT"": 12, ""STRAWBERRY"": 11, ""TOMATO"": 13}","{""COW"": 2, ""GOOSE"": 10}",9,35
683,28,11,1,90952.0,10,10,3,"{""TOMATO"": 3, ""STRAWBERRY"": 7, ""WHEAT"": 18, ""CARROT"": 20}","{""COW"": 6, ""GOOSE"": 3}",1,62
684,28,12,0,84658.0,10,10,4,"{""CARROT"": 33, ""WHEAT"": 12, ""STRAWBERRY"": 11, ""TOMATO"": 13}","{""COW"": 2, ""GOOSE"": 10}",9,35
684,28,12,1,90952.0,10,10,3,"{""TOMATO"": 3, ""STRAWBERRY"": 7, ""WHEAT"": 18, ""CARROT"": 19}","{""COW"": 6, ""GOOSE"": 3}",1,62
685,28,13,0,84658.0,10,10,4,"{""CARROT"": 32, ""WHEAT"": 12, ""STRAWBERRY"": 11, ""TOMATO"": 13}","{""COW"": 2, ""GOOSE"": 10}",9,35
685,28,13,1,90952.0,10,10,3,"{""TOMATO"": 3, ""STRAWBERRY"": 7, ""WHEAT"": 17, ""CARROT"": 17}","{""COW"": 6, ""GOOSE"": 3}",1,62
686,28,14,0,84658.0,10,10,4,"{""CARROT"": 32, ""WHEAT"": 11, ""STRAWBERRY"": 11, ""TOMATO"": 13}","{""COW"": 2, ""GOOSE"": 10}",9,35
686,28,14,1,90952.0,10,10,3,"{""TOMATO"": 3, ""STRAWBERRY"": 7, ""WHEAT"": 17, ""CARROT"": 16}","{""COW"": 6, ""GOOSE"": 3}",1,62
687,28,15,0,84658.0,10,10,4,"{""CARROT"": 31, ""WHEAT"": 11, ""STRAWBERRY"": 11, ""TOMATO"": 13}","{""COW"": 2, ""GOOSE"": 10}",9,35
687,28,15,1,91529.0,10,10,3,"{""TOMATO"": 3, ""STRAWBERRY"": 7, ""WHEAT"": 17, ""CARROT"": 15}","{""COW"": 6, ""GOOSE"": 3}",1,59
688,28,16,0,84658.0,10,10,4,"{""CARROT"": 31, ""WHEAT"": 10, ""STRAWBERRY"": 11, ""TOMATO"": 13}","{""COW"": 2, ""GOOSE"": 10}",9,35
688,28,16,1,91939.0,10,10,3,"{""TOMATO"": 3, ""STRAWBERRY"": 7, ""WHEAT"": 16, ""CARROT"": 13}","{""COW"": 6, ""GOOSE"": 3}",1,48
689,28,17,0,84658.0,10,10,4,"{""CARROT"": 31, ""WHEAT"": 9, ""STRAWBERRY"": 11, ""TOMATO"": 13}","{""COW"": 2, ""GOOSE"": 10}",9,35
689,28,17,1,91939.0,10,10,3,"{""TOMATO"": 3, ""STRAWBERRY"": 7, ""WHEAT"": 16, ""CARROT"": 12}","{""COW"": 6, ""GOOSE"": 3}",1,48
690,28,18,0,84658.0,10,10,4,"{""CARROT"": 30, ""WHEAT"": 9, ""STRAWBERRY"": 11, ""TOMATO"": 13}","{""COW"": 2, ""GOOSE"": 10}",9,35
690,28,18,1,91939.0,10,10,3,"{""TOMATO"": 3, ""STRAWBERRY"": 7, ""WHEAT"": 16, ""CARROT"": 11}","{""COW"": 6, ""GOOSE"": 3}",1,48
691,28,19,0,84658.0,10,10,4,"{""CARROT"": 30, ""WHEAT"": 8, ""STRAWBERRY"": 11, ""TOMATO"": 13}","{""COW"": 2, ""GOOSE"": 10}",9,35
691,28,19,1,92839.0,10,10,3,"{""TOMATO"": 3, ""STRAWBERRY"": 7, ""WHEAT"": 16, ""CARROT"": 9}","{""COW"": 6, ""GOOSE"": 3}",1,56
692,28,20,0,84658.0,10,10,4,"{""CARROT"": 29, ""WHEAT"": 7, ""STRAWBERRY"": 11, ""TOMATO"": 13}","{""COW"": 2, ""GOOSE"": 10}",9,35
692,28,20,1,93246.0,10,10,3,"{""TOMATO"": 3, ""STRAWBERRY"": 7, ""WHEAT"": 16, ""CARROT"": 9}","{""COW"": 6, ""GOOSE"": 3}",1,45
693,28,21,0,84658.0,10,10,4,"{""CARROT"": 29, ""WHEAT"": 7, ""STRAWBERRY"": 11, ""TOMATO"": 13}","{""COW"": 2, ""GOOSE"": 10}",9,35
693,28,21,1,93246.0,10,10,3,"{""TOMATO"": 3, ""STRAWBERRY"": 7, ""WHEAT"": 15, ""CARROT"": 9}","{""COW"": 6, ""GOOSE"": 3}",1,45
694,28,22,0,86533.0,10,10,4,"{""CARROT"": 29, ""WHEAT"": 7, ""STRAWBERRY"": 11, ""TOMATO"": 13}","{""COW"": 2, ""GOOSE"": 10}",9,0
694,28,22,1,94675.0,10,10,3,"{""TOMATO"": 3, ""STRAWBERRY"": 7, ""WHEAT"": 15, ""CARROT"": 9}","{""COW"": 6, ""GOOSE"": 3}",1,46
695,28,23,0,86533.0,10,10,4,"{""CARROT"": 28, ""WHEAT"": 7, ""STRAWBERRY"": 11, ""TOMATO"": 13}","{""COW"": 2, ""GOOSE"": 10}",9,0
695,28,23,1,95080.0,10,10,3,"{""TOMATO"": 3, ""STRAWBERRY"": 7, ""WHEAT"": 15, ""CARROT"": 9}","{""COW"": 6, ""GOOSE"": 3}",1,36
696,29,0,0,91597.0,0,0,4,"{""CARROT"": 27, ""WHEAT"": 7, ""STRAWBERRY"": 11, ""TOMATO"": 12}","{""COW"": 2, ""GOOSE"": 10}",11,98
696,29,0,1,95747.0,0,0,3,"{""TOMATO"": 3, ""STRAWBERRY"": 7, ""WHEAT"": 15, ""CARROT"": 9}","{""COW"": 6, ""GOOSE"": 3}",1,87
697,29,1,0,92800.0,9,9,4,"{""CARROT"": 27, ""WHEAT"": 7, ""TOMATO"": 5, ""STRAWBERRY"": 8}","{""COW"": 2, ""GOOSE"": 10}",21,90
697,29,1,1,97337.0,8,8,3,"{""TOMATO"": 3, ""WHEAT"": 15, ""CARROT"": 9, ""STRAWBERRY"": 5}","{""COW"": 6, ""GOOSE"": 3}",3,46
698,29,2,0,95468.0,9,9,4,"{""CARROT"": 27, ""WHEAT"": 6, ""TOMATO"": 5, ""STRAWBERRY"": 8}","{""COW"": 2, ""GOOSE"": 10}",21,40
698,29,2,1,97849.0,10,10,3,"{""TOMATO"": 3, ""WHEAT"": 15, ""CARROT"": 9, ""STRAWBERRY"": 5}","{""COW"": 6, ""GOOSE"": 3}",3,37
699,29,3,0,95468.0,9,9,4,"{""CARROT"": 26, ""WHEAT"": 6, ""TOMATO"": 5, ""STRAWBERRY"": 8}","{""COW"": 2, ""GOOSE"": 10}",21,40
699,29,3,1,97849.0,10,10,3,"{""TOMATO"": 3, ""WHEAT"": 15, ""CARROT"": 9, ""STRAWBERRY"": 5}","{""COW"": 6, ""GOOSE"": 3}",3,38
700,29,4,0,95468.0,9,9,4,"{""CARROT"": 25, ""WHEAT"": 6, ""TOMATO"": 5, ""STRAWBERRY"": 8}","{""COW"": 2, ""GOOSE"": 10}",21,40
700,29,4,1,97887.0,10,10,3,"{""TOMATO"": 3, ""WHEAT"": 15, ""CARROT"": 9, ""STRAWBERRY"": 5}","{""COW"": 6, ""GOOSE"": 3}",3,37
701,29,5,0,95468.0,9,9,4,"{""CARROT"": 24, ""WHEAT"": 6, ""TOMATO"": 5, ""STRAWBERRY"": 8}","{""COW"": 2, ""GOOSE"": 10}",21,40
701,29,5,1,97887.0,10,10,3,"{""TOMATO"": 3, ""WHEAT"": 15, ""CARROT"": 8, ""STRAWBERRY"": 5}","{""COW"": 6, ""GOOSE"": 3}",3,37
702,29,6,0,95755.0,9,9,4,"{""CARROT"": 22, ""WHEAT"": 6, ""TOMATO"": 5, ""STRAWBERRY"": 8}","{""COW"": 2, ""GOOSE"": 10}",21,34
702,29,6,1,98745.0,10,10,3,"{""TOMATO"": 3, ""WHEAT"": 14, ""CARROT"": 6, ""STRAWBERRY"": 5}","{""COW"": 6, ""GOOSE"": 3}",3,31
703,29,7,0,95755.0,9,9,4,"{""CARROT"": 20, ""WHEAT"": 6, ""TOMATO"": 5, ""STRAWBERRY"": 8}","{""COW"": 2, ""GOOSE"": 10}",21,34
703,29,7,1,98745.0,10,10,3,"{""TOMATO"": 3, ""WHEAT"": 14, ""CARROT"": 5, ""STRAWBERRY"": 5}","{""COW"": 6, ""GOOSE"": 3}",3,31
704,29,8,0,95755.0,9,9,4,"{""CARROT"": 18, ""WHEAT"": 6, ""TOMATO"": 5, ""STRAWBERRY"": 8}","{""COW"": 2, ""GOOSE"": 10}",21,34
704,29,8,1,98745.0,10,10,3,"{""TOMATO"": 3, ""WHEAT"": 11, ""CARROT"": 5, ""STRAWBERRY"": 5}","{""COW"": 6, ""GOOSE"": 3}",3,31
705,29,9,0,95755.0,9,9,4,"{""CARROT"": 18, ""WHEAT"": 6, ""TOMATO"": 5, ""STRAWBERRY"": 8}","{""COW"": 2, ""GOOSE"": 10}",21,34
705,29,9,1,98745.0,10,10,3,"{""TOMATO"": 3, ""WHEAT"": 9, ""CARROT"": 3, ""STRAWBERRY"": 5}","{""COW"": 6, ""GOOSE"": 3}",3,31
706,29,10,0,97082.0,9,9,4,"{""CARROT"": 16, ""WHEAT"": 6, ""TOMATO"": 5, ""STRAWBERRY"": 8}","{""COW"": 2, ""GOOSE"": 10}",21,0
706,29,10,1,99440.0,10,10,3,"{""TOMATO"": 3, ""WHEAT"": 7, ""CARROT"": 3, ""STRAWBERRY"": 5}","{""COW"": 6, ""GOOSE"": 3}",3,26
707,29,11,0,97082.0,9,9,4,"{""CARROT"": 15, ""WHEAT"": 6, ""TOMATO"": 5, ""STRAWBERRY"": 8}","{""COW"": 2, ""GOOSE"": 10}",21,0
707,29,11,1,99440.0,10,10,3,"{""TOMATO"": 3, ""WHEAT"": 4, ""CARROT"": 3, ""STRAWBERRY"": 5}","{""COW"": 6, ""GOOSE"": 3}",3,26
708,29,12,0,97082.0,9,9,4,"{""CARROT"": 14, ""WHEAT"": 6, ""TOMATO"": 5, ""STRAWBERRY"": 8}","{""COW"": 2, ""GOOSE"": 10}",21,0
708,29,12,1,99440.0,10,10,3,"{""TOMATO"": 3, ""WHEAT"": 2, ""STRAWBERRY"": 5, ""CARROT"": 2}","{""COW"": 6, ""GOOSE"": 3}",3,26
709,29,13,0,97082.0,9,9,4,"{""CARROT"": 13, ""WHEAT"": 5, ""TOMATO"": 5, ""STRAWBERRY"": 8}","{""COW"": 2, ""GOOSE"": 10}",21,0
709,29,13,1,99761.0,10,10,3,"{""TOMATO"": 3, ""WHEAT"": 2, ""STRAWBERRY"": 5, ""CARROT"": 1}","{""COW"": 6, ""GOOSE"": 3}",3,24
710,29,14,0,97082.0,9,9,4,"{""CARROT"": 13, ""WHEAT"": 4, ""TOMATO"": 5, ""STRAWBERRY"": 8}","{""COW"": 2, ""GOOSE"": 10}",21,0
710,29,14,1,101195.0,10,10,3,"{""TOMATO"": 3, ""WHEAT"": 2, ""STRAWBERRY"": 5}","{""COW"": 6, ""GOOSE"": 3}",3,21
711,29,15,0,99099.0,9,9,4,"{""CARROT"": 12, ""WHEAT"": 4, ""TOMATO"": 5, ""STRAWBERRY"": 8}","{""COW"": 2, ""GOOSE"": 10}",21,0
711,29,15,1,101952.0,10,10,3,"{""TOMATO"": 3, ""STRAWBERRY"": 5, ""WHEAT"": 1}","{""COW"": 6, ""GOOSE"": 3}",3,17
712,29,16,0,99099.0,9,9,4,"{""CARROT"": 11, ""WHEAT"": 4, ""TOMATO"": 5, ""STRAWBERRY"": 8}","{""COW"": 2, ""GOOSE"": 10}",21,0
712,29,16,1,102092.0,10,10,3,"{""TOMATO"": 3, ""STRAWBERRY"": 5, ""WHEAT"": 1}","{""COW"": 6, ""GOOSE"": 3}",3,27
713,29,17,0,99099.0,9,9,4,"{""CARROT"": 10, ""WHEAT"": 4, ""TOMATO"": 5, ""STRAWBERRY"": 8}","{""COW"": 2, ""GOOSE"": 10}",21,0
713,29,17,1,102247.0,10,10,3,"{""TOMATO"": 3, ""STRAWBERRY"": 5, ""WHEAT"": 1}","{""COW"": 6, ""GOOSE"": 3}",3,31
714,29,18,0,99099.0,9,9,4,"{""CARROT"": 9, ""WHEAT"": 4, ""TOMATO"": 5, ""STRAWBERRY"": 8}","{""COW"": 2, ""GOOSE"": 10}",21,0
714,29,18,1,103931.0,10,10,3,"{""TOMATO"": 3, ""STRAWBERRY"": 5, ""WHEAT"": 1}","{""COW"": 6, ""GOOSE"": 3}",3,15
715,29,19,0,99099.0,9,9,4,"{""CARROT"": 7, ""WHEAT"": 4, ""TOMATO"": 5, ""STRAWBERRY"": 8}","{""COW"": 2, ""GOOSE"": 10}",21,0
715,29,19,1,104301.0,10,10,3,"{""TOMATO"": 3, ""STRAWBERRY"": 5, ""WHEAT"": 1}","{""COW"": 6, ""GOOSE"": 3}",3,19
716,29,20,0,99099.0,9,9,4,"{""CARROT"": 5, ""WHEAT"": 4, ""TOMATO"": 5, ""STRAWBERRY"": 8}","{""COW"": 2, ""GOOSE"": 10}",21,0
716,29,20,1,104971.0,10,10,3,"{""TOMATO"": 3, ""STRAWBERRY"": 5, ""WHEAT"": 1}","{""COW"": 6, ""GOOSE"": 3}",3,15
717,29,21,0,99099.0,9,9,4,"{""CARROT"": 5, ""WHEAT"": 4, ""TOMATO"": 5, ""STRAWBERRY"": 8}","{""COW"": 2, ""GOOSE"": 10}",21,0
717,29,21,1,105461.0,10,10,3,"{""TOMATO"": 3, ""STRAWBERRY"": 5, ""WHEAT"": 1}","{""COW"": 6, ""GOOSE"": 3}",3,7
718,29,22,0,101050.0,9,9,4,"{""CARROT"": 5, ""WHEAT"": 4, ""TOMATO"": 5, ""STRAWBERRY"": 8}","{""COW"": 2, ""GOOSE"": 10}",21,0
718,29,22,1,105839.0,10,10,3,"{""TOMATO"": 3, ""STRAWBERRY"": 5, ""WHEAT"": 1}","{""COW"": 6, ""GOOSE"": 3}",3,24
719,29,23,0,105494.0,9,9,4,"{""CARROT"": 5, ""WHEAT"": 4, ""TOMATO"": 5, ""STRAWBERRY"": 8}","{""COW"": 2, ""GOOSE"": 10}",21,0
719,29,23,1,107051.0,10,10,3,"{""TOMATO"": 3, ""STRAWBERRY"": 5, ""WHEAT"": 1}","{""COW"": 6, ""GOOSE"": 3}",3,0
