step,day,hour,player,money,hands,hires_today,quadrants,plants,animals,weeds,shed_total
0,0,0,0,3000.0,0,0,1,{},{},0,0
0,0,0,1,3000.0,0,0,1,{},{},0,0
1,0,1,0,177.0,4,4,1,{},{},0,6
1,0,1,1,2466.0,0,0,1,{},{},0,6
2,0,2,0,177.0,4,4,1,{},{},0,2
2,0,2,1,587.0,4,4,1,{},{},0,8
3,0,3,0,177.0,4,4,1,{},{},0,0
3,0,3,1,614.0,4,4,1,{},{},0,4
4,0,4,0,177.0,4,4,1,"{""WHEAT"": 1}","{""COW"": 1}",0,0
4,0,4,1,454.0,4,4,1,{},"{""COW"": 1}",0,4
5,0,5,0,177.0,4,4,1,"{""WHEAT"": 1}","{""COW"": 1}",0,0
5,0,5,1,427.0,4,4,1,{},"{""COW"": 1}",0,1
6,0,6,0,177.0,4,4,1,"{""WHEAT"": 1}","{""SHEEP"": 1, ""COW"": 1}",0,0
6,0,6,1,239.0,4,4,1,{},"{""SHEEP"": 1, ""COW"": 1}",0,2
7,0,7,0,177.0,4,4,1,"{""WHEAT"": 3, ""MELON"": 1}","{""SHEEP"": 1, ""COW"": 1}",0,0
7,0,7,1,211.0,4,4,1,{},"{""SHEEP"": 2, ""COW"": 1}",0,3
8,0,8,0,177.0,4,4,1,"{""WHEAT"": 3, ""MELON"": 1}","{""SHEEP"": 1, ""COW"": 1}",0,0
8,0,8,1,211.0,4,4,1,{},"{""SHEEP"": 2, ""COW"": 1}",0,3
9,0,9,0,177.0,4,4,1,"{""WHEAT"": 4, ""MELON"": 1}","{""SHEEP"": 1, ""COW"": 1}",0,0
9,0,9,1,211.0,4,4,1,{},"{""COW"": 2, ""SHEEP"": 2}",0,3
10,0,10,0,177.0,4,4,1,"{""WHEAT"": 5, ""MELON"": 1, ""CARROT"": 1}","{""SHEEP"": 1, ""COW"": 1}",0,0
10,0,10,1,211.0,4,4,1,"{""MELON"": 1}","{""COW"": 2, ""SHEEP"": 3}",0,2
11,0,11,0,177.0,4,4,1,"{""WHEAT"": 5, ""MELON"": 1, ""CARROT"": 1}","{""SHEEP"": 1, ""COW"": 1}",0,0
11,0,11,1,211.0,4,4,1,"{""MELON"": 2}","{""COW"": 2, ""SHEEP"": 3}",0,2
12,0,12,0,177.0,4,4,1,"{""WHEAT"": 6, ""MELON"": 1, ""CARROT"": 1}","{""COW"": 2, ""SHEEP"": 1}",0,0
12,0,12,1,51.0,4,4,1,"{""MELON"": 3}","{""COW"": 2, ""SHEEP"": 3}",0,2
13,0,13,0,177.0,4,4,1,"{""CARROT"": 3, ""WHEAT"": 6, ""MELON"": 1}","{""COW"": 2, ""SHEEP"": 1}",0,0
13,0,13,1,31.0,4,4,1,"{""MELON"": 4}","{""COW"": 2, ""SHEEP"": 3}",0,2
14,0,14,0,177.0,4,4,1,"{""CARROT"": 3, ""WHEAT"": 6, ""MELON"": 1}","{""COW"": 2, ""SHEEP"": 1}",0,0
14,0,14,1,31.0,4,4,1,"{""MELON"": 5}","{""COW"": 2, ""SHEEP"": 3}",0,2
15,0,15,0,177.0,4,4,1,"{""CARROT"": 3, ""WHEAT"": 6, ""MELON"": 1}","{""COW"": 3, ""SHEEP"": 1}",0,0
15,0,15,1,21.0,4,4,1,"{""MELON"": 6, ""WHEAT"": 1}","{""COW"": 2, ""SHEEP"": 3}",0,2
16,0,16,0,177.0,4,4,1,"{""WHEAT"": 8, ""CARROT"": 3, ""MELON"": 1}","{""COW"": 3, ""SHEEP"": 1}",0,0
16,0,16,1,39.0,4,4,1,"{""WHEAT"": 2, ""MELON"": 6}","{""COW"": 2, ""SHEEP"": 3}",0,1
17,0,17,0,177.0,4,4,1,"{""WHEAT"": 8, ""CARROT"": 4, ""MELON"": 2}","{""COW"": 3, ""SHEEP"": 1}",0,0
17,0,17,1,29.0,4,4,1,"{""WHEAT"": 3, ""MELON"": 6}","{""COW"": 2, ""SHEEP"": 3}",0,1
18,0,18,0,177.0,4,4,1,"{""WHEAT"": 8, ""CARROT"": 4, ""MELON"": 2}","{""COW"": 3, ""SHEEP"": 1}",0,0
18,0,18,1,47.0,4,4,1,"{""WHEAT"": 5, ""MELON"": 6}","{""COW"": 2, ""SHEEP"": 3}",0,0
19,0,19,0,177.0,4,4,1,"{""WHEAT"": 10, ""CARROT"": 4, ""MELON"": 2}","{""COW"": 3, ""SHEEP"": 1}",0,0
19,0,19,1,37.0,4,4,1,"{""WHEAT"": 6, ""MELON"": 6}","{""COW"": 2, ""SHEEP"": 3}",0,0
20,0,20,0,177.0,4,4,1,"{""WHEAT"": 10, ""CARROT"": 4, ""MELON"": 3}","{""COW"": 3, ""SHEEP"": 1}",0,0
20,0,20,1,27.0,4,4,1,"{""WHEAT"": 7, ""MELON"": 6}","{""COW"": 2, ""SHEEP"": 3}",0,0
21,0,21,0,177.0,4,4,1,"{""WHEAT"": 10, ""CARROT"": 4, ""MELON"": 3}","{""SHEEP"": 2, ""COW"": 3}",0,0
21,0,21,1,17.0,4,4,1,"{""WHEAT"": 8, ""MELON"": 6}","{""COW"": 2, ""SHEEP"": 3}",0,0
22,0,22,0,177.0,4,4,1,"{""WHEAT"": 11, ""CARROT"": 4, ""MELON"": 4}","{""SHEEP"": 2, ""COW"": 3}",0,0
22,0,22,1,7.0,4,4,1,"{""WHEAT"": 9, ""MELON"": 6}","{""COW"": 2, ""SHEEP"": 3}",0,0
23,0,23,0,177.0,4,4,1,"{""WHEAT"": 11, ""CARROT"": 4, ""MELON"": 5}","{""SHEEP"": 2, ""COW"": 3}",0,0
23,0,23,1,7.0,4,4,1,"{""WHEAT"": 10, ""MELON"": 6}","{""COW"": 2, ""SHEEP"": 3}",0,0
24,1,0,0,177.0,0,0,1,"{""WHEAT"": 11, ""CARROT"": 4, ""MELON"": 5}","{""SHEEP"": 2, ""COW"": 3}",0,0
24,1,0,1,7.0,0,0,1,"{""WHEAT"": 10, ""MELON"": 6}","{""COW"": 2, ""SHEEP"": 3}",1,0
25,1,1,0,35.0,2,2,1,"{""WHEAT"": 11, ""CARROT"": 4, ""MELON"": 5}","{""SHEEP"": 2, ""COW"": 3}",0,5
25,1,1,1,0.0,4,4,1,"{""WHEAT"": 10, ""MELON"": 6}","{""COW"": 2, ""SHEEP"": 3}",1,0
26,1,2,0,35.0,2,2,1,"{""WHEAT"": 11, ""CARROT"": 4, ""MELON"": 5}","{""SHEEP"": 2, ""COW"": 3}",0,0
26,1,2,1,0.0,4,4,1,"{""WHEAT"": 10, ""MELON"": 6}","{""COW"": 2, ""SHEEP"": 3}",1,1
27,1,3,0,35.0,2,2,1,"{""WHEAT"": 11, ""CARROT"": 4, ""MELON"": 5}","{""SHEEP"": 2, ""COW"": 3}",0,0
27,1,3,1,42.0,4,4,1,"{""WHEAT"": 10, ""MELON"": 6}","{""COW"": 2, ""SHEEP"": 3}",1,2
28,1,4,0,35.0,2,2,1,"{""WHEAT"": 11, ""CARROT"": 4, ""MELON"": 5}","{""SHEEP"": 2, ""COW"": 3}",0,0
28,1,4,1,42.0,4,4,1,"{""WHEAT"": 10, ""MELON"": 6}","{""COW"": 2, ""SHEEP"": 3}",1,2
29,1,5,0,35.0,2,2,1,"{""WHEAT"": 11, ""CARROT"": 4, ""MELON"": 5}","{""SHEEP"": 2, ""COW"": 3}",0,0
29,1,5,1,42.0,4,4,1,"{""WHEAT"": 10, ""MELON"": 6}","{""COW"": 2, ""SHEEP"": 3}",1,3
30,1,6,0,35.0,2,2,1,"{""WHEAT"": 11, ""CARROT"": 4, ""MELON"": 5}","{""SHEEP"": 2, ""COW"": 3}",0,0
30,1,6,1,142.0,4,4,1,"{""WHEAT"": 10, ""MELON"": 6}","{""COW"": 2, ""SHEEP"": 3}",1,1
31,1,7,0,135.0,2,2,1,"{""WHEAT"": 11, ""CARROT"": 4, ""MELON"": 5}","{""SHEEP"": 2, ""COW"": 3}",0,0
31,1,7,1,184.0,4,4,1,"{""WHEAT"": 10, ""MELON"": 6}","{""COW"": 2, ""SHEEP"": 3}",1,2
32,1,8,0,135.0,2,2,1,"{""WHEAT"": 11, ""CARROT"": 4, ""MELON"": 5}","{""SHEEP"": 2, ""COW"": 3}",0,0
32,1,8,1,184.0,4,4,1,"{""WHEAT"": 10, ""MELON"": 6}","{""COW"": 2, ""SHEEP"": 3}",1,2
33,1,9,0,234.0,2,2,1,"{""WHEAT"": 11, ""CARROT"": 4, ""MELON"": 5}","{""SHEEP"": 2, ""COW"": 3}",0,0
33,1,9,1,353.0,4,4,1,"{""WHEAT"": 10, ""MELON"": 6}","{""COW"": 2, ""SHEEP"": 3}",1,1
34,1,10,0,234.0,2,2,1,"{""WHEAT"": 11, ""CARROT"": 4, ""MELON"": 5}","{""SHEEP"": 2, ""COW"": 3}",0,0
34,1,10,1,193.0,4,4,1,"{""WHEAT"": 10, ""MELON"": 6}","{""COW"": 2, ""SHEEP"": 3}",1,1
35,1,11,0,234.0,2,2,1,"{""WHEAT"": 11, ""CARROT"": 4, ""MELON"": 5}","{""SHEEP"": 2, ""COW"": 3}",0,0
35,1,11,1,193.0,4,4,1,"{""WHEAT"": 10, ""MELON"": 6}","{""COW"": 2, ""SHEEP"": 3}",1,1
36,1,12,0,234.0,2,2,1,"{""WHEAT"": 11, ""CARROT"": 4, ""MELON"": 5}","{""SHEEP"": 2, ""COW"": 3}",0,0
36,1,12,1,33.0,4,4,1,"{""WHEAT"": 10, ""MELON"": 7}","{""COW"": 2, ""SHEEP"": 3}",1,1
37,1,13,0,234.0,2,2,1,"{""WHEAT"": 11, ""CARROT"": 4, ""MELON"": 5}","{""SHEEP"": 2, ""COW"": 3}",0,0
37,1,13,1,33.0,4,4,1,"{""WHEAT"": 10, ""MELON"": 8}","{""COW"": 2, ""SHEEP"": 3}",1,1
38,1,14,0,234.0,2,2,1,"{""WHEAT"": 11, ""CARROT"": 4, ""MELON"": 5}","{""SHEEP"": 2, ""COW"": 3}",0,0
38,1,14,1,33.0,4,4,1,"{""WHEAT"": 10, ""MELON"": 8}","{""COW"": 2, ""SHEEP"": 3}",1,1
39,1,15,0,234.0,2,2,1,"{""WHEAT"": 11, ""CARROT"": 4, ""MELON"": 5}","{""SHEEP"": 2, ""COW"": 3}",0,0
39,1,15,1,33.0,4,4,1,"{""WHEAT"": 10, ""MELON"": 8}","{""COW"": 2, ""SHEEP"": 3}",0,1
40,1,16,0,234.0,2,2,1,"{""WHEAT"": 11, ""CARROT"": 4, ""MELON"": 5}","{""SHEEP"": 2, ""COW"": 3}",0,0
40,1,16,1,33.0,4,4,1,"{""WHEAT"": 10, ""MELON"": 10}","{""COW"": 2, ""SHEEP"": 3}",0,1
41,1,17,0,234.0,2,2,1,"{""WHEAT"": 11, ""CARROT"": 4, ""MELON"": 5}","{""SHEEP"": 2, ""COW"": 3}",0,0
41,1,17,1,33.0,4,4,1,"{""WHEAT"": 10, ""MELON"": 10}","{""COW"": 2, ""SHEEP"": 3}",0,1
42,1,18,0,234.0,2,2,1,"{""WHEAT"": 11, ""CARROT"": 4, ""MELON"": 5}","{""SHEEP"": 2, ""COW"": 3}",0,0
42,1,18,1,33.0,4,4,1,"{""WHEAT"": 10, ""MELON"": 10}","{""COW"": 2, ""SHEEP"": 3}",0,1
43,1,19,0,234.0,2,2,1,"{""WHEAT"": 11, ""CARROT"": 4, ""MELON"": 5}","{""SHEEP"": 2, ""COW"": 3}",0,0
43,1,19,1,33.0,4,4,1,"{""WHEAT"": 10, ""MELON"": 10}","{""COW"": 2, ""SHEEP"": 3}",0,1
44,1,20,0,234.0,2,2,1,"{""WHEAT"": 11, ""CARROT"": 4, ""MELON"": 5}","{""SHEEP"": 2, ""COW"": 3}",0,0
44,1,20,1,33.0,4,4,1,"{""WHEAT"": 10, ""MELON"": 10}","{""COW"": 2, ""SHEEP"": 3}",0,1
45,1,21,0,234.0,2,2,1,"{""WHEAT"": 11, ""CARROT"": 4, ""MELON"": 5}","{""SHEEP"": 2, ""COW"": 3}",0,0
45,1,21,1,33.0,4,4,1,"{""WHEAT"": 10, ""MELON"": 10}","{""COW"": 2, ""SHEEP"": 3}",0,1
46,1,22,0,234.0,2,2,1,"{""WHEAT"": 11, ""CARROT"": 4, ""MELON"": 5}","{""SHEEP"": 2, ""COW"": 3}",0,0
46,1,22,1,33.0,4,4,1,"{""WHEAT"": 10, ""MELON"": 10}","{""COW"": 2, ""SHEEP"": 3}",0,1
47,1,23,0,234.0,2,2,1,"{""WHEAT"": 11, ""CARROT"": 4, ""MELON"": 5}","{""SHEEP"": 2, ""COW"": 3}",0,0
47,1,23,1,33.0,4,4,1,"{""WHEAT"": 10, ""MELON"": 10}","{""COW"": 2, ""SHEEP"": 3}",0,1
48,2,0,0,529.0,0,0,1,"{""WHEAT"": 11, ""CARROT"": 4, ""MELON"": 5}","{""SHEEP"": 2, ""COW"": 3}",0,0
48,2,0,1,33.0,0,0,1,"{""WHEAT"": 10, ""MELON"": 10}","{""COW"": 2, ""SHEEP"": 3}",0,1
49,2,1,0,215.0,3,3,1,"{""WHEAT"": 11, ""CARROT"": 4, ""MELON"": 5}","{""SHEEP"": 2, ""COW"": 3}",0,1
49,2,1,1,13.0,6,6,1,"{""WHEAT"": 10, ""MELON"": 10}","{""COW"": 2, ""SHEEP"": 3}",0,1
50,2,2,0,215.0,3,3,1,"{""WHEAT"": 11, ""CARROT"": 4, ""MELON"": 5}","{""SHEEP"": 2, ""COW"": 3}",0,0
50,2,2,1,13.0,6,6,1,"{""WHEAT"": 10, ""MELON"": 10}","{""COW"": 2, ""SHEEP"": 3}",0,1
51,2,3,0,215.0,3,3,1,"{""WHEAT"": 11, ""CARROT"": 4, ""MELON"": 5}","{""SHEEP"": 2, ""COW"": 3}",0,0
51,2,3,1,111.0,6,6,1,"{""WHEAT"": 10, ""MELON"": 10}","{""COW"": 2, ""SHEEP"": 3}",0,0
52,2,4,0,215.0,3,3,1,"{""WHEAT"": 11, ""CARROT"": 4, ""MELON"": 5}","{""SHEEP"": 2, ""COW"": 3}",0,0
52,2,4,1,111.0,6,6,1,"{""WHEAT"": 10, ""MELON"": 10}","{""COW"": 2, ""SHEEP"": 3}",0,0
53,2,5,0,215.0,3,3,1,"{""WHEAT"": 11, ""CARROT"": 4, ""MELON"": 5}","{""SHEEP"": 2, ""COW"": 3}",0,0
53,2,5,1,111.0,6,6,1,"{""WHEAT"": 10, ""MELON"": 10}","{""COW"": 2, ""SHEEP"": 3}",0,1
54,2,6,0,215.0,3,3,1,"{""WHEAT"": 10, ""CARROT"": 4, ""MELON"": 5}","{""SHEEP"": 2, ""COW"": 3}",0,0
54,2,6,1,151.0,6,6,1,"{""WHEAT"": 10, ""MELON"": 10}","{""COW"": 2, ""SHEEP"": 3}",0,3
55,2,7,0,215.0,3,3,1,"{""WHEAT"": 10, ""CARROT"": 4, ""MELON"": 5}","{""SHEEP"": 2, ""COW"": 3}",0,0
55,2,7,1,249.0,6,6,1,"{""WHEAT"": 10, ""MELON"": 10}","{""COW"": 2, ""SHEEP"": 3}",0,0
56,2,8,0,215.0,3,3,1,"{""WHEAT"": 10, ""CARROT"": 4, ""MELON"": 5}","{""SHEEP"": 2, ""COW"": 3, ""GOOSE"": 1}",0,0
56,2,8,1,189.0,6,6,1,"{""WHEAT"": 10, ""MELON"": 10}","{""COW"": 2, ""SHEEP"": 3}",0,3
57,2,9,0,215.0,3,3,1,"{""WHEAT"": 10, ""CARROT"": 4, ""MELON"": 5}","{""SHEEP"": 2, ""COW"": 3, ""GOOSE"": 1}",0,0
57,2,9,1,286.0,6,6,1,"{""WHEAT"": 10, ""MELON"": 10}","{""COW"": 2, ""SHEEP"": 3}",0,0
58,2,10,0,215.0,3,3,1,"{""WHEAT"": 9, ""CARROT"": 4, ""MELON"": 5}","{""SHEEP"": 2, ""COW"": 3, ""GOOSE"": 1}",0,0
58,2,10,1,206.0,6,6,1,"{""WHEAT"": 10, ""MELON"": 10}","{""COW"": 2, ""SHEEP"": 3}",0,0
59,2,11,0,215.0,3,3,1,"{""WHEAT"": 10, ""CARROT"": 4, ""MELON"": 5}","{""SHEEP"": 2, ""COW"": 3, ""GOOSE"": 1}",0,0
59,2,11,1,126.0,6,6,1,"{""WHEAT"": 10, ""MELON"": 10}","{""COW"": 2, ""SHEEP"": 3}",0,1
60,2,12,0,215.0,3,3,1,"{""WHEAT"": 10, ""CARROT"": 4, ""MELON"": 5}","{""SHEEP"": 2, ""COW"": 3, ""GOOSE"": 1}",0,0
60,2,12,1,223.0,6,6,1,"{""WHEAT"": 9, ""MELON"": 10}","{""COW"": 2, ""SHEEP"": 3}",0,0
61,2,13,0,215.0,3,3,1,"{""WHEAT"": 10, ""CARROT"": 4, ""MELON"": 5}","{""SHEEP"": 2, ""COW"": 3, ""GOOSE"": 1}",0,0
61,2,13,1,123.0,6,6,1,"{""WHEAT"": 8, ""MELON"": 11}","{""COW"": 2, ""SHEEP"": 3}",0,0
62,2,14,0,215.0,3,3,1,"{""WHEAT"": 10, ""CARROT"": 4, ""MELON"": 5}","{""SHEEP"": 2, ""COW"": 3, ""GOOSE"": 1}",0,0
62,2,14,1,23.0,6,6,1,"{""WHEAT"": 8, ""MELON"": 12}","{""COW"": 2, ""SHEEP"": 3}",0,0
63,2,15,0,215.0,3,3,1,"{""WHEAT"": 10, ""CARROT"": 4, ""MELON"": 5}","{""SHEEP"": 2, ""COW"": 3, ""GOOSE"": 1}",0,0
63,2,15,1,23.0,6,6,1,"{""WHEAT"": 7, ""MELON"": 12}","{""COW"": 2, ""SHEEP"": 3}",0,0
64,2,16,0,215.0,3,3,1,"{""WHEAT"": 10, ""CARROT"": 4, ""MELON"": 5}","{""SHEEP"": 2, ""COW"": 3, ""GOOSE"": 1}",0,0
64,2,16,1,23.0,6,6,1,"{""MELON"": 12, ""WHEAT"": 6, ""STRAWBERRY"": 1}","{""COW"": 2, ""SHEEP"": 3}",0,0
65,2,17,0,215.0,3,3,1,"{""WHEAT"": 10, ""CARROT"": 4, ""MELON"": 5}","{""SHEEP"": 2, ""COW"": 3, ""GOOSE"": 1}",0,0
65,2,17,1,23.0,6,6,1,"{""STRAWBERRY"": 2, ""MELON"": 12, ""WHEAT"": 6}","{""COW"": 2, ""SHEEP"": 3}",0,0
66,2,18,0,215.0,3,3,1,"{""WHEAT"": 10, ""CARROT"": 4, ""MELON"": 5}","{""SHEEP"": 2, ""COW"": 3, ""GOOSE"": 1}",0,0
66,2,18,1,23.0,6,6,1,"{""STRAWBERRY"": 2, ""MELON"": 12, ""WHEAT"": 6}","{""COW"": 2, ""SHEEP"": 3}",0,0
67,2,19,0,506.0,3,3,1,"{""WHEAT"": 10, ""CARROT"": 4, ""MELON"": 5}","{""SHEEP"": 2, ""COW"": 3, ""GOOSE"": 1}",0,0
67,2,19,1,23.0,6,6,1,"{""STRAWBERRY"": 2, ""MELON"": 12, ""WHEAT"": 6}","{""COW"": 2, ""SHEEP"": 3}",0,0
68,2,20,0,506.0,3,3,1,"{""WHEAT"": 10, ""CARROT"": 4, ""MELON"": 5}","{""SHEEP"": 2, ""COW"": 3, ""GOOSE"": 1}",0,0
68,2,20,1,23.0,6,6,1,"{""STRAWBERRY"": 2, ""MELON"": 12, ""WHEAT"": 6}","{""COW"": 2, ""SHEEP"": 3}",0,0
69,2,21,0,506.0,3,3,1,"{""WHEAT"": 10, ""CARROT"": 4, ""MELON"": 5}","{""SHEEP"": 2, ""COW"": 3, ""GOOSE"": 1}",0,0
69,2,21,1,23.0,6,6,1,"{""STRAWBERRY"": 2, ""MELON"": 12, ""WHEAT"": 6}","{""COW"": 2, ""SHEEP"": 3}",0,0
70,2,22,0,506.0,3,3,1,"{""WHEAT"": 10, ""CARROT"": 4, ""MELON"": 5}","{""SHEEP"": 2, ""COW"": 3, ""GOOSE"": 1}",0,0
70,2,22,1,23.0,6,6,1,"{""STRAWBERRY"": 2, ""MELON"": 12, ""WHEAT"": 6}","{""COW"": 2, ""SHEEP"": 3}",0,0
71,2,23,0,506.0,3,3,1,"{""WHEAT"": 10, ""CARROT"": 4, ""MELON"": 5}","{""SHEEP"": 2, ""COW"": 3, ""GOOSE"": 1}",0,0
71,2,23,1,23.0,6,6,1,"{""STRAWBERRY"": 2, ""MELON"": 12, ""WHEAT"": 6}","{""COW"": 2, ""SHEEP"": 3}",0,0
72,3,0,0,728.0,0,0,1,"{""WHEAT"": 10, ""CARROT"": 4, ""MELON"": 5}","{""SHEEP"": 2, ""COW"": 3, ""GOOSE"": 1}",0,0
72,3,0,1,23.0,0,0,1,"{""STRAWBERRY"": 2, ""MELON"": 12, ""WHEAT"": 6}","{""COW"": 2, ""SHEEP"": 3}",0,8
73,3,1,0,246.0,5,5,1,"{""WHEAT"": 10, ""CARROT"": 4, ""MELON"": 5}","{""SHEEP"": 2, ""COW"": 3, ""GOOSE"": 1}",0,1
73,3,1,1,3.0,6,6,1,"{""STRAWBERRY"": 2, ""MELON"": 12, ""WHEAT"": 6}","{""COW"": 2, ""SHEEP"": 3}",0,8
74,3,2,0,246.0,5,5,1,"{""WHEAT"": 10, ""CARROT"": 4, ""MELON"": 5}","{""SHEEP"": 2, ""COW"": 3, ""GOOSE"": 1}",0,0
74,3,2,1,3.0,6,6,1,"{""STRAWBERRY"": 2, ""MELON"": 12, ""WHEAT"": 6}","{""COW"": 2, ""SHEEP"": 3}",0,1
75,3,3,0,246.0,5,5,1,"{""WHEAT"": 10, ""CARROT"": 4, ""MELON"": 5}","{""SHEEP"": 2, ""COW"": 3, ""GOOSE"": 1}",0,0
75,3,3,1,99.0,6,6,1,"{""STRAWBERRY"": 2, ""MELON"": 12, ""WHEAT"": 6}","{""COW"": 2, ""SHEEP"": 3}",0,0
76,3,4,0,246.0,5,5,1,"{""WHEAT"": 10, ""CARROT"": 4, ""MELON"": 5}","{""SHEEP"": 2, ""COW"": 3, ""GOOSE"": 1}",0,0
76,3,4,1,99.0,6,6,1,"{""STRAWBERRY"": 2, ""MELON"": 12, ""WHEAT"": 6}","{""COW"": 2, ""SHEEP"": 3}",0,0
77,3,5,0,246.0,5,5,1,"{""WHEAT"": 10, ""CARROT"": 4, ""MELON"": 5}","{""SHEEP"": 2, ""COW"": 3, ""GOOSE"": 1}",0,0
77,3,5,1,99.0,6,6,1,"{""STRAWBERRY"": 2, ""MELON"": 12, ""WHEAT"": 6}","{""COW"": 2, ""SHEEP"": 3}",0,1
78,3,6,0,246.0,5,5,1,"{""WHEAT"": 10, ""CARROT"": 4, ""MELON"": 5}","{""SHEEP"": 2, ""COW"": 3, ""GOOSE"": 1}",0,0
78,3,6,1,195.0,6,6,1,"{""STRAWBERRY"": 2, ""MELON"": 12, ""WHEAT"": 6}","{""COW"": 2, ""SHEEP"": 3}",0,1
79,3,7,0,246.0,5,5,1,"{""WHEAT"": 9, ""CARROT"": 3, ""MELON"": 5}","{""SHEEP"": 2, ""COW"": 3, ""GOOSE"": 1}",0,0
79,3,7,1,291.0,6,6,1,"{""STRAWBERRY"": 2, ""MELON"": 12, ""WHEAT"": 6}","{""COW"": 2, ""SHEEP"": 3}",0,0
80,3,8,0,246.0,5,5,1,"{""WHEAT"": 9, ""CARROT"": 4, ""MELON"": 5}","{""SHEEP"": 2, ""COW"": 3, ""GOOSE"": 1}",0,0
80,3,8,1,291.0,6,6,1,"{""STRAWBERRY"": 2, ""MELON"": 12, ""WHEAT"": 5}","{""COW"": 2, ""SHEEP"": 3}",0,1
81,3,9,0,246.0,5,5,1,"{""WHEAT"": 10, ""CARROT"": 4, ""MELON"": 5}","{""SHEEP"": 2, ""COW"": 3, ""GOOSE"": 1}",0,0
81,3,9,1,386.0,6,6,1,"{""STRAWBERRY"": 2, ""MELON"": 12, ""WHEAT"": 5}","{""COW"": 2, ""SHEEP"": 3}",0,0
82,3,10,0,246.0,5,5,1,"{""WHEAT"": 10, ""CARROT"": 3, ""MELON"": 5}","{""SHEEP"": 2, ""COW"": 3, ""GOOSE"": 1}",0,0
82,3,10,1,386.0,6,6,1,"{""STRAWBERRY"": 2, ""MELON"": 12, ""WHEAT"": 5}","{""COW"": 2, ""SHEEP"": 3}",0,0
83,3,11,0,246.0,5,5,1,"{""WHEAT"": 10, ""CARROT"": 4, ""MELON"": 5}","{""SHEEP"": 2, ""COW"": 3, ""GOOSE"": 1}",0,0
83,3,11,1,386.0,6,6,1,"{""STRAWBERRY"": 2, ""MELON"": 12, ""WHEAT"": 5}","{""COW"": 2, ""SHEEP"": 3}",0,1
84,3,12,0,246.0,5,5,1,"{""WHEAT"": 10, ""CARROT"": 3, ""MELON"": 5}","{""SHEEP"": 2, ""COW"": 3, ""GOOSE"": 1}",0,0
84,3,12,1,381.0,6,6,1,"{""STRAWBERRY"": 2, ""MELON"": 12, ""WHEAT"": 5}","{""COW"": 2, ""SHEEP"": 3}",0,0
85,3,13,0,246.0,5,5,1,"{""WHEAT"": 10, ""CARROT"": 3, ""MELON"": 5}","{""SHEEP"": 2, ""COW"": 3, ""GOOSE"": 1}",0,0
85,3,13,1,381.0,6,6,1,"{""STRAWBERRY"": 2, ""MELON"": 12, ""WHEAT"": 5}","{""COW"": 2, ""SHEEP"": 3}",0,0
86,3,14,0,246.0,5,5,1,"{""WHEAT"": 10, ""CARROT"": 2, ""MELON"": 5}","{""SHEEP"": 2, ""COW"": 4, ""GOOSE"": 1}",0,0
86,3,14,1,381.0,6,6,1,"{""STRAWBERRY"": 2, ""MELON"": 12, ""WHEAT"": 5}","{""COW"": 2, ""SHEEP"": 3}",0,1
87,3,15,0,246.0,5,5,1,"{""WHEAT"": 11, ""CARROT"": 2, ""MELON"": 5}","{""SHEEP"": 2, ""COW"": 4, ""GOOSE"": 1}",0,0
87,3,15,1,381.0,6,6,1,"{""STRAWBERRY"": 2, ""MELON"": 12, ""WHEAT"": 5}","{""COW"": 2, ""SHEEP"": 3}",0,0
88,3,16,0,246.0,5,5,1,"{""WHEAT"": 11, ""CARROT"": 2, ""MELON"": 5}","{""SHEEP"": 2, ""COW"": 4, ""GOOSE"": 1}",0,0
88,3,16,1,281.0,6,6,1,"{""STRAWBERRY"": 3, ""MELON"": 12, ""WHEAT"": 5}","{""COW"": 2, ""SHEEP"": 3}",0,0
89,3,17,0,246.0,5,5,1,"{""WHEAT"": 11, ""CARROT"": 2, ""MELON"": 5}","{""SHEEP"": 2, ""COW"": 4, ""GOOSE"": 1}",0,0
89,3,17,1,181.0,6,6,1,"{""STRAWBERRY"": 3, ""MELON"": 12, ""WHEAT"": 4}","{""COW"": 2, ""SHEEP"": 3}",0,0
90,3,18,0,351.0,5,5,1,"{""WHEAT"": 11, ""CARROT"": 2, ""MELON"": 5}","{""SHEEP"": 2, ""COW"": 4, ""GOOSE"": 1}",0,0
90,3,18,1,81.0,6,6,1,"{""STRAWBERRY"": 4, ""MELON"": 12, ""WHEAT"": 4}","{""COW"": 2, ""SHEEP"": 3}",0,1
91,3,19,0,554.0,5,5,1,"{""WHEAT"": 11, ""CARROT"": 2, ""MELON"": 5}","{""SHEEP"": 2, ""COW"": 4, ""GOOSE"": 1}",0,0
91,3,19,1,81.0,6,6,1,"{""STRAWBERRY"": 4, ""MELON"": 12, ""WHEAT"": 4}","{""COW"": 2, ""SHEEP"": 3}",0,0
92,3,20,0,774.0,5,5,1,"{""WHEAT"": 11, ""CARROT"": 2, ""MELON"": 5}","{""SHEEP"": 2, ""COW"": 4, ""GOOSE"": 1}",0,0
92,3,20,1,81.0,6,6,1,"{""STRAWBERRY"": 4, ""MELON"": 12, ""WHEAT"": 4}","{""COW"": 2, ""SHEEP"": 3}",0,1
93,3,21,0,774.0,5,5,1,"{""WHEAT"": 11, ""CARROT"": 2, ""MELON"": 5}","{""SHEEP"": 2, ""COW"": 4, ""GOOSE"": 1}",0,0
93,3,21,1,81.0,6,6,1,"{""STRAWBERRY"": 4, ""MELON"": 12, ""WHEAT"": 4}","{""COW"": 2, ""SHEEP"": 3}",0,0
94,3,22,0,774.0,5,5,1,"{""WHEAT"": 11, ""CARROT"": 2, ""MELON"": 5}","{""SHEEP"": 2, ""COW"": 4, ""GOOSE"": 1}",0,0
94,3,22,1,81.0,6,6,1,"{""STRAWBERRY"": 4, ""MELON"": 12, ""WHEAT"": 4}","{""COW"": 2, ""SHEEP"": 3}",0,1
95,3,23,0,774.0,5,5,1,"{""WHEAT"": 11, ""CARROT"": 2, ""MELON"": 5}","{""SHEEP"": 2, ""COW"": 4, ""GOOSE"": 1}",0,0
95,3,23,1,81.0,6,6,1,"{""STRAWBERRY"": 4, ""MELON"": 12, ""WHEAT"": 4}","{""COW"": 2, ""SHEEP"": 3}",0,1
96,4,0,0,1247.0,0,0,1,"{""WHEAT"": 11, ""CARROT"": 2, ""MELON"": 5}","{""SHEEP"": 2, ""COW"": 4, ""GOOSE"": 1}",0,0
96,4,0,1,81.0,0,0,1,"{""STRAWBERRY"": 4, ""MELON"": 12, ""WHEAT"": 4}","{""COW"": 2, ""SHEEP"": 3}",0,9
97,4,1,0,367.0,6,6,1,"{""WHEAT"": 11, ""CARROT"": 2, ""MELON"": 5}","{""SHEEP"": 2, ""COW"": 4, ""GOOSE"": 1}",0,2
97,4,1,1,61.0,6,6,1,"{""STRAWBERRY"": 4, ""MELON"": 12, ""WHEAT"": 4}","{""COW"": 2, ""SHEEP"": 3}",0,9
98,4,2,0,367.0,6,6,1,"{""WHEAT"": 11, ""CARROT"": 2, ""MELON"": 5}","{""SHEEP"": 2, ""COW"": 4, ""GOOSE"": 1}",0,0
98,4,2,1,61.0,6,6,1,"{""STRAWBERRY"": 4, ""MELON"": 12, ""WHEAT"": 4}","{""COW"": 2, ""SHEEP"": 3}",0,2
99,4,3,0,367.0,6,6,1,"{""WHEAT"": 11, ""CARROT"": 2, ""MELON"": 5}","{""SHEEP"": 2, ""COW"": 4, ""GOOSE"": 1}",0,0
99,4,3,1,155.0,6,6,1,"{""STRAWBERRY"": 4, ""MELON"": 12, ""WHEAT"": 4}","{""COW"": 2, ""SHEEP"": 3}",0,0
100,4,4,0,367.0,6,6,1,"{""WHEAT"": 11, ""CARROT"": 2, ""MELON"": 5}","{""SHEEP"": 2, ""COW"": 4, ""GOOSE"": 1}",0,0
100,4,4,1,155.0,6,6,1,"{""STRAWBERRY"": 4, ""MELON"": 12, ""WHEAT"": 4}","{""COW"": 2, ""SHEEP"": 3}",0,0
101,4,5,0,367.0,6,6,1,"{""WHEAT"": 11, ""CARROT"": 2, ""MELON"": 5}","{""SHEEP"": 2, ""COW"": 4, ""GOOSE"": 1}",0,0
101,4,5,1,155.0,6,6,1,"{""STRAWBERRY"": 4, ""MELON"": 12, ""WHEAT"": 4}","{""COW"": 2, ""SHEEP"": 3}",0,1
102,4,6,0,367.0,6,6,1,"{""WHEAT"": 11, ""CARROT"": 2, ""MELON"": 5}","{""SHEEP"": 2, ""COW"": 4, ""GOOSE"": 1}",0,0
102,4,6,1,249.0,6,6,1,"{""STRAWBERRY"": 4, ""MELON"": 12, ""WHEAT"": 4}","{""COW"": 2, ""SHEEP"": 3}",0,0
103,4,7,0,367.0,6,6,1,"{""WHEAT"": 9, ""CARROT"": 2, ""MELON"": 5}","{""SHEEP"": 2, ""COW"": 4, ""GOOSE"": 1}",0,0
103,4,7,1,249.0,6,6,1,"{""STRAWBERRY"": 4, ""MELON"": 12, ""WHEAT"": 4}","{""COW"": 2, ""SHEEP"": 3}",0,0
104,4,8,0,367.0,6,6,1,"{""WHEAT"": 9, ""CARROT"": 2, ""MELON"": 5}","{""SHEEP"": 2, ""COW"": 4, ""GOOSE"": 1}",0,0
104,4,8,1,249.0,6,6,1,"{""STRAWBERRY"": 4, ""MELON"": 12, ""WHEAT"": 4}","{""COW"": 2, ""SHEEP"": 3}",0,2
105,4,9,0,367.0,6,6,1,"{""WHEAT"": 9, ""CARROT"": 2, ""MELON"": 5}","{""SHEEP"": 2, ""COW"": 4, ""GOOSE"": 1}",0,0
105,4,9,1,435.0,6,6,1,"{""STRAWBERRY"": 4, ""MELON"": 12, ""WHEAT"": 3}","{""COW"": 2, ""SHEEP"": 3}",0,0
106,4,10,0,367.0,6,6,1,"{""WHEAT"": 10, ""CARROT"": 2, ""MELON"": 5}","{""SHEEP"": 2, ""COW"": 5, ""GOOSE"": 1}",0,0
106,4,10,1,435.0,6,6,1,"{""STRAWBERRY"": 5, ""MELON"": 12, ""WHEAT"": 3}","{""COW"": 2, ""SHEEP"": 3}",0,0
107,4,11,0,367.0,6,6,1,"{""WHEAT"": 10, ""CARROT"": 2, ""MELON"": 5}","{""SHEEP"": 2, ""COW"": 5, ""GOOSE"": 1}",0,0
107,4,11,1,435.0,6,6,1,"{""STRAWBERRY"": 5, ""MELON"": 12, ""WHEAT"": 3}","{""COW"": 2, ""SHEEP"": 3}",0,1
108,4,12,0,367.0,6,6,1,"{""WHEAT"": 10, ""CARROT"": 2, ""MELON"": 5}","{""SHEEP"": 2, ""COW"": 5, ""GOOSE"": 1}",0,0
108,4,12,1,528.0,6,6,1,"{""STRAWBERRY"": 5, ""MELON"": 12, ""WHEAT"": 3}","{""COW"": 2, ""SHEEP"": 3}",0,0
109,4,13,0,367.0,6,6,1,"{""WHEAT"": 10, ""CARROT"": 2, ""MELON"": 5}","{""SHEEP"": 2, ""COW"": 5, ""GOOSE"": 1}",0,0
109,4,13,1,528.0,6,6,1,"{""STRAWBERRY"": 5, ""MELON"": 12, ""WHEAT"": 3}","{""COW"": 2, ""SHEEP"": 3}",0,0
110,4,14,0,367.0,6,6,1,"{""WHEAT"": 9, ""CARROT"": 2, ""MELON"": 5}","{""SHEEP"": 2, ""COW"": 5, ""GOOSE"": 1}",0,0
110,4,14,1,528.0,6,6,1,"{""STRAWBERRY"": 5, ""MELON"": 12, ""WHEAT"": 1}","{""COW"": 2, ""SHEEP"": 3}",0,0
111,4,15,0,367.0,6,6,1,"{""WHEAT"": 8, ""CARROT"": 2, ""MELON"": 5}","{""SHEEP"": 2, ""COW"": 5, ""GOOSE"": 1}",0,0
111,4,15,1,428.0,6,6,1,"{""STRAWBERRY"": 6, ""MELON"": 12, ""WHEAT"": 1}","{""COW"": 2, ""SHEEP"": 3}",0,0
112,4,16,0,549.0,6,6,1,"{""WHEAT"": 9, ""CARROT"": 2, ""MELON"": 5}","{""COW"": 6, ""SHEEP"": 2, ""GOOSE"": 1}",0,0
112,4,16,1,328.0,6,6,1,"{""STRAWBERRY"": 7, ""MELON"": 12, ""WHEAT"": 1}","{""COW"": 2, ""SHEEP"": 3}",0,1
113,4,17,0,908.0,6,6,1,"{""WHEAT"": 9, ""CARROT"": 2, ""MELON"": 5}","{""COW"": 6, ""SHEEP"": 2, ""GOOSE"": 1}",0,0
113,4,17,1,328.0,6,6,1,"{""STRAWBERRY"": 7, ""MELON"": 12, ""WHEAT"": 1}","{""COW"": 2, ""SHEEP"": 3}",0,0
114,4,18,0,1085.0,6,6,1,"{""WHEAT"": 9, ""CARROT"": 2, ""MELON"": 5}","{""COW"": 6, ""SHEEP"": 2, ""GOOSE"": 1}",0,0
114,4,18,1,328.0,6,6,1,"{""STRAWBERRY"": 7, ""MELON"": 12, ""WHEAT"": 1}","{""COW"": 2, ""SHEEP"": 3}",0,1
115,4,19,0,1085.0,6,6,1,"{""WHEAT"": 9, ""CARROT"": 2, ""MELON"": 5}","{""COW"": 6, ""SHEEP"": 2, ""GOOSE"": 1}",0,0
115,4,19,1,328.0,6,6,1,"{""STRAWBERRY"": 7, ""MELON"": 12, ""WHEAT"": 1}","{""COW"": 2, ""SHEEP"": 3}",0,0
116,4,20,0,1085.0,6,6,1,"{""WHEAT"": 9, ""CARROT"": 2, ""MELON"": 5}","{""COW"": 6, ""SHEEP"": 2, ""GOOSE"": 1}",0,0
116,4,20,1,328.0,6,6,1,"{""STRAWBERRY"": 7, ""MELON"": 12}","{""COW"": 2, ""SHEEP"": 3}",0,1
117,4,21,0,1085.0,6,6,1,"{""WHEAT"": 8, ""CARROT"": 2, ""MELON"": 5}","{""COW"": 6, ""SHEEP"": 2, ""GOOSE"": 1}",0,0
117,4,21,1,328.0,6,6,1,"{""STRAWBERRY"": 8, ""MELON"": 12}","{""COW"": 2, ""SHEEP"": 3}",0,0
118,4,22,0,1085.0,6,6,1,"{""WHEAT"": 9, ""CARROT"": 2, ""MELON"": 5}","{""COW"": 6, ""SHEEP"": 2, ""GOOSE"": 1}",0,0
118,4,22,1,328.0,6,6,1,"{""STRAWBERRY"": 8, ""MELON"": 12}","{""COW"": 2, ""SHEEP"": 3}",0,1
119,4,23,0,1269.0,6,6,1,"{""WHEAT"": 9, ""CARROT"": 2, ""MELON"": 5}","{""COW"": 6, ""SHEEP"": 2, ""GOOSE"": 1}",0,0
119,4,23,1,356.0,6,6,1,"{""STRAWBERRY"": 8, ""MELON"": 12}","{""COW"": 2, ""SHEEP"": 3}",0,0
120,5,0,0,1269.0,0,0,1,"{""WHEAT"": 9, ""CARROT"": 2, ""MELON"": 5}","{""COW"": 6, ""SHEEP"": 2, ""GOOSE"": 1}",0,11
120,5,0,1,356.0,0,0,1,"{""STRAWBERRY"": 8, ""MELON"": 12}","{""COW"": 2, ""SHEEP"": 3}",0,19
121,5,1,0,462.0,4,4,1,"{""WHEAT"": 9, ""CARROT"": 2, ""MELON"": 5}","{""COW"": 6, ""SHEEP"": 2, ""GOOSE"": 1}",0,4
121,5,1,1,496.0,6,6,1,"{""STRAWBERRY"": 8, ""MELON"": 12}","{""COW"": 2, ""SHEEP"": 3}",0,13
122,5,2,0,462.0,4,4,1,"{""WHEAT"": 9, ""CARROT"": 2, ""MELON"": 5}","{""COW"": 6, ""SHEEP"": 2, ""GOOSE"": 1}",0,1
122,5,2,1,496.0,6,6,1,"{""STRAWBERRY"": 8, ""MELON"": 12}","{""COW"": 2, ""SHEEP"": 3}",0,6
123,5,3,0,462.0,4,4,1,"{""WHEAT"": 9, ""CARROT"": 2, ""MELON"": 5}","{""COW"": 6, ""SHEEP"": 2, ""GOOSE"": 1}",0,0
123,5,3,1,587.0,6,6,1,"{""STRAWBERRY"": 8, ""MELON"": 12}","{""COW"": 2, ""SHEEP"": 3}",0,0
124,5,4,0,462.0,4,4,1,"{""WHEAT"": 9, ""CARROT"": 2, ""MELON"": 5}","{""COW"": 6, ""SHEEP"": 2, ""GOOSE"": 1}",0,0
124,5,4,1,587.0,6,6,1,"{""STRAWBERRY"": 8, ""MELON"": 12}","{""COW"": 2, ""SHEEP"": 3}",0,0
125,5,5,0,462.0,4,4,1,"{""WHEAT"": 9, ""CARROT"": 2, ""MELON"": 5}","{""COW"": 6, ""SHEEP"": 2, ""GOOSE"": 1}",0,0
125,5,5,1,587.0,6,6,1,"{""STRAWBERRY"": 8, ""MELON"": 12}","{""COW"": 2, ""SHEEP"": 3}",0,1
126,5,6,0,462.0,4,4,1,"{""WHEAT"": 9, ""CARROT"": 2, ""MELON"": 5}","{""COW"": 6, ""SHEEP"": 2, ""GOOSE"": 1}",0,0
126,5,6,1,678.0,6,6,1,"{""STRAWBERRY"": 8, ""MELON"": 12}","{""COW"": 2, ""SHEEP"": 3}",0,0
127,5,7,0,462.0,4,4,1,"{""WHEAT"": 8, ""CARROT"": 2, ""MELON"": 5}","{""COW"": 6, ""SHEEP"": 2, ""GOOSE"": 1}",0,0
127,5,7,1,678.0,6,6,1,"{""STRAWBERRY"": 8, ""MELON"": 12}","{""COW"": 2, ""SHEEP"": 3}",0,0
128,5,8,0,462.0,4,4,1,"{""WHEAT"": 8, ""CARROT"": 1, ""MELON"": 5, ""STRAWBERRY"": 1}","{""COW"": 6, ""SHEEP"": 2, ""GOOSE"": 1}",0,0
128,5,8,1,581.0,6,6,1,"{""STRAWBERRY"": 8, ""MELON"": 12}","{""COW"": 2, ""SHEEP"": 3}",0,6
129,5,9,0,462.0,4,4,1,"{""WHEAT"": 8, ""CARROT"": 1, ""MELON"": 5, ""STRAWBERRY"": 1}","{""COW"": 6, ""SHEEP"": 2, ""GOOSE"": 1}",0,0
129,5,9,1,763.0,6,6,1,"{""STRAWBERRY"": 8, ""MELON"": 12}","{""COW"": 2, ""SHEEP"": 3}",0,0
130,5,10,0,462.0,4,4,1,"{""WHEAT"": 6, ""MELON"": 5, ""STRAWBERRY"": 1}","{""COW"": 7, ""SHEEP"": 2, ""GOOSE"": 1}",0,0
130,5,10,1,763.0,6,6,1,"{""STRAWBERRY"": 8, ""MELON"": 12}","{""COW"": 2, ""SHEEP"": 3}",0,0
131,5,11,0,462.0,4,4,1,"{""WHEAT"": 6, ""STRAWBERRY"": 3, ""MELON"": 5}","{""COW"": 7, ""SHEEP"": 2, ""GOOSE"": 1}",0,0
131,5,11,1,763.0,6,6,1,"{""STRAWBERRY"": 8, ""MELON"": 12}","{""COW"": 2, ""SHEEP"": 3}",0,1
132,5,12,0,462.0,4,4,1,"{""WHEAT"": 6, ""STRAWBERRY"": 3, ""MELON"": 5}","{""COW"": 8, ""SHEEP"": 2, ""GOOSE"": 1}",0,0
132,5,12,1,854.0,6,6,1,"{""STRAWBERRY"": 8, ""MELON"": 12}","{""COW"": 2, ""SHEEP"": 3}",0,0
133,5,13,0,462.0,4,4,1,"{""WHEAT"": 6, ""STRAWBERRY"": 3, ""MELON"": 5}","{""COW"": 8, ""SHEEP"": 2, ""GOOSE"": 1}",0,0
133,5,13,1,854.0,6,6,1,"{""STRAWBERRY"": 8, ""MELON"": 12}","{""COW"": 2, ""SHEEP"": 3}",0,0
134,5,14,0,462.0,4,4,1,"{""WHEAT"": 6, ""STRAWBERRY"": 3, ""MELON"": 5}","{""COW"": 8, ""SHEEP"": 2, ""GOOSE"": 1}",0,0
134,5,14,1,854.0,6,6,1,"{""STRAWBERRY"": 8, ""MELON"": 12}","{""COW"": 2, ""SHEEP"": 3}",0,0
135,5,15,0,462.0,4,4,1,"{""WHEAT"": 6, ""STRAWBERRY"": 3, ""MELON"": 5}","{""COW"": 8, ""SHEEP"": 2, ""GOOSE"": 1}",0,0
135,5,15,1,854.0,6,6,1,"{""STRAWBERRY"": 8, ""MELON"": 12}","{""COW"": 2, ""SHEEP"": 3}",0,6
136,5,16,0,462.0,4,4,1,"{""WHEAT"": 6, ""STRAWBERRY"": 3, ""MELON"": 5}","{""COW"": 8, ""SHEEP"": 2, ""GOOSE"": 1}",0,0
136,5,16,1,854.0,6,6,1,"{""STRAWBERRY"": 8, ""MELON"": 12}","{""COW"": 2, ""SHEEP"": 3}",0,1
137,5,17,0,462.0,4,4,1,"{""WHEAT"": 6, ""STRAWBERRY"": 3, ""MELON"": 5}","{""COW"": 8, ""SHEEP"": 2, ""GOOSE"": 1}",0,0
137,5,17,1,854.0,6,6,1,"{""STRAWBERRY"": 8, ""MELON"": 12}","{""COW"": 2, ""SHEEP"": 3}",0,0
138,5,18,0,462.0,4,4,1,"{""WHEAT"": 6, ""STRAWBERRY"": 3, ""MELON"": 5}","{""COW"": 8, ""SHEEP"": 2, ""GOOSE"": 1}",0,0
138,5,18,1,854.0,6,6,1,"{""STRAWBERRY"": 8, ""MELON"": 12}","{""COW"": 2, ""SHEEP"": 3}",0,1
139,5,19,0,642.0,4,4,1,"{""WHEAT"": 6, ""STRAWBERRY"": 3, ""MELON"": 5}","{""COW"": 8, ""SHEEP"": 2, ""GOOSE"": 1}",0,0
139,5,19,1,854.0,6,6,1,"{""STRAWBERRY"": 8, ""MELON"": 12}","{""COW"": 2, ""SHEEP"": 3}",0,0
140,5,20,0,642.0,4,4,1,"{""WHEAT"": 6, ""STRAWBERRY"": 3, ""MELON"": 5}","{""COW"": 8, ""SHEEP"": 2, ""GOOSE"": 1}",0,0
140,5,20,1,854.0,6,6,1,"{""STRAWBERRY"": 8, ""MELON"": 12}","{""COW"": 2, ""SHEEP"": 3}",0,1
141,5,21,0,886.0,4,4,1,"{""WHEAT"": 6, ""STRAWBERRY"": 3, ""MELON"": 5}","{""COW"": 8, ""SHEEP"": 2, ""GOOSE"": 1}",0,0
141,5,21,1,854.0,6,6,1,"{""STRAWBERRY"": 8, ""MELON"": 12}","{""COW"": 2, ""SHEEP"": 3}",0,0
142,5,22,0,886.0,4,4,1,"{""WHEAT"": 6, ""STRAWBERRY"": 3, ""MELON"": 5}","{""COW"": 8, ""SHEEP"": 2, ""GOOSE"": 1}",0,0
142,5,22,1,854.0,6,6,1,"{""STRAWBERRY"": 8, ""MELON"": 12}","{""COW"": 2, ""SHEEP"": 3}",0,1
143,5,23,0,1218.0,4,4,1,"{""WHEAT"": 6, ""STRAWBERRY"": 3, ""MELON"": 5}","{""COW"": 8, ""SHEEP"": 2, ""GOOSE"": 1}",0,0
143,5,23,1,854.0,6,6,1,"{""STRAWBERRY"": 8, ""MELON"": 12}","{""COW"": 2, ""SHEEP"": 3}",0,1
144,6,0,0,1421.0,0,0,1,"{""WHEAT"": 6, ""STRAWBERRY"": 3, ""MELON"": 5}","{""COW"": 8, ""SHEEP"": 2, ""GOOSE"": 1}",0,0
144,6,0,1,854.0,0,0,1,"{""STRAWBERRY"": 8, ""MELON"": 12}","{""COW"": 2, ""SHEEP"": 3}",0,12
145,6,1,0,424.0,5,5,1,"{""WHEAT"": 6, ""STRAWBERRY"": 3, ""MELON"": 5}","{""COW"": 8, ""SHEEP"": 2, ""GOOSE"": 1}",0,5
145,6,1,1,896.0,8,8,1,"{""STRAWBERRY"": 8, ""MELON"": 12}","{""COW"": 2, ""SHEEP"": 3}",0,8
146,6,2,0,424.0,5,5,1,"{""WHEAT"": 6, ""STRAWBERRY"": 3, ""MELON"": 5}","{""COW"": 8, ""SHEEP"": 2, ""GOOSE"": 1}",0,0
146,6,2,1,896.0,8,8,1,"{""STRAWBERRY"": 8, ""MELON"": 12}","{""COW"": 2, ""SHEEP"": 3}",0,6
147,6,3,0,424.0,5,5,1,"{""WHEAT"": 6, ""STRAWBERRY"": 3, ""MELON"": 5}","{""COW"": 8, ""SHEEP"": 2, ""GOOSE"": 1}",0,0
147,6,3,1,896.0,8,8,1,"{""STRAWBERRY"": 8, ""MELON"": 12}","{""COW"": 2, ""SHEEP"": 3}",0,6
148,6,4,0,424.0,5,5,1,"{""WHEAT"": 6, ""STRAWBERRY"": 3, ""MELON"": 5}","{""COW"": 8, ""SHEEP"": 2, ""GOOSE"": 1}",0,0
148,6,4,1,896.0,8,8,1,"{""STRAWBERRY"": 8, ""MELON"": 12}","{""COW"": 2, ""SHEEP"": 3}",0,12
149,6,5,0,424.0,5,5,1,"{""WHEAT"": 6, ""STRAWBERRY"": 3, ""MELON"": 5}","{""COW"": 8, ""SHEEP"": 2, ""GOOSE"": 1}",0,0
149,6,5,1,2181.0,8,8,1,"{""STRAWBERRY"": 8, ""MELON"": 12}","{""COW"": 2, ""SHEEP"": 3}",0,0
150,6,6,0,424.0,5,5,1,"{""WHEAT"": 6, ""STRAWBERRY"": 3, ""MELON"": 5}","{""COW"": 8, ""SHEEP"": 2, ""GOOSE"": 1}",0,0
150,6,6,1,1181.0,8,8,2,"{""STRAWBERRY"": 8, ""MELON"": 12}","{""COW"": 2, ""SHEEP"": 3}",0,6
151,6,7,0,424.0,5,5,1,"{""WHEAT"": 6, ""STRAWBERRY"": 3, ""MELON"": 5}","{""COW"": 8, ""SHEEP"": 2, ""GOOSE"": 1}",0,0
151,6,7,1,1808.0,8,8,2,"{""STRAWBERRY"": 8, ""MELON"": 12}","{""COW"": 2, ""SHEEP"": 3}",0,13
152,6,8,0,424.0,5,5,1,"{""WHEAT"": 5, ""STRAWBERRY"": 3, ""MELON"": 5}","{""COW"": 8, ""SHEEP"": 2, ""GOOSE"": 1}",0,0
152,6,8,1,3252.0,8,8,2,"{""STRAWBERRY"": 8, ""MELON"": 12}","{""COW"": 2, ""SHEEP"": 3}",0,3
153,6,9,0,1375.0,5,5,1,"{""WHEAT"": 3, ""STRAWBERRY"": 3, ""MELON"": 5}","{""COW"": 8, ""SHEEP"": 2, ""GOOSE"": 1}",0,0
153,6,9,1,2852.0,8,8,2,"{""STRAWBERRY"": 8, ""MELON"": 12}","{""COW"": 2, ""SHEEP"": 3}",0,1
154,6,10,0,1375.0,5,5,1,"{""WHEAT"": 3, ""STRAWBERRY"": 4, ""MELON"": 5}","{""COW"": 8, ""SHEEP"": 2, ""GOOSE"": 1}",0,0
154,6,10,1,2752.0,8,8,2,"{""STRAWBERRY"": 9, ""MELON"": 12}","{""COW"": 2, ""SHEEP"": 3}",0,0
155,6,11,0,1375.0,5,5,1,"{""WHEAT"": 3, ""STRAWBERRY"": 4, ""MELON"": 5}","{""COW"": 10, ""SHEEP"": 2, ""GOOSE"": 1}",0,0
155,6,11,1,2242.0,8,8,2,"{""STRAWBERRY"": 9, ""MELON"": 12}","{""COW"": 3, ""SHEEP"": 3}",0,2
156,6,12,0,1375.0,5,5,1,"{""WHEAT"": 3, ""STRAWBERRY"": 4, ""MELON"": 5}","{""COW"": 10, ""SHEEP"": 2, ""GOOSE"": 1}",0,0
156,6,12,1,2330.0,8,8,2,"{""STRAWBERRY"": 9, ""MELON"": 12}","{""COW"": 3, ""SHEEP"": 3}",0,0
157,6,13,0,1375.0,5,5,1,"{""WHEAT"": 3, ""STRAWBERRY"": 4, ""MELON"": 5}","{""COW"": 10, ""SHEEP"": 2, ""GOOSE"": 1}",0,0
157,6,13,1,1830.0,8,8,2,"{""STRAWBERRY"": 11, ""MELON"": 12}","{""COW"": 3, ""SHEEP"": 3}",0,1
158,6,14,0,1375.0,5,5,1,"{""WHEAT"": 3, ""STRAWBERRY"": 4, ""MELON"": 5}","{""COW"": 10, ""SHEEP"": 2, ""GOOSE"": 1}",0,0
158,6,14,1,1730.0,8,8,2,"{""STRAWBERRY"": 11, ""MELON"": 12}","{""COW"": 4, ""SHEEP"": 3}",0,0
159,6,15,0,1375.0,5,5,1,"{""WHEAT"": 3, ""STRAWBERRY"": 4, ""MELON"": 5}","{""COW"": 10, ""SHEEP"": 2, ""GOOSE"": 1}",0,0
159,6,15,1,1230.0,8,8,2,"{""STRAWBERRY"": 11, ""MELON"": 12}","{""COW"": 4, ""SHEEP"": 3}",0,1
160,6,16,0,1375.0,5,5,1,"{""WHEAT"": 3, ""STRAWBERRY"": 4, ""MELON"": 5}","{""COW"": 10, ""SHEEP"": 2, ""GOOSE"": 1}",0,0
160,6,16,1,1130.0,8,8,2,"{""STRAWBERRY"": 12, ""MELON"": 12}","{""COW"": 5, ""SHEEP"": 3}",0,0
161,6,17,0,1375.0,5,5,1,"{""WHEAT"": 3, ""STRAWBERRY"": 4, ""MELON"": 5}","{""COW"": 10, ""SHEEP"": 2, ""GOOSE"": 1}",0,0
161,6,17,1,630.0,8,8,2,"{""STRAWBERRY"": 13, ""MELON"": 12}","{""COW"": 6, ""SHEEP"": 3}",0,1
162,6,18,0,1375.0,5,5,1,"{""WHEAT"": 3, ""STRAWBERRY"": 4, ""MELON"": 5}","{""COW"": 10, ""SHEEP"": 2, ""GOOSE"": 1}",0,0
162,6,18,1,530.0,8,8,2,"{""STRAWBERRY"": 13, ""MELON"": 12}","{""COW"": 6, ""SHEEP"": 3}",0,0
163,6,19,0,1375.0,5,5,1,"{""WHEAT"": 3, ""STRAWBERRY"": 4, ""MELON"": 5}","{""COW"": 10, ""SHEEP"": 2, ""GOOSE"": 1}",0,0
163,6,19,1,430.0,8,8,2,"{""STRAWBERRY"": 15, ""MELON"": 12, ""WHEAT"": 1}","{""COW"": 6, ""SHEEP"": 3}",0,0
164,6,20,0,1375.0,5,5,1,"{""WHEAT"": 3, ""STRAWBERRY"": 4, ""MELON"": 5}","{""COW"": 10, ""SHEEP"": 2, ""GOOSE"": 1}",0,0
164,6,20,1,330.0,8,8,2,"{""STRAWBERRY"": 16, ""MELON"": 12, ""WHEAT"": 1}","{""COW"": 7, ""SHEEP"": 3}",0,0
165,6,21,0,1375.0,5,5,1,"{""WHEAT"": 3, ""STRAWBERRY"": 4, ""MELON"": 5}","{""COW"": 10, ""SHEEP"": 2, ""GOOSE"": 1}",0,0
165,6,21,1,230.0,8,8,2,"{""STRAWBERRY"": 16, ""MELON"": 12, ""WHEAT"": 1}","{""COW"": 7, ""SHEEP"": 3}",0,0
166,6,22,0,1375.0,5,5,1,"{""WHEAT"": 3, ""STRAWBERRY"": 4, ""MELON"": 5}","{""COW"": 10, ""SHEEP"": 2, ""GOOSE"": 1}",0,0
166,6,22,1,130.0,8,8,2,"{""STRAWBERRY"": 20, ""MELON"": 12, ""WHEAT"": 1}","{""COW"": 8, ""SHEEP"": 3}",0,0
167,6,23,0,1375.0,5,5,1,"{""WHEAT"": 3, ""STRAWBERRY"": 4, ""MELON"": 5}","{""COW"": 10, ""SHEEP"": 2, ""GOOSE"": 1}",0,0
167,6,23,1,130.0,8,8,2,"{""STRAWBERRY"": 21, ""MELON"": 12, ""WHEAT"": 1}","{""COW"": 8, ""SHEEP"": 3}",0,0
168,7,0,0,3030.0,0,0,1,"{""WHEAT"": 3, ""STRAWBERRY"": 4, ""MELON"": 5}","{""COW"": 10, ""SHEEP"": 2, ""GOOSE"": 1}",0,3
168,7,0,1,130.0,0,0,2,"{""STRAWBERRY"": 21, ""MELON"": 12, ""WHEAT"": 1}","{""COW"": 8, ""SHEEP"": 3}",0,5
169,7,1,0,449.0,3,3,2,"{""WHEAT"": 3, ""STRAWBERRY"": 4, ""MELON"": 5}","{""COW"": 10, ""SHEEP"": 2, ""GOOSE"": 1}",0,9
169,7,1,1,163.0,8,8,2,"{""STRAWBERRY"": 21, ""MELON"": 12, ""WHEAT"": 1}","{""COW"": 8, ""SHEEP"": 3}",0,0
170,7,2,0,433.0,6,6,2,"{""WHEAT"": 3, ""STRAWBERRY"": 4, ""MELON"": 5}","{""COW"": 10, ""SHEEP"": 2, ""GOOSE"": 1}",0,4
170,7,2,1,129.0,9,9,2,"{""STRAWBERRY"": 21, ""MELON"": 12, ""WHEAT"": 1}","{""COW"": 8, ""SHEEP"": 3}",0,0
171,7,3,0,433.0,6,6,2,"{""WHEAT"": 3, ""STRAWBERRY"": 4, ""MELON"": 5}","{""COW"": 10, ""SHEEP"": 2, ""GOOSE"": 1}",0,0
171,7,3,1,129.0,9,9,2,"{""STRAWBERRY"": 21, ""MELON"": 12, ""WHEAT"": 1}","{""COW"": 8, ""SHEEP"": 3}",0,2
172,7,4,0,433.0,6,6,2,"{""WHEAT"": 3, ""STRAWBERRY"": 5, ""MELON"": 5}","{""COW"": 10, ""SHEEP"": 2, ""GOOSE"": 1}",0,0
172,7,4,1,301.0,9,9,2,"{""STRAWBERRY"": 21, ""MELON"": 12, ""WHEAT"": 1}","{""COW"": 8, ""SHEEP"": 3}",0,0
173,7,5,0,433.0,6,6,2,"{""WHEAT"": 3, ""STRAWBERRY"": 6, ""MELON"": 5}","{""COW"": 10, ""SHEEP"": 2, ""GOOSE"": 1}",0,0
173,7,5,1,301.0,9,9,2,"{""STRAWBERRY"": 21, ""MELON"": 12, ""WHEAT"": 1}","{""COW"": 8, ""SHEEP"": 3}",0,0
174,7,6,0,433.0,6,6,2,"{""WHEAT"": 3, ""STRAWBERRY"": 7, ""MELON"": 5}","{""COW"": 10, ""SHEEP"": 2, ""GOOSE"": 1}",0,0
174,7,6,1,201.0,9,9,2,"{""STRAWBERRY"": 21, ""MELON"": 12, ""WHEAT"": 1}","{""COW"": 8, ""SHEEP"": 3}",0,2
175,7,7,0,433.0,6,6,2,"{""WHEAT"": 3, ""STRAWBERRY"": 8, ""MELON"": 5}","{""COW"": 10, ""SHEEP"": 2, ""GOOSE"": 1}",0,0
175,7,7,1,227.0,9,9,2,"{""STRAWBERRY"": 21, ""MELON"": 12, ""WHEAT"": 1}","{""COW"": 8, ""SHEEP"": 3}",0,7
176,7,8,0,433.0,6,6,2,"{""WHEAT"": 4, ""STRAWBERRY"": 9, ""MELON"": 5}","{""COW"": 10, ""SHEEP"": 2, ""GOOSE"": 1}",0,0
176,7,8,1,397.0,9,9,2,"{""STRAWBERRY"": 21, ""MELON"": 12, ""WHEAT"": 1}","{""COW"": 8, ""SHEEP"": 3}",0,0
177,7,9,0,433.0,6,6,2,"{""WHEAT"": 4, ""STRAWBERRY"": 10, ""MELON"": 5}","{""COW"": 10, ""SHEEP"": 2, ""GOOSE"": 1}",0,0
177,7,9,1,310.0,9,9,2,"{""STRAWBERRY"": 21, ""MELON"": 12, ""WHEAT"": 1}","{""COW"": 8, ""SHEEP"": 3}",0,4
178,7,10,0,433.0,6,6,2,"{""WHEAT"": 4, ""STRAWBERRY"": 11, ""MELON"": 5}","{""COW"": 10, ""SHEEP"": 2, ""GOOSE"": 1}",0,0
178,7,10,1,295.0,9,9,2,"{""STRAWBERRY"": 22, ""MELON"": 12, ""WHEAT"": 1}","{""COW"": 8, ""SHEEP"": 3}",0,0
179,7,11,0,433.0,6,6,2,"{""WHEAT"": 5, ""STRAWBERRY"": 12, ""MELON"": 5}","{""COW"": 10, ""SHEEP"": 2, ""GOOSE"": 1}",0,0
179,7,11,1,206.0,9,9,2,"{""STRAWBERRY"": 22, ""MELON"": 12, ""WHEAT"": 1}","{""COW"": 8, ""SHEEP"": 3}",0,4
180,7,12,0,433.0,6,6,2,"{""WHEAT"": 5, ""STRAWBERRY"": 13, ""MELON"": 5}","{""COW"": 10, ""SHEEP"": 2, ""GOOSE"": 1}",0,0
180,7,12,1,190.0,9,9,2,"{""STRAWBERRY"": 23, ""MELON"": 12, ""WHEAT"": 1}","{""COW"": 8, ""SHEEP"": 3}",0,4
181,7,13,0,433.0,6,6,2,"{""WHEAT"": 5, ""STRAWBERRY"": 14, ""MELON"": 5}","{""COW"": 10, ""SHEEP"": 2, ""GOOSE"": 1}",0,0
181,7,13,1,174.0,9,9,2,"{""STRAWBERRY"": 24, ""MELON"": 12, ""WHEAT"": 1}","{""COW"": 8, ""SHEEP"": 3}",0,0
182,7,14,0,433.0,6,6,2,"{""WHEAT"": 7, ""STRAWBERRY"": 14, ""MELON"": 5}","{""COW"": 10, ""SHEEP"": 2, ""GOOSE"": 1}",0,0
182,7,14,1,14.0,9,9,2,"{""STRAWBERRY"": 25, ""MELON"": 12, ""WHEAT"": 1}","{""COW"": 8, ""SHEEP"": 3}",0,3
183,7,15,0,433.0,6,6,2,"{""WHEAT"": 7, ""STRAWBERRY"": 15, ""MELON"": 5}","{""COW"": 10, ""SHEEP"": 2, ""GOOSE"": 1}",0,0
183,7,15,1,98.0,9,9,2,"{""STRAWBERRY"": 25, ""MELON"": 12, ""WHEAT"": 1}","{""COW"": 8, ""SHEEP"": 3}",0,0
184,7,16,0,433.0,6,6,2,"{""WHEAT"": 8, ""STRAWBERRY"": 15, ""MELON"": 5}","{""COW"": 10, ""SHEEP"": 2, ""GOOSE"": 1}",0,0
184,7,16,1,8.0,9,9,2,"{""STRAWBERRY"": 25, ""MELON"": 12, ""WHEAT"": 1}","{""COW"": 8, ""SHEEP"": 3}",0,3
185,7,17,0,433.0,6,6,2,"{""WHEAT"": 9, ""STRAWBERRY"": 16, ""MELON"": 5}","{""COW"": 10, ""SHEEP"": 2, ""GOOSE"": 1}",0,0
185,7,17,1,8.0,9,9,2,"{""STRAWBERRY"": 25, ""MELON"": 12, ""WHEAT"": 1}","{""COW"": 8, ""SHEEP"": 3}",0,3
186,7,18,0,433.0,6,6,2,"{""WHEAT"": 10, ""STRAWBERRY"": 16, ""MELON"": 5}","{""COW"": 10, ""SHEEP"": 2, ""GOOSE"": 1}",0,0
186,7,18,1,8.0,9,9,2,"{""STRAWBERRY"": 25, ""MELON"": 12, ""WHEAT"": 1}","{""COW"": 8, ""SHEEP"": 3}",0,3
187,7,19,0,433.0,6,6,2,"{""WHEAT"": 10, ""STRAWBERRY"": 17, ""MELON"": 5}","{""COW"": 10, ""SHEEP"": 2, ""GOOSE"": 1}",0,0
187,7,19,1,8.0,9,9,2,"{""STRAWBERRY"": 25, ""MELON"": 12, ""WHEAT"": 1}","{""COW"": 8, ""SHEEP"": 3}",0,3
188,7,20,0,433.0,6,6,2,"{""WHEAT"": 11, ""STRAWBERRY"": 17, ""MELON"": 6}","{""COW"": 10, ""SHEEP"": 2, ""GOOSE"": 1}",0,0
188,7,20,1,8.0,9,9,2,"{""STRAWBERRY"": 25, ""MELON"": 12, ""WHEAT"": 1}","{""COW"": 8, ""SHEEP"": 3}",0,3
189,7,21,0,433.0,6,6,2,"{""WHEAT"": 11, ""STRAWBERRY"": 18, ""MELON"": 6}","{""COW"": 10, ""SHEEP"": 2, ""GOOSE"": 1}",0,0
189,7,21,1,8.0,9,9,2,"{""STRAWBERRY"": 25, ""MELON"": 12, ""WHEAT"": 1}","{""COW"": 8, ""SHEEP"": 3}",0,0
190,7,22,0,433.0,6,6,2,"{""WHEAT"": 11, ""STRAWBERRY"": 18, ""MELON"": 6}","{""COW"": 10, ""SHEEP"": 2, ""GOOSE"": 1}",0,0
190,7,22,1,8.0,9,9,2,"{""STRAWBERRY"": 25, ""MELON"": 12, ""WHEAT"": 1}","{""COW"": 8, ""SHEEP"": 3}",0,9
191,7,23,0,433.0,6,6,2,"{""WHEAT"": 12, ""STRAWBERRY"": 18, ""MELON"": 6, ""CARROT"": 1}","{""COW"": 10, ""SHEEP"": 2, ""GOOSE"": 1}",0,0
191,7,23,1,8.0,9,9,2,"{""STRAWBERRY"": 25, ""MELON"": 12, ""WHEAT"": 1}","{""COW"": 8, ""SHEEP"": 3}",0,1
192,8,0,0,433.0,0,0,2,"{""WHEAT"": 12, ""STRAWBERRY"": 18, ""MELON"": 6, ""CARROT"": 1}","{""COW"": 10, ""SHEEP"": 2, ""GOOSE"": 1}",0,13
192,8,0,1,8.0,0,0,2,"{""STRAWBERRY"": 25, ""MELON"": 12, ""WHEAT"": 1}","{""COW"": 8, ""SHEEP"": 3}",0,10
193,8,1,0,254.0,5,5,2,"{""WHEAT"": 12, ""STRAWBERRY"": 18, ""MELON"": 6, ""CARROT"": 1}","{""COW"": 10, ""SHEEP"": 2, ""GOOSE"": 1}",0,13
193,8,1,1,7.0,8,8,2,"{""STRAWBERRY"": 25, ""MELON"": 12, ""WHEAT"": 1}","{""COW"": 8, ""SHEEP"": 3}",0,10
194,8,2,0,246.0,6,6,2,"{""WHEAT"": 12, ""STRAWBERRY"": 18, ""MELON"": 6, ""CARROT"": 1}","{""COW"": 10, ""SHEEP"": 2, ""GOOSE"": 1}",0,1
194,8,2,1,7.0,8,8,2,"{""STRAWBERRY"": 25, ""MELON"": 12, ""WHEAT"": 1}","{""COW"": 8, ""SHEEP"": 3}",0,10
195,8,3,0,246.0,6,6,2,"{""WHEAT"": 12, ""STRAWBERRY"": 18, ""MELON"": 6, ""CARROT"": 1}","{""COW"": 10, ""SHEEP"": 2, ""GOOSE"": 1}",0,0
195,8,3,1,1145.0,9,9,2,"{""STRAWBERRY"": 25, ""MELON"": 12, ""WHEAT"": 1}","{""COW"": 8, ""SHEEP"": 3}",0,10
196,8,4,0,246.0,6,6,2,"{""WHEAT"": 12, ""STRAWBERRY"": 18, ""MELON"": 6, ""CARROT"": 1}","{""COW"": 10, ""SHEEP"": 2, ""GOOSE"": 1}",0,0
196,8,4,1,1226.0,9,9,2,"{""STRAWBERRY"": 25, ""MELON"": 12, ""WHEAT"": 1}","{""COW"": 8, ""SHEEP"": 3}",0,8
197,8,5,0,246.0,6,6,2,"{""WHEAT"": 12, ""STRAWBERRY"": 18, ""MELON"": 6, ""CARROT"": 1}","{""COW"": 10, ""SHEEP"": 2, ""GOOSE"": 1}",0,0
197,8,5,1,1307.0,9,9,2,"{""STRAWBERRY"": 25, ""MELON"": 12, ""WHEAT"": 1}","{""COW"": 8, ""SHEEP"": 3}",0,0
198,8,6,0,246.0,6,6,2,"{""WHEAT"": 12, ""STRAWBERRY"": 18, ""MELON"": 6, ""CARROT"": 1}","{""COW"": 10, ""SHEEP"": 2, ""GOOSE"": 1}",0,0
198,8,6,1,1307.0,9,9,2,"{""STRAWBERRY"": 25, ""MELON"": 12, ""WHEAT"": 1}","{""COW"": 8, ""SHEEP"": 3}",0,0
199,8,7,0,246.0,6,6,2,"{""WHEAT"": 12, ""STRAWBERRY"": 18, ""MELON"": 6, ""CARROT"": 1}","{""COW"": 10, ""SHEEP"": 2, ""GOOSE"": 1}",0,0
199,8,7,1,1307.0,9,9,2,"{""STRAWBERRY"": 25, ""MELON"": 12, ""WHEAT"": 1}","{""COW"": 8, ""SHEEP"": 3}",0,6
200,8,8,0,246.0,6,6,2,"{""WHEAT"": 12, ""STRAWBERRY"": 18, ""MELON"": 6, ""CARROT"": 1}","{""COW"": 10, ""SHEEP"": 2, ""GOOSE"": 1}",0,0
200,8,8,1,2095.0,9,9,2,"{""STRAWBERRY"": 25, ""MELON"": 12, ""WHEAT"": 1}","{""COW"": 8, ""SHEEP"": 3}",0,6
201,8,9,0,246.0,6,6,2,"{""WHEAT"": 11, ""STRAWBERRY"": 18, ""MELON"": 6, ""CARROT"": 1}","{""COW"": 10, ""SHEEP"": 2, ""GOOSE"": 1}",0,0
201,8,9,1,2176.0,9,9,2,"{""STRAWBERRY"": 25, ""MELON"": 12, ""WHEAT"": 1}","{""COW"": 8, ""SHEEP"": 3}",0,5
202,8,10,0,246.0,6,6,2,"{""WHEAT"": 11, ""STRAWBERRY"": 18, ""MELON"": 6, ""CARROT"": 1}","{""COW"": 10, ""SHEEP"": 2, ""GOOSE"": 1}",0,0
202,8,10,1,2256.0,9,9,2,"{""STRAWBERRY"": 25, ""MELON"": 12, ""WHEAT"": 1}","{""COW"": 8, ""SHEEP"": 3}",0,4
203,8,11,0,246.0,6,6,2,"{""WHEAT"": 11, ""STRAWBERRY"": 18, ""MELON"": 6, ""CARROT"": 1}","{""COW"": 10, ""GOOSE"": 2, ""SHEEP"": 2}",0,0
203,8,11,1,2256.0,9,9,2,"{""STRAWBERRY"": 25, ""MELON"": 12, ""WHEAT"": 1}","{""COW"": 8, ""SHEEP"": 3}",0,5
204,8,12,0,246.0,6,6,2,"{""WHEAT"": 11, ""STRAWBERRY"": 18, ""MELON"": 6, ""CARROT"": 1}","{""COW"": 10, ""GOOSE"": 2, ""SHEEP"": 2}",0,0
204,8,12,1,2336.0,9,9,2,"{""STRAWBERRY"": 25, ""MELON"": 12, ""WHEAT"": 1}","{""COW"": 8, ""SHEEP"": 3}",0,0
205,8,13,0,246.0,6,6,2,"{""WHEAT"": 11, ""STRAWBERRY"": 18, ""MELON"": 6, ""CARROT"": 1}","{""COW"": 10, ""GOOSE"": 2, ""SHEEP"": 2}",0,0
205,8,13,1,1936.0,9,9,2,"{""STRAWBERRY"": 25, ""MELON"": 12, ""WHEAT"": 1}","{""COW"": 8, ""SHEEP"": 3}",0,2
206,8,14,0,246.0,6,6,2,"{""WHEAT"": 11, ""STRAWBERRY"": 18, ""MELON"": 6, ""CARROT"": 1}","{""COW"": 10, ""GOOSE"": 2, ""SHEEP"": 2}",0,0
206,8,14,1,1920.0,9,9,2,"{""STRAWBERRY"": 25, ""MELON"": 12, ""WHEAT"": 1}","{""COW"": 9, ""SHEEP"": 3}",0,3
207,8,15,0,246.0,6,6,2,"{""WHEAT"": 10, ""STRAWBERRY"": 18, ""MELON"": 6, ""CARROT"": 1}","{""COW"": 10, ""GOOSE"": 2, ""SHEEP"": 2}",0,0
207,8,15,1,1920.0,9,9,2,"{""STRAWBERRY"": 25, ""MELON"": 12, ""WHEAT"": 1}","{""COW"": 9, ""SHEEP"": 3}",0,4
208,8,16,0,246.0,6,6,2,"{""WHEAT"": 10, ""STRAWBERRY"": 18, ""MELON"": 6, ""CARROT"": 1}","{""COW"": 10, ""GOOSE"": 2, ""SHEEP"": 2}",0,0
208,8,16,1,1920.0,9,9,2,"{""STRAWBERRY"": 25, ""MELON"": 12, ""WHEAT"": 1}","{""COW"": 9, ""SHEEP"": 3}",0,3
209,8,17,0,246.0,6,6,2,"{""WHEAT"": 10, ""STRAWBERRY"": 18, ""MELON"": 6, ""CARROT"": 1}","{""SHEEP"": 3, ""COW"": 10, ""GOOSE"": 2}",0,0
209,8,17,1,1920.0,9,9,2,"{""STRAWBERRY"": 25, ""MELON"": 12, ""WHEAT"": 1}","{""COW"": 9, ""SHEEP"": 3}",0,7
210,8,18,0,246.0,6,6,2,"{""STRAWBERRY"": 18, ""WHEAT"": 9, ""MELON"": 6, ""CARROT"": 1}","{""SHEEP"": 3, ""COW"": 10, ""GOOSE"": 2}",0,0
210,8,18,1,2159.0,9,9,2,"{""STRAWBERRY"": 25, ""MELON"": 12, ""WHEAT"": 1}","{""COW"": 9, ""SHEEP"": 3}",0,3
211,8,19,0,246.0,6,6,2,"{""STRAWBERRY"": 19, ""WHEAT"": 9, ""MELON"": 6, ""CARROT"": 1}","{""SHEEP"": 3, ""COW"": 10, ""GOOSE"": 2}",0,0
211,8,19,1,2159.0,9,9,2,"{""STRAWBERRY"": 25, ""MELON"": 12}","{""COW"": 9, ""SHEEP"": 3}",0,3
212,8,20,0,246.0,6,6,2,"{""STRAWBERRY"": 19, ""WHEAT"": 9, ""MELON"": 6, ""CARROT"": 1}","{""SHEEP"": 3, ""COW"": 10, ""GOOSE"": 2}",0,0
212,8,20,1,2159.0,9,9,2,"{""STRAWBERRY"": 26, ""MELON"": 12}","{""COW"": 9, ""SHEEP"": 3}",0,2
213,8,21,0,246.0,6,6,2,"{""STRAWBERRY"": 19, ""WHEAT"": 9, ""MELON"": 6, ""CARROT"": 1}","{""SHEEP"": 3, ""COW"": 10, ""GOOSE"": 2}",0,0
213,8,21,1,2159.0,9,9,2,"{""STRAWBERRY"": 26, ""MELON"": 12}","{""COW"": 9, ""SHEEP"": 3}",0,2
214,8,22,0,2191.0,6,6,2,"{""STRAWBERRY"": 19, ""WHEAT"": 9, ""MELON"": 6, ""CARROT"": 1}","{""SHEEP"": 3, ""COW"": 10, ""GOOSE"": 2}",0,0
214,8,22,1,2159.0,9,9,2,"{""STRAWBERRY"": 26, ""MELON"": 12}","{""COW"": 9, ""SHEEP"": 3}",0,2
215,8,23,0,5230.0,6,6,2,"{""STRAWBERRY"": 19, ""WHEAT"": 9, ""MELON"": 6, ""CARROT"": 1}","{""SHEEP"": 3, ""COW"": 10, ""GOOSE"": 2}",0,0
215,8,23,1,2237.0,9,9,2,"{""STRAWBERRY"": 26, ""MELON"": 12}","{""COW"": 9, ""SHEEP"": 3}",0,1
216,9,0,0,5230.0,0,0,2,"{""STRAWBERRY"": 19, ""WHEAT"": 9, ""MELON"": 6, ""CARROT"": 1}","{""SHEEP"": 3, ""COW"": 10, ""GOOSE"": 2}",0,10
216,9,0,1,2237.0,0,0,2,"{""STRAWBERRY"": 26, ""MELON"": 12}","{""COW"": 9, ""SHEEP"": 3}",0,14
217,9,1,0,748.0,1,1,3,"{""STRAWBERRY"": 19, ""WHEAT"": 9, ""MELON"": 6, ""CARROT"": 1}","{""SHEEP"": 3, ""COW"": 10, ""GOOSE"": 2}",0,15
217,9,1,1,2260.0,8,8,2,"{""STRAWBERRY"": 26, ""MELON"": 12}","{""COW"": 9, ""SHEEP"": 3}",0,13
218,9,2,0,606.0,10,10,3,"{""STRAWBERRY"": 19, ""WHEAT"": 9, ""MELON"": 6, ""CARROT"": 1}","{""SHEEP"": 3, ""COW"": 10, ""GOOSE"": 2}",0,15
218,9,2,1,2171.0,10,10,2,"{""STRAWBERRY"": 26, ""MELON"": 12}","{""COW"": 9, ""SHEEP"": 3}",0,0
219,9,3,0,606.0,10,10,3,"{""STRAWBERRY"": 19, ""WHEAT"": 9, ""MELON"": 6, ""CARROT"": 1}","{""SHEEP"": 3, ""COW"": 10, ""GOOSE"": 2}",0,1
219,9,3,1,2171.0,10,10,2,"{""STRAWBERRY"": 26, ""MELON"": 12}","{""COW"": 9, ""SHEEP"": 3}",0,1
220,9,4,0,606.0,10,10,3,"{""STRAWBERRY"": 20, ""WHEAT"": 10, ""MELON"": 6, ""CARROT"": 1}","{""SHEEP"": 3, ""COW"": 10, ""GOOSE"": 2}",0,0
220,9,4,1,171.0,10,10,3,"{""STRAWBERRY"": 26, ""MELON"": 12}","{""COW"": 9, ""SHEEP"": 3}",0,5
221,9,5,0,606.0,10,10,3,"{""STRAWBERRY"": 21, ""WHEAT"": 10, ""MELON"": 6, ""CARROT"": 1}","{""SHEEP"": 3, ""COW"": 10, ""GOOSE"": 2}",0,0
221,9,5,1,793.0,10,10,3,"{""STRAWBERRY"": 26, ""MELON"": 12}","{""COW"": 9, ""SHEEP"": 3}",0,9
222,9,6,0,606.0,10,10,3,"{""STRAWBERRY"": 21, ""WHEAT"": 10, ""MELON"": 6, ""CARROT"": 1}","{""SHEEP"": 3, ""COW"": 10, ""GOOSE"": 2}",0,0
222,9,6,1,1465.0,10,10,3,"{""STRAWBERRY"": 26, ""MELON"": 12}","{""COW"": 9, ""SHEEP"": 3}",0,6
223,9,7,0,606.0,10,10,3,"{""STRAWBERRY"": 22, ""WHEAT"": 10, ""MELON"": 7, ""CARROT"": 1}","{""SHEEP"": 3, ""COW"": 10, ""GOOSE"": 2}",0,0
223,9,7,1,1541.0,10,10,3,"{""STRAWBERRY"": 26, ""MELON"": 12}","{""COW"": 9, ""SHEEP"": 3}",0,1
224,9,8,0,606.0,10,10,3,"{""STRAWBERRY"": 23, ""WHEAT"": 9, ""MELON"": 7, ""CARROT"": 1}","{""SHEEP"": 3, ""COW"": 10, ""GOOSE"": 2}",0,0
224,9,8,1,1607.0,10,10,3,"{""STRAWBERRY"": 26, ""MELON"": 12}","{""COW"": 9, ""SHEEP"": 3}",0,5
225,9,9,0,606.0,10,10,3,"{""STRAWBERRY"": 24, ""WHEAT"": 9, ""MELON"": 7, ""CARROT"": 1}","{""SHEEP"": 3, ""COW"": 10, ""GOOSE"": 2}",0,0
225,9,9,1,1666.0,10,10,3,"{""STRAWBERRY"": 26, ""MELON"": 12}","{""COW"": 10, ""SHEEP"": 3}",0,8
226,9,10,0,606.0,10,10,3,"{""STRAWBERRY"": 24, ""WHEAT"": 9, ""MELON"": 9, ""CARROT"": 1}","{""SHEEP"": 3, ""COW"": 10, ""GOOSE"": 3}",0,0
226,9,10,1,1807.0,10,10,3,"{""STRAWBERRY"": 26, ""MELON"": 12}","{""COW"": 10, ""SHEEP"": 3}",0,5
227,9,11,0,606.0,10,10,3,"{""STRAWBERRY"": 25, ""WHEAT"": 9, ""MELON"": 9, ""CARROT"": 1}","{""SHEEP"": 3, ""COW"": 10, ""GOOSE"": 3}",0,0
227,9,11,1,1397.0,10,10,3,"{""STRAWBERRY"": 26, ""MELON"": 12, ""WHEAT"": 2}","{""COW"": 10, ""SHEEP"": 3}",0,6
228,9,12,0,606.0,10,10,3,"{""STRAWBERRY"": 26, ""WHEAT"": 8, ""MELON"": 9, ""CARROT"": 1}","{""SHEEP"": 3, ""COW"": 10, ""GOOSE"": 3}",0,0
228,9,12,1,1287.0,10,10,3,"{""STRAWBERRY"": 26, ""MELON"": 12, ""WHEAT"": 3}","{""COW"": 10, ""SHEEP"": 3}",0,7
229,9,13,0,606.0,10,10,3,"{""STRAWBERRY"": 28, ""WHEAT"": 8, ""MELON"": 9, ""CARROT"": 1}","{""SHEEP"": 3, ""COW"": 11, ""GOOSE"": 3}",0,0
229,9,13,1,1352.0,10,10,3,"{""STRAWBERRY"": 26, ""MELON"": 12, ""WHEAT"": 3}","{""COW"": 11, ""SHEEP"": 3}",0,5
230,9,14,0,606.0,10,10,3,"{""STRAWBERRY"": 29, ""WHEAT"": 8, ""MELON"": 9, ""CARROT"": 1}","{""SHEEP"": 3, ""COW"": 11, ""GOOSE"": 3}",0,0
230,9,14,1,942.0,10,10,3,"{""STRAWBERRY"": 27, ""MELON"": 12, ""WHEAT"": 4}","{""COW"": 11, ""SHEEP"": 3}",0,7
231,9,15,0,606.0,10,10,3,"{""STRAWBERRY"": 30, ""WHEAT"": 8, ""MELON"": 9, ""CARROT"": 2}","{""SHEEP"": 3, ""COW"": 11, ""GOOSE"": 3}",0,0
231,9,15,1,907.0,10,10,3,"{""STRAWBERRY"": 27, ""MELON"": 12, ""WHEAT"": 4}","{""COW"": 11, ""SHEEP"": 3}",0,5
232,9,16,0,606.0,10,10,3,"{""STRAWBERRY"": 30, ""WHEAT"": 8, ""MELON"": 9, ""CARROT"": 2}","{""SHEEP"": 3, ""COW"": 11, ""GOOSE"": 3}",0,0
232,9,16,1,897.0,10,10,3,"{""STRAWBERRY"": 27, ""MELON"": 12, ""WHEAT"": 5}","{""COW"": 11, ""SHEEP"": 3}",0,5
233,9,17,0,606.0,10,10,3,"{""STRAWBERRY"": 30, ""WHEAT"": 10, ""MELON"": 9, ""CARROT"": 2}","{""SHEEP"": 3, ""COW"": 11, ""GOOSE"": 3}",0,0
233,9,17,1,887.0,10,10,3,"{""STRAWBERRY"": 28, ""MELON"": 12, ""WHEAT"": 6}","{""COW"": 12, ""SHEEP"": 3}",0,5
234,9,18,0,606.0,10,10,3,"{""STRAWBERRY"": 30, ""WHEAT"": 11, ""MELON"": 9, ""CARROT"": 2}","{""SHEEP"": 3, ""COW"": 11, ""GOOSE"": 3}",0,0
234,9,18,1,777.0,10,10,3,"{""STRAWBERRY"": 28, ""MELON"": 12, ""WHEAT"": 7}","{""COW"": 12, ""SHEEP"": 3}",0,5
235,9,19,0,606.0,10,10,3,"{""STRAWBERRY"": 30, ""WHEAT"": 11, ""MELON"": 10, ""CARROT"": 2}","{""SHEEP"": 3, ""COW"": 11, ""GOOSE"": 3}",0,0
235,9,19,1,767.0,10,10,3,"{""STRAWBERRY"": 28, ""MELON"": 12, ""WHEAT"": 8}","{""COW"": 12, ""SHEEP"": 3}",0,3
236,9,20,0,606.0,10,10,3,"{""STRAWBERRY"": 31, ""WHEAT"": 11, ""MELON"": 10, ""CARROT"": 3}","{""SHEEP"": 3, ""COW"": 11, ""GOOSE"": 3}",0,0
236,9,20,1,757.0,10,10,3,"{""STRAWBERRY"": 29, ""MELON"": 12, ""WHEAT"": 9}","{""COW"": 12, ""SHEEP"": 3}",0,3
237,9,21,0,606.0,10,10,3,"{""STRAWBERRY"": 32, ""WHEAT"": 11, ""MELON"": 10, ""CARROT"": 3}","{""SHEEP"": 3, ""COW"": 11, ""GOOSE"": 3}",0,0
237,9,21,1,747.0,10,10,3,"{""STRAWBERRY"": 29, ""MELON"": 12, ""WHEAT"": 10}","{""COW"": 13, ""SHEEP"": 3}",0,3
238,9,22,0,673.0,10,10,3,"{""STRAWBERRY"": 32, ""WHEAT"": 12, ""MELON"": 10, ""CARROT"": 3}","{""SHEEP"": 3, ""COW"": 11, ""GOOSE"": 3}",0,0
238,9,22,1,737.0,10,10,3,"{""STRAWBERRY"": 29, ""MELON"": 12, ""WHEAT"": 11}","{""COW"": 13, ""SHEEP"": 3}",0,3
239,9,23,0,673.0,10,10,3,"{""STRAWBERRY"": 32, ""WHEAT"": 12, ""MELON"": 10, ""CARROT"": 4}","{""SHEEP"": 3, ""COW"": 11, ""GOOSE"": 3}",0,0
239,9,23,1,737.0,10,10,3,"{""STRAWBERRY"": 29, ""MELON"": 12, ""WHEAT"": 13}","{""COW"": 13, ""SHEEP"": 3}",0,3
240,10,0,0,1591.0,0,0,3,"{""STRAWBERRY"": 32, ""WHEAT"": 12, ""MELON"": 10, ""CARROT"": 4}","{""SHEEP"": 3, ""COW"": 11, ""GOOSE"": 3}",0,16
240,10,0,1,737.0,0,0,3,"{""STRAWBERRY"": 29, ""MELON"": 12, ""WHEAT"": 13}","{""COW"": 13, ""SHEEP"": 3}",0,18
241,10,1,0,803.0,4,4,3,"{""STRAWBERRY"": 32, ""WHEAT"": 12, ""MELON"": 10, ""CARROT"": 4}","{""SHEEP"": 3, ""COW"": 11, ""GOOSE"": 3}",0,22
241,10,1,1,981.0,8,8,3,"{""STRAWBERRY"": 29, ""MELON"": 12, ""WHEAT"": 13}","{""COW"": 13, ""SHEEP"": 3}",0,15
242,10,2,0,667.0,10,10,3,"{""STRAWBERRY"": 32, ""WHEAT"": 12, ""MELON"": 10, ""CARROT"": 4}","{""SHEEP"": 3, ""COW"": 11, ""GOOSE"": 3}",0,13
242,10,2,1,33.0,11,11,3,"{""STRAWBERRY"": 29, ""MELON"": 12, ""WHEAT"": 13}","{""COW"": 13, ""SHEEP"": 3}",0,28
243,10,3,0,667.0,10,10,3,"{""STRAWBERRY"": 32, ""WHEAT"": 12, ""MELON"": 10, ""CARROT"": 4}","{""SHEEP"": 3, ""COW"": 11, ""GOOSE"": 3}",0,6
243,10,3,1,118.0,11,11,3,"{""STRAWBERRY"": 29, ""MELON"": 12, ""WHEAT"": 13}","{""COW"": 13, ""SHEEP"": 3}",0,33
244,10,4,0,667.0,10,10,3,"{""STRAWBERRY"": 32, ""WHEAT"": 12, ""MELON"": 10, ""CARROT"": 4}","{""SHEEP"": 3, ""COW"": 11, ""GOOSE"": 3}",0,6
244,10,4,1,118.0,11,11,3,"{""STRAWBERRY"": 29, ""MELON"": 12, ""WHEAT"": 13}","{""COW"": 13, ""SHEEP"": 3}",0,33
245,10,5,0,667.0,10,10,3,"{""STRAWBERRY"": 32, ""WHEAT"": 12, ""MELON"": 10, ""CARROT"": 4}","{""SHEEP"": 3, ""COW"": 11, ""GOOSE"": 3}",0,6
245,10,5,1,118.0,11,11,3,"{""STRAWBERRY"": 29, ""MELON"": 12, ""WHEAT"": 13}","{""COW"": 13, ""SHEEP"": 3}",0,33
246,10,6,0,667.0,10,10,3,"{""STRAWBERRY"": 32, ""WHEAT"": 12, ""MELON"": 9, ""CARROT"": 4}","{""SHEEP"": 3, ""COW"": 11, ""GOOSE"": 3}",0,6
246,10,6,1,118.0,11,11,3,"{""STRAWBERRY"": 29, ""MELON"": 11, ""WHEAT"": 13}","{""COW"": 13, ""SHEEP"": 3}",0,35
247,10,7,0,667.0,10,10,3,"{""STRAWBERRY"": 32, ""WHEAT"": 12, ""MELON"": 9, ""CARROT"": 4}","{""SHEEP"": 3, ""COW"": 11, ""GOOSE"": 3}",0,6
247,10,7,1,160.0,11,11,3,"{""STRAWBERRY"": 29, ""MELON"": 10, ""WHEAT"": 13}","{""COW"": 13, ""SHEEP"": 3}",0,33
248,10,8,0,667.0,10,10,3,"{""STRAWBERRY"": 32, ""WHEAT"": 12, ""MELON"": 9, ""CARROT"": 4}","{""SHEEP"": 3, ""COW"": 11, ""GOOSE"": 4}",0,6
248,10,8,1,160.0,11,11,3,"{""STRAWBERRY"": 29, ""MELON"": 7, ""WHEAT"": 13}","{""COW"": 13, ""SHEEP"": 3}",0,33
249,10,9,0,667.0,10,10,3,"{""STRAWBERRY"": 32, ""WHEAT"": 12, ""MELON"": 9, ""CARROT"": 4}","{""SHEEP"": 3, ""COW"": 11, ""GOOSE"": 4}",0,6
249,10,9,1,60.0,11,11,3,"{""STRAWBERRY"": 30, ""MELON"": 7, ""WHEAT"": 13}","{""COW"": 13, ""SHEEP"": 3}",0,34
250,10,10,0,667.0,10,10,3,"{""STRAWBERRY"": 32, ""WHEAT"": 11, ""MELON"": 8, ""CARROT"": 4}","{""SHEEP"": 3, ""COW"": 11, ""GOOSE"": 4}",0,6
250,10,10,1,131.0,11,11,3,"{""STRAWBERRY"": 30, ""MELON"": 7, ""WHEAT"": 13}","{""COW"": 13, ""SHEEP"": 3}",0,39
251,10,11,0,2261.0,10,10,3,"{""STRAWBERRY"": 33, ""MELON"": 8, ""WHEAT"": 11, ""CARROT"": 4}","{""SHEEP"": 3, ""COW"": 11, ""GOOSE"": 4}",0,6
251,10,11,1,501.0,11,11,3,"{""STRAWBERRY"": 30, ""MELON"": 7, ""WHEAT"": 13}","{""COW"": 13, ""SHEEP"": 3}",0,68
252,10,12,0,2261.0,10,10,3,"{""STRAWBERRY"": 33, ""WHEAT"": 11, ""MELON"": 8, ""CARROT"": 4}","{""SHEEP"": 3, ""COW"": 11, ""GOOSE"": 4}",0,6
252,10,12,1,2001.0,11,11,3,"{""STRAWBERRY"": 30, ""MELON"": 7, ""WHEAT"": 13}","{""COW"": 13, ""SHEEP"": 3}",0,68
253,10,13,0,2261.0,10,10,3,"{""STRAWBERRY"": 33, ""WHEAT"": 11, ""MELON"": 7, ""CARROT"": 4}","{""SHEEP"": 3, ""COW"": 11, ""GOOSE"": 4}",0,6
253,10,13,1,3096.0,11,11,3,"{""STRAWBERRY"": 30, ""MELON"": 7, ""WHEAT"": 13}","{""COW"": 13, ""SHEEP"": 3}",0,70
254,10,14,0,2785.0,10,10,3,"{""STRAWBERRY"": 33, ""WHEAT"": 12, ""MELON"": 7, ""CARROT"": 4}","{""SHEEP"": 3, ""COW"": 11, ""GOOSE"": 5}",0,2
254,10,14,1,4651.0,11,11,3,"{""STRAWBERRY"": 30, ""MELON"": 7, ""WHEAT"": 13}","{""COW"": 13, ""SHEEP"": 3}",0,52
255,10,15,0,2785.0,10,10,3,"{""STRAWBERRY"": 33, ""WHEAT"": 12, ""MELON"": 7, ""CARROT"": 4}","{""SHEEP"": 3, ""COW"": 11, ""GOOSE"": 5}",0,2
255,10,15,1,4641.0,11,11,3,"{""STRAWBERRY"": 30, ""MELON"": 7, ""WHEAT"": 13}","{""COW"": 13, ""SHEEP"": 3}",0,58
256,10,16,0,2785.0,10,10,3,"{""STRAWBERRY"": 33, ""WHEAT"": 12, ""MELON"": 6, ""CARROT"": 4}","{""SHEEP"": 3, ""COW"": 11, ""GOOSE"": 5}",0,2
256,10,16,1,4771.0,11,11,3,"{""STRAWBERRY"": 31, ""MELON"": 7, ""WHEAT"": 13}","{""COW"": 13, ""SHEEP"": 3}",0,51
257,10,17,0,2785.0,10,10,3,"{""STRAWBERRY"": 34, ""WHEAT"": 11, ""MELON"": 6, ""CARROT"": 4}","{""SHEEP"": 3, ""COW"": 11, ""GOOSE"": 5}",0,2
257,10,17,1,4661.0,11,11,3,"{""STRAWBERRY"": 31, ""MELON"": 7, ""WHEAT"": 14}","{""COW"": 13, ""SHEEP"": 3}",0,52
258,10,18,0,2785.0,10,10,3,"{""STRAWBERRY"": 34, ""WHEAT"": 11, ""MELON"": 6, ""CARROT"": 4}","{""SHEEP"": 3, ""COW"": 11, ""GOOSE"": 5}",0,2
258,10,18,1,4621.0,11,11,3,"{""STRAWBERRY"": 31, ""MELON"": 7, ""WHEAT"": 14}","{""COW"": 13, ""SHEEP"": 3}",0,47
259,10,19,0,2785.0,10,10,3,"{""STRAWBERRY"": 34, ""WHEAT"": 12, ""MELON"": 6, ""CARROT"": 4}","{""SHEEP"": 3, ""COW"": 11, ""GOOSE"": 5}",0,2
259,10,19,1,4611.0,11,11,3,"{""STRAWBERRY"": 32, ""MELON"": 7, ""WHEAT"": 14}","{""COW"": 13, ""SHEEP"": 3}",0,42
260,10,20,0,2785.0,10,10,3,"{""STRAWBERRY"": 34, ""WHEAT"": 12, ""MELON"": 6, ""CARROT"": 4}","{""SHEEP"": 3, ""COW"": 11, ""GOOSE"": 5}",0,2
260,10,20,1,4501.0,11,11,3,"{""STRAWBERRY"": 32, ""MELON"": 7, ""WHEAT"": 15}","{""COW"": 13, ""SHEEP"": 3}",0,43
261,10,21,0,2785.0,10,10,3,"{""STRAWBERRY"": 34, ""WHEAT"": 12, ""MELON"": 6, ""CARROT"": 4}","{""SHEEP"": 3, ""COW"": 11, ""GOOSE"": 5}",0,2
261,10,21,1,4491.0,11,11,3,"{""STRAWBERRY"": 32, ""MELON"": 7, ""WHEAT"": 16}","{""COW"": 13, ""SHEEP"": 3}",0,39
262,10,22,0,2785.0,10,10,3,"{""STRAWBERRY"": 34, ""WHEAT"": 12, ""MELON"": 5, ""CARROT"": 3}","{""SHEEP"": 3, ""COW"": 11, ""GOOSE"": 5}",0,2
262,10,22,1,4491.0,11,11,3,"{""STRAWBERRY"": 32, ""MELON"": 7, ""WHEAT"": 16}","{""COW"": 13, ""SHEEP"": 3}",0,60
263,10,23,0,2785.0,10,10,3,"{""STRAWBERRY"": 35, ""WHEAT"": 12, ""MELON"": 6, ""CARROT"": 3}","{""SHEEP"": 3, ""COW"": 11, ""GOOSE"": 5}",0,2
263,10,23,1,4630.0,11,11,3,"{""STRAWBERRY"": 32, ""MELON"": 6, ""WHEAT"": 17}","{""COW"": 13, ""SHEEP"": 3}",0,51
264,11,0,0,9491.0,0,0,3,"{""STRAWBERRY"": 35, ""WHEAT"": 12, ""MELON"": 6, ""CARROT"": 3}","{""SHEEP"": 3, ""COW"": 11, ""GOOSE"": 5}",0,36
264,11,0,1,4630.0,0,0,3,"{""STRAWBERRY"": 31, ""MELON"": 6, ""WHEAT"": 17}","{""COW"": 13, ""SHEEP"": 3}",1,93
265,11,1,0,10478.0,8,8,3,"{""STRAWBERRY"": 35, ""WHEAT"": 12, ""MELON"": 6, ""CARROT"": 3}","{""SHEEP"": 3, ""COW"": 11, ""GOOSE"": 5}",0,30
265,11,1,1,7832.0,8,8,3,"{""STRAWBERRY"": 31, ""MELON"": 6, ""WHEAT"": 17}","{""COW"": 13, ""SHEEP"": 3}",1,67
266,11,2,0,11137.0,8,8,3,"{""STRAWBERRY"": 35, ""WHEAT"": 12, ""MELON"": 6, ""CARROT"": 3}","{""SHEEP"": 3, ""COW"": 11, ""GOOSE"": 5}",0,5
266,11,2,1,7426.0,11,11,3,"{""STRAWBERRY"": 31, ""MELON"": 6, ""WHEAT"": 17}","{""COW"": 13, ""SHEEP"": 3}",1,42
267,11,3,0,11137.0,8,8,3,"{""STRAWBERRY"": 35, ""WHEAT"": 12, ""MELON"": 6, ""CARROT"": 3}","{""SHEEP"": 3, ""COW"": 11, ""GOOSE"": 5}",0,5
267,11,3,1,7426.0,11,11,3,"{""STRAWBERRY"": 31, ""MELON"": 6, ""WHEAT"": 17}","{""COW"": 13, ""SHEEP"": 3}",1,32
268,11,4,0,11137.0,8,8,3,"{""STRAWBERRY"": 35, ""WHEAT"": 12, ""MELON"": 6, ""CARROT"": 3}","{""SHEEP"": 3, ""COW"": 11, ""GOOSE"": 5}",0,5
268,11,4,1,7426.0,11,11,3,"{""STRAWBERRY"": 31, ""MELON"": 6, ""WHEAT"": 17}","{""COW"": 13, ""SHEEP"": 3}",1,31
269,11,5,0,11137.0,8,8,3,"{""STRAWBERRY"": 35, ""WHEAT"": 12, ""MELON"": 6, ""CARROT"": 3}","{""SHEEP"": 3, ""COW"": 11, ""GOOSE"": 5}",0,5
269,11,5,1,7426.0,11,11,3,"{""STRAWBERRY"": 31, ""MELON"": 5, ""WHEAT"": 17}","{""COW"": 13, ""SHEEP"": 3}",1,31
270,11,6,0,11137.0,8,8,3,"{""STRAWBERRY"": 35, ""WHEAT"": 11, ""MELON"": 6, ""CARROT"": 3}","{""SHEEP"": 3, ""COW"": 11, ""GOOSE"": 5}",0,5
270,11,6,1,7426.0,11,11,3,"{""STRAWBERRY"": 31, ""MELON"": 5, ""WHEAT"": 17}","{""COW"": 13, ""SHEEP"": 3}",1,31
271,11,7,0,11137.0,8,8,3,"{""STRAWBERRY"": 36, ""WHEAT"": 11, ""MELON"": 6, ""CARROT"": 3}","{""SHEEP"": 3, ""COW"": 11, ""GOOSE"": 5}",0,5
271,11,7,1,7426.0,11,11,3,"{""STRAWBERRY"": 31, ""MELON"": 3, ""WHEAT"": 17}","{""COW"": 13, ""SHEEP"": 3}",1,32
272,11,8,0,11137.0,8,8,3,"{""STRAWBERRY"": 36, ""WHEAT"": 11, ""MELON"": 6, ""CARROT"": 3}","{""SHEEP"": 3, ""COW"": 11, ""GOOSE"": 5}",0,5
272,11,8,1,7947.0,11,11,3,"{""STRAWBERRY"": 31, ""MELON"": 3, ""WHEAT"": 17}","{""COW"": 13, ""SHEEP"": 3}",1,25
273,11,9,0,11137.0,8,8,3,"{""STRAWBERRY"": 36, ""WHEAT"": 11, ""MELON"": 6, ""CARROT"": 3}","{""SHEEP"": 3, ""COW"": 11, ""GOOSE"": 5}",0,5
273,11,9,1,7947.0,11,11,3,"{""STRAWBERRY"": 31, ""MELON"": 3, ""WHEAT"": 17}","{""COW"": 14, ""SHEEP"": 3}",1,22
274,11,10,0,11137.0,8,8,3,"{""STRAWBERRY"": 36, ""WHEAT"": 11, ""MELON"": 6, ""CARROT"": 3}","{""SHEEP"": 3, ""COW"": 11, ""GOOSE"": 5}",0,5
274,11,10,1,7947.0,11,11,3,"{""STRAWBERRY"": 31, ""MELON"": 3, ""WHEAT"": 17}","{""COW"": 14, ""SHEEP"": 3}",1,22
275,11,11,0,11137.0,8,8,3,"{""STRAWBERRY"": 36, ""WHEAT"": 11, ""MELON"": 6, ""CARROT"": 3}","{""SHEEP"": 3, ""COW"": 11, ""GOOSE"": 5}",0,5
275,11,11,1,7947.0,11,11,3,"{""STRAWBERRY"": 31, ""MELON"": 3, ""WHEAT"": 16}","{""COW"": 14, ""SHEEP"": 3}",1,28
276,11,12,0,11137.0,8,8,3,"{""STRAWBERRY"": 36, ""WHEAT"": 11, ""MELON"": 6, ""CARROT"": 3}","{""SHEEP"": 3, ""COW"": 11, ""GOOSE"": 5}",0,5
276,11,12,1,7937.0,11,11,3,"{""STRAWBERRY"": 31, ""MELON"": 3, ""WHEAT"": 17}","{""COW"": 14, ""SHEEP"": 3}",1,34
277,11,13,0,11137.0,8,8,3,"{""STRAWBERRY"": 36, ""WHEAT"": 10, ""MELON"": 6, ""CARROT"": 3}","{""SHEEP"": 3, ""COW"": 11, ""GOOSE"": 5}",0,5
277,11,13,1,7927.0,11,11,3,"{""STRAWBERRY"": 31, ""MELON"": 3, ""WHEAT"": 17}","{""COW"": 14, ""SHEEP"": 3}",1,42
278,11,14,0,11137.0,8,8,3,"{""STRAWBERRY"": 37, ""WHEAT"": 10, ""MELON"": 6, ""CARROT"": 3}","{""SHEEP"": 3, ""COW"": 11, ""GOOSE"": 5}",0,5
278,11,14,1,8056.0,11,11,3,"{""STRAWBERRY"": 31, ""MELON"": 3, ""WHEAT"": 17}","{""COW"": 14, ""SHEEP"": 3}",1,34
279,11,15,0,11137.0,8,8,3,"{""STRAWBERRY"": 37, ""WHEAT"": 9, ""MELON"": 6, ""CARROT"": 3}","{""SHEEP"": 3, ""COW"": 11, ""GOOSE"": 5}",0,5
279,11,15,1,7956.0,11,11,3,"{""STRAWBERRY"": 32, ""MELON"": 3, ""WHEAT"": 18}","{""COW"": 14, ""SHEEP"": 3}",1,34
280,11,16,0,11137.0,8,8,3,"{""STRAWBERRY"": 38, ""WHEAT"": 9, ""MELON"": 6, ""CARROT"": 3}","{""SHEEP"": 3, ""COW"": 11, ""GOOSE"": 5}",0,5
280,11,16,1,7846.0,11,11,3,"{""STRAWBERRY"": 33, ""MELON"": 3, ""WHEAT"": 17}","{""COW"": 14, ""SHEEP"": 3}",1,34
281,11,17,0,11137.0,8,8,3,"{""STRAWBERRY"": 38, ""WHEAT"": 9, ""MELON"": 6, ""CARROT"": 3}","{""SHEEP"": 3, ""COW"": 11, ""GOOSE"": 5}",0,5
281,11,17,1,7836.0,11,11,3,"{""STRAWBERRY"": 33, ""MELON"": 3, ""WHEAT"": 18}","{""COW"": 14, ""SHEEP"": 3}",1,34
282,11,18,0,11137.0,8,8,3,"{""STRAWBERRY"": 38, ""WHEAT"": 9, ""MELON"": 6, ""CARROT"": 3}","{""SHEEP"": 3, ""COW"": 11, ""GOOSE"": 5}",0,5
282,11,18,1,7826.0,11,11,3,"{""STRAWBERRY"": 33, ""MELON"": 3, ""WHEAT"": 18}","{""COW"": 14, ""SHEEP"": 3}",1,34
283,11,19,0,11137.0,8,8,3,"{""STRAWBERRY"": 38, ""WHEAT"": 9, ""MELON"": 6, ""CARROT"": 3}","{""SHEEP"": 3, ""COW"": 11, ""GOOSE"": 5}",0,5
283,11,19,1,7826.0,11,11,3,"{""STRAWBERRY"": 33, ""MELON"": 3, ""WHEAT"": 18}","{""COW"": 14, ""SHEEP"": 3}",1,34
284,11,20,0,11137.0,8,8,3,"{""STRAWBERRY"": 38, ""WHEAT"": 9, ""MELON"": 6, ""CARROT"": 3}","{""SHEEP"": 3, ""COW"": 11, ""GOOSE"": 5}",0,5
284,11,20,1,7716.0,11,11,3,"{""STRAWBERRY"": 34, ""MELON"": 3, ""WHEAT"": 18}","{""COW"": 14, ""SHEEP"": 3}",1,41
285,11,21,0,11365.0,8,8,3,"{""STRAWBERRY"": 38, ""WHEAT"": 9, ""MELON"": 6, ""CARROT"": 3}","{""SHEEP"": 3, ""COW"": 11, ""GOOSE"": 5}",0,5
285,11,21,1,7844.0,11,11,3,"{""STRAWBERRY"": 34, ""MELON"": 2, ""WHEAT"": 17}","{""COW"": 14, ""SHEEP"": 3}",1,33
286,11,22,0,11365.0,8,8,3,"{""STRAWBERRY"": 38, ""WHEAT"": 9, ""MELON"": 6, ""CARROT"": 3}","{""SHEEP"": 3, ""COW"": 11, ""GOOSE"": 5}",0,5
286,11,22,1,8298.0,11,11,3,"{""STRAWBERRY"": 35, ""MELON"": 2, ""WHEAT"": 18}","{""COW"": 14, ""SHEEP"": 3}",1,27
287,11,23,0,11617.0,8,8,3,"{""STRAWBERRY"": 38, ""WHEAT"": 9, ""MELON"": 6, ""CARROT"": 3}","{""SHEEP"": 3, ""COW"": 11, ""GOOSE"": 5}",0,5
287,11,23,1,8298.0,11,11,3,"{""STRAWBERRY"": 35, ""MELON"": 2, ""WHEAT"": 18}","{""COW"": 14, ""SHEEP"": 3}",1,25
288,12,0,0,12080.0,0,0,3,"{""STRAWBERRY"": 38, ""WHEAT"": 9, ""MELON"": 6, ""CARROT"": 3}","{""SHEEP"": 3, ""COW"": 11, ""GOOSE"": 5}",0,21
288,12,0,1,8298.0,0,0,3,"{""STRAWBERRY"": 35, ""MELON"": 2, ""WHEAT"": 15}","{""COW"": 14, ""SHEEP"": 3}",4,87
289,12,1,0,11635.0,7,7,3,"{""STRAWBERRY"": 38, ""WHEAT"": 9, ""MELON"": 6, ""CARROT"": 3}","{""SHEEP"": 3, ""COW"": 11, ""GOOSE"": 5}",0,30
289,12,1,1,8791.0,8,8,3,"{""STRAWBERRY"": 35, ""MELON"": 2, ""WHEAT"": 15}","{""COW"": 14, ""SHEEP"": 3}",4,78
290,12,2,0,11936.0,9,9,3,"{""STRAWBERRY"": 38, ""WHEAT"": 9, ""MELON"": 6, ""CARROT"": 3}","{""SHEEP"": 3, ""COW"": 11, ""GOOSE"": 5}",0,24
290,12,2,1,8841.0,11,11,3,"{""STRAWBERRY"": 35, ""MELON"": 2, ""WHEAT"": 15}","{""COW"": 14, ""SHEEP"": 3}",4,61
291,12,3,0,11936.0,9,9,3,"{""STRAWBERRY"": 38, ""WHEAT"": 9, ""MELON"": 6, ""CARROT"": 3}","{""SHEEP"": 3, ""COW"": 11, ""GOOSE"": 5}",0,11
291,12,3,1,8841.0,11,11,3,"{""STRAWBERRY"": 35, ""MELON"": 2, ""WHEAT"": 15}","{""COW"": 14, ""SHEEP"": 3}",4,52
292,12,4,0,11936.0,9,9,3,"{""STRAWBERRY"": 38, ""WHEAT"": 9, ""MELON"": 6, ""CARROT"": 3}","{""SHEEP"": 3, ""COW"": 11, ""GOOSE"": 5}",0,11
292,12,4,1,8841.0,11,11,3,"{""STRAWBERRY"": 35, ""MELON"": 2, ""WHEAT"": 15}","{""COW"": 14, ""SHEEP"": 3}",4,52
293,12,5,0,11936.0,9,9,3,"{""STRAWBERRY"": 38, ""WHEAT"": 9, ""MELON"": 6, ""CARROT"": 3}","{""SHEEP"": 3, ""COW"": 11, ""GOOSE"": 5}",0,11
293,12,5,1,8841.0,11,11,3,"{""STRAWBERRY"": 35, ""MELON"": 2, ""WHEAT"": 14}","{""COW"": 14, ""SHEEP"": 3}",4,56
294,12,6,0,11936.0,9,9,3,"{""STRAWBERRY"": 38, ""WHEAT"": 9, ""MELON"": 6, ""CARROT"": 3}","{""SHEEP"": 3, ""COW"": 11, ""GOOSE"": 5}",0,11
294,12,6,1,9332.0,11,11,3,"{""STRAWBERRY"": 35, ""MELON"": 2, ""WHEAT"": 15}","{""COW"": 14, ""SHEEP"": 3}",4,48
295,12,7,0,11936.0,9,9,3,"{""STRAWBERRY"": 38, ""WHEAT"": 9, ""MELON"": 6, ""CARROT"": 3}","{""SHEEP"": 3, ""COW"": 11, ""GOOSE"": 5}",0,11
295,12,7,1,9332.0,11,11,3,"{""STRAWBERRY"": 35, ""MELON"": 1, ""WHEAT"": 15}","{""COW"": 14, ""SHEEP"": 3}",4,48
296,12,8,0,11936.0,9,9,3,"{""STRAWBERRY"": 38, ""WHEAT"": 9, ""MELON"": 6, ""CARROT"": 3}","{""SHEEP"": 3, ""COW"": 11, ""GOOSE"": 5}",0,11
296,12,8,1,9332.0,11,11,3,"{""STRAWBERRY"": 35, ""MELON"": 1, ""WHEAT"": 15}","{""COW"": 14, ""SHEEP"": 3}",4,51
297,12,9,0,11936.0,9,9,3,"{""STRAWBERRY"": 38, ""WHEAT"": 8, ""MELON"": 6, ""CARROT"": 3}","{""SHEEP"": 3, ""COW"": 11, ""GOOSE"": 5}",0,11
297,12,9,1,9332.0,11,11,3,"{""STRAWBERRY"": 35, ""MELON"": 1, ""WHEAT"": 15}","{""COW"": 14, ""SHEEP"": 3}",4,51
298,12,10,0,11936.0,9,9,3,"{""STRAWBERRY"": 38, ""WHEAT"": 9, ""MELON"": 6, ""CARROT"": 3}","{""SHEEP"": 3, ""COW"": 11, ""GOOSE"": 5}",0,11
298,12,10,1,9332.0,11,11,3,"{""STRAWBERRY"": 35, ""MELON"": 1, ""WHEAT"": 14}","{""COW"": 14, ""SHEEP"": 3}",4,51
299,12,11,0,11936.0,9,9,3,"{""STRAWBERRY"": 38, ""WHEAT"": 9, ""MELON"": 6, ""CARROT"": 3}","{""SHEEP"": 3, ""COW"": 11, ""GOOSE"": 5}",0,11
299,12,11,1,9702.0,11,11,3,"{""STRAWBERRY"": 35, ""WHEAT"": 15}","{""COW"": 14, ""SHEEP"": 3}",4,46
300,12,12,0,11936.0,9,9,3,"{""STRAWBERRY"": 38, ""MELON"": 6, ""WHEAT"": 8, ""CARROT"": 3}","{""SHEEP"": 3, ""COW"": 11, ""GOOSE"": 5}",0,11
300,12,12,1,9651.0,11,11,3,"{""STRAWBERRY"": 36, ""WHEAT"": 15}","{""COW"": 14, ""SHEEP"": 3}",4,50
301,12,13,0,11936.0,9,9,3,"{""STRAWBERRY"": 38, ""WHEAT"": 9, ""MELON"": 6, ""CARROT"": 3}","{""SHEEP"": 3, ""COW"": 11, ""GOOSE"": 5}",0,11
301,12,13,1,9651.0,11,11,3,"{""STRAWBERRY"": 36, ""WHEAT"": 15}","{""COW"": 14, ""SHEEP"": 3}",4,50
302,12,14,0,11936.0,9,9,3,"{""STRAWBERRY"": 38, ""WHEAT"": 9, ""MELON"": 6, ""CARROT"": 2}","{""SHEEP"": 3, ""COW"": 11, ""GOOSE"": 5}",0,11
302,12,14,1,10112.0,11,11,3,"{""STRAWBERRY"": 36, ""WHEAT"": 14}","{""COW"": 14, ""SHEEP"": 3}",4,48
303,12,15,0,11936.0,9,9,3,"{""STRAWBERRY"": 38, ""WHEAT"": 10, ""MELON"": 6, ""CARROT"": 2}","{""SHEEP"": 3, ""COW"": 11, ""GOOSE"": 5}",0,11
303,12,15,1,10102.0,11,11,3,"{""STRAWBERRY"": 36, ""WHEAT"": 14}","{""COW"": 14, ""SHEEP"": 3}",4,48
304,12,16,0,11936.0,9,9,3,"{""STRAWBERRY"": 38, ""WHEAT"": 10, ""MELON"": 6, ""CARROT"": 2}","{""SHEEP"": 3, ""COW"": 11, ""GOOSE"": 5}",0,11
304,12,16,1,10358.0,11,11,3,"{""STRAWBERRY"": 36, ""WHEAT"": 16}","{""COW"": 14, ""SHEEP"": 3}",4,48
305,12,17,0,11936.0,9,9,3,"{""STRAWBERRY"": 38, ""WHEAT"": 10, ""MELON"": 6, ""CARROT"": 2}","{""SHEEP"": 3, ""COW"": 11, ""GOOSE"": 5}",0,11
305,12,17,1,10522.0,11,11,3,"{""STRAWBERRY"": 36, ""WHEAT"": 16}","{""COW"": 14, ""SHEEP"": 3}",4,45
306,12,18,0,13307.0,9,9,3,"{""STRAWBERRY"": 38, ""WHEAT"": 10, ""MELON"": 6, ""CARROT"": 2}","{""SHEEP"": 3, ""COW"": 11, ""GOOSE"": 5}",0,5
306,12,18,1,10983.0,11,11,3,"{""STRAWBERRY"": 36, ""WHEAT"": 16}","{""COW"": 14, ""SHEEP"": 3}",4,43
307,12,19,0,13307.0,9,9,3,"{""STRAWBERRY"": 38, ""WHEAT"": 10, ""MELON"": 6, ""CARROT"": 1}","{""SHEEP"": 3, ""COW"": 11, ""GOOSE"": 5}",0,5
307,12,19,1,10983.0,11,11,3,"{""STRAWBERRY"": 37, ""WHEAT"": 16}","{""COW"": 14, ""SHEEP"": 3}",4,43
308,12,20,0,13307.0,9,9,3,"{""STRAWBERRY"": 38, ""WHEAT"": 10, ""MELON"": 6, ""CARROT"": 2}","{""SHEEP"": 3, ""COW"": 11, ""GOOSE"": 5}",0,5
308,12,20,1,10983.0,11,11,3,"{""STRAWBERRY"": 37, ""WHEAT"": 16}","{""COW"": 14, ""SHEEP"": 3}",4,43
309,12,21,0,13307.0,9,9,3,"{""STRAWBERRY"": 38, ""WHEAT"": 10, ""MELON"": 6, ""CARROT"": 2}","{""SHEEP"": 3, ""COW"": 11, ""GOOSE"": 5}",0,5
309,12,21,1,10983.0,11,11,3,"{""STRAWBERRY"": 37, ""WHEAT"": 16}","{""COW"": 14, ""SHEEP"": 3}",2,43
310,12,22,0,13307.0,9,9,3,"{""STRAWBERRY"": 38, ""WHEAT"": 10, ""MELON"": 6, ""CARROT"": 1}","{""SHEEP"": 3, ""COW"": 11, ""GOOSE"": 5}",0,5
310,12,22,1,11210.0,11,11,3,"{""STRAWBERRY"": 37, ""WHEAT"": 18}","{""COW"": 14, ""SHEEP"": 3}",2,42
311,12,23,0,13307.0,9,9,3,"{""STRAWBERRY"": 38, ""WHEAT"": 10, ""MELON"": 6, ""CARROT"": 2}","{""SHEEP"": 3, ""COW"": 11, ""GOOSE"": 5}",0,5
311,12,23,1,11210.0,11,11,3,"{""STRAWBERRY"": 37, ""WHEAT"": 18}","{""COW"": 14, ""SHEEP"": 3}",2,42
312,13,0,0,16752.0,0,0,3,"{""STRAWBERRY"": 38, ""WHEAT"": 10, ""MELON"": 6, ""CARROT"": 2}","{""SHEEP"": 3, ""COW"": 11, ""GOOSE"": 5}",0,44
312,13,0,1,11210.0,0,0,3,"{""STRAWBERRY"": 37, ""WHEAT"": 18}","{""COW"": 14, ""SHEEP"": 3}",2,90
313,13,1,0,19047.0,5,5,3,"{""STRAWBERRY"": 38, ""WHEAT"": 10, ""MELON"": 6, ""CARROT"": 2}","{""SHEEP"": 3, ""COW"": 11, ""GOOSE"": 5}",0,34
313,13,1,1,11662.0,8,8,3,"{""STRAWBERRY"": 37, ""WHEAT"": 18}","{""COW"": 14, ""SHEEP"": 3}",2,77
314,13,2,0,19005.0,8,8,3,"{""STRAWBERRY"": 38, ""WHEAT"": 10, ""MELON"": 6, ""CARROT"": 2}","{""SHEEP"": 3, ""COW"": 11, ""GOOSE"": 5}",0,34
314,13,2,1,12589.0,11,11,3,"{""STRAWBERRY"": 37, ""WHEAT"": 18}","{""COW"": 14, ""SHEEP"": 3}",2,52
315,13,3,0,19005.0,8,8,3,"{""STRAWBERRY"": 38, ""WHEAT"": 10, ""MELON"": 6, ""CARROT"": 2}","{""SHEEP"": 3, ""COW"": 11, ""GOOSE"": 5}",0,19
315,13,3,1,12589.0,11,11,3,"{""STRAWBERRY"": 37, ""WHEAT"": 18}","{""COW"": 14, ""SHEEP"": 3}",2,46
316,13,4,0,19005.0,8,8,3,"{""STRAWBERRY"": 38, ""WHEAT"": 10, ""MELON"": 6, ""CARROT"": 2}","{""SHEEP"": 3, ""COW"": 11, ""GOOSE"": 5}",0,19
316,13,4,1,12589.0,11,11,3,"{""STRAWBERRY"": 37, ""WHEAT"": 18}","{""COW"": 14, ""SHEEP"": 3}",2,46
317,13,5,0,19005.0,8,8,3,"{""STRAWBERRY"": 38, ""WHEAT"": 10, ""MELON"": 6, ""CARROT"": 2}","{""SHEEP"": 3, ""COW"": 11, ""GOOSE"": 5}",0,19
317,13,5,1,12589.0,11,11,3,"{""STRAWBERRY"": 37, ""WHEAT"": 17}","{""COW"": 14, ""SHEEP"": 3}",2,46
318,13,6,0,19005.0,8,8,3,"{""STRAWBERRY"": 38, ""WHEAT"": 10, ""MELON"": 6, ""CARROT"": 2}","{""SHEEP"": 3, ""COW"": 11, ""GOOSE"": 5}",0,19
318,13,6,1,12589.0,11,11,3,"{""STRAWBERRY"": 37, ""WHEAT"": 18}","{""COW"": 14, ""SHEEP"": 3}",2,46
319,13,7,0,19005.0,8,8,3,"{""STRAWBERRY"": 38, ""WHEAT"": 10, ""MELON"": 6, ""CARROT"": 2}","{""SHEEP"": 3, ""COW"": 11, ""GOOSE"": 5}",0,19
319,13,7,1,12589.0,11,11,3,"{""STRAWBERRY"": 37, ""WHEAT"": 18}","{""COW"": 14, ""SHEEP"": 3}",2,46
320,13,8,0,19005.0,8,8,3,"{""STRAWBERRY"": 38, ""WHEAT"": 9, ""MELON"": 6, ""CARROT"": 2}","{""SHEEP"": 3, ""COW"": 11, ""GOOSE"": 5}",0,19
320,13,8,1,12589.0,11,11,3,"{""STRAWBERRY"": 37, ""WHEAT"": 17}","{""COW"": 14, ""SHEEP"": 3}",2,46
321,13,9,0,19005.0,8,8,3,"{""STRAWBERRY"": 38, ""WHEAT"": 9, ""MELON"": 6, ""CARROT"": 2}","{""SHEEP"": 3, ""COW"": 11, ""GOOSE"": 5}",0,19
321,13,9,1,12656.0,11,11,3,"{""STRAWBERRY"": 37, ""WHEAT"": 17}","{""COW"": 14, ""SHEEP"": 3}",2,44
322,13,10,0,19005.0,8,8,3,"{""STRAWBERRY"": 38, ""WHEAT"": 10, ""MELON"": 6, ""CARROT"": 2}","{""SHEEP"": 3, ""COW"": 11, ""GOOSE"": 5}",0,19
322,13,10,1,12646.0,11,11,3,"{""STRAWBERRY"": 37, ""WHEAT"": 17}","{""COW"": 14, ""SHEEP"": 3}",2,44
323,13,11,0,19005.0,8,8,3,"{""STRAWBERRY"": 38, ""WHEAT"": 10, ""MELON"": 6, ""CARROT"": 2}","{""SHEEP"": 3, ""COW"": 11, ""GOOSE"": 5}",0,19
323,13,11,1,12713.0,11,11,3,"{""STRAWBERRY"": 37, ""WHEAT"": 18}","{""COW"": 14, ""SHEEP"": 3}",2,42
324,13,12,0,19005.0,8,8,3,"{""STRAWBERRY"": 38, ""WHEAT"": 9, ""MELON"": 6, ""CARROT"": 2}","{""SHEEP"": 3, ""COW"": 11, ""GOOSE"": 5}",0,19
324,13,12,1,12703.0,11,11,3,"{""STRAWBERRY"": 37, ""WHEAT"": 18}","{""COW"": 14, ""SHEEP"": 3}",2,42
325,13,13,0,19005.0,8,8,3,"{""STRAWBERRY"": 38, ""WHEAT"": 9, ""MELON"": 6, ""CARROT"": 2}","{""SHEEP"": 3, ""COW"": 11, ""GOOSE"": 5}",0,19
325,13,13,1,12693.0,11,11,3,"{""STRAWBERRY"": 37, ""WHEAT"": 17}","{""COW"": 14, ""SHEEP"": 3}",1,42
326,13,14,0,19005.0,8,8,3,"{""STRAWBERRY"": 38, ""WHEAT"": 10, ""MELON"": 6, ""CARROT"": 2}","{""SHEEP"": 3, ""COW"": 11, ""GOOSE"": 5}",0,19
326,13,14,1,12683.0,11,11,3,"{""STRAWBERRY"": 37, ""WHEAT"": 19}","{""COW"": 14, ""SHEEP"": 3}",1,42
327,13,15,0,19005.0,8,8,3,"{""STRAWBERRY"": 38, ""WHEAT"": 10, ""MELON"": 6, ""CARROT"": 2}","{""SHEEP"": 3, ""COW"": 11, ""GOOSE"": 5}",0,19
327,13,15,1,12673.0,11,11,3,"{""STRAWBERRY"": 37, ""WHEAT"": 18}","{""COW"": 14, ""SHEEP"": 3}",1,42
328,13,16,0,19005.0,8,8,3,"{""STRAWBERRY"": 38, ""WHEAT"": 10, ""MELON"": 6, ""CARROT"": 2}","{""SHEEP"": 3, ""COW"": 11, ""GOOSE"": 5}",0,19
328,13,16,1,12663.0,11,11,3,"{""STRAWBERRY"": 37, ""WHEAT"": 19}","{""COW"": 14, ""SHEEP"": 3}",1,42
329,13,17,0,19005.0,8,8,3,"{""STRAWBERRY"": 38, ""WHEAT"": 10, ""MELON"": 6, ""CARROT"": 2}","{""SHEEP"": 3, ""COW"": 11, ""GOOSE"": 5}",0,19
329,13,17,1,12653.0,11,11,3,"{""STRAWBERRY"": 37, ""WHEAT"": 19}","{""COW"": 14, ""SHEEP"": 3}",0,42
330,13,18,0,19005.0,8,8,3,"{""STRAWBERRY"": 38, ""WHEAT"": 10, ""MELON"": 6, ""CARROT"": 2}","{""SHEEP"": 3, ""COW"": 11, ""GOOSE"": 5}",0,19
330,13,18,1,12864.0,11,11,3,"{""STRAWBERRY"": 37, ""WHEAT"": 19}","{""COW"": 14, ""SHEEP"": 3}",0,41
331,13,19,0,19005.0,8,8,3,"{""STRAWBERRY"": 38, ""WHEAT"": 10, ""MELON"": 6, ""CARROT"": 2}","{""SHEEP"": 3, ""COW"": 11, ""GOOSE"": 5}",0,19
331,13,19,1,12854.0,11,11,3,"{""STRAWBERRY"": 37, ""WHEAT"": 20}","{""COW"": 14, ""SHEEP"": 3}",0,41
332,13,20,0,19005.0,8,8,3,"{""STRAWBERRY"": 38, ""WHEAT"": 10, ""MELON"": 6, ""CARROT"": 2}","{""SHEEP"": 3, ""COW"": 11, ""GOOSE"": 5}",0,19
332,13,20,1,12844.0,11,11,3,"{""STRAWBERRY"": 37, ""WHEAT"": 19}","{""COW"": 14, ""SHEEP"": 3}",0,41
333,13,21,0,19005.0,8,8,3,"{""STRAWBERRY"": 38, ""WHEAT"": 10, ""MELON"": 6, ""CARROT"": 2}","{""SHEEP"": 3, ""COW"": 11, ""GOOSE"": 5}",0,19
333,13,21,1,12834.0,11,11,3,"{""STRAWBERRY"": 37, ""WHEAT"": 20}","{""COW"": 14, ""SHEEP"": 3}",0,41
334,13,22,0,19005.0,8,8,3,"{""STRAWBERRY"": 38, ""WHEAT"": 9, ""MELON"": 6, ""CARROT"": 2}","{""SHEEP"": 3, ""COW"": 11, ""GOOSE"": 5}",0,19
334,13,22,1,12834.0,11,11,3,"{""STRAWBERRY"": 37, ""WHEAT"": 20}","{""COW"": 14, ""SHEEP"": 3}",0,41
335,13,23,0,21367.0,8,8,3,"{""STRAWBERRY"": 38, ""WHEAT"": 10, ""MELON"": 6, ""CARROT"": 2}","{""SHEEP"": 3, ""COW"": 11, ""GOOSE"": 5}",0,19
335,13,23,1,12834.0,11,11,3,"{""STRAWBERRY"": 37, ""WHEAT"": 20}","{""COW"": 14, ""SHEEP"": 3}",0,41
336,14,0,0,22807.0,0,0,3,"{""STRAWBERRY"": 38, ""WHEAT"": 10, ""MELON"": 6, ""CARROT"": 2}","{""SHEEP"": 3, ""COW"": 11, ""GOOSE"": 5}",0,56
336,14,0,1,12834.0,0,0,3,"{""STRAWBERRY"": 37, ""WHEAT"": 20}","{""COW"": 14, ""SHEEP"": 3}",0,92
337,14,1,0,23200.0,6,6,3,"{""STRAWBERRY"": 38, ""WHEAT"": 10, ""MELON"": 6, ""CARROT"": 2}","{""SHEEP"": 3, ""COW"": 11, ""GOOSE"": 5}",0,44
337,14,1,1,13330.0,8,8,3,"{""STRAWBERRY"": 37, ""WHEAT"": 20}","{""COW"": 14, ""SHEEP"": 3}",0,81
338,14,2,0,23132.0,9,9,3,"{""STRAWBERRY"": 38, ""WHEAT"": 10, ""MELON"": 6, ""CARROT"": 2}","{""SHEEP"": 3, ""COW"": 11, ""GOOSE"": 5}",0,44
338,14,2,1,12727.0,11,11,3,"{""STRAWBERRY"": 37, ""WHEAT"": 20}","{""COW"": 14, ""SHEEP"": 3}",0,85
339,14,3,0,23132.0,9,9,3,"{""STRAWBERRY"": 38, ""WHEAT"": 10, ""MELON"": 6, ""CARROT"": 2}","{""SHEEP"": 3, ""COW"": 11, ""GOOSE"": 5}",0,23
339,14,3,1,13366.0,11,11,3,"{""STRAWBERRY"": 37, ""WHEAT"": 20}","{""COW"": 14, ""SHEEP"": 3}",0,73
340,14,4,0,23132.0,9,9,3,"{""STRAWBERRY"": 38, ""WHEAT"": 10, ""MELON"": 6, ""CARROT"": 2}","{""SHEEP"": 3, ""COW"": 11, ""GOOSE"": 5}",0,23
340,14,4,1,14623.0,11,11,3,"{""STRAWBERRY"": 37, ""WHEAT"": 20}","{""COW"": 14, ""SHEEP"": 3}",0,63
341,14,5,0,23132.0,9,9,3,"{""STRAWBERRY"": 38, ""WHEAT"": 10, ""MELON"": 6, ""CARROT"": 2}","{""SHEEP"": 3, ""COW"": 11, ""GOOSE"": 5}",0,23
341,14,5,1,14623.0,11,11,3,"{""STRAWBERRY"": 37, ""WHEAT"": 20}","{""COW"": 14, ""SHEEP"": 3}",0,69
342,14,6,0,23132.0,9,9,3,"{""STRAWBERRY"": 38, ""WHEAT"": 10, ""MELON"": 6, ""CARROT"": 2}","{""SHEEP"": 3, ""COW"": 11, ""GOOSE"": 5}",0,23
342,14,6,1,15861.0,11,11,3,"{""STRAWBERRY"": 37, ""WHEAT"": 19}","{""COW"": 14, ""SHEEP"": 3}",0,69
343,14,7,0,23132.0,9,9,3,"{""STRAWBERRY"": 38, ""WHEAT"": 10, ""MELON"": 6, ""CARROT"": 2}","{""SHEEP"": 3, ""COW"": 11, ""GOOSE"": 5}",0,23
343,14,7,1,17059.0,11,11,3,"{""STRAWBERRY"": 37, ""WHEAT"": 19}","{""COW"": 14, ""SHEEP"": 3}",0,66
344,14,8,0,23132.0,9,9,3,"{""STRAWBERRY"": 38, ""WHEAT"": 10, ""MELON"": 6, ""CARROT"": 2}","{""SHEEP"": 3, ""COW"": 11, ""GOOSE"": 5}",0,23
344,14,8,1,17640.0,11,11,3,"{""STRAWBERRY"": 37, ""WHEAT"": 20}","{""COW"": 14, ""SHEEP"": 3}",0,60
345,14,9,0,23132.0,9,9,3,"{""STRAWBERRY"": 38, ""WHEAT"": 9, ""MELON"": 6, ""CARROT"": 2}","{""SHEEP"": 3, ""COW"": 11, ""GOOSE"": 5}",0,23
345,14,9,1,17640.0,11,11,3,"{""STRAWBERRY"": 37, ""WHEAT"": 20}","{""COW"": 14, ""SHEEP"": 3}",0,66
346,14,10,0,23132.0,9,9,3,"{""STRAWBERRY"": 38, ""WHEAT"": 10, ""MELON"": 6, ""CARROT"": 2}","{""SHEEP"": 3, ""COW"": 11, ""GOOSE"": 5}",0,23
346,14,10,1,18806.0,11,11,3,"{""STRAWBERRY"": 37, ""WHEAT"": 20}","{""COW"": 14, ""SHEEP"": 3}",0,57
347,14,11,0,23132.0,9,9,3,"{""STRAWBERRY"": 38, ""WHEAT"": 10, ""MELON"": 6, ""CARROT"": 2}","{""SHEEP"": 3, ""COW"": 11, ""GOOSE"": 5}",0,23
347,14,11,1,18806.0,11,11,3,"{""STRAWBERRY"": 37, ""WHEAT"": 20}","{""COW"": 14, ""SHEEP"": 3}",0,63
348,14,12,0,23132.0,9,9,3,"{""STRAWBERRY"": 38, ""WHEAT"": 9, ""MELON"": 6, ""CARROT"": 2}","{""SHEEP"": 3, ""COW"": 11, ""GOOSE"": 5}",0,23
348,14,12,1,18996.0,11,11,3,"{""STRAWBERRY"": 37, ""WHEAT"": 19}","{""COW"": 14, ""SHEEP"": 3}",0,65
349,14,13,0,23132.0,9,9,3,"{""STRAWBERRY"": 38, ""WHEAT"": 10, ""MELON"": 6, ""CARROT"": 2}","{""SHEEP"": 3, ""COW"": 11, ""GOOSE"": 5}",0,23
349,14,13,1,19596.0,11,11,3,"{""STRAWBERRY"": 37, ""WHEAT"": 20}","{""COW"": 14, ""SHEEP"": 3}",0,55
350,14,14,0,23132.0,9,9,3,"{""STRAWBERRY"": 38, ""WHEAT"": 9, ""MELON"": 6, ""CARROT"": 2}","{""SHEEP"": 3, ""COW"": 11, ""GOOSE"": 5}",0,23
350,14,14,1,19536.0,11,11,3,"{""STRAWBERRY"": 37, ""WHEAT"": 20}","{""COW"": 14, ""SHEEP"": 3}",0,55
351,14,15,0,23132.0,9,9,3,"{""STRAWBERRY"": 38, ""WHEAT"": 10, ""MELON"": 6, ""CARROT"": 2}","{""SHEEP"": 3, ""COW"": 11, ""GOOSE"": 5}",0,23
351,14,15,1,19536.0,11,11,3,"{""STRAWBERRY"": 37, ""WHEAT"": 20}","{""COW"": 14, ""SHEEP"": 3}",0,55
352,14,16,0,23132.0,9,9,3,"{""STRAWBERRY"": 38, ""MELON"": 6, ""WHEAT"": 9, ""CARROT"": 2}","{""SHEEP"": 3, ""COW"": 11, ""GOOSE"": 5}",0,23
352,14,16,1,19536.0,11,11,3,"{""STRAWBERRY"": 37, ""WHEAT"": 20}","{""COW"": 14, ""SHEEP"": 3}",0,55
353,14,17,0,23132.0,9,9,3,"{""STRAWBERRY"": 38, ""WHEAT"": 10, ""MELON"": 6, ""CARROT"": 2}","{""SHEEP"": 3, ""COW"": 11, ""GOOSE"": 5}",0,23
353,14,17,1,19536.0,11,11,3,"{""STRAWBERRY"": 37, ""WHEAT"": 19}","{""COW"": 14, ""SHEEP"": 3}",0,55
354,14,18,0,23132.0,9,9,3,"{""STRAWBERRY"": 38, ""WHEAT"": 10, ""MELON"": 6, ""CARROT"": 2}","{""SHEEP"": 3, ""COW"": 11, ""GOOSE"": 5}",0,23
354,14,18,1,19907.0,11,11,3,"{""STRAWBERRY"": 37, ""WHEAT"": 20}","{""COW"": 14, ""SHEEP"": 3}",0,53
355,14,19,0,23132.0,9,9,3,"{""STRAWBERRY"": 38, ""WHEAT"": 10, ""MELON"": 6, ""CARROT"": 1}","{""SHEEP"": 3, ""COW"": 11, ""GOOSE"": 5}",0,23
355,14,19,1,19897.0,11,11,3,"{""STRAWBERRY"": 37, ""WHEAT"": 20}","{""COW"": 14, ""SHEEP"": 3}",0,53
356,14,20,0,23132.0,9,9,3,"{""STRAWBERRY"": 38, ""WHEAT"": 10, ""MELON"": 7, ""CARROT"": 1}","{""SHEEP"": 3, ""COW"": 11, ""GOOSE"": 5}",0,23
356,14,20,1,19897.0,11,11,3,"{""STRAWBERRY"": 37, ""WHEAT"": 20}","{""COW"": 14, ""SHEEP"": 3}",0,53
357,14,21,0,23132.0,9,9,3,"{""STRAWBERRY"": 38, ""WHEAT"": 10, ""MELON"": 7, ""CARROT"": 1}","{""SHEEP"": 3, ""COW"": 11, ""GOOSE"": 5}",0,23
357,14,21,1,19897.0,11,11,3,"{""STRAWBERRY"": 37, ""WHEAT"": 20}","{""COW"": 14, ""SHEEP"": 3}",0,53
358,14,22,0,23132.0,9,9,3,"{""STRAWBERRY"": 38, ""WHEAT"": 10, ""MELON"": 7, ""CARROT"": 1}","{""SHEEP"": 3, ""COW"": 11, ""GOOSE"": 5}",0,23
358,14,22,1,20278.0,11,11,3,"{""STRAWBERRY"": 37, ""WHEAT"": 19}","{""COW"": 14, ""SHEEP"": 3}",0,51
359,14,23,0,23132.0,9,9,3,"{""STRAWBERRY"": 38, ""WHEAT"": 10, ""MELON"": 7, ""CARROT"": 1}","{""SHEEP"": 3, ""COW"": 11, ""GOOSE"": 5}",0,23
359,14,23,1,20395.0,11,11,3,"{""STRAWBERRY"": 37, ""WHEAT"": 20}","{""COW"": 14, ""SHEEP"": 3}",0,48
360,15,0,0,25239.0,0,0,3,"{""STRAWBERRY"": 38, ""WHEAT"": 10, ""MELON"": 7, ""CARROT"": 1}","{""SHEEP"": 3, ""COW"": 11, ""GOOSE"": 5}",0,64
360,15,0,1,21539.0,0,0,3,"{""STRAWBERRY"": 37, ""WHEAT"": 20}","{""COW"": 14, ""SHEEP"": 3}",0,100
361,15,1,0,20052.0,4,4,4,"{""STRAWBERRY"": 38, ""WHEAT"": 10, ""MELON"": 7, ""CARROT"": 1}","{""SHEEP"": 3, ""COW"": 11, ""GOOSE"": 5}",0,64
361,15,1,1,21864.0,8,8,3,"{""STRAWBERRY"": 37, ""WHEAT"": 20}","{""COW"": 14, ""SHEEP"": 3}",0,92
362,15,2,0,20102.0,11,11,4,"{""STRAWBERRY"": 38, ""WHEAT"": 10, ""MELON"": 7, ""CARROT"": 1}","{""SHEEP"": 3, ""COW"": 11, ""GOOSE"": 5}",0,58
362,15,2,1,21686.0,11,11,3,"{""STRAWBERRY"": 37, ""WHEAT"": 20}","{""COW"": 14, ""SHEEP"": 3}",0,74
363,15,3,0,20102.0,11,11,4,"{""STRAWBERRY"": 38, ""WHEAT"": 10, ""MELON"": 7, ""CARROT"": 1}","{""SHEEP"": 3, ""COW"": 11, ""GOOSE"": 5}",0,42
363,15,3,1,21686.0,11,11,3,"{""STRAWBERRY"": 37, ""WHEAT"": 20}","{""COW"": 14, ""SHEEP"": 3}",0,71
364,15,4,0,20102.0,11,11,4,"{""STRAWBERRY"": 38, ""WHEAT"": 10, ""MELON"": 7, ""CARROT"": 1}","{""SHEEP"": 3, ""COW"": 11, ""GOOSE"": 5}",0,37
364,15,4,1,21686.0,11,11,3,"{""STRAWBERRY"": 37, ""WHEAT"": 20}","{""COW"": 14, ""SHEEP"": 3}",0,75
365,15,5,0,20102.0,11,11,4,"{""STRAWBERRY"": 39, ""WHEAT"": 10, ""MELON"": 7, ""TOMATO"": 1, ""CARROT"": 1}","{""SHEEP"": 3, ""COW"": 11, ""GOOSE"": 5}",0,37
365,15,5,1,21686.0,11,11,3,"{""STRAWBERRY"": 37, ""WHEAT"": 19}","{""COW"": 14, ""SHEEP"": 3}",0,72
366,15,6,0,20102.0,11,11,4,"{""STRAWBERRY"": 39, ""WHEAT"": 10, ""MELON"": 7, ""TOMATO"": 2, ""CARROT"": 1}","{""SHEEP"": 3, ""COW"": 11, ""GOOSE"": 5}",0,37
366,15,6,1,21686.0,11,11,3,"{""STRAWBERRY"": 37, ""WHEAT"": 20}","{""COW"": 14, ""SHEEP"": 3}",0,75
367,15,7,0,20102.0,11,11,4,"{""STRAWBERRY"": 39, ""WHEAT"": 10, ""MELON"": 7, ""TOMATO"": 3, ""CARROT"": 1}","{""SHEEP"": 3, ""COW"": 11, ""GOOSE"": 5}",0,37
367,15,7,1,21686.0,11,11,3,"{""STRAWBERRY"": 37, ""WHEAT"": 20}","{""COW"": 14, ""SHEEP"": 3}",0,72
368,15,8,0,20102.0,11,11,4,"{""STRAWBERRY"": 39, ""WHEAT"": 11, ""MELON"": 7, ""TOMATO"": 4, ""CARROT"": 1}","{""SHEEP"": 3, ""COW"": 11, ""GOOSE"": 5}",0,37
368,15,8,1,21686.0,11,11,3,"{""STRAWBERRY"": 37, ""WHEAT"": 20}","{""COW"": 14, ""SHEEP"": 3}",0,72
369,15,9,0,20102.0,11,11,4,"{""STRAWBERRY"": 39, ""WHEAT"": 12, ""MELON"": 7, ""TOMATO"": 5, ""CARROT"": 1}","{""SHEEP"": 3, ""COW"": 11, ""GOOSE"": 5}",0,37
369,15,9,1,21686.0,11,11,3,"{""STRAWBERRY"": 37, ""WHEAT"": 20}","{""COW"": 14, ""SHEEP"": 3}",0,72
370,15,10,0,20102.0,11,11,4,"{""STRAWBERRY"": 39, ""WHEAT"": 12, ""MELON"": 7, ""TOMATO"": 6, ""CARROT"": 1}","{""SHEEP"": 3, ""COW"": 11, ""GOOSE"": 5}",0,37
370,15,10,1,21686.0,11,11,3,"{""STRAWBERRY"": 37, ""WHEAT"": 19}","{""COW"": 14, ""SHEEP"": 3}",0,72
371,15,11,0,20102.0,11,11,4,"{""STRAWBERRY"": 39, ""WHEAT"": 12, ""MELON"": 7, ""TOMATO"": 8, ""CARROT"": 1}","{""SHEEP"": 3, ""COW"": 11, ""GOOSE"": 5}",0,37
371,15,11,1,21871.0,11,11,3,"{""STRAWBERRY"": 37, ""WHEAT"": 20}","{""COW"": 14, ""SHEEP"": 3}",0,67
372,15,12,0,20102.0,11,11,4,"{""STRAWBERRY"": 39, ""WHEAT"": 12, ""MELON"": 8, ""TOMATO"": 9, ""CARROT"": 1}","{""SHEEP"": 3, ""COW"": 11, ""GOOSE"": 5}",0,37
372,15,12,1,21871.0,11,11,3,"{""STRAWBERRY"": 37, ""WHEAT"": 20}","{""COW"": 14, ""SHEEP"": 3}",0,67
373,15,13,0,20102.0,11,11,4,"{""STRAWBERRY"": 39, ""WHEAT"": 12, ""MELON"": 8, ""TOMATO"": 9, ""CARROT"": 1}","{""SHEEP"": 3, ""COW"": 11, ""GOOSE"": 5}",0,37
373,15,13,1,21861.0,11,11,3,"{""STRAWBERRY"": 37, ""WHEAT"": 20}","{""COW"": 14, ""SHEEP"": 3}",0,67
374,15,14,0,20102.0,11,11,4,"{""STRAWBERRY"": 39, ""WHEAT"": 13, ""MELON"": 8, ""TOMATO"": 9, ""CARROT"": 2}","{""SHEEP"": 3, ""COW"": 11, ""GOOSE"": 5}",0,37
374,15,14,1,21861.0,11,11,3,"{""STRAWBERRY"": 37, ""WHEAT"": 20}","{""COW"": 14, ""SHEEP"": 3}",0,67
375,15,15,0,20102.0,11,11,4,"{""STRAWBERRY"": 39, ""WHEAT"": 13, ""MELON"": 8, ""TOMATO"": 10, ""CARROT"": 2}","{""SHEEP"": 3, ""COW"": 11, ""GOOSE"": 5}",0,37
375,15,15,1,21861.0,11,11,3,"{""STRAWBERRY"": 37, ""WHEAT"": 20}","{""COW"": 14, ""SHEEP"": 3}",0,67
376,15,16,0,20102.0,11,11,4,"{""STRAWBERRY"": 39, ""WHEAT"": 13, ""MELON"": 8, ""TOMATO"": 10, ""CARROT"": 1}","{""SHEEP"": 3, ""COW"": 11, ""GOOSE"": 5}",0,37
376,15,16,1,21861.0,11,11,3,"{""STRAWBERRY"": 37, ""WHEAT"": 20}","{""COW"": 14, ""SHEEP"": 3}",0,67
377,15,17,0,20102.0,11,11,4,"{""STRAWBERRY"": 39, ""WHEAT"": 14, ""MELON"": 9, ""TOMATO"": 10, ""CARROT"": 2}","{""SHEEP"": 3, ""COW"": 11, ""GOOSE"": 5}",0,37
377,15,17,1,21861.0,11,11,3,"{""STRAWBERRY"": 37, ""WHEAT"": 19}","{""COW"": 14, ""SHEEP"": 3}",0,67
378,15,18,0,20102.0,11,11,4,"{""STRAWBERRY"": 39, ""WHEAT"": 14, ""MELON"": 9, ""TOMATO"": 10, ""CARROT"": 2}","{""SHEEP"": 3, ""COW"": 11, ""GOOSE"": 5}",0,37
378,15,18,1,21851.0,11,11,3,"{""STRAWBERRY"": 37, ""WHEAT"": 19, ""TOMATO"": 1}","{""COW"": 14, ""SHEEP"": 3}",0,67
379,15,19,0,20102.0,11,11,4,"{""STRAWBERRY"": 39, ""WHEAT"": 14, ""MELON"": 9, ""TOMATO"": 11, ""CARROT"": 2}","{""SHEEP"": 3, ""COW"": 11, ""GOOSE"": 5}",0,37
379,15,19,1,21801.0,11,11,3,"{""STRAWBERRY"": 37, ""WHEAT"": 19, ""TOMATO"": 1}","{""COW"": 14, ""SHEEP"": 3}",0,67
380,15,20,0,20102.0,11,11,4,"{""STRAWBERRY"": 39, ""WHEAT"": 15, ""MELON"": 9, ""TOMATO"": 12, ""CARROT"": 2}","{""SHEEP"": 3, ""COW"": 11, ""GOOSE"": 5}",0,37
380,15,20,1,21801.0,11,11,3,"{""STRAWBERRY"": 37, ""WHEAT"": 19, ""TOMATO"": 1}","{""COW"": 14, ""SHEEP"": 3}",0,67
381,15,21,0,20102.0,11,11,4,"{""STRAWBERRY"": 39, ""WHEAT"": 15, ""MELON"": 9, ""TOMATO"": 12, ""CARROT"": 2}","{""SHEEP"": 3, ""COW"": 11, ""GOOSE"": 5}",0,37
381,15,21,1,21801.0,11,11,3,"{""STRAWBERRY"": 37, ""WHEAT"": 18, ""TOMATO"": 1}","{""COW"": 14, ""SHEEP"": 3}",0,67
382,15,22,0,22297.0,11,11,4,"{""STRAWBERRY"": 39, ""WHEAT"": 14, ""MELON"": 10, ""TOMATO"": 12, ""CARROT"": 2}","{""SHEEP"": 3, ""COW"": 11, ""GOOSE"": 5}",0,25
382,15,22,1,21801.0,11,11,3,"{""STRAWBERRY"": 37, ""WHEAT"": 17, ""TOMATO"": 2}","{""COW"": 14, ""SHEEP"": 3}",0,67
383,15,23,0,22297.0,11,11,4,"{""STRAWBERRY"": 39, ""WHEAT"": 14, ""MELON"": 10, ""TOMATO"": 15, ""CARROT"": 2}","{""SHEEP"": 3, ""COW"": 11, ""GOOSE"": 5}",0,25
383,15,23,1,22035.0,11,11,3,"{""STRAWBERRY"": 37, ""WHEAT"": 18, ""TOMATO"": 2}","{""COW"": 14, ""SHEEP"": 3}",0,61
384,16,0,0,23823.0,0,0,4,"{""STRAWBERRY"": 36, ""WHEAT"": 14, ""MELON"": 10, ""TOMATO"": 15, ""CARROT"": 2}","{""SHEEP"": 3, ""COW"": 11, ""GOOSE"": 5}",3,62
384,16,0,1,22035.0,0,0,3,"{""STRAWBERRY"": 37, ""WHEAT"": 17, ""TOMATO"": 2}","{""COW"": 14, ""SHEEP"": 3}",1,100
385,16,1,0,23137.0,5,5,4,"{""STRAWBERRY"": 36, ""WHEAT"": 14, ""MELON"": 10, ""TOMATO"": 15, ""CARROT"": 2}","{""SHEEP"": 3, ""COW"": 11, ""GOOSE"": 5}",3,68
385,16,1,1,22202.0,8,8,3,"{""STRAWBERRY"": 37, ""WHEAT"": 17, ""TOMATO"": 2}","{""COW"": 14, ""SHEEP"": 3}",1,95
386,16,2,0,23730.0,11,11,4,"{""STRAWBERRY"": 36, ""WHEAT"": 14, ""MELON"": 10, ""TOMATO"": 15, ""CARROT"": 2}","{""SHEEP"": 3, ""COW"": 11, ""GOOSE"": 5}",3,58
386,16,2,1,21628.0,11,11,3,"{""STRAWBERRY"": 37, ""WHEAT"": 17, ""TOMATO"": 2}","{""COW"": 14, ""SHEEP"": 3}",1,100
387,16,3,0,23730.0,11,11,4,"{""STRAWBERRY"": 36, ""WHEAT"": 14, ""MELON"": 10, ""TOMATO"": 15, ""CARROT"": 2}","{""SHEEP"": 3, ""COW"": 11, ""GOOSE"": 5}",3,43
387,16,3,1,22057.0,11,11,3,"{""STRAWBERRY"": 37, ""WHEAT"": 17, ""TOMATO"": 2}","{""COW"": 14, ""SHEEP"": 3}",1,85
388,16,4,0,23730.0,11,11,4,"{""STRAWBERRY"": 36, ""WHEAT"": 14, ""MELON"": 10, ""TOMATO"": 15, ""CARROT"": 2}","{""SHEEP"": 3, ""COW"": 11, ""GOOSE"": 5}",3,40
388,16,4,1,22057.0,11,11,3,"{""STRAWBERRY"": 37, ""WHEAT"": 17, ""TOMATO"": 2}","{""COW"": 14, ""SHEEP"": 3}",1,88
389,16,5,0,24179.0,11,11,4,"{""STRAWBERRY"": 36, ""WHEAT"": 14, ""MELON"": 10, ""TOMATO"": 15, ""CARROT"": 2}","{""SHEEP"": 3, ""COW"": 11, ""GOOSE"": 5}",3,40
389,16,5,1,22462.0,11,11,3,"{""STRAWBERRY"": 37, ""WHEAT"": 15, ""TOMATO"": 2}","{""COW"": 14, ""SHEEP"": 3}",2,88
390,16,6,0,24179.0,11,11,4,"{""STRAWBERRY"": 36, ""WHEAT"": 14, ""MELON"": 10, ""TOMATO"": 15, ""CARROT"": 2}","{""SHEEP"": 3, ""COW"": 11, ""GOOSE"": 5}",3,40
390,16,6,1,22462.0,11,11,3,"{""STRAWBERRY"": 37, ""WHEAT"": 15, ""TOMATO"": 2}","{""COW"": 14, ""SHEEP"": 3}",2,88
391,16,7,0,24179.0,11,11,4,"{""STRAWBERRY"": 36, ""WHEAT"": 14, ""MELON"": 10, ""TOMATO"": 15, ""CARROT"": 2}","{""SHEEP"": 3, ""COW"": 11, ""GOOSE"": 5}",3,40
391,16,7,1,23767.0,11,11,3,"{""STRAWBERRY"": 37, ""WHEAT"": 16, ""TOMATO"": 2}","{""COW"": 14, ""SHEEP"": 3}",2,78
392,16,8,0,24179.0,11,11,4,"{""STRAWBERRY"": 36, ""WHEAT"": 14, ""MELON"": 10, ""TOMATO"": 15, ""CARROT"": 2}","{""SHEEP"": 3, ""COW"": 11, ""GOOSE"": 5}",3,40
392,16,8,1,24532.0,11,11,3,"{""STRAWBERRY"": 37, ""WHEAT"": 16, ""TOMATO"": 2}","{""COW"": 14, ""SHEEP"": 3}",2,72
393,16,9,0,24179.0,11,11,4,"{""STRAWBERRY"": 36, ""WHEAT"": 14, ""MELON"": 10, ""TOMATO"": 15, ""CARROT"": 2}","{""SHEEP"": 3, ""COW"": 11, ""GOOSE"": 5}",2,40
393,16,9,1,24532.0,11,11,3,"{""STRAWBERRY"": 37, ""WHEAT"": 16, ""TOMATO"": 2}","{""COW"": 14, ""SHEEP"": 3}",2,72
394,16,10,0,24179.0,11,11,4,"{""STRAWBERRY"": 36, ""WHEAT"": 14, ""MELON"": 10, ""TOMATO"": 16, ""CARROT"": 2}","{""SHEEP"": 3, ""COW"": 11, ""GOOSE"": 5}",2,40
394,16,10,1,25248.0,11,11,3,"{""STRAWBERRY"": 37, ""WHEAT"": 16, ""TOMATO"": 2}","{""COW"": 14, ""SHEEP"": 3}",2,69
395,16,11,0,24179.0,11,11,4,"{""STRAWBERRY"": 36, ""WHEAT"": 14, ""MELON"": 10, ""TOMATO"": 16, ""CARROT"": 2}","{""SHEEP"": 3, ""COW"": 11, ""GOOSE"": 5}",2,40
395,16,11,1,25248.0,11,11,3,"{""STRAWBERRY"": 37, ""WHEAT"": 16, ""TOMATO"": 2}","{""COW"": 14, ""SHEEP"": 3}",2,69
396,16,12,0,24179.0,11,11,4,"{""STRAWBERRY"": 36, ""WHEAT"": 14, ""MELON"": 10, ""TOMATO"": 16, ""CARROT"": 2}","{""SHEEP"": 3, ""COW"": 11, ""GOOSE"": 5}",2,40
396,16,12,1,25248.0,11,11,3,"{""STRAWBERRY"": 37, ""WHEAT"": 15, ""TOMATO"": 2}","{""COW"": 14, ""SHEEP"": 3}",2,69
397,16,13,0,24179.0,11,11,4,"{""STRAWBERRY"": 36, ""WHEAT"": 14, ""MELON"": 10, ""TOMATO"": 17, ""CARROT"": 2}","{""SHEEP"": 3, ""COW"": 11, ""GOOSE"": 5}",2,40
397,16,13,1,25238.0,11,11,3,"{""STRAWBERRY"": 37, ""WHEAT"": 16, ""TOMATO"": 2}","{""COW"": 14, ""SHEEP"": 3}",2,81
398,16,14,0,24179.0,11,11,4,"{""STRAWBERRY"": 36, ""WHEAT"": 14, ""MELON"": 10, ""TOMATO"": 17, ""CARROT"": 2}","{""SHEEP"": 3, ""COW"": 11, ""GOOSE"": 5}",2,40
398,16,14,1,26643.0,11,11,3,"{""STRAWBERRY"": 37, ""WHEAT"": 16, ""TOMATO"": 2}","{""COW"": 14, ""SHEEP"": 3}",2,67
399,16,15,0,24179.0,11,11,4,"{""STRAWBERRY"": 36, ""WHEAT"": 14, ""MELON"": 10, ""TOMATO"": 17, ""CARROT"": 2}","{""SHEEP"": 3, ""COW"": 11, ""GOOSE"": 5}",2,40
399,16,15,1,26643.0,11,11,3,"{""STRAWBERRY"": 37, ""WHEAT"": 16, ""TOMATO"": 2}","{""COW"": 14, ""SHEEP"": 3}",2,67
400,16,16,0,24179.0,11,11,4,"{""STRAWBERRY"": 36, ""WHEAT"": 14, ""MELON"": 10, ""TOMATO"": 17, ""CARROT"": 2}","{""SHEEP"": 3, ""COW"": 11, ""GOOSE"": 5}",2,40
400,16,16,1,26643.0,11,11,3,"{""STRAWBERRY"": 37, ""WHEAT"": 16, ""TOMATO"": 2}","{""COW"": 14, ""SHEEP"": 3}",2,67
401,16,17,0,24179.0,11,11,4,"{""STRAWBERRY"": 36, ""WHEAT"": 14, ""MELON"": 10, ""TOMATO"": 17, ""CARROT"": 2}","{""SHEEP"": 3, ""COW"": 11, ""GOOSE"": 5}",2,40
401,16,17,1,26643.0,11,11,3,"{""STRAWBERRY"": 37, ""WHEAT"": 16, ""TOMATO"": 2}","{""COW"": 14, ""SHEEP"": 3}",2,67
402,16,18,0,24179.0,11,11,4,"{""STRAWBERRY"": 36, ""WHEAT"": 14, ""MELON"": 10, ""TOMATO"": 17, ""CARROT"": 2}","{""SHEEP"": 3, ""COW"": 11, ""GOOSE"": 5}",1,40
402,16,18,1,26643.0,11,11,3,"{""STRAWBERRY"": 37, ""WHEAT"": 15, ""TOMATO"": 2}","{""COW"": 14, ""SHEEP"": 3}",2,67
403,16,19,0,24179.0,11,11,4,"{""STRAWBERRY"": 37, ""WHEAT"": 13, ""MELON"": 10, ""TOMATO"": 17, ""CARROT"": 2}","{""SHEEP"": 3, ""COW"": 11, ""GOOSE"": 5}",1,40
403,16,19,1,26643.0,11,11,3,"{""STRAWBERRY"": 37, ""WHEAT"": 15, ""TOMATO"": 3}","{""COW"": 14, ""SHEEP"": 3}",2,67
404,16,20,0,24179.0,11,11,4,"{""STRAWBERRY"": 37, ""WHEAT"": 13, ""MELON"": 11, ""TOMATO"": 17, ""CARROT"": 2}","{""SHEEP"": 3, ""COW"": 11, ""GOOSE"": 5}",1,40
404,16,20,1,26593.0,11,11,3,"{""STRAWBERRY"": 37, ""WHEAT"": 15, ""TOMATO"": 3}","{""COW"": 14, ""SHEEP"": 3}",2,76
405,16,21,0,24179.0,11,11,4,"{""STRAWBERRY"": 37, ""WHEAT"": 13, ""MELON"": 11, ""TOMATO"": 17, ""CARROT"": 2}","{""SHEEP"": 3, ""COW"": 11, ""GOOSE"": 5}",1,40
405,16,21,1,26929.0,11,11,3,"{""STRAWBERRY"": 37, ""WHEAT"": 15, ""TOMATO"": 3}","{""COW"": 14, ""SHEEP"": 3}",2,73
406,16,22,0,24179.0,11,11,4,"{""STRAWBERRY"": 37, ""WHEAT"": 12, ""MELON"": 11, ""TOMATO"": 17, ""CARROT"": 2}","{""SHEEP"": 3, ""COW"": 11, ""GOOSE"": 5}",0,40
406,16,22,1,27891.0,11,11,3,"{""STRAWBERRY"": 37, ""WHEAT"": 15, ""TOMATO"": 3}","{""COW"": 14, ""SHEEP"": 3}",1,69
407,16,23,0,24179.0,11,11,4,"{""STRAWBERRY"": 38, ""WHEAT"": 12, ""MELON"": 11, ""TOMATO"": 18, ""CARROT"": 2}","{""SHEEP"": 3, ""COW"": 11, ""GOOSE"": 5}",0,40
407,16,23,1,32838.0,11,11,3,"{""STRAWBERRY"": 37, ""WHEAT"": 16, ""TOMATO"": 3}","{""COW"": 14, ""SHEEP"": 3}",1,51
408,17,0,0,25302.0,0,0,4,"{""STRAWBERRY"": 37, ""WHEAT"": 12, ""MELON"": 11, ""TOMATO"": 18, ""CARROT"": 2}","{""SHEEP"": 2, ""COW"": 9, ""GOOSE"": 5}",1,84
408,17,0,1,36078.0,0,0,3,"{""STRAWBERRY"": 37, ""WHEAT"": 16, ""TOMATO"": 3}","{""COW"": 14, ""SHEEP"": 3}",1,82
409,17,1,0,27658.0,2,2,4,"{""STRAWBERRY"": 37, ""WHEAT"": 12, ""MELON"": 11, ""TOMATO"": 18, ""CARROT"": 2}","{""SHEEP"": 2, ""COW"": 9, ""GOOSE"": 5}",1,53
409,17,1,1,36278.0,8,8,3,"{""STRAWBERRY"": 37, ""WHEAT"": 16, ""TOMATO"": 3}","{""COW"": 14, ""SHEEP"": 3}",1,73
410,17,2,0,27428.0,11,11,4,"{""STRAWBERRY"": 37, ""WHEAT"": 12, ""MELON"": 11, ""TOMATO"": 18, ""CARROT"": 2}","{""SHEEP"": 2, ""COW"": 9, ""GOOSE"": 5}",1,53
410,17,2,1,35620.0,11,11,3,"{""STRAWBERRY"": 37, ""WHEAT"": 16, ""TOMATO"": 3}","{""COW"": 14, ""SHEEP"": 3}",1,72
411,17,3,0,27428.0,11,11,4,"{""STRAWBERRY"": 37, ""WHEAT"": 12, ""MELON"": 11, ""TOMATO"": 18, ""CARROT"": 2}","{""SHEEP"": 2, ""COW"": 9, ""GOOSE"": 5}",1,40
411,17,3,1,37591.0,11,11,3,"{""STRAWBERRY"": 37, ""WHEAT"": 16, ""TOMATO"": 3}","{""COW"": 14, ""SHEEP"": 3}",1,66
412,17,4,0,27428.0,11,11,4,"{""STRAWBERRY"": 37, ""WHEAT"": 12, ""MELON"": 11, ""TOMATO"": 18, ""CARROT"": 2}","{""SHEEP"": 2, ""COW"": 9, ""GOOSE"": 5}",1,40
412,17,4,1,37591.0,11,11,3,"{""STRAWBERRY"": 37, ""WHEAT"": 16, ""TOMATO"": 3}","{""COW"": 14, ""SHEEP"": 3}",1,66
413,17,5,0,27428.0,11,11,4,"{""STRAWBERRY"": 37, ""WHEAT"": 12, ""MELON"": 11, ""TOMATO"": 18, ""CARROT"": 2}","{""SHEEP"": 2, ""COW"": 9, ""GOOSE"": 5}",0,40
413,17,5,1,37591.0,11,11,3,"{""STRAWBERRY"": 37, ""WHEAT"": 16, ""TOMATO"": 3}","{""COW"": 14, ""SHEEP"": 3}",1,72
414,17,6,0,27428.0,11,11,4,"{""STRAWBERRY"": 37, ""WHEAT"": 11, ""MELON"": 11, ""TOMATO"": 19, ""CARROT"": 2}","{""SHEEP"": 2, ""COW"": 9, ""GOOSE"": 5}",0,40
414,17,6,1,38059.0,11,11,3,"{""STRAWBERRY"": 37, ""WHEAT"": 15, ""TOMATO"": 3}","{""COW"": 14, ""SHEEP"": 3}",1,70
415,17,7,0,27428.0,11,11,4,"{""STRAWBERRY"": 37, ""WHEAT"": 11, ""MELON"": 11, ""TOMATO"": 20, ""CARROT"": 2}","{""SHEEP"": 2, ""COW"": 9, ""GOOSE"": 5}",0,40
415,17,7,1,39028.0,11,11,3,"{""STRAWBERRY"": 37, ""WHEAT"": 16, ""TOMATO"": 3}","{""COW"": 14, ""SHEEP"": 3}",1,66
416,17,8,0,27428.0,11,11,4,"{""STRAWBERRY"": 37, ""WHEAT"": 12, ""MELON"": 11, ""TOMATO"": 20, ""CARROT"": 2}","{""SHEEP"": 2, ""COW"": 9, ""GOOSE"": 5}",0,40
416,17,8,1,39028.0,11,11,3,"{""STRAWBERRY"": 37, ""WHEAT"": 16, ""TOMATO"": 3}","{""COW"": 14, ""SHEEP"": 3}",1,66
417,17,9,0,27428.0,11,11,4,"{""STRAWBERRY"": 37, ""WHEAT"": 12, ""MELON"": 11, ""TOMATO"": 20, ""CARROT"": 2}","{""SHEEP"": 2, ""COW"": 9, ""GOOSE"": 5}",0,40
417,17,9,1,39028.0,11,11,3,"{""STRAWBERRY"": 37, ""WHEAT"": 16, ""TOMATO"": 3}","{""COW"": 14, ""SHEEP"": 3}",1,66
418,17,10,0,27428.0,11,11,4,"{""STRAWBERRY"": 37, ""WHEAT"": 12, ""MELON"": 11, ""TOMATO"": 20, ""CARROT"": 2}","{""SHEEP"": 2, ""COW"": 9, ""GOOSE"": 5}",0,40
418,17,10,1,39494.0,11,11,3,"{""STRAWBERRY"": 37, ""WHEAT"": 15, ""TOMATO"": 3}","{""COW"": 14, ""SHEEP"": 3}",0,64
419,17,11,0,27428.0,11,11,4,"{""STRAWBERRY"": 37, ""WHEAT"": 12, ""MELON"": 11, ""TOMATO"": 20, ""CARROT"": 2}","{""SHEEP"": 2, ""COW"": 9, ""GOOSE"": 5}",0,40
419,17,11,1,39644.0,11,11,3,"{""STRAWBERRY"": 37, ""WHEAT"": 17, ""TOMATO"": 3}","{""COW"": 14, ""SHEEP"": 3}",0,60
420,17,12,0,27428.0,11,11,4,"{""STRAWBERRY"": 37, ""WHEAT"": 12, ""MELON"": 11, ""TOMATO"": 20, ""CARROT"": 2}","{""SHEEP"": 2, ""COW"": 9, ""GOOSE"": 5}",0,40
420,17,12,1,39594.0,11,11,3,"{""STRAWBERRY"": 37, ""WHEAT"": 16, ""TOMATO"": 3}","{""COW"": 14, ""SHEEP"": 3}",0,60
421,17,13,0,27428.0,11,11,4,"{""STRAWBERRY"": 37, ""WHEAT"": 11, ""MELON"": 11, ""TOMATO"": 21, ""CARROT"": 2}","{""SHEEP"": 2, ""COW"": 9, ""GOOSE"": 5}",0,40
421,17,13,1,39584.0,11,11,3,"{""STRAWBERRY"": 37, ""WHEAT"": 16, ""TOMATO"": 4}","{""COW"": 14, ""SHEEP"": 3}",0,60
422,17,14,0,27428.0,11,11,4,"{""STRAWBERRY"": 37, ""WHEAT"": 12, ""MELON"": 11, ""TOMATO"": 21, ""CARROT"": 2}","{""SHEEP"": 2, ""COW"": 9, ""GOOSE"": 5}",0,40
422,17,14,1,41675.0,11,11,3,"{""STRAWBERRY"": 37, ""WHEAT"": 16, ""TOMATO"": 4}","{""COW"": 14, ""SHEEP"": 3}",0,51
423,17,15,0,27428.0,11,11,4,"{""STRAWBERRY"": 37, ""WHEAT"": 11, ""MELON"": 11, ""TOMATO"": 21, ""CARROT"": 2}","{""SHEEP"": 2, ""COW"": 9, ""GOOSE"": 5}",0,40
423,17,15,1,41675.0,11,11,3,"{""STRAWBERRY"": 37, ""WHEAT"": 15, ""TOMATO"": 4}","{""COW"": 14, ""SHEEP"": 3}",0,51
424,17,16,0,27428.0,11,11,4,"{""STRAWBERRY"": 37, ""WHEAT"": 12, ""MELON"": 11, ""TOMATO"": 21, ""CARROT"": 2}","{""SHEEP"": 2, ""COW"": 9, ""GOOSE"": 5}",0,40
424,17,16,1,41785.0,11,11,3,"{""STRAWBERRY"": 37, ""WHEAT"": 16, ""TOMATO"": 4}","{""COW"": 14, ""SHEEP"": 3}",0,48
425,17,17,0,27428.0,11,11,4,"{""STRAWBERRY"": 37, ""WHEAT"": 12, ""MELON"": 11, ""TOMATO"": 21, ""CARROT"": 2}","{""SHEEP"": 2, ""COW"": 9, ""GOOSE"": 5}",0,40
425,17,17,1,41725.0,11,11,3,"{""STRAWBERRY"": 37, ""WHEAT"": 16, ""TOMATO"": 4}","{""COW"": 14, ""SHEEP"": 3}",0,54
426,17,18,0,27428.0,11,11,4,"{""STRAWBERRY"": 37, ""WHEAT"": 11, ""MELON"": 11, ""TOMATO"": 21, ""CARROT"": 2}","{""SHEEP"": 2, ""COW"": 9, ""GOOSE"": 5}",0,40
426,17,18,1,43110.0,11,11,3,"{""STRAWBERRY"": 37, ""WHEAT"": 16, ""TOMATO"": 4}","{""COW"": 14, ""SHEEP"": 3}",0,48
427,17,19,0,27428.0,11,11,4,"{""STRAWBERRY"": 37, ""WHEAT"": 12, ""MELON"": 11, ""TOMATO"": 21, ""CARROT"": 2}","{""SHEEP"": 2, ""COW"": 9, ""GOOSE"": 5}",0,40
427,17,19,1,43110.0,11,11,3,"{""STRAWBERRY"": 37, ""WHEAT"": 16, ""TOMATO"": 4}","{""COW"": 14, ""SHEEP"": 3}",0,48
428,17,20,0,27428.0,11,11,4,"{""STRAWBERRY"": 37, ""WHEAT"": 11, ""MELON"": 10, ""TOMATO"": 21, ""CARROT"": 2}","{""SHEEP"": 2, ""COW"": 9, ""GOOSE"": 5}",0,40
428,17,20,1,43110.0,11,11,3,"{""STRAWBERRY"": 37, ""TOMATO"": 4, ""WHEAT"": 14}","{""COW"": 14, ""SHEEP"": 3}",0,48
429,17,21,0,27428.0,11,11,4,"{""STRAWBERRY"": 37, ""WHEAT"": 12, ""TOMATO"": 23, ""MELON"": 10, ""CARROT"": 2}","{""SHEEP"": 2, ""COW"": 9, ""GOOSE"": 5}",0,40
429,17,21,1,43100.0,11,11,3,"{""STRAWBERRY"": 37, ""WHEAT"": 15, ""TOMATO"": 5}","{""COW"": 14, ""SHEEP"": 3}",0,48
430,17,22,0,27428.0,11,11,4,"{""STRAWBERRY"": 37, ""WHEAT"": 11, ""TOMATO"": 23, ""MELON"": 10, ""CARROT"": 2}","{""SHEEP"": 2, ""COW"": 9, ""GOOSE"": 5}",0,40
430,17,22,1,44678.0,11,11,3,"{""STRAWBERRY"": 37, ""WHEAT"": 14, ""TOMATO"": 5}","{""COW"": 14, ""SHEEP"": 3}",0,31
431,17,23,0,27428.0,11,11,4,"{""STRAWBERRY"": 37, ""WHEAT"": 12, ""TOMATO"": 23, ""MELON"": 10, ""CARROT"": 2}","{""SHEEP"": 2, ""COW"": 9, ""GOOSE"": 5}",0,40
431,17,23,1,44792.0,11,11,3,"{""STRAWBERRY"": 37, ""WHEAT"": 14, ""TOMATO"": 5}","{""COW"": 14, ""SHEEP"": 3}",0,29
432,18,0,0,32902.0,0,0,4,"{""STRAWBERRY"": 37, ""WHEAT"": 12, ""TOMATO"": 20, ""MELON"": 10, ""CARROT"": 2}","{""SHEEP"": 2, ""COW"": 8, ""GOOSE"": 5}",3,98
432,18,0,1,44792.0,0,0,3,"{""STRAWBERRY"": 37, ""WHEAT"": 13, ""TOMATO"": 5}","{""COW"": 14, ""SHEEP"": 3}",1,89
433,18,1,0,37478.0,2,2,4,"{""STRAWBERRY"": 37, ""WHEAT"": 12, ""TOMATO"": 20, ""MELON"": 10, ""CARROT"": 2}","{""SHEEP"": 2, ""COW"": 8, ""GOOSE"": 5}",3,63
433,18,1,1,44968.0,8,8,3,"{""STRAWBERRY"": 37, ""WHEAT"": 13, ""TOMATO"": 5}","{""COW"": 14, ""SHEEP"": 3}",1,83
434,18,2,0,37104.0,12,12,4,"{""STRAWBERRY"": 37, ""WHEAT"": 12, ""TOMATO"": 20, ""MELON"": 10, ""CARROT"": 2}","{""SHEEP"": 2, ""COW"": 8, ""GOOSE"": 5}",3,63
434,18,2,1,45126.0,11,11,3,"{""STRAWBERRY"": 37, ""WHEAT"": 13, ""TOMATO"": 5}","{""COW"": 14, ""SHEEP"": 3}",1,70
435,18,3,0,37104.0,12,12,4,"{""STRAWBERRY"": 37, ""WHEAT"": 12, ""TOMATO"": 20, ""MELON"": 10, ""CARROT"": 2}","{""SHEEP"": 2, ""COW"": 8, ""GOOSE"": 5}",3,42
435,18,3,1,46993.0,11,11,3,"{""STRAWBERRY"": 37, ""WHEAT"": 13, ""TOMATO"": 5}","{""COW"": 14, ""SHEEP"": 3}",1,59
436,18,4,0,37104.0,12,12,4,"{""STRAWBERRY"": 37, ""WHEAT"": 12, ""TOMATO"": 20, ""MELON"": 10, ""CARROT"": 2}","{""SHEEP"": 2, ""COW"": 8, ""GOOSE"": 5}",3,40
436,18,4,1,46993.0,11,11,3,"{""STRAWBERRY"": 37, ""WHEAT"": 13, ""TOMATO"": 5}","{""COW"": 14, ""SHEEP"": 3}",1,59
437,18,5,0,37104.0,12,12,4,"{""STRAWBERRY"": 37, ""WHEAT"": 12, ""TOMATO"": 20, ""MELON"": 10, ""CARROT"": 2}","{""SHEEP"": 2, ""COW"": 8, ""GOOSE"": 5}",3,40
437,18,5,1,46993.0,11,11,3,"{""STRAWBERRY"": 37, ""WHEAT"": 12, ""TOMATO"": 5}","{""COW"": 14, ""SHEEP"": 3}",1,59
438,18,6,0,37104.0,12,12,4,"{""STRAWBERRY"": 37, ""WHEAT"": 12, ""TOMATO"": 20, ""MELON"": 10, ""CARROT"": 2}","{""SHEEP"": 2, ""COW"": 8, ""GOOSE"": 5}",3,40
438,18,6,1,46993.0,11,11,3,"{""STRAWBERRY"": 37, ""WHEAT"": 13, ""TOMATO"": 5}","{""COW"": 14, ""SHEEP"": 3}",1,59
439,18,7,0,37104.0,12,12,4,"{""STRAWBERRY"": 37, ""WHEAT"": 12, ""TOMATO"": 20, ""MELON"": 10, ""CARROT"": 2}","{""SHEEP"": 2, ""COW"": 8, ""GOOSE"": 5}",3,40
439,18,7,1,46993.0,11,11,3,"{""STRAWBERRY"": 37, ""WHEAT"": 13, ""TOMATO"": 5}","{""COW"": 14, ""SHEEP"": 3}",1,59
440,18,8,0,37104.0,12,12,4,"{""STRAWBERRY"": 37, ""WHEAT"": 12, ""TOMATO"": 20, ""MELON"": 10, ""CARROT"": 2}","{""SHEEP"": 2, ""COW"": 8, ""GOOSE"": 5}",3,40
440,18,8,1,46993.0,11,11,3,"{""STRAWBERRY"": 37, ""WHEAT"": 13, ""TOMATO"": 5}","{""COW"": 14, ""SHEEP"": 3}",1,59
441,18,9,0,37104.0,12,12,4,"{""STRAWBERRY"": 37, ""WHEAT"": 12, ""TOMATO"": 20, ""MELON"": 10, ""CARROT"": 1}","{""SHEEP"": 2, ""COW"": 8, ""GOOSE"": 5}",3,40
441,18,9,1,46993.0,11,11,3,"{""STRAWBERRY"": 37, ""WHEAT"": 13, ""TOMATO"": 5}","{""COW"": 14, ""SHEEP"": 3}",1,59
442,18,10,0,37104.0,12,12,4,"{""STRAWBERRY"": 37, ""WHEAT"": 13, ""TOMATO"": 20, ""MELON"": 10, ""CARROT"": 1}","{""SHEEP"": 2, ""COW"": 8, ""GOOSE"": 5}",3,40
442,18,10,1,48827.0,11,11,3,"{""STRAWBERRY"": 37, ""WHEAT"": 12, ""TOMATO"": 5}","{""COW"": 14, ""SHEEP"": 3}",1,50
443,18,11,0,37104.0,12,12,4,"{""STRAWBERRY"": 37, ""WHEAT"": 13, ""TOMATO"": 20, ""MELON"": 10, ""CARROT"": 1}","{""SHEEP"": 2, ""COW"": 8, ""GOOSE"": 5}",3,40
443,18,11,1,49377.0,11,11,3,"{""STRAWBERRY"": 37, ""WHEAT"": 13, ""TOMATO"": 5}","{""COW"": 14, ""SHEEP"": 3}",1,36
444,18,12,0,37104.0,12,12,4,"{""STRAWBERRY"": 37, ""WHEAT"": 13, ""TOMATO"": 20, ""MELON"": 10, ""CARROT"": 1}","{""SHEEP"": 2, ""COW"": 8, ""GOOSE"": 5}",3,40
444,18,12,1,49327.0,11,11,3,"{""STRAWBERRY"": 36, ""WHEAT"": 13, ""TOMATO"": 5}","{""COW"": 14, ""SHEEP"": 3}",1,36
445,18,13,0,37104.0,12,12,4,"{""STRAWBERRY"": 37, ""WHEAT"": 13, ""TOMATO"": 20, ""MELON"": 10, ""CARROT"": 2}","{""SHEEP"": 2, ""COW"": 8, ""GOOSE"": 5}",3,40
445,18,13,1,49327.0,11,11,3,"{""STRAWBERRY"": 36, ""WHEAT"": 13, ""TOMATO"": 6}","{""COW"": 14, ""SHEEP"": 3}",1,36
446,18,14,0,37104.0,12,12,4,"{""STRAWBERRY"": 37, ""TOMATO"": 20, ""MELON"": 10, ""WHEAT"": 12, ""CARROT"": 1}","{""SHEEP"": 2, ""COW"": 8, ""GOOSE"": 5}",2,40
446,18,14,1,49327.0,11,11,3,"{""STRAWBERRY"": 36, ""WHEAT"": 13, ""TOMATO"": 6}","{""COW"": 14, ""SHEEP"": 3}",1,46
447,18,15,0,37104.0,12,12,4,"{""STRAWBERRY"": 37, ""CARROT"": 2, ""TOMATO"": 21, ""MELON"": 10, ""WHEAT"": 12}","{""SHEEP"": 2, ""COW"": 8, ""GOOSE"": 5}",2,40
447,18,15,1,49633.0,11,11,3,"{""STRAWBERRY"": 36, ""WHEAT"": 13, ""TOMATO"": 6}","{""COW"": 14, ""SHEEP"": 3}",1,41
448,18,16,0,37104.0,12,12,4,"{""STRAWBERRY"": 37, ""CARROT"": 2, ""TOMATO"": 21, ""MELON"": 10, ""WHEAT"": 13}","{""SHEEP"": 2, ""COW"": 8, ""GOOSE"": 5}",2,40
448,18,16,1,49633.0,11,11,3,"{""STRAWBERRY"": 36, ""WHEAT"": 13, ""TOMATO"": 6}","{""COW"": 14, ""SHEEP"": 3}",1,43
449,18,17,0,37104.0,12,12,4,"{""STRAWBERRY"": 37, ""CARROT"": 2, ""TOMATO"": 21, ""MELON"": 10, ""WHEAT"": 12}","{""SHEEP"": 2, ""COW"": 8, ""GOOSE"": 5}",2,40
449,18,17,1,49633.0,11,11,3,"{""STRAWBERRY"": 36, ""WHEAT"": 13, ""TOMATO"": 6}","{""COW"": 14, ""SHEEP"": 3}",1,52
450,18,18,0,37104.0,12,12,4,"{""STRAWBERRY"": 37, ""CARROT"": 2, ""TOMATO"": 21, ""MELON"": 10, ""WHEAT"": 13}","{""SHEEP"": 2, ""COW"": 8, ""GOOSE"": 5}",1,40
450,18,18,1,50104.0,11,11,3,"{""STRAWBERRY"": 36, ""WHEAT"": 12, ""TOMATO"": 6}","{""COW"": 14, ""SHEEP"": 3}",1,51
451,18,19,0,37104.0,12,12,4,"{""STRAWBERRY"": 37, ""CARROT"": 3, ""TOMATO"": 21, ""MELON"": 10, ""WHEAT"": 13}","{""SHEEP"": 2, ""COW"": 8, ""GOOSE"": 5}",0,40
451,18,19,1,50094.0,11,11,3,"{""STRAWBERRY"": 36, ""WHEAT"": 13, ""TOMATO"": 6}","{""COW"": 14, ""SHEEP"": 3}",1,51
452,18,20,0,37104.0,12,12,4,"{""STRAWBERRY"": 37, ""CARROT"": 3, ""TOMATO"": 21, ""MELON"": 10, ""WHEAT"": 14}","{""SHEEP"": 2, ""COW"": 8, ""GOOSE"": 5}",0,40
452,18,20,1,50034.0,11,11,3,"{""STRAWBERRY"": 35, ""WHEAT"": 13, ""TOMATO"": 6}","{""COW"": 14, ""SHEEP"": 3}",1,51
453,18,21,0,37104.0,12,12,4,"{""STRAWBERRY"": 37, ""CARROT"": 3, ""TOMATO"": 21, ""MELON"": 10, ""WHEAT"": 13}","{""SHEEP"": 2, ""COW"": 8, ""GOOSE"": 5}",0,40
453,18,21,1,50024.0,11,11,3,"{""TOMATO"": 7, ""STRAWBERRY"": 35, ""WHEAT"": 14}","{""COW"": 14, ""SHEEP"": 3}",1,51
454,18,22,0,37104.0,12,12,4,"{""STRAWBERRY"": 37, ""CARROT"": 3, ""TOMATO"": 22, ""MELON"": 10, ""WHEAT"": 13}","{""SHEEP"": 2, ""COW"": 8, ""GOOSE"": 5}",0,40
454,18,22,1,53553.0,11,11,3,"{""TOMATO"": 7, ""STRAWBERRY"": 35, ""WHEAT"": 14}","{""COW"": 14, ""SHEEP"": 3}",1,39
455,18,23,0,37104.0,12,12,4,"{""STRAWBERRY"": 37, ""CARROT"": 3, ""TOMATO"": 22, ""MELON"": 10, ""WHEAT"": 13}","{""SHEEP"": 2, ""COW"": 8, ""GOOSE"": 5}",0,40
455,18,23,1,53739.0,11,11,3,"{""TOMATO"": 7, ""STRAWBERRY"": 35, ""WHEAT"": 14}","{""COW"": 14, ""SHEEP"": 3}",1,47
456,19,0,0,37104.0,0,0,4,"{""STRAWBERRY"": 36, ""CARROT"": 3, ""TOMATO"": 22, ""MELON"": 10, ""WHEAT"": 13}","{""SHEEP"": 2, ""COW"": 7, ""GOOSE"": 5}",1,98
456,19,0,1,55154.0,0,0,3,"{""TOMATO"": 7, ""STRAWBERRY"": 35, ""WHEAT"": 14}","{""COW"": 14, ""SHEEP"": 3}",1,80
457,19,1,0,41252.0,2,2,4,"{""STRAWBERRY"": 36, ""CARROT"": 3, ""TOMATO"": 22, ""MELON"": 10, ""WHEAT"": 13}","{""SHEEP"": 2, ""COW"": 7, ""GOOSE"": 5}",1,34
457,19,1,1,55322.0,8,8,3,"{""TOMATO"": 7, ""STRAWBERRY"": 35, ""WHEAT"": 14}","{""COW"": 14, ""SHEEP"": 3}",1,70
458,19,2,0,41022.0,11,11,4,"{""STRAWBERRY"": 36, ""CARROT"": 3, ""TOMATO"": 22, ""MELON"": 10, ""WHEAT"": 13}","{""SHEEP"": 2, ""COW"": 7, ""GOOSE"": 5}",1,34
458,19,2,1,54664.0,11,11,3,"{""TOMATO"": 7, ""STRAWBERRY"": 35, ""WHEAT"": 14}","{""COW"": 14, ""SHEEP"": 3}",1,66
459,19,3,0,41022.0,11,11,4,"{""STRAWBERRY"": 36, ""CARROT"": 3, ""TOMATO"": 22, ""MELON"": 10, ""WHEAT"": 13}","{""SHEEP"": 2, ""COW"": 7, ""GOOSE"": 5}",1,19
459,19,3,1,55730.0,11,11,3,"{""TOMATO"": 7, ""STRAWBERRY"": 35, ""WHEAT"": 14}","{""COW"": 14, ""SHEEP"": 3}",1,63
460,19,4,0,41022.0,11,11,4,"{""STRAWBERRY"": 36, ""CARROT"": 3, ""TOMATO"": 22, ""MELON"": 10, ""WHEAT"": 13}","{""SHEEP"": 2, ""COW"": 7, ""GOOSE"": 5}",1,19
460,19,4,1,55730.0,11,11,3,"{""TOMATO"": 7, ""STRAWBERRY"": 35, ""WHEAT"": 14}","{""COW"": 14, ""SHEEP"": 3}",1,63
461,19,5,0,41022.0,11,11,4,"{""STRAWBERRY"": 36, ""CARROT"": 3, ""TOMATO"": 22, ""MELON"": 9, ""WHEAT"": 13}","{""SHEEP"": 2, ""COW"": 7, ""GOOSE"": 5}",1,19
461,19,5,1,56365.0,11,11,3,"{""TOMATO"": 7, ""STRAWBERRY"": 35, ""WHEAT"": 14}","{""COW"": 14, ""SHEEP"": 3}",1,60
462,19,6,0,41022.0,11,11,4,"{""STRAWBERRY"": 36, ""CARROT"": 4, ""TOMATO"": 22, ""MELON"": 9, ""WHEAT"": 13}","{""SHEEP"": 2, ""COW"": 7, ""GOOSE"": 5}",1,19
462,19,6,1,57000.0,11,11,3,"{""TOMATO"": 7, ""STRAWBERRY"": 35, ""WHEAT"": 12}","{""COW"": 14, ""SHEEP"": 3}",1,57
463,19,7,0,41863.0,11,11,4,"{""STRAWBERRY"": 36, ""CARROT"": 4, ""TOMATO"": 22, ""MELON"": 9, ""WHEAT"": 12}","{""SHEEP"": 2, ""COW"": 7, ""GOOSE"": 5}",1,19
463,19,7,1,57390.0,11,11,3,"{""TOMATO"": 7, ""STRAWBERRY"": 35, ""WHEAT"": 14}","{""COW"": 14, ""SHEEP"": 3}",1,47
464,19,8,0,41863.0,11,11,4,"{""STRAWBERRY"": 36, ""CARROT"": 5, ""TOMATO"": 22, ""MELON"": 9, ""WHEAT"": 12}","{""SHEEP"": 2, ""COW"": 7, ""GOOSE"": 5}",1,19
464,19,8,1,57390.0,11,11,3,"{""TOMATO"": 7, ""STRAWBERRY"": 35, ""WHEAT"": 14}","{""COW"": 14, ""SHEEP"": 3}",1,47
465,19,9,0,41863.0,11,11,4,"{""STRAWBERRY"": 36, ""CARROT"": 5, ""TOMATO"": 22, ""MELON"": 9, ""WHEAT"": 12}","{""SHEEP"": 2, ""COW"": 7, ""GOOSE"": 5}",1,19
465,19,9,1,57390.0,11,11,3,"{""TOMATO"": 7, ""STRAWBERRY"": 35, ""WHEAT"": 14}","{""COW"": 14, ""SHEEP"": 3}",1,47
466,19,10,0,41863.0,11,11,4,"{""STRAWBERRY"": 36, ""CARROT"": 5, ""TOMATO"": 22, ""MELON"": 8, ""WHEAT"": 12}","{""SHEEP"": 2, ""COW"": 7, ""GOOSE"": 5}",1,19
466,19,10,1,57810.0,11,11,3,"{""TOMATO"": 7, ""STRAWBERRY"": 35, ""WHEAT"": 14}","{""COW"": 14, ""SHEEP"": 3}",1,45
467,19,11,0,41863.0,11,11,4,"{""STRAWBERRY"": 36, ""CARROT"": 5, ""TOMATO"": 22, ""MELON"": 8, ""WHEAT"": 13}","{""SHEEP"": 2, ""COW"": 7, ""GOOSE"": 5}",1,19
467,19,11,1,57810.0,11,11,3,"{""TOMATO"": 7, ""STRAWBERRY"": 35, ""WHEAT"": 14}","{""COW"": 14, ""SHEEP"": 3}",1,45
468,19,12,0,41863.0,11,11,4,"{""STRAWBERRY"": 36, ""CARROT"": 5, ""TOMATO"": 22, ""MELON"": 8, ""WHEAT"": 13}","{""SHEEP"": 2, ""COW"": 7, ""GOOSE"": 5}",1,19
468,19,12,1,57800.0,11,11,3,"{""TOMATO"": 7, ""STRAWBERRY"": 34, ""WHEAT"": 14}","{""COW"": 14, ""SHEEP"": 3}",1,45
469,19,13,0,41863.0,11,11,4,"{""STRAWBERRY"": 36, ""CARROT"": 5, ""TOMATO"": 22, ""MELON"": 8, ""WHEAT"": 13}","{""SHEEP"": 2, ""COW"": 7, ""GOOSE"": 5}",1,19
469,19,13,1,57790.0,11,11,3,"{""TOMATO"": 7, ""STRAWBERRY"": 34, ""WHEAT"": 15}","{""COW"": 14, ""SHEEP"": 3}",1,45
470,19,14,0,41863.0,11,11,4,"{""STRAWBERRY"": 36, ""CARROT"": 5, ""TOMATO"": 22, ""MELON"": 8, ""WHEAT"": 13}","{""SHEEP"": 2, ""COW"": 7, ""GOOSE"": 5}",1,19
470,19,14,1,58830.0,11,11,3,"{""TOMATO"": 7, ""STRAWBERRY"": 34, ""WHEAT"": 15}","{""COW"": 14, ""SHEEP"": 3}",1,40
471,19,15,0,41863.0,11,11,4,"{""STRAWBERRY"": 36, ""CARROT"": 5, ""TOMATO"": 22, ""MELON"": 7, ""WHEAT"": 13}","{""SHEEP"": 2, ""COW"": 7, ""GOOSE"": 5}",0,19
471,19,15,1,58830.0,11,11,3,"{""TOMATO"": 7, ""STRAWBERRY"": 34, ""WHEAT"": 15}","{""COW"": 14, ""SHEEP"": 3}",1,40
472,19,16,0,41863.0,11,11,4,"{""STRAWBERRY"": 36, ""CARROT"": 5, ""TOMATO"": 22, ""MELON"": 7, ""WHEAT"": 14}","{""SHEEP"": 2, ""COW"": 7, ""GOOSE"": 5}",0,19
472,19,16,1,58830.0,11,11,3,"{""TOMATO"": 7, ""STRAWBERRY"": 34, ""WHEAT"": 14}","{""COW"": 14, ""SHEEP"": 3}",1,40
473,19,17,0,41863.0,11,11,4,"{""STRAWBERRY"": 36, ""CARROT"": 6, ""TOMATO"": 22, ""MELON"": 7, ""WHEAT"": 14}","{""SHEEP"": 2, ""COW"": 7, ""GOOSE"": 5}",0,19
473,19,17,1,58820.0,11,11,3,"{""TOMATO"": 8, ""STRAWBERRY"": 34, ""WHEAT"": 13}","{""COW"": 14, ""SHEEP"": 3}",1,40
474,19,18,0,41863.0,11,11,4,"{""STRAWBERRY"": 36, ""CARROT"": 6, ""TOMATO"": 22, ""MELON"": 7, ""WHEAT"": 14}","{""SHEEP"": 2, ""COW"": 7, ""GOOSE"": 5}",0,19
474,19,18,1,58810.0,11,11,3,"{""TOMATO"": 8, ""STRAWBERRY"": 34, ""WHEAT"": 14}","{""COW"": 14, ""SHEEP"": 3}",1,40
475,19,19,0,41863.0,11,11,4,"{""STRAWBERRY"": 36, ""CARROT"": 6, ""TOMATO"": 22, ""MELON"": 7, ""WHEAT"": 14}","{""SHEEP"": 2, ""COW"": 7, ""GOOSE"": 5}",0,19
475,19,19,1,58800.0,11,11,3,"{""TOMATO"": 8, ""STRAWBERRY"": 34, ""WHEAT"": 14}","{""COW"": 14, ""SHEEP"": 3}",1,53
476,19,20,0,41863.0,11,11,4,"{""STRAWBERRY"": 36, ""TOMATO"": 23, ""CARROT"": 6, ""MELON"": 6, ""WHEAT"": 14}","{""SHEEP"": 2, ""COW"": 7, ""GOOSE"": 5}",0,19
476,19,20,1,60469.0,11,11,3,"{""TOMATO"": 8, ""STRAWBERRY"": 34, ""WHEAT"": 14}","{""COW"": 14, ""SHEEP"": 3}",1,45
477,19,21,0,41863.0,11,11,4,"{""STRAWBERRY"": 36, ""TOMATO"": 23, ""CARROT"": 6, ""MELON"": 6, ""WHEAT"": 15}","{""SHEEP"": 2, ""COW"": 7, ""GOOSE"": 5}",0,19
477,19,21,1,60459.0,11,11,3,"{""TOMATO"": 8, ""STRAWBERRY"": 34, ""WHEAT"": 14}","{""COW"": 14, ""SHEEP"": 3}",0,45
478,19,22,0,41863.0,11,11,4,"{""STRAWBERRY"": 36, ""TOMATO"": 23, ""CARROT"": 6, ""MELON"": 6, ""WHEAT"": 15}","{""SHEEP"": 2, ""COW"": 7, ""GOOSE"": 5}",0,19
478,19,22,1,60518.0,11,11,3,"{""TOMATO"": 8, ""STRAWBERRY"": 34, ""WHEAT"": 15}","{""COW"": 14, ""SHEEP"": 3}",0,44
479,19,23,0,41863.0,11,11,4,"{""STRAWBERRY"": 36, ""TOMATO"": 23, ""CARROT"": 6, ""MELON"": 6, ""WHEAT"": 15}","{""SHEEP"": 2, ""COW"": 7, ""GOOSE"": 5}",0,19
479,19,23,1,60518.0,11,11,3,"{""TOMATO"": 8, ""STRAWBERRY"": 34, ""WHEAT"": 15}","{""COW"": 14, ""SHEEP"": 3}",0,44
480,20,0,0,46917.0,0,0,4,"{""STRAWBERRY"": 36, ""TOMATO"": 23, ""CARROT"": 6, ""MELON"": 6, ""WHEAT"": 15}","{""SHEEP"": 2, ""COW"": 4, ""GOOSE"": 5}",0,91
480,20,0,1,60518.0,0,0,3,"{""TOMATO"": 8, ""STRAWBERRY"": 34, ""WHEAT"": 15}","{""COW"": 14, ""SHEEP"": 3}",0,83
481,20,1,0,51875.0,4,4,4,"{""STRAWBERRY"": 36, ""TOMATO"": 23, ""CARROT"": 6, ""MELON"": 6, ""WHEAT"": 15}","{""SHEEP"": 2, ""COW"": 4, ""GOOSE"": 5}",0,64
481,20,1,1,61361.0,8,8,3,"{""TOMATO"": 8, ""STRAWBERRY"": 34, ""WHEAT"": 15}","{""COW"": 14, ""SHEEP"": 3}",0,76
482,20,2,0,51650.0,11,11,4,"{""STRAWBERRY"": 36, ""TOMATO"": 23, ""CARROT"": 6, ""MELON"": 6, ""WHEAT"": 15}","{""SHEEP"": 2, ""COW"": 4, ""GOOSE"": 5}",0,53
482,20,2,1,61183.0,11,11,3,"{""TOMATO"": 8, ""STRAWBERRY"": 34, ""WHEAT"": 15}","{""COW"": 14, ""SHEEP"": 3}",0,70
483,20,3,0,51650.0,11,11,4,"{""STRAWBERRY"": 36, ""TOMATO"": 23, ""CARROT"": 6, ""MELON"": 6, ""WHEAT"": 15}","{""SHEEP"": 2, ""COW"": 4, ""GOOSE"": 5}",0,42
483,20,3,1,61183.0,11,11,3,"{""TOMATO"": 8, ""STRAWBERRY"": 34, ""WHEAT"": 15}","{""COW"": 14, ""SHEEP"": 3}",0,69
484,20,4,0,51650.0,11,11,4,"{""STRAWBERRY"": 36, ""TOMATO"": 23, ""CARROT"": 6, ""MELON"": 6, ""WHEAT"": 15}","{""SHEEP"": 2, ""COW"": 4, ""GOOSE"": 5}",0,40
484,20,4,1,61183.0,11,11,3,"{""TOMATO"": 8, ""STRAWBERRY"": 34, ""WHEAT"": 15}","{""COW"": 14, ""SHEEP"": 3}",0,69
485,20,5,0,51650.0,11,11,4,"{""STRAWBERRY"": 36, ""TOMATO"": 23, ""CARROT"": 6, ""MELON"": 6, ""WHEAT"": 15}","{""SHEEP"": 2, ""COW"": 4, ""GOOSE"": 5}",0,40
485,20,5,1,61183.0,11,11,3,"{""TOMATO"": 8, ""STRAWBERRY"": 34, ""WHEAT"": 15}","{""COW"": 14, ""SHEEP"": 3}",0,69
486,20,6,0,51650.0,11,11,4,"{""STRAWBERRY"": 36, ""TOMATO"": 23, ""CARROT"": 6, ""MELON"": 6, ""WHEAT"": 14}","{""SHEEP"": 2, ""COW"": 4, ""GOOSE"": 5}",0,40
486,20,6,1,61312.0,11,11,3,"{""TOMATO"": 8, ""STRAWBERRY"": 34, ""WHEAT"": 13}","{""COW"": 14, ""SHEEP"": 3}",0,67
487,20,7,0,51650.0,11,11,4,"{""STRAWBERRY"": 36, ""TOMATO"": 23, ""CARROT"": 6, ""MELON"": 6, ""WHEAT"": 16}","{""SHEEP"": 2, ""COW"": 4, ""GOOSE"": 5}",0,40
487,20,7,1,61786.0,11,11,3,"{""TOMATO"": 8, ""STRAWBERRY"": 34, ""WHEAT"": 15}","{""COW"": 14, ""SHEEP"": 3}",0,55
488,20,8,0,51650.0,11,11,4,"{""STRAWBERRY"": 36, ""TOMATO"": 23, ""CARROT"": 6, ""MELON"": 6, ""WHEAT"": 16}","{""SHEEP"": 2, ""COW"": 4, ""GOOSE"": 5}",0,40
488,20,8,1,61786.0,11,11,3,"{""TOMATO"": 8, ""STRAWBERRY"": 34, ""WHEAT"": 15}","{""COW"": 14, ""SHEEP"": 3}",0,55
489,20,9,0,51650.0,11,11,4,"{""STRAWBERRY"": 36, ""TOMATO"": 23, ""CARROT"": 6, ""MELON"": 6, ""WHEAT"": 16}","{""SHEEP"": 2, ""COW"": 4, ""GOOSE"": 5}",0,40
489,20,9,1,61786.0,11,11,3,"{""TOMATO"": 8, ""STRAWBERRY"": 34, ""WHEAT"": 15}","{""COW"": 14, ""SHEEP"": 3}",0,55
490,20,10,0,51650.0,11,11,4,"{""STRAWBERRY"": 36, ""TOMATO"": 23, ""CARROT"": 6, ""MELON"": 6, ""WHEAT"": 15}","{""SHEEP"": 2, ""COW"": 4, ""GOOSE"": 5}",0,40
490,20,10,1,62349.0,11,11,3,"{""TOMATO"": 8, ""STRAWBERRY"": 34, ""WHEAT"": 15}","{""COW"": 14, ""SHEEP"": 3}",0,52
491,20,11,0,51650.0,11,11,4,"{""STRAWBERRY"": 36, ""TOMATO"": 23, ""CARROT"": 6, ""MELON"": 6, ""WHEAT"": 15}","{""SHEEP"": 2, ""COW"": 4, ""GOOSE"": 5}",0,40
491,20,11,1,62349.0,11,11,3,"{""TOMATO"": 8, ""STRAWBERRY"": 34, ""WHEAT"": 14}","{""COW"": 14, ""SHEEP"": 3}",0,52
492,20,12,0,51650.0,11,11,4,"{""STRAWBERRY"": 36, ""TOMATO"": 23, ""CARROT"": 6, ""MELON"": 6, ""WHEAT"": 16}","{""SHEEP"": 2, ""COW"": 4, ""GOOSE"": 5}",0,40
492,20,12,1,62619.0,11,11,3,"{""TOMATO"": 8, ""STRAWBERRY"": 32, ""WHEAT"": 15}","{""COW"": 14, ""SHEEP"": 3}",0,45
493,20,13,0,51650.0,11,11,4,"{""STRAWBERRY"": 36, ""TOMATO"": 23, ""CARROT"": 6, ""MELON"": 6, ""WHEAT"": 16}","{""SHEEP"": 2, ""COW"": 4, ""GOOSE"": 5}",0,40
493,20,13,1,62609.0,11,11,3,"{""TOMATO"": 8, ""STRAWBERRY"": 32, ""WHEAT"": 16}","{""COW"": 14, ""SHEEP"": 3}",0,51
494,20,14,0,51650.0,11,11,4,"{""STRAWBERRY"": 36, ""TOMATO"": 23, ""CARROT"": 6, ""MELON"": 6, ""WHEAT"": 17}","{""SHEEP"": 2, ""COW"": 4, ""GOOSE"": 5}",0,40
494,20,14,1,62745.0,11,11,3,"{""TOMATO"": 8, ""STRAWBERRY"": 32, ""WHEAT"": 17}","{""COW"": 14, ""SHEEP"": 3}",0,49
495,20,15,0,51650.0,11,11,4,"{""STRAWBERRY"": 36, ""TOMATO"": 23, ""CARROT"": 6, ""MELON"": 6, ""WHEAT"": 17}","{""SHEEP"": 2, ""COW"": 4, ""GOOSE"": 5}",0,40
495,20,15,1,62745.0,11,11,3,"{""TOMATO"": 8, ""STRAWBERRY"": 32, ""WHEAT"": 17}","{""COW"": 14, ""SHEEP"": 3}",0,49
496,20,16,0,51650.0,11,11,4,"{""STRAWBERRY"": 36, ""TOMATO"": 23, ""CARROT"": 6, ""MELON"": 6, ""WHEAT"": 17}","{""SHEEP"": 2, ""COW"": 4, ""GOOSE"": 5}",0,40
496,20,16,1,62745.0,11,11,3,"{""TOMATO"": 8, ""STRAWBERRY"": 32, ""WHEAT"": 17}","{""COW"": 14, ""SHEEP"": 3}",0,49
497,20,17,0,51650.0,11,11,4,"{""STRAWBERRY"": 36, ""TOMATO"": 23, ""CARROT"": 6, ""WHEAT"": 17, ""MELON"": 5}","{""SHEEP"": 2, ""COW"": 4, ""GOOSE"": 5}",0,40
497,20,17,1,62745.0,11,11,3,"{""TOMATO"": 8, ""STRAWBERRY"": 32, ""WHEAT"": 17}","{""COW"": 14, ""SHEEP"": 3}",0,49
498,20,18,0,51650.0,11,11,4,"{""STRAWBERRY"": 36, ""TOMATO"": 23, ""CARROT"": 6, ""WHEAT"": 19, ""MELON"": 5}","{""SHEEP"": 2, ""COW"": 4, ""GOOSE"": 5}",0,40
498,20,18,1,62745.0,11,11,3,"{""TOMATO"": 8, ""STRAWBERRY"": 31, ""WHEAT"": 17}","{""COW"": 14, ""SHEEP"": 3}",0,57
499,20,19,0,51650.0,11,11,4,"{""STRAWBERRY"": 36, ""TOMATO"": 23, ""CARROT"": 6, ""WHEAT"": 19, ""MELON"": 5}","{""SHEEP"": 2, ""COW"": 4, ""GOOSE"": 5}",0,40
499,20,19,1,62735.0,11,11,3,"{""TOMATO"": 8, ""STRAWBERRY"": 31, ""WHEAT"": 18}","{""COW"": 14, ""SHEEP"": 3}",0,57
500,20,20,0,51650.0,11,11,4,"{""STRAWBERRY"": 36, ""TOMATO"": 23, ""CARROT"": 6, ""WHEAT"": 19, ""MELON"": 5}","{""SHEEP"": 2, ""COW"": 4, ""GOOSE"": 5}",0,40
500,20,20,1,62735.0,11,11,3,"{""TOMATO"": 8, ""STRAWBERRY"": 30, ""WHEAT"": 18}","{""COW"": 14, ""SHEEP"": 3}",0,57
501,20,21,0,51650.0,11,11,4,"{""STRAWBERRY"": 36, ""TOMATO"": 23, ""CARROT"": 6, ""WHEAT"": 19, ""MELON"": 5}","{""SHEEP"": 2, ""COW"": 4, ""GOOSE"": 5}",0,40
501,20,21,1,62725.0,11,11,3,"{""TOMATO"": 8, ""STRAWBERRY"": 30, ""WHEAT"": 18}","{""COW"": 14, ""SHEEP"": 3}",0,57
502,20,22,0,51650.0,11,11,4,"{""STRAWBERRY"": 36, ""TOMATO"": 23, ""CARROT"": 6, ""WHEAT"": 17, ""MELON"": 5}","{""SHEEP"": 2, ""COW"": 4, ""GOOSE"": 5}",0,40
502,20,22,1,65227.0,11,11,3,"{""TOMATO"": 8, ""STRAWBERRY"": 30, ""WHEAT"": 19}","{""COW"": 14, ""SHEEP"": 3}",0,42
503,20,23,0,52470.0,11,11,4,"{""STRAWBERRY"": 36, ""TOMATO"": 23, ""CARROT"": 6, ""WHEAT"": 19, ""MELON"": 5}","{""SHEEP"": 2, ""COW"": 4, ""GOOSE"": 5}",0,40
503,20,23,1,65428.0,11,11,3,"{""TOMATO"": 8, ""STRAWBERRY"": 30, ""WHEAT"": 19}","{""COW"": 14, ""SHEEP"": 3}",0,49
504,21,0,0,52470.0,0,0,4,"{""STRAWBERRY"": 31, ""TOMATO"": 23, ""CARROT"": 6, ""WHEAT"": 19, ""MELON"": 5}","{""SHEEP"": 2, ""COW"": 4, ""GOOSE"": 5}",5,96
504,21,0,1,66647.0,0,0,3,"{""TOMATO"": 7, ""STRAWBERRY"": 30, ""WHEAT"": 19}","{""COW"": 14, ""SHEEP"": 3}",1,99
505,21,1,0,55805.0,2,2,4,"{""STRAWBERRY"": 31, ""TOMATO"": 23, ""CARROT"": 6, ""WHEAT"": 19, ""MELON"": 5}","{""SHEEP"": 2, ""COW"": 4, ""GOOSE"": 5}",5,57
505,21,1,1,66701.0,8,8,3,"{""TOMATO"": 7, ""STRAWBERRY"": 30, ""WHEAT"": 19}","{""COW"": 14, ""SHEEP"": 3}",1,94
506,21,2,0,55431.0,12,12,4,"{""STRAWBERRY"": 31, ""TOMATO"": 23, ""CARROT"": 6, ""WHEAT"": 19, ""MELON"": 5}","{""SHEEP"": 2, ""COW"": 4, ""GOOSE"": 5}",5,57
506,21,2,1,66123.0,11,11,3,"{""TOMATO"": 7, ""STRAWBERRY"": 30, ""WHEAT"": 19}","{""COW"": 14, ""SHEEP"": 3}",1,93
507,21,3,0,55431.0,12,12,4,"{""STRAWBERRY"": 31, ""TOMATO"": 23, ""CARROT"": 6, ""WHEAT"": 19, ""MELON"": 5}","{""SHEEP"": 2, ""COW"": 4, ""GOOSE"": 5}",5,42
507,21,3,1,66123.0,11,11,3,"{""TOMATO"": 7, ""STRAWBERRY"": 30, ""WHEAT"": 19}","{""COW"": 14, ""SHEEP"": 3}",1,95
508,21,4,0,55790.0,12,12,4,"{""STRAWBERRY"": 31, ""TOMATO"": 23, ""CARROT"": 6, ""WHEAT"": 19, ""MELON"": 5}","{""SHEEP"": 2, ""COW"": 4, ""GOOSE"": 5}",5,40
508,21,4,1,66123.0,11,11,3,"{""TOMATO"": 7, ""STRAWBERRY"": 30, ""WHEAT"": 19}","{""COW"": 14, ""SHEEP"": 3}",1,95
509,21,5,0,55790.0,12,12,4,"{""STRAWBERRY"": 31, ""TOMATO"": 23, ""CARROT"": 6, ""WHEAT"": 19, ""MELON"": 5}","{""SHEEP"": 2, ""COW"": 4, ""GOOSE"": 5}",5,40
509,21,5,1,66123.0,11,11,3,"{""TOMATO"": 7, ""STRAWBERRY"": 30, ""WHEAT"": 18}","{""COW"": 14, ""SHEEP"": 3}",1,95
510,21,6,0,55790.0,12,12,4,"{""STRAWBERRY"": 31, ""TOMATO"": 23, ""CARROT"": 6, ""WHEAT"": 19, ""MELON"": 5}","{""SHEEP"": 2, ""COW"": 4, ""GOOSE"": 5}",5,40
510,21,6,1,66844.0,11,11,3,"{""TOMATO"": 7, ""STRAWBERRY"": 30, ""WHEAT"": 18}","{""COW"": 14, ""SHEEP"": 3}",1,91
511,21,7,0,55790.0,12,12,4,"{""STRAWBERRY"": 31, ""TOMATO"": 23, ""CARROT"": 5, ""WHEAT"": 19, ""MELON"": 5}","{""SHEEP"": 2, ""COW"": 4, ""GOOSE"": 5}",5,40
511,21,7,1,66844.0,11,11,3,"{""TOMATO"": 7, ""STRAWBERRY"": 30, ""WHEAT"": 19}","{""COW"": 14, ""SHEEP"": 3}",1,91
512,21,8,0,55790.0,12,12,4,"{""STRAWBERRY"": 31, ""TOMATO"": 23, ""CARROT"": 6, ""WHEAT"": 17, ""MELON"": 5}","{""SHEEP"": 2, ""COW"": 4, ""GOOSE"": 5}",5,40
512,21,8,1,66844.0,11,11,3,"{""TOMATO"": 7, ""STRAWBERRY"": 30, ""WHEAT"": 19}","{""COW"": 14, ""SHEEP"": 3}",1,91
513,21,9,0,55790.0,12,12,4,"{""STRAWBERRY"": 31, ""TOMATO"": 23, ""CARROT"": 6, ""WHEAT"": 17, ""MELON"": 5}","{""SHEEP"": 2, ""COW"": 4, ""GOOSE"": 5}",5,40
513,21,9,1,66844.0,11,11,3,"{""TOMATO"": 7, ""STRAWBERRY"": 30, ""WHEAT"": 19}","{""COW"": 14, ""SHEEP"": 3}",1,91
514,21,10,0,55790.0,12,12,4,"{""STRAWBERRY"": 31, ""TOMATO"": 23, ""CARROT"": 7, ""WHEAT"": 18, ""MELON"": 5}","{""SHEEP"": 2, ""COW"": 4, ""GOOSE"": 5}",5,40
514,21,10,1,68100.0,11,11,3,"{""TOMATO"": 7, ""STRAWBERRY"": 30, ""WHEAT"": 19}","{""COW"": 14, ""SHEEP"": 3}",1,84
515,21,11,0,55790.0,12,12,4,"{""STRAWBERRY"": 31, ""TOMATO"": 23, ""CARROT"": 7, ""WHEAT"": 18, ""MELON"": 5}","{""SHEEP"": 2, ""COW"": 4, ""GOOSE"": 5}",4,40
515,21,11,1,68453.0,11,11,3,"{""TOMATO"": 7, ""STRAWBERRY"": 30, ""WHEAT"": 17}","{""COW"": 14, ""SHEEP"": 3}",1,82
516,21,12,0,55790.0,12,12,4,"{""STRAWBERRY"": 31, ""TOMATO"": 23, ""WHEAT"": 18, ""MELON"": 5, ""CARROT"": 6}","{""SHEEP"": 2, ""COW"": 4, ""GOOSE"": 5}",4,40
516,21,12,1,68810.0,11,11,3,"{""TOMATO"": 7, ""STRAWBERRY"": 30, ""WHEAT"": 19}","{""COW"": 14, ""SHEEP"": 3}",1,73
517,21,13,0,55790.0,12,12,4,"{""STRAWBERRY"": 31, ""TOMATO"": 23, ""WHEAT"": 19, ""MELON"": 5, ""CARROT"": 6}","{""SHEEP"": 2, ""COW"": 4, ""GOOSE"": 5}",3,40
517,21,13,1,70527.0,11,11,3,"{""TOMATO"": 7, ""STRAWBERRY"": 30, ""WHEAT"": 19}","{""COW"": 14, ""SHEEP"": 3}",1,63
518,21,14,0,55790.0,12,12,4,"{""STRAWBERRY"": 31, ""TOMATO"": 23, ""WHEAT"": 20, ""MELON"": 5, ""CARROT"": 6}","{""SHEEP"": 2, ""COW"": 4, ""GOOSE"": 5}",3,40
518,21,14,1,70527.0,11,11,3,"{""TOMATO"": 7, ""STRAWBERRY"": 30, ""WHEAT"": 19}","{""COW"": 14, ""SHEEP"": 3}",1,63
519,21,15,0,55790.0,12,12,4,"{""STRAWBERRY"": 31, ""TOMATO"": 23, ""WHEAT"": 20, ""MELON"": 5, ""CARROT"": 5}","{""SHEEP"": 2, ""COW"": 4, ""GOOSE"": 5}",3,40
519,21,15,1,70527.0,11,11,3,"{""TOMATO"": 7, ""STRAWBERRY"": 30, ""WHEAT"": 19}","{""COW"": 14, ""SHEEP"": 3}",1,63
520,21,16,0,55790.0,12,12,4,"{""STRAWBERRY"": 31, ""TOMATO"": 23, ""WHEAT"": 19, ""MELON"": 5, ""CARROT"": 5}","{""SHEEP"": 2, ""COW"": 4, ""GOOSE"": 5}",3,40
520,21,16,1,70527.0,11,11,3,"{""TOMATO"": 7, ""STRAWBERRY"": 30, ""WHEAT"": 19}","{""COW"": 14, ""SHEEP"": 3}",1,63
521,21,17,0,55790.0,12,12,4,"{""STRAWBERRY"": 31, ""TOMATO"": 23, ""WHEAT"": 19, ""MELON"": 5, ""CARROT"": 5}","{""SHEEP"": 2, ""COW"": 4, ""GOOSE"": 5}",2,40
521,21,17,1,70527.0,11,11,3,"{""TOMATO"": 7, ""STRAWBERRY"": 30, ""WHEAT"": 19}","{""COW"": 14, ""SHEEP"": 3}",1,67
522,21,18,0,55790.0,12,12,4,"{""STRAWBERRY"": 31, ""TOMATO"": 23, ""WHEAT"": 19, ""MELON"": 5, ""CARROT"": 6}","{""SHEEP"": 2, ""COW"": 4, ""GOOSE"": 5}",2,40
522,21,18,1,71210.0,11,11,3,"{""TOMATO"": 7, ""STRAWBERRY"": 30, ""WHEAT"": 18}","{""COW"": 14, ""SHEEP"": 3}",0,63
523,21,19,0,55790.0,12,12,4,"{""STRAWBERRY"": 31, ""TOMATO"": 23, ""WHEAT"": 19, ""MELON"": 5, ""CARROT"": 6}","{""SHEEP"": 2, ""COW"": 4, ""GOOSE"": 5}",2,40
523,21,19,1,71200.0,11,11,3,"{""TOMATO"": 7, ""STRAWBERRY"": 30, ""WHEAT"": 20}","{""COW"": 14, ""SHEEP"": 3}",0,63
524,21,20,0,55790.0,12,12,4,"{""STRAWBERRY"": 31, ""TOMATO"": 23, ""WHEAT"": 19, ""MELON"": 5, ""CARROT"": 6}","{""SHEEP"": 2, ""COW"": 4, ""GOOSE"": 5}",2,40
524,21,20,1,71190.0,11,11,3,"{""TOMATO"": 7, ""STRAWBERRY"": 30, ""WHEAT"": 20}","{""COW"": 14, ""SHEEP"": 3}",0,63
525,21,21,0,55790.0,12,12,4,"{""STRAWBERRY"": 31, ""TOMATO"": 23, ""WHEAT"": 18, ""MELON"": 5, ""CARROT"": 6}","{""SHEEP"": 2, ""COW"": 4, ""GOOSE"": 5}",2,40
525,21,21,1,71190.0,11,11,3,"{""TOMATO"": 7, ""STRAWBERRY"": 30, ""WHEAT"": 20}","{""COW"": 14, ""SHEEP"": 3}",0,63
526,21,22,0,55790.0,12,12,4,"{""STRAWBERRY"": 31, ""TOMATO"": 23, ""WHEAT"": 19, ""MELON"": 5, ""CARROT"": 5}","{""SHEEP"": 2, ""COW"": 4, ""GOOSE"": 5}",2,40
526,21,22,1,71190.0,11,11,3,"{""TOMATO"": 7, ""STRAWBERRY"": 30, ""WHEAT"": 19}","{""COW"": 14, ""SHEEP"": 3}",0,63
527,21,23,0,55790.0,12,12,4,"{""STRAWBERRY"": 31, ""TOMATO"": 23, ""WHEAT"": 19, ""MELON"": 5, ""CARROT"": 5}","{""SHEEP"": 2, ""COW"": 4, ""GOOSE"": 5}",2,40
527,21,23,1,72139.0,11,11,3,"{""TOMATO"": 7, ""STRAWBERRY"": 30, ""WHEAT"": 20}","{""COW"": 14, ""SHEEP"": 3}",0,47
528,22,0,0,61883.0,0,0,4,"{""STRAWBERRY"": 31, ""TOMATO"": 23, ""WHEAT"": 19, ""MELON"": 5, ""CARROT"": 5}","{""SHEEP"": 2, ""COW"": 4, ""GOOSE"": 5}",2,93
528,22,0,1,72649.0,0,0,3,"{""TOMATO"": 7, ""STRAWBERRY"": 30, ""WHEAT"": 20}","{""COW"": 14, ""SHEEP"": 3}",0,89
529,22,1,0,64411.0,2,2,4,"{""STRAWBERRY"": 28, ""TOMATO"": 23, ""WHEAT"": 19, ""MELON"": 5, ""CARROT"": 5}","{""SHEEP"": 2, ""COW"": 4, ""GOOSE"": 5}",5,53
529,22,1,1,72704.0,8,8,3,"{""TOMATO"": 7, ""STRAWBERRY"": 30, ""WHEAT"": 20}","{""COW"": 14, ""SHEEP"": 3}",0,86
530,22,2,0,64270.0,10,10,4,"{""STRAWBERRY"": 28, ""TOMATO"": 23, ""WHEAT"": 19, ""MELON"": 5, ""CARROT"": 5}","{""SHEEP"": 2, ""COW"": 4, ""GOOSE"": 5}",5,53
530,22,2,1,72526.0,11,11,3,"{""TOMATO"": 7, ""STRAWBERRY"": 30, ""WHEAT"": 20}","{""COW"": 14, ""SHEEP"": 3}",0,84
531,22,3,0,64270.0,10,10,4,"{""STRAWBERRY"": 28, ""TOMATO"": 23, ""WHEAT"": 19, ""MELON"": 5, ""CARROT"": 5}","{""SHEEP"": 2, ""COW"": 4, ""GOOSE"": 5}",5,41
531,22,3,1,72526.0,11,11,3,"{""TOMATO"": 7, ""STRAWBERRY"": 30, ""WHEAT"": 20}","{""COW"": 14, ""SHEEP"": 3}",0,83
532,22,4,0,64270.0,10,10,4,"{""STRAWBERRY"": 28, ""TOMATO"": 23, ""WHEAT"": 19, ""MELON"": 5, ""CARROT"": 5}","{""SHEEP"": 2, ""COW"": 4, ""GOOSE"": 5}",5,40
532,22,4,1,72526.0,11,11,3,"{""TOMATO"": 7, ""STRAWBERRY"": 30, ""WHEAT"": 20}","{""COW"": 14, ""SHEEP"": 3}",0,83
533,22,5,0,64270.0,10,10,4,"{""STRAWBERRY"": 28, ""TOMATO"": 23, ""WHEAT"": 19, ""MELON"": 5, ""CARROT"": 5}","{""SHEEP"": 2, ""COW"": 4, ""GOOSE"": 5}",5,40
533,22,5,1,72526.0,11,11,3,"{""TOMATO"": 7, ""STRAWBERRY"": 30, ""WHEAT"": 19}","{""COW"": 14, ""SHEEP"": 3}",0,83
534,22,6,0,64270.0,10,10,4,"{""STRAWBERRY"": 28, ""TOMATO"": 23, ""WHEAT"": 18, ""MELON"": 5, ""CARROT"": 5}","{""SHEEP"": 2, ""COW"": 4, ""GOOSE"": 5}",5,40
534,22,6,1,72526.0,11,11,3,"{""TOMATO"": 7, ""STRAWBERRY"": 30, ""WHEAT"": 19}","{""COW"": 14, ""SHEEP"": 3}",0,83
535,22,7,0,64270.0,10,10,4,"{""STRAWBERRY"": 28, ""TOMATO"": 23, ""WHEAT"": 19, ""MELON"": 5, ""CARROT"": 5}","{""SHEEP"": 2, ""COW"": 4, ""GOOSE"": 5}",5,40
535,22,7,1,72796.0,11,11,3,"{""TOMATO"": 7, ""STRAWBERRY"": 29, ""WHEAT"": 20}","{""COW"": 14, ""SHEEP"": 3}",0,76
536,22,8,0,64270.0,10,10,4,"{""STRAWBERRY"": 28, ""TOMATO"": 23, ""WHEAT"": 19, ""MELON"": 5, ""CARROT"": 5}","{""SHEEP"": 2, ""COW"": 4, ""GOOSE"": 5}",5,40
536,22,8,1,72796.0,11,11,3,"{""TOMATO"": 7, ""STRAWBERRY"": 29, ""WHEAT"": 21}","{""COW"": 14, ""SHEEP"": 3}",0,76
537,22,9,0,64270.0,10,10,4,"{""STRAWBERRY"": 28, ""TOMATO"": 23, ""WHEAT"": 18, ""MELON"": 5, ""CARROT"": 5}","{""SHEEP"": 2, ""COW"": 4, ""GOOSE"": 5}",5,40
537,22,9,1,72786.0,11,11,3,"{""TOMATO"": 7, ""STRAWBERRY"": 29, ""WHEAT"": 21}","{""COW"": 14, ""SHEEP"": 3}",0,76
538,22,10,0,64270.0,10,10,4,"{""STRAWBERRY"": 28, ""TOMATO"": 23, ""WHEAT"": 18, ""MELON"": 5, ""CARROT"": 6}","{""SHEEP"": 2, ""COW"": 4, ""GOOSE"": 5}",5,40
538,22,10,1,72786.0,11,11,3,"{""TOMATO"": 7, ""STRAWBERRY"": 29, ""WHEAT"": 21}","{""COW"": 14, ""SHEEP"": 3}",0,76
539,22,11,0,64270.0,10,10,4,"{""STRAWBERRY"": 28, ""TOMATO"": 23, ""WHEAT"": 17, ""MELON"": 5, ""CARROT"": 6}","{""SHEEP"": 2, ""COW"": 4, ""GOOSE"": 5}",5,40
539,22,11,1,72786.0,11,11,3,"{""TOMATO"": 7, ""STRAWBERRY"": 29, ""WHEAT"": 21}","{""COW"": 14, ""SHEEP"": 3}",0,76
540,22,12,0,64270.0,10,10,4,"{""STRAWBERRY"": 28, ""TOMATO"": 23, ""WHEAT"": 17, ""MELON"": 5, ""CARROT"": 7}","{""SHEEP"": 2, ""COW"": 4, ""GOOSE"": 5}",5,40
540,22,12,1,72786.0,11,11,3,"{""TOMATO"": 7, ""STRAWBERRY"": 28, ""WHEAT"": 20}","{""COW"": 14, ""SHEEP"": 3}",0,76
541,22,13,0,64270.0,10,10,4,"{""STRAWBERRY"": 28, ""TOMATO"": 23, ""WHEAT"": 17, ""MELON"": 5, ""CARROT"": 7}","{""SHEEP"": 2, ""COW"": 4, ""GOOSE"": 5}",4,40
541,22,13,1,72776.0,11,11,3,"{""TOMATO"": 7, ""STRAWBERRY"": 28, ""WHEAT"": 22}","{""COW"": 14, ""SHEEP"": 3}",0,82
542,22,14,0,64270.0,10,10,4,"{""STRAWBERRY"": 28, ""TOMATO"": 23, ""WHEAT"": 18, ""MELON"": 5, ""CARROT"": 7}","{""SHEEP"": 2, ""COW"": 4, ""GOOSE"": 5}",4,40
542,22,14,1,72839.0,11,11,3,"{""TOMATO"": 7, ""STRAWBERRY"": 28, ""WHEAT"": 22}","{""COW"": 14, ""SHEEP"": 3}",0,80
543,22,15,0,64270.0,10,10,4,"{""STRAWBERRY"": 28, ""TOMATO"": 23, ""WHEAT"": 17, ""MELON"": 5, ""CARROT"": 7}","{""SHEEP"": 2, ""COW"": 4, ""GOOSE"": 5}",4,40
543,22,15,1,72839.0,11,11,3,"{""TOMATO"": 7, ""STRAWBERRY"": 26, ""WHEAT"": 22}","{""COW"": 14, ""SHEEP"": 3}",0,80
544,22,16,0,64270.0,10,10,4,"{""STRAWBERRY"": 27, ""TOMATO"": 23, ""WHEAT"": 18, ""MELON"": 5, ""CARROT"": 7}","{""SHEEP"": 2, ""COW"": 4, ""GOOSE"": 5}",4,40
544,22,16,1,72829.0,11,11,3,"{""TOMATO"": 7, ""STRAWBERRY"": 25, ""WHEAT"": 24}","{""COW"": 14, ""SHEEP"": 3}",0,88
545,22,17,0,64270.0,10,10,4,"{""STRAWBERRY"": 27, ""TOMATO"": 23, ""WHEAT"": 18, ""MELON"": 5, ""CARROT"": 7}","{""SHEEP"": 2, ""COW"": 4, ""GOOSE"": 5}",4,40
545,22,17,1,72963.0,11,11,3,"{""TOMATO"": 7, ""STRAWBERRY"": 24, ""WHEAT"": 23}","{""COW"": 14, ""SHEEP"": 3}",0,84
546,22,18,0,64270.0,10,10,4,"{""STRAWBERRY"": 27, ""TOMATO"": 23, ""WHEAT"": 19, ""MELON"": 5, ""CARROT"": 7}","{""SHEEP"": 2, ""COW"": 4, ""GOOSE"": 5}",4,40
546,22,18,1,73155.0,11,11,3,"{""TOMATO"": 7, ""STRAWBERRY"": 24, ""WHEAT"": 25}","{""COW"": 14, ""SHEEP"": 3}",0,79
547,22,19,0,64270.0,10,10,4,"{""STRAWBERRY"": 27, ""TOMATO"": 23, ""WHEAT"": 19, ""MELON"": 5, ""CARROT"": 7}","{""SHEEP"": 2, ""COW"": 4, ""GOOSE"": 5}",3,40
547,22,19,1,73265.0,11,11,3,"{""TOMATO"": 7, ""STRAWBERRY"": 24, ""WHEAT"": 26}","{""COW"": 14, ""SHEEP"": 3}",0,76
548,22,20,0,64270.0,10,10,4,"{""STRAWBERRY"": 27, ""TOMATO"": 23, ""WHEAT"": 18, ""MELON"": 5, ""CARROT"": 8}","{""SHEEP"": 2, ""COW"": 4, ""GOOSE"": 5}",3,40
548,22,20,1,73255.0,11,11,3,"{""TOMATO"": 7, ""STRAWBERRY"": 23, ""WHEAT"": 26}","{""COW"": 14, ""SHEEP"": 3}",0,76
549,22,21,0,64270.0,10,10,4,"{""STRAWBERRY"": 27, ""TOMATO"": 23, ""WHEAT"": 20, ""MELON"": 5, ""CARROT"": 8}","{""SHEEP"": 2, ""COW"": 4, ""GOOSE"": 5}",3,40
549,22,21,1,74470.0,11,11,3,"{""TOMATO"": 7, ""STRAWBERRY"": 22, ""WHEAT"": 27}","{""COW"": 14, ""SHEEP"": 3}",0,68
550,22,22,0,64270.0,10,10,4,"{""STRAWBERRY"": 27, ""TOMATO"": 23, ""WHEAT"": 20, ""MELON"": 5, ""CARROT"": 8}","{""SHEEP"": 2, ""COW"": 4, ""GOOSE"": 5}",3,40
550,22,22,1,77139.0,11,11,3,"{""TOMATO"": 7, ""STRAWBERRY"": 21, ""WHEAT"": 26}","{""COW"": 14, ""SHEEP"": 3}",0,32
551,22,23,0,64270.0,10,10,4,"{""STRAWBERRY"": 27, ""TOMATO"": 23, ""WHEAT"": 22, ""MELON"": 5, ""CARROT"": 8}","{""SHEEP"": 2, ""COW"": 4, ""GOOSE"": 5}",3,40
551,22,23,1,77462.0,11,11,3,"{""TOMATO"": 7, ""STRAWBERRY"": 21, ""WHEAT"": 27}","{""COW"": 14, ""SHEEP"": 3}",0,27
552,23,0,0,64270.0,0,0,4,"{""STRAWBERRY"": 19, ""TOMATO"": 23, ""WHEAT"": 22, ""MELON"": 5, ""CARROT"": 7}","{""SHEEP"": 2, ""COW"": 4, ""GOOSE"": 5}",11,96
552,23,0,1,77462.0,0,0,3,"{""TOMATO"": 7, ""STRAWBERRY"": 21, ""WHEAT"": 27}","{""COW"": 14, ""SHEEP"": 3}",0,100
553,23,1,0,67154.0,2,2,4,"{""STRAWBERRY"": 19, ""TOMATO"": 23, ""WHEAT"": 22, ""MELON"": 5, ""CARROT"": 7}","{""SHEEP"": 2, ""COW"": 4, ""GOOSE"": 5}",11,53
553,23,1,1,77513.0,8,8,3,"{""TOMATO"": 7, ""STRAWBERRY"": 17, ""WHEAT"": 27}","{""COW"": 14, ""SHEEP"": 3}",4,95
554,23,2,0,66924.0,11,11,4,"{""STRAWBERRY"": 19, ""TOMATO"": 23, ""WHEAT"": 22, ""MELON"": 5, ""CARROT"": 7}","{""SHEEP"": 2, ""COW"": 4, ""GOOSE"": 5}",11,53
554,23,2,1,77383.0,11,11,3,"{""TOMATO"": 7, ""STRAWBERRY"": 17, ""WHEAT"": 27}","{""COW"": 14, ""SHEEP"": 3}",4,83
555,23,3,0,66924.0,11,11,4,"{""STRAWBERRY"": 19, ""TOMATO"": 23, ""WHEAT"": 22, ""MELON"": 5, ""CARROT"": 7}","{""SHEEP"": 2, ""COW"": 4, ""GOOSE"": 5}",11,35
555,23,3,1,77383.0,11,11,3,"{""TOMATO"": 7, ""STRAWBERRY"": 17, ""WHEAT"": 27}","{""COW"": 14, ""SHEEP"": 3}",4,85
556,23,4,0,67196.0,11,11,4,"{""STRAWBERRY"": 19, ""TOMATO"": 23, ""WHEAT"": 22, ""MELON"": 5, ""CARROT"": 7}","{""SHEEP"": 2, ""COW"": 4, ""GOOSE"": 5}",11,35
556,23,4,1,77383.0,11,11,3,"{""TOMATO"": 7, ""STRAWBERRY"": 17, ""WHEAT"": 27}","{""COW"": 14, ""SHEEP"": 3}",4,85
557,23,5,0,67196.0,11,11,4,"{""STRAWBERRY"": 19, ""TOMATO"": 23, ""WHEAT"": 22, ""MELON"": 5, ""CARROT"": 7}","{""SHEEP"": 2, ""COW"": 4, ""GOOSE"": 5}",11,35
557,23,5,1,77383.0,11,11,3,"{""TOMATO"": 7, ""STRAWBERRY"": 17, ""WHEAT"": 27}","{""COW"": 14, ""SHEEP"": 3}",4,85
558,23,6,0,67196.0,11,11,4,"{""STRAWBERRY"": 19, ""TOMATO"": 23, ""WHEAT"": 22, ""MELON"": 5, ""CARROT"": 7}","{""SHEEP"": 2, ""COW"": 4, ""GOOSE"": 5}",10,35
558,23,6,1,77383.0,11,11,3,"{""TOMATO"": 7, ""STRAWBERRY"": 17, ""WHEAT"": 25}","{""COW"": 14, ""SHEEP"": 3}",4,85
559,23,7,0,67196.0,11,11,4,"{""STRAWBERRY"": 19, ""TOMATO"": 23, ""WHEAT"": 22, ""MELON"": 5, ""CARROT"": 8}","{""SHEEP"": 2, ""COW"": 4, ""GOOSE"": 5}",10,35
559,23,7,1,77573.0,11,11,3,"{""TOMATO"": 7, ""STRAWBERRY"": 17, ""WHEAT"": 27}","{""COW"": 14, ""SHEEP"": 3}",4,80
560,23,8,0,67196.0,11,11,4,"{""STRAWBERRY"": 19, ""TOMATO"": 23, ""WHEAT"": 22, ""MELON"": 5, ""CARROT"": 8}","{""SHEEP"": 2, ""COW"": 4, ""GOOSE"": 5}",10,35
560,23,8,1,77563.0,11,11,3,"{""TOMATO"": 7, ""STRAWBERRY"": 17, ""WHEAT"": 27}","{""COW"": 14, ""SHEEP"": 3}",4,80
561,23,9,0,67196.0,11,11,4,"{""STRAWBERRY"": 18, ""TOMATO"": 23, ""WHEAT"": 21, ""MELON"": 5, ""CARROT"": 8}","{""SHEEP"": 2, ""COW"": 4, ""GOOSE"": 5}",10,35
561,23,9,1,77563.0,11,11,3,"{""TOMATO"": 7, ""STRAWBERRY"": 17, ""WHEAT"": 27}","{""COW"": 14, ""SHEEP"": 3}",4,80
562,23,10,0,67196.0,11,11,4,"{""STRAWBERRY"": 18, ""TOMATO"": 23, ""WHEAT"": 21, ""MELON"": 5, ""CARROT"": 9}","{""SHEEP"": 2, ""COW"": 4, ""GOOSE"": 5}",9,35
562,23,10,1,77563.0,11,11,3,"{""TOMATO"": 7, ""STRAWBERRY"": 16, ""WHEAT"": 27}","{""COW"": 14, ""SHEEP"": 3}",4,80
563,23,11,0,67196.0,11,11,4,"{""STRAWBERRY"": 18, ""TOMATO"": 23, ""WHEAT"": 22, ""MELON"": 5, ""CARROT"": 9}","{""SHEEP"": 2, ""COW"": 4, ""GOOSE"": 5}",9,35
563,23,11,1,77563.0,11,11,3,"{""TOMATO"": 7, ""STRAWBERRY"": 16, ""WHEAT"": 27}","{""COW"": 14, ""SHEEP"": 3}",4,80
564,23,12,0,67196.0,11,11,4,"{""STRAWBERRY"": 18, ""TOMATO"": 23, ""WHEAT"": 22, ""MELON"": 5, ""CARROT"": 9}","{""SHEEP"": 2, ""COW"": 4, ""GOOSE"": 5}",8,35
564,23,12,1,77753.0,11,11,3,"{""TOMATO"": 7, ""STRAWBERRY"": 16, ""WHEAT"": 28}","{""COW"": 14, ""SHEEP"": 3}",3,75
565,23,13,0,67196.0,11,11,4,"{""STRAWBERRY"": 18, ""TOMATO"": 23, ""WHEAT"": 23, ""MELON"": 5, ""CARROT"": 9}","{""SHEEP"": 2, ""COW"": 4, ""GOOSE"": 5}",6,35
565,23,13,1,77743.0,11,11,3,"{""TOMATO"": 7, ""STRAWBERRY"": 15, ""WHEAT"": 29}","{""COW"": 14, ""SHEEP"": 3}",3,75
566,23,14,0,67196.0,11,11,4,"{""STRAWBERRY"": 18, ""TOMATO"": 23, ""WHEAT"": 23, ""CARROT"": 11, ""MELON"": 5}","{""SHEEP"": 2, ""COW"": 4, ""GOOSE"": 5}",6,35
566,23,14,1,78034.0,11,11,3,"{""TOMATO"": 7, ""STRAWBERRY"": 15, ""WHEAT"": 29}","{""COW"": 14, ""SHEEP"": 3}",3,73
567,23,15,0,67196.0,11,11,4,"{""STRAWBERRY"": 18, ""TOMATO"": 23, ""WHEAT"": 22, ""CARROT"": 11, ""MELON"": 5}","{""SHEEP"": 2, ""COW"": 4, ""GOOSE"": 5}",6,35
567,23,15,1,78104.0,11,11,3,"{""TOMATO"": 7, ""STRAWBERRY"": 15, ""WHEAT"": 29}","{""COW"": 14, ""SHEEP"": 3}",2,71
568,23,16,0,67196.0,11,11,4,"{""STRAWBERRY"": 18, ""TOMATO"": 23, ""WHEAT"": 22, ""CARROT"": 12, ""MELON"": 5}","{""SHEEP"": 2, ""COW"": 4, ""GOOSE"": 5}",6,35
568,23,16,1,78094.0,11,11,3,"{""TOMATO"": 7, ""STRAWBERRY"": 15, ""WHEAT"": 30}","{""COW"": 14, ""SHEEP"": 3}",2,71
569,23,17,0,67196.0,11,11,4,"{""STRAWBERRY"": 18, ""TOMATO"": 23, ""WHEAT"": 22, ""CARROT"": 12, ""MELON"": 5}","{""SHEEP"": 2, ""COW"": 4, ""GOOSE"": 5}",6,35
569,23,17,1,78084.0,11,11,3,"{""TOMATO"": 7, ""STRAWBERRY"": 15, ""WHEAT"": 31}","{""COW"": 14, ""SHEEP"": 3}",1,71
570,23,18,0,67196.0,11,11,4,"{""STRAWBERRY"": 18, ""TOMATO"": 23, ""WHEAT"": 21, ""CARROT"": 11, ""MELON"": 5}","{""SHEEP"": 2, ""COW"": 4, ""GOOSE"": 5}",6,35
570,23,18,1,78074.0,11,11,3,"{""TOMATO"": 7, ""STRAWBERRY"": 15, ""WHEAT"": 32}","{""COW"": 14, ""SHEEP"": 3}",1,71
571,23,19,0,67196.0,11,11,4,"{""STRAWBERRY"": 18, ""TOMATO"": 23, ""WHEAT"": 21, ""CARROT"": 11, ""MELON"": 5}","{""SHEEP"": 2, ""COW"": 4, ""GOOSE"": 5}",6,35
571,23,19,1,78064.0,11,11,3,"{""TOMATO"": 7, ""STRAWBERRY"": 14, ""WHEAT"": 33}","{""COW"": 14, ""SHEEP"": 3}",1,71
572,23,20,0,67196.0,11,11,4,"{""STRAWBERRY"": 18, ""TOMATO"": 23, ""WHEAT"": 20, ""CARROT"": 11, ""MELON"": 5}","{""SHEEP"": 2, ""COW"": 4, ""GOOSE"": 5}",6,35
572,23,20,1,78094.0,11,11,3,"{""TOMATO"": 7, ""STRAWBERRY"": 14, ""WHEAT"": 34}","{""COW"": 14, ""SHEEP"": 3}",1,70
573,23,21,0,67196.0,11,11,4,"{""STRAWBERRY"": 18, ""TOMATO"": 23, ""WHEAT"": 18, ""CARROT"": 11, ""MELON"": 5}","{""SHEEP"": 2, ""COW"": 4, ""GOOSE"": 5}",5,35
573,23,21,1,78084.0,11,11,3,"{""TOMATO"": 7, ""STRAWBERRY"": 14, ""WHEAT"": 33}","{""COW"": 14, ""SHEEP"": 3}",0,87
574,23,22,0,67196.0,11,11,4,"{""STRAWBERRY"": 18, ""TOMATO"": 23, ""WHEAT"": 19, ""CARROT"": 11, ""MELON"": 5}","{""SHEEP"": 2, ""COW"": 4, ""GOOSE"": 5}",4,35
574,23,22,1,79190.0,11,11,3,"{""TOMATO"": 7, ""STRAWBERRY"": 14, ""WHEAT"": 35}","{""COW"": 14, ""SHEEP"": 3}",0,71
575,23,23,0,67196.0,11,11,4,"{""STRAWBERRY"": 18, ""TOMATO"": 23, ""WHEAT"": 21, ""CARROT"": 11, ""MELON"": 5}","{""SHEEP"": 2, ""COW"": 4, ""GOOSE"": 5}",4,35
575,23,23,1,79872.0,11,11,3,"{""TOMATO"": 7, ""STRAWBERRY"": 14, ""WHEAT"": 35}","{""COW"": 14, ""SHEEP"": 3}",0,54
576,24,0,0,67196.0,0,0,4,"{""TOMATO"": 23, ""WHEAT"": 21, ""STRAWBERRY"": 17, ""CARROT"": 11, ""MELON"": 5}","{""SHEEP"": 2, ""COW"": 4, ""GOOSE"": 5}",5,99
576,24,0,1,79872.0,0,0,3,"{""TOMATO"": 7, ""STRAWBERRY"": 14, ""WHEAT"": 35}","{""COW"": 12, ""SHEEP"": 3}",0,100
577,24,1,0,70754.0,2,2,4,"{""TOMATO"": 23, ""WHEAT"": 21, ""STRAWBERRY"": 10, ""CARROT"": 11, ""MELON"": 5}","{""SHEEP"": 2, ""COW"": 4, ""GOOSE"": 5}",12,53
577,24,1,1,79941.0,8,8,3,"{""TOMATO"": 7, ""STRAWBERRY"": 13, ""WHEAT"": 35}","{""COW"": 12, ""SHEEP"": 3}",1,100
578,24,2,0,70380.0,12,12,4,"{""TOMATO"": 23, ""WHEAT"": 21, ""STRAWBERRY"": 10, ""CARROT"": 11, ""MELON"": 5}","{""SHEEP"": 2, ""COW"": 4, ""GOOSE"": 5}",12,53
578,24,2,1,80167.0,11,11,3,"{""TOMATO"": 7, ""STRAWBERRY"": 13, ""WHEAT"": 35}","{""COW"": 12, ""SHEEP"": 3}",1,86
579,24,3,0,70380.0,12,12,4,"{""TOMATO"": 23, ""WHEAT"": 21, ""STRAWBERRY"": 10, ""CARROT"": 11, ""MELON"": 5}","{""SHEEP"": 2, ""COW"": 4, ""GOOSE"": 5}",12,40
579,24,3,1,80167.0,11,11,3,"{""TOMATO"": 7, ""STRAWBERRY"": 13, ""WHEAT"": 35}","{""COW"": 12, ""SHEEP"": 3}",1,85
580,24,4,0,70380.0,12,12,4,"{""TOMATO"": 23, ""WHEAT"": 21, ""STRAWBERRY"": 10, ""CARROT"": 11, ""MELON"": 5}","{""SHEEP"": 2, ""COW"": 4, ""GOOSE"": 5}",12,40
580,24,4,1,80167.0,11,11,3,"{""TOMATO"": 7, ""STRAWBERRY"": 13, ""WHEAT"": 35}","{""COW"": 12, ""SHEEP"": 3}",1,85
581,24,5,0,70380.0,12,12,4,"{""TOMATO"": 23, ""WHEAT"": 21, ""STRAWBERRY"": 10, ""CARROT"": 11, ""MELON"": 5}","{""SHEEP"": 2, ""COW"": 4, ""GOOSE"": 5}",12,40
581,24,5,1,80167.0,11,11,3,"{""TOMATO"": 7, ""STRAWBERRY"": 13, ""WHEAT"": 33}","{""COW"": 12, ""SHEEP"": 3}",1,85
582,24,6,0,70380.0,12,12,4,"{""TOMATO"": 23, ""WHEAT"": 20, ""STRAWBERRY"": 10, ""CARROT"": 11, ""MELON"": 5}","{""SHEEP"": 2, ""COW"": 4, ""GOOSE"": 5}",11,40
582,24,6,1,80253.0,11,11,3,"{""TOMATO"": 7, ""STRAWBERRY"": 13, ""WHEAT"": 35}","{""COW"": 12, ""SHEEP"": 3}",1,83
583,24,7,0,70380.0,12,12,4,"{""TOMATO"": 23, ""WHEAT"": 22, ""STRAWBERRY"": 10, ""CARROT"": 11, ""MELON"": 5}","{""SHEEP"": 2, ""COW"": 4, ""GOOSE"": 5}",11,40
583,24,7,1,80243.0,11,11,3,"{""TOMATO"": 7, ""STRAWBERRY"": 13, ""WHEAT"": 36}","{""COW"": 12, ""SHEEP"": 3}",1,83
584,24,8,0,70380.0,12,12,4,"{""TOMATO"": 23, ""WHEAT"": 22, ""STRAWBERRY"": 10, ""CARROT"": 12, ""MELON"": 5}","{""SHEEP"": 2, ""COW"": 4, ""GOOSE"": 5}",11,40
584,24,8,1,80233.0,11,11,3,"{""TOMATO"": 7, ""STRAWBERRY"": 13, ""WHEAT"": 36}","{""COW"": 12, ""SHEEP"": 3}",1,83
585,24,9,0,70380.0,12,12,4,"{""TOMATO"": 23, ""WHEAT"": 22, ""STRAWBERRY"": 10, ""CARROT"": 12, ""MELON"": 5}","{""SHEEP"": 2, ""COW"": 4, ""GOOSE"": 5}",11,40
585,24,9,1,80233.0,11,11,3,"{""TOMATO"": 7, ""STRAWBERRY"": 12, ""WHEAT"": 36}","{""COW"": 12, ""SHEEP"": 3}",1,83
586,24,10,0,70380.0,12,12,4,"{""TOMATO"": 23, ""WHEAT"": 21, ""STRAWBERRY"": 10, ""CARROT"": 12, ""MELON"": 5}","{""SHEEP"": 2, ""COW"": 4, ""GOOSE"": 5}",11,40
586,24,10,1,80323.0,11,11,3,"{""TOMATO"": 7, ""STRAWBERRY"": 12, ""WHEAT"": 36}","{""COW"": 12, ""SHEEP"": 3}",1,81
587,24,11,0,70380.0,12,12,4,"{""TOMATO"": 23, ""WHEAT"": 20, ""STRAWBERRY"": 10, ""CARROT"": 12, ""MELON"": 5}","{""SHEEP"": 2, ""COW"": 4, ""GOOSE"": 5}",11,40
587,24,11,1,80433.0,11,11,3,"{""TOMATO"": 7, ""STRAWBERRY"": 12, ""WHEAT"": 37}","{""COW"": 12, ""SHEEP"": 3}",1,85
588,24,12,0,70380.0,12,12,4,"{""TOMATO"": 23, ""WHEAT"": 20, ""STRAWBERRY"": 10, ""CARROT"": 11, ""MELON"": 5}","{""SHEEP"": 2, ""COW"": 4, ""GOOSE"": 5}",11,40
588,24,12,1,80423.0,11,11,3,"{""TOMATO"": 7, ""STRAWBERRY"": 12, ""WHEAT"": 36}","{""COW"": 12, ""SHEEP"": 3}",1,85
589,24,13,0,70380.0,12,12,4,"{""TOMATO"": 23, ""WHEAT"": 20, ""STRAWBERRY"": 10, ""CARROT"": 10, ""MELON"": 5}","{""SHEEP"": 2, ""COW"": 4, ""GOOSE"": 5}",11,40
589,24,13,1,80413.0,11,11,3,"{""TOMATO"": 7, ""STRAWBERRY"": 12, ""WHEAT"": 37}","{""COW"": 12, ""SHEEP"": 3}",1,85
590,24,14,0,70380.0,12,12,4,"{""TOMATO"": 23, ""WHEAT"": 19, ""STRAWBERRY"": 10, ""CARROT"": 11, ""MELON"": 5}","{""SHEEP"": 2, ""COW"": 4, ""GOOSE"": 5}",11,40
590,24,14,1,80403.0,11,11,3,"{""TOMATO"": 7, ""STRAWBERRY"": 12, ""WHEAT"": 36}","{""COW"": 12, ""SHEEP"": 3}",1,85
591,24,15,0,70380.0,12,12,4,"{""TOMATO"": 23, ""WHEAT"": 20, ""STRAWBERRY"": 10, ""CARROT"": 11, ""MELON"": 5}","{""SHEEP"": 2, ""COW"": 4, ""GOOSE"": 5}",11,40
591,24,15,1,80393.0,11,11,3,"{""TOMATO"": 7, ""STRAWBERRY"": 12, ""WHEAT"": 34}","{""COW"": 12, ""SHEEP"": 3}",1,85
592,24,16,0,70380.0,12,12,4,"{""TOMATO"": 23, ""WHEAT"": 21, ""STRAWBERRY"": 10, ""CARROT"": 11, ""MELON"": 5}","{""SHEEP"": 2, ""COW"": 4, ""GOOSE"": 5}",11,40
592,24,16,1,80383.0,11,11,3,"{""TOMATO"": 7, ""STRAWBERRY"": 12, ""WHEAT"": 37}","{""COW"": 12, ""SHEEP"": 3}",1,85
593,24,17,0,70380.0,12,12,4,"{""TOMATO"": 23, ""WHEAT"": 21, ""STRAWBERRY"": 10, ""CARROT"": 9, ""MELON"": 5}","{""SHEEP"": 2, ""COW"": 4, ""GOOSE"": 5}",11,40
593,24,17,1,80333.0,11,11,3,"{""TOMATO"": 7, ""STRAWBERRY"": 12, ""WHEAT"": 36}","{""COW"": 12, ""SHEEP"": 3}",0,85
594,24,18,0,70380.0,12,12,4,"{""TOMATO"": 23, ""WHEAT"": 22, ""STRAWBERRY"": 10, ""CARROT"": 9, ""MELON"": 5}","{""SHEEP"": 2, ""COW"": 4, ""GOOSE"": 5}",11,40
594,24,18,1,81071.0,11,11,3,"{""TOMATO"": 7, ""STRAWBERRY"": 12, ""WHEAT"": 38}","{""COW"": 12, ""SHEEP"": 3}",0,68
595,24,19,0,70380.0,12,12,4,"{""TOMATO"": 23, ""WHEAT"": 23, ""STRAWBERRY"": 10, ""CARROT"": 9, ""MELON"": 5}","{""SHEEP"": 2, ""COW"": 4, ""GOOSE"": 5}",10,40
595,24,19,1,81071.0,11,11,3,"{""TOMATO"": 7, ""STRAWBERRY"": 12, ""WHEAT"": 37}","{""COW"": 12, ""SHEEP"": 3}",0,68
596,24,20,0,70380.0,12,12,4,"{""TOMATO"": 23, ""WHEAT"": 23, ""STRAWBERRY"": 10, ""CARROT"": 9, ""MELON"": 5}","{""SHEEP"": 2, ""COW"": 4, ""GOOSE"": 5}",10,40
596,24,20,1,81071.0,11,11,3,"{""TOMATO"": 7, ""STRAWBERRY"": 12, ""WHEAT"": 38}","{""COW"": 12, ""SHEEP"": 3}",0,68
597,24,21,0,70380.0,12,12,4,"{""TOMATO"": 23, ""WHEAT"": 23, ""STRAWBERRY"": 10, ""CARROT"": 9, ""MELON"": 5}","{""SHEEP"": 2, ""COW"": 4, ""GOOSE"": 5}",10,40
597,24,21,1,82472.0,11,11,3,"{""TOMATO"": 7, ""STRAWBERRY"": 12, ""WHEAT"": 37}","{""COW"": 12, ""SHEEP"": 3}",0,59
598,24,22,0,70380.0,12,12,4,"{""TOMATO"": 23, ""WHEAT"": 24, ""STRAWBERRY"": 10, ""CARROT"": 11, ""MELON"": 5}","{""SHEEP"": 2, ""COW"": 4, ""GOOSE"": 5}",10,40
598,24,22,1,83235.0,11,11,3,"{""TOMATO"": 7, ""STRAWBERRY"": 12, ""WHEAT"": 38}","{""COW"": 12, ""SHEEP"": 3}",0,66
599,24,23,0,70380.0,12,12,4,"{""TOMATO"": 23, ""WHEAT"": 24, ""STRAWBERRY"": 10, ""CARROT"": 11, ""MELON"": 5}","{""SHEEP"": 2, ""COW"": 4, ""GOOSE"": 5}",10,40
599,24,23,1,83750.0,11,11,3,"{""TOMATO"": 7, ""STRAWBERRY"": 12, ""WHEAT"": 38}","{""COW"": 12, ""SHEEP"": 3}",0,53
600,25,0,0,73647.0,0,0,4,"{""TOMATO"": 23, ""WHEAT"": 24, ""STRAWBERRY"": 10, ""CARROT"": 11, ""MELON"": 4}","{""SHEEP"": 2, ""COW"": 4, ""GOOSE"": 5}",10,96
600,25,0,1,84735.0,0,0,3,"{""TOMATO"": 7, ""STRAWBERRY"": 12, ""WHEAT"": 38}","{""COW"": 12, ""SHEEP"": 3}",0,100
601,25,1,0,74802.0,4,4,4,"{""TOMATO"": 23, ""WHEAT"": 24, ""STRAWBERRY"": 10, ""CARROT"": 11, ""MELON"": 4}","{""SHEEP"": 2, ""COW"": 4, ""GOOSE"": 5}",10,83
601,25,1,1,85060.0,8,8,3,"{""TOMATO"": 7, ""STRAWBERRY"": 12, ""WHEAT"": 38}","{""COW"": 12, ""SHEEP"": 3}",0,92
602,25,2,0,79736.0,12,12,4,"{""TOMATO"": 23, ""WHEAT"": 24, ""STRAWBERRY"": 10, ""CARROT"": 11, ""MELON"": 4}","{""SHEEP"": 2, ""COW"": 4, ""GOOSE"": 5}",10,44
602,25,2,1,84898.0,11,11,3,"{""TOMATO"": 7, ""STRAWBERRY"": 12, ""WHEAT"": 38}","{""COW"": 12, ""SHEEP"": 3}",0,83
603,25,3,0,79736.0,12,12,4,"{""TOMATO"": 23, ""WHEAT"": 24, ""STRAWBERRY"": 10, ""CARROT"": 11, ""MELON"": 4}","{""SHEEP"": 2, ""COW"": 4, ""GOOSE"": 5}",10,18
603,25,3,1,85138.0,11,11,3,"{""TOMATO"": 7, ""STRAWBERRY"": 12, ""WHEAT"": 38}","{""COW"": 12, ""SHEEP"": 3}",0,79
604,25,4,0,79736.0,12,12,4,"{""TOMATO"": 23, ""WHEAT"": 24, ""STRAWBERRY"": 10, ""CARROT"": 11, ""MELON"": 4}","{""SHEEP"": 2, ""COW"": 4, ""GOOSE"": 5}",10,18
604,25,4,1,85138.0,11,11,3,"{""TOMATO"": 7, ""STRAWBERRY"": 12, ""WHEAT"": 38}","{""COW"": 12, ""SHEEP"": 3}",0,79
605,25,5,0,79736.0,12,12,4,"{""TOMATO"": 23, ""WHEAT"": 24, ""STRAWBERRY"": 10, ""CARROT"": 11, ""MELON"": 4}","{""SHEEP"": 2, ""COW"": 4, ""GOOSE"": 5}",9,18
605,25,5,1,85138.0,11,11,3,"{""TOMATO"": 7, ""STRAWBERRY"": 12, ""WHEAT"": 37}","{""COW"": 12, ""SHEEP"": 3}",0,79
606,25,6,0,79736.0,12,12,4,"{""TOMATO"": 23, ""WHEAT"": 25, ""STRAWBERRY"": 10, ""CARROT"": 11, ""MELON"": 4}","{""SHEEP"": 2, ""COW"": 4, ""GOOSE"": 5}",9,18
606,25,6,1,85138.0,11,11,3,"{""TOMATO"": 7, ""STRAWBERRY"": 12, ""WHEAT"": 36}","{""COW"": 12, ""SHEEP"": 3}",0,79
607,25,7,0,79736.0,12,12,4,"{""TOMATO"": 23, ""WHEAT"": 25, ""STRAWBERRY"": 10, ""CARROT"": 11, ""MELON"": 4}","{""SHEEP"": 2, ""COW"": 4, ""GOOSE"": 5}",8,18
607,25,7,1,85288.0,11,11,3,"{""TOMATO"": 7, ""STRAWBERRY"": 12, ""WHEAT"": 38}","{""COW"": 12, ""SHEEP"": 3}",0,75
608,25,8,0,79736.0,12,12,4,"{""TOMATO"": 23, ""WHEAT"": 25, ""STRAWBERRY"": 10, ""CARROT"": 11, ""MELON"": 4}","{""SHEEP"": 2, ""COW"": 4, ""GOOSE"": 5}",8,18
608,25,8,1,85278.0,11,11,3,"{""TOMATO"": 7, ""STRAWBERRY"": 11, ""WHEAT"": 38}","{""COW"": 12, ""SHEEP"": 3}",0,75
609,25,9,0,79736.0,12,12,4,"{""TOMATO"": 23, ""WHEAT"": 25, ""STRAWBERRY"": 10, ""CARROT"": 11, ""MELON"": 4}","{""SHEEP"": 2, ""COW"": 4, ""GOOSE"": 5}",8,18
609,25,9,1,85278.0,11,11,3,"{""TOMATO"": 7, ""STRAWBERRY"": 11, ""WHEAT"": 39}","{""COW"": 12, ""SHEEP"": 3}",0,75
610,25,10,0,79736.0,12,12,4,"{""TOMATO"": 23, ""WHEAT"": 25, ""STRAWBERRY"": 10, ""CARROT"": 11, ""MELON"": 4}","{""SHEEP"": 2, ""COW"": 4, ""GOOSE"": 5}",8,18
610,25,10,1,85268.0,11,11,3,"{""TOMATO"": 7, ""STRAWBERRY"": 11, ""WHEAT"": 39}","{""COW"": 12, ""SHEEP"": 3}",0,75
611,25,11,0,79736.0,12,12,4,"{""TOMATO"": 23, ""WHEAT"": 25, ""STRAWBERRY"": 10, ""CARROT"": 11, ""MELON"": 4}","{""SHEEP"": 2, ""COW"": 4, ""GOOSE"": 5}",7,18
611,25,11,1,85268.0,11,11,3,"{""TOMATO"": 7, ""STRAWBERRY"": 11, ""WHEAT"": 36}","{""COW"": 12, ""SHEEP"": 3}",0,75
612,25,12,0,79736.0,12,12,4,"{""TOMATO"": 23, ""WHEAT"": 26, ""STRAWBERRY"": 10, ""CARROT"": 11, ""MELON"": 4}","{""SHEEP"": 2, ""COW"": 4, ""GOOSE"": 5}",7,18
612,25,12,1,85378.0,11,11,3,"{""TOMATO"": 7, ""STRAWBERRY"": 11, ""WHEAT"": 39}","{""COW"": 12, ""SHEEP"": 3}",0,72
613,25,13,0,79736.0,12,12,4,"{""TOMATO"": 23, ""WHEAT"": 27, ""STRAWBERRY"": 10, ""CARROT"": 10, ""MELON"": 3}","{""SHEEP"": 2, ""COW"": 4, ""GOOSE"": 5}",7,18
613,25,13,1,85368.0,11,11,3,"{""TOMATO"": 7, ""STRAWBERRY"": 10, ""WHEAT"": 39}","{""COW"": 12, ""SHEEP"": 3}",0,72
614,25,14,0,79736.0,12,12,4,"{""TOMATO"": 23, ""WHEAT"": 27, ""STRAWBERRY"": 9, ""CARROT"": 11, ""MELON"": 2}","{""SHEEP"": 2, ""COW"": 4, ""GOOSE"": 5}",7,18
614,25,14,1,85368.0,11,11,3,"{""TOMATO"": 7, ""STRAWBERRY"": 10, ""WHEAT"": 40}","{""COW"": 12, ""SHEEP"": 3}",0,72
615,25,15,0,79736.0,12,12,4,"{""TOMATO"": 23, ""WHEAT"": 26, ""STRAWBERRY"": 9, ""CARROT"": 11, ""MELON"": 2}","{""SHEEP"": 2, ""COW"": 4, ""GOOSE"": 5}",7,18
615,25,15,1,85358.0,11,11,3,"{""TOMATO"": 7, ""STRAWBERRY"": 10, ""WHEAT"": 40}","{""COW"": 12, ""SHEEP"": 3}",0,72
616,25,16,0,79736.0,12,12,4,"{""TOMATO"": 23, ""WHEAT"": 25, ""STRAWBERRY"": 9, ""CARROT"": 11, ""MELON"": 2}","{""SHEEP"": 2, ""COW"": 4, ""GOOSE"": 5}",7,18
616,25,16,1,85358.0,11,11,3,"{""TOMATO"": 7, ""STRAWBERRY"": 10, ""WHEAT"": 39}","{""COW"": 12, ""SHEEP"": 3}",0,72
617,25,17,0,79736.0,12,12,4,"{""TOMATO"": 23, ""WHEAT"": 25, ""STRAWBERRY"": 9, ""CARROT"": 11, ""MELON"": 2}","{""SHEEP"": 2, ""COW"": 4, ""GOOSE"": 5}",7,18
617,25,17,1,85388.0,11,11,3,"{""TOMATO"": 7, ""STRAWBERRY"": 10, ""WHEAT"": 39}","{""COW"": 12, ""SHEEP"": 3}",0,71
618,25,18,0,80606.0,12,12,4,"{""TOMATO"": 23, ""WHEAT"": 25, ""STRAWBERRY"": 9, ""CARROT"": 10, ""MELON"": 2}","{""SHEEP"": 2, ""COW"": 4, ""GOOSE"": 5}",6,0
618,25,18,1,85849.0,11,11,3,"{""TOMATO"": 7, ""STRAWBERRY"": 10, ""WHEAT"": 40}","{""COW"": 12, ""SHEEP"": 3}",0,68
619,25,19,0,80606.0,12,12,4,"{""TOMATO"": 23, ""WHEAT"": 24, ""STRAWBERRY"": 9, ""CARROT"": 10, ""MELON"": 2}","{""SHEEP"": 2, ""COW"": 4, ""GOOSE"": 5}",6,0
619,25,19,1,85839.0,11,11,3,"{""TOMATO"": 7, ""STRAWBERRY"": 10, ""WHEAT"": 40}","{""COW"": 12, ""SHEEP"": 3}",0,68
620,25,20,0,80606.0,12,12,4,"{""TOMATO"": 23, ""WHEAT"": 26, ""STRAWBERRY"": 9, ""CARROT"": 10, ""MELON"": 2}","{""SHEEP"": 2, ""COW"": 4, ""GOOSE"": 5}",6,0
620,25,20,1,85839.0,11,11,3,"{""TOMATO"": 7, ""STRAWBERRY"": 10, ""WHEAT"": 40}","{""COW"": 12, ""SHEEP"": 3}",0,68
621,25,21,0,80606.0,12,12,4,"{""TOMATO"": 23, ""WHEAT"": 28, ""STRAWBERRY"": 9, ""CARROT"": 10, ""MELON"": 2}","{""SHEEP"": 2, ""COW"": 4, ""GOOSE"": 5}",6,0
621,25,21,1,85839.0,11,11,3,"{""TOMATO"": 7, ""STRAWBERRY"": 10, ""WHEAT"": 40}","{""COW"": 12, ""SHEEP"": 3}",0,78
622,25,22,0,80606.0,12,12,4,"{""TOMATO"": 23, ""WHEAT"": 28, ""STRAWBERRY"": 9, ""CARROT"": 10, ""MELON"": 1}","{""SHEEP"": 2, ""COW"": 4, ""GOOSE"": 5}",5,0
622,25,22,1,86958.0,11,11,3,"{""TOMATO"": 7, ""STRAWBERRY"": 10, ""WHEAT"": 38}","{""COW"": 12, ""SHEEP"": 3}",0,81
623,25,23,0,80606.0,12,12,4,"{""TOMATO"": 23, ""WHEAT"": 30, ""STRAWBERRY"": 9, ""CARROT"": 10, ""MELON"": 1}","{""SHEEP"": 2, ""COW"": 4, ""GOOSE"": 5}",5,0
623,25,23,1,88294.0,11,11,3,"{""TOMATO"": 7, ""STRAWBERRY"": 10, ""WHEAT"": 40}","{""COW"": 12, ""SHEEP"": 3}",0,53
624,26,0,0,81170.0,0,0,4,"{""TOMATO"": 23, ""WHEAT"": 30, ""STRAWBERRY"": 7, ""CARROT"": 10, ""MELON"": 1}","{""SHEEP"": 2, ""COW"": 4, ""GOOSE"": 5}",7,99
624,26,0,1,89312.0,0,0,3,"{""TOMATO"": 7, ""STRAWBERRY"": 10, ""WHEAT"": 40}","{""COW"": 12, ""SHEEP"": 3}",0,100
625,26,1,0,87293.0,2,2,4,"{""TOMATO"": 23, ""WHEAT"": 30, ""STRAWBERRY"": 5, ""CARROT"": 10, ""MELON"": 1}","{""SHEEP"": 2, ""COW"": 4, ""GOOSE"": 5}",9,8
625,26,1,1,89366.0,8,8,3,"{""TOMATO"": 7, ""STRAWBERRY"": 9, ""WHEAT"": 40}","{""COW"": 12, ""SHEEP"": 3}",1,95
626,26,2,0,87063.0,11,11,4,"{""TOMATO"": 23, ""WHEAT"": 30, ""STRAWBERRY"": 5, ""CARROT"": 10, ""MELON"": 1}","{""SHEEP"": 2, ""COW"": 4, ""GOOSE"": 5}",9,8
626,26,2,1,89286.0,11,11,3,"{""TOMATO"": 7, ""STRAWBERRY"": 9, ""WHEAT"": 40}","{""COW"": 12, ""SHEEP"": 3}",1,87
627,26,3,0,87063.0,11,11,4,"{""TOMATO"": 23, ""WHEAT"": 30, ""STRAWBERRY"": 5, ""CARROT"": 10, ""MELON"": 1}","{""SHEEP"": 2, ""COW"": 4, ""GOOSE"": 5}",9,0
627,26,3,1,89481.0,11,11,3,"{""TOMATO"": 7, ""STRAWBERRY"": 9, ""WHEAT"": 40}","{""COW"": 12, ""SHEEP"": 3}",1,83
628,26,4,0,87063.0,11,11,4,"{""TOMATO"": 22, ""WHEAT"": 30, ""STRAWBERRY"": 5, ""CARROT"": 10, ""MELON"": 1}","{""SHEEP"": 2, ""COW"": 4, ""GOOSE"": 5}",9,0
628,26,4,1,89481.0,11,11,3,"{""TOMATO"": 7, ""STRAWBERRY"": 9, ""WHEAT"": 40}","{""COW"": 12, ""SHEEP"": 3}",1,81
629,26,5,0,87063.0,11,11,4,"{""TOMATO"": 22, ""WHEAT"": 29, ""STRAWBERRY"": 5, ""CARROT"": 11, ""MELON"": 1}","{""SHEEP"": 2, ""COW"": 4, ""GOOSE"": 5}",9,0
629,26,5,1,89481.0,11,11,3,"{""TOMATO"": 7, ""STRAWBERRY"": 9, ""WHEAT"": 40}","{""COW"": 12, ""SHEEP"": 3}",1,81
630,26,6,0,87063.0,11,11,4,"{""TOMATO"": 22, ""WHEAT"": 28, ""STRAWBERRY"": 5, ""CARROT"": 11, ""MELON"": 1}","{""SHEEP"": 2, ""COW"": 4, ""GOOSE"": 5}",9,0
630,26,6,1,89481.0,11,11,3,"{""TOMATO"": 7, ""STRAWBERRY"": 9, ""WHEAT"": 38}","{""COW"": 12, ""SHEEP"": 3}",1,81
631,26,7,0,87363.0,11,11,4,"{""TOMATO"": 21, ""WHEAT"": 28, ""STRAWBERRY"": 5, ""CARROT"": 11, ""MELON"": 1}","{""SHEEP"": 2, ""COW"": 4, ""GOOSE"": 5}",9,0
631,26,7,1,89549.0,11,11,3,"{""TOMATO"": 7, ""STRAWBERRY"": 9, ""WHEAT"": 39}","{""COW"": 12, ""SHEEP"": 3}",1,79
632,26,8,0,87363.0,11,11,4,"{""TOMATO"": 21, ""WHEAT"": 28, ""STRAWBERRY"": 5, ""CARROT"": 13, ""MELON"": 1}","{""SHEEP"": 2, ""COW"": 4, ""GOOSE"": 5}",9,0
632,26,8,1,89539.0,11,11,3,"{""TOMATO"": 7, ""STRAWBERRY"": 9, ""WHEAT"": 40}","{""COW"": 12, ""SHEEP"": 3}",1,79
633,26,9,0,87363.0,11,11,4,"{""TOMATO"": 20, ""WHEAT"": 28, ""STRAWBERRY"": 5, ""CARROT"": 13, ""MELON"": 1}","{""SHEEP"": 2, ""COW"": 4, ""GOOSE"": 5}",9,0
633,26,9,1,89539.0,11,11,3,"{""TOMATO"": 7, ""STRAWBERRY"": 9, ""WHEAT"": 40}","{""COW"": 12, ""SHEEP"": 3}",1,79
634,26,10,0,87363.0,11,11,4,"{""TOMATO"": 19, ""WHEAT"": 28, ""STRAWBERRY"": 5, ""CARROT"": 14, ""MELON"": 1}","{""SHEEP"": 2, ""COW"": 4, ""GOOSE"": 5}",9,0
634,26,10,1,89584.0,11,11,3,"{""TOMATO"": 7, ""STRAWBERRY"": 9, ""WHEAT"": 40}","{""COW"": 12, ""SHEEP"": 3}",1,78
635,26,11,0,87363.0,11,11,4,"{""TOMATO"": 19, ""WHEAT"": 28, ""STRAWBERRY"": 5, ""CARROT"": 15, ""MELON"": 1}","{""SHEEP"": 2, ""COW"": 4, ""GOOSE"": 5}",9,0
635,26,11,1,89584.0,11,11,3,"{""TOMATO"": 7, ""STRAWBERRY"": 9, ""WHEAT"": 39}","{""COW"": 12, ""SHEEP"": 3}",1,87
636,26,12,0,87363.0,11,11,4,"{""TOMATO"": 17, ""WHEAT"": 28, ""STRAWBERRY"": 5, ""CARROT"": 15, ""MELON"": 1}","{""SHEEP"": 2, ""COW"": 4, ""GOOSE"": 5}",9,0
636,26,12,1,89613.0,11,11,3,"{""TOMATO"": 7, ""STRAWBERRY"": 8, ""WHEAT"": 39}","{""COW"": 12, ""SHEEP"": 3}",1,86
637,26,13,0,87363.0,11,11,4,"{""TOMATO"": 17, ""WHEAT"": 28, ""STRAWBERRY"": 5, ""CARROT"": 16, ""MELON"": 1}","{""SHEEP"": 2, ""COW"": 4, ""GOOSE"": 5}",9,0
637,26,13,1,89603.0,11,11,3,"{""TOMATO"": 7, ""STRAWBERRY"": 8, ""WHEAT"": 40}","{""COW"": 12, ""SHEEP"": 3}",1,86
638,26,14,0,87363.0,11,11,4,"{""TOMATO"": 16, ""WHEAT"": 28, ""STRAWBERRY"": 5, ""CARROT"": 16, ""MELON"": 1}","{""SHEEP"": 2, ""COW"": 4, ""GOOSE"": 5}",9,0
638,26,14,1,89593.0,11,11,3,"{""TOMATO"": 7, ""STRAWBERRY"": 8, ""WHEAT"": 41}","{""COW"": 12, ""SHEEP"": 3}",1,86
639,26,15,0,87363.0,11,11,4,"{""TOMATO"": 16, ""WHEAT"": 27, ""STRAWBERRY"": 5, ""CARROT"": 16, ""MELON"": 1}","{""SHEEP"": 2, ""COW"": 4, ""GOOSE"": 5}",9,0
639,26,15,1,89583.0,11,11,3,"{""TOMATO"": 7, ""STRAWBERRY"": 8, ""WHEAT"": 40}","{""COW"": 12, ""SHEEP"": 3}",1,86
640,26,16,0,87363.0,11,11,4,"{""TOMATO"": 16, ""WHEAT"": 27, ""STRAWBERRY"": 5, ""CARROT"": 17, ""MELON"": 1}","{""SHEEP"": 2, ""COW"": 4, ""GOOSE"": 5}",9,0
640,26,16,1,89583.0,11,11,3,"{""TOMATO"": 7, ""STRAWBERRY"": 8, ""WHEAT"": 40}","{""COW"": 12, ""SHEEP"": 3}",1,86
641,26,17,0,87363.0,11,11,4,"{""TOMATO"": 15, ""WHEAT"": 27, ""STRAWBERRY"": 5, ""CARROT"": 17, ""MELON"": 1}","{""SHEEP"": 2, ""COW"": 4, ""GOOSE"": 5}",8,0
641,26,17,1,89573.0,11,11,3,"{""TOMATO"": 7, ""STRAWBERRY"": 8, ""WHEAT"": 40}","{""COW"": 12, ""SHEEP"": 3}",1,86
642,26,18,0,87363.0,11,11,4,"{""TOMATO"": 15, ""WHEAT"": 27, ""STRAWBERRY"": 5, ""CARROT"": 20, ""MELON"": 1}","{""SHEEP"": 2, ""COW"": 4, ""GOOSE"": 5}",8,0
642,26,18,1,89671.0,11,11,3,"{""TOMATO"": 7, ""STRAWBERRY"": 8, ""WHEAT"": 40}","{""COW"": 12, ""SHEEP"": 3}",1,84
643,26,19,0,87363.0,11,11,4,"{""TOMATO"": 15, ""WHEAT"": 26, ""STRAWBERRY"": 5, ""CARROT"": 20, ""MELON"": 1}","{""SHEEP"": 2, ""COW"": 4, ""GOOSE"": 5}",8,0
643,26,19,1,89671.0,11,11,3,"{""TOMATO"": 7, ""STRAWBERRY"": 8, ""WHEAT"": 41}","{""COW"": 12, ""SHEEP"": 3}",1,95
644,26,20,0,87363.0,11,11,4,"{""TOMATO"": 15, ""WHEAT"": 26, ""STRAWBERRY"": 5, ""CARROT"": 19, ""MELON"": 1}","{""SHEEP"": 2, ""COW"": 4, ""GOOSE"": 5}",8,0
644,26,20,1,90136.0,11,11,3,"{""TOMATO"": 7, ""STRAWBERRY"": 7, ""WHEAT"": 41}","{""COW"": 12, ""SHEEP"": 3}",1,83
645,26,21,0,87363.0,11,11,4,"{""TOMATO"": 15, ""WHEAT"": 25, ""STRAWBERRY"": 5, ""CARROT"": 20, ""MELON"": 1}","{""SHEEP"": 2, ""COW"": 4, ""GOOSE"": 5}",8,0
645,26,21,1,90136.0,11,11,3,"{""TOMATO"": 7, ""STRAWBERRY"": 7, ""WHEAT"": 42}","{""COW"": 12, ""SHEEP"": 3}",1,92
646,26,22,0,87363.0,11,11,4,"{""TOMATO"": 14, ""WHEAT"": 25, ""STRAWBERRY"": 4, ""CARROT"": 20, ""MELON"": 1}","{""SHEEP"": 2, ""COW"": 4, ""GOOSE"": 5}",8,0
646,26,22,1,90725.0,11,11,3,"{""TOMATO"": 7, ""STRAWBERRY"": 7, ""WHEAT"": 41}","{""COW"": 12, ""SHEEP"": 3}",1,89
647,26,23,0,87363.0,11,11,4,"{""TOMATO"": 14, ""WHEAT"": 25, ""STRAWBERRY"": 4, ""CARROT"": 25, ""MELON"": 1}","{""SHEEP"": 2, ""COW"": 4, ""GOOSE"": 5}",8,0
647,26,23,1,92499.0,11,11,3,"{""TOMATO"": 7, ""STRAWBERRY"": 7, ""WHEAT"": 41}","{""COW"": 12, ""SHEEP"": 3}",1,68
648,27,0,0,87363.0,0,0,4,"{""TOMATO"": 14, ""WHEAT"": 24, ""STRAWBERRY"": 4, ""CARROT"": 25, ""MELON"": 1}","{""SHEEP"": 2, ""COW"": 4, ""GOOSE"": 5}",8,100
648,27,0,1,93556.0,0,0,3,"{""TOMATO"": 7, ""STRAWBERRY"": 7, ""WHEAT"": 40}","{""COW"": 12, ""SHEEP"": 3}",2,99
649,27,1,0,87811.0,8,8,4,"{""TOMATO"": 11, ""WHEAT"": 24, ""STRAWBERRY"": 4, ""CARROT"": 25, ""MELON"": 1}","{""SHEEP"": 2, ""COW"": 4, ""GOOSE"": 5}",11,94
649,27,1,1,93647.0,8,8,3,"{""TOMATO"": 7, ""STRAWBERRY"": 6, ""WHEAT"": 40}","{""COW"": 12, ""SHEEP"": 3}",3,96
650,27,2,0,90414.0,8,8,4,"{""TOMATO"": 11, ""WHEAT"": 24, ""STRAWBERRY"": 4, ""CARROT"": 25, ""MELON"": 1}","{""SHEEP"": 2, ""COW"": 4, ""GOOSE"": 5}",11,40
650,27,2,1,93431.0,11,11,3,"{""TOMATO"": 7, ""STRAWBERRY"": 6, ""WHEAT"": 40}","{""COW"": 12, ""SHEEP"": 3}",3,89
651,27,3,0,90414.0,8,8,4,"{""TOMATO"": 11, ""WHEAT"": 24, ""STRAWBERRY"": 4, ""CARROT"": 25, ""MELON"": 1}","{""SHEEP"": 2, ""COW"": 4, ""GOOSE"": 5}",10,40
651,27,3,1,93431.0,11,11,3,"{""TOMATO"": 5, ""STRAWBERRY"": 6, ""WHEAT"": 40}","{""COW"": 12, ""SHEEP"": 3}",5,89
652,27,4,0,90414.0,8,8,4,"{""TOMATO"": 11, ""WHEAT"": 25, ""STRAWBERRY"": 4, ""CARROT"": 25, ""MELON"": 1}","{""SHEEP"": 2, ""COW"": 4, ""GOOSE"": 5}",10,40
652,27,4,1,93431.0,11,11,3,"{""TOMATO"": 5, ""STRAWBERRY"": 6, ""WHEAT"": 40}","{""COW"": 12, ""SHEEP"": 3}",5,92
653,27,5,0,90414.0,8,8,4,"{""TOMATO"": 11, ""WHEAT"": 27, ""STRAWBERRY"": 4, ""CARROT"": 23, ""MELON"": 1}","{""SHEEP"": 2, ""COW"": 4, ""GOOSE"": 5}",11,40
653,27,5,1,93431.0,11,11,3,"{""TOMATO"": 5, ""STRAWBERRY"": 6, ""WHEAT"": 38}","{""COW"": 12, ""SHEEP"": 3}",5,90
654,27,6,0,90414.0,8,8,4,"{""TOMATO"": 11, ""WHEAT"": 26, ""STRAWBERRY"": 4, ""CARROT"": 22, ""MELON"": 1}","{""SHEEP"": 2, ""COW"": 4, ""GOOSE"": 5}",11,40
654,27,6,1,93431.0,11,11,3,"{""TOMATO"": 5, ""STRAWBERRY"": 6, ""WHEAT"": 37, ""CARROT"": 2}","{""COW"": 12, ""SHEEP"": 3}",5,93
655,27,7,0,90414.0,8,8,4,"{""TOMATO"": 11, ""WHEAT"": 28, ""STRAWBERRY"": 4, ""CARROT"": 22, ""MELON"": 1}","{""SHEEP"": 2, ""COW"": 4, ""GOOSE"": 5}",11,40
655,27,7,1,93431.0,11,11,3,"{""TOMATO"": 5, ""STRAWBERRY"": 6, ""WHEAT"": 38, ""CARROT"": 2}","{""COW"": 12, ""SHEEP"": 3}",5,93
656,27,8,0,90414.0,8,8,4,"{""TOMATO"": 11, ""WHEAT"": 28, ""STRAWBERRY"": 4, ""CARROT"": 22, ""MELON"": 1}","{""SHEEP"": 2, ""COW"": 4, ""GOOSE"": 5}",11,40
656,27,8,1,93431.0,11,11,3,"{""TOMATO"": 5, ""STRAWBERRY"": 6, ""WHEAT"": 38, ""CARROT"": 2}","{""COW"": 12, ""SHEEP"": 3}",5,93
657,27,9,0,90414.0,8,8,4,"{""TOMATO"": 11, ""WHEAT"": 27, ""STRAWBERRY"": 4, ""CARROT"": 22, ""MELON"": 1}","{""SHEEP"": 2, ""COW"": 4, ""GOOSE"": 5}",11,40
657,27,9,1,93431.0,11,11,3,"{""TOMATO"": 5, ""STRAWBERRY"": 6, ""WHEAT"": 38, ""CARROT"": 2}","{""COW"": 12, ""SHEEP"": 3}",5,93
658,27,10,0,90414.0,8,8,4,"{""TOMATO"": 11, ""WHEAT"": 27, ""STRAWBERRY"": 4, ""CARROT"": 22, ""MELON"": 1}","{""SHEEP"": 2, ""COW"": 4, ""GOOSE"": 5}",11,40
658,27,10,1,93431.0,11,11,3,"{""TOMATO"": 5, ""STRAWBERRY"": 6, ""WHEAT"": 38, ""CARROT"": 2}","{""COW"": 12, ""SHEEP"": 3}",5,93
659,27,11,0,90414.0,8,8,4,"{""TOMATO"": 11, ""WHEAT"": 27, ""STRAWBERRY"": 4, ""CARROT"": 22, ""MELON"": 1}","{""SHEEP"": 2, ""COW"": 4, ""GOOSE"": 5}",11,40
659,27,11,1,93431.0,11,11,3,"{""TOMATO"": 5, ""STRAWBERRY"": 5, ""WHEAT"": 37, ""CARROT"": 2}","{""COW"": 12, ""SHEEP"": 3}",5,93
660,27,12,0,90414.0,8,8,4,"{""TOMATO"": 9, ""WHEAT"": 28, ""STRAWBERRY"": 4, ""CARROT"": 22, ""MELON"": 1}","{""SHEEP"": 2, ""COW"": 4, ""GOOSE"": 5}",11,40
660,27,12,1,93737.0,11,11,3,"{""TOMATO"": 5, ""STRAWBERRY"": 5, ""WHEAT"": 38, ""CARROT"": 3}","{""COW"": 12, ""SHEEP"": 3}",5,85
661,27,13,0,90414.0,8,8,4,"{""TOMATO"": 9, ""WHEAT"": 29, ""STRAWBERRY"": 4, ""CARROT"": 22, ""MELON"": 1}","{""SHEEP"": 2, ""COW"": 4, ""GOOSE"": 5}",11,40
661,27,13,1,93727.0,11,11,3,"{""TOMATO"": 5, ""STRAWBERRY"": 5, ""WHEAT"": 37, ""CARROT"": 3}","{""COW"": 12, ""SHEEP"": 3}",5,85
662,27,14,0,93277.0,8,8,4,"{""TOMATO"": 9, ""WHEAT"": 29, ""STRAWBERRY"": 4, ""CARROT"": 22, ""MELON"": 1}","{""SHEEP"": 2, ""COW"": 4, ""GOOSE"": 5}",11,0
662,27,14,1,93717.0,11,11,3,"{""TOMATO"": 5, ""STRAWBERRY"": 5, ""WHEAT"": 37, ""CARROT"": 4}","{""COW"": 12, ""SHEEP"": 3}",4,85
663,27,15,0,93277.0,8,8,4,"{""TOMATO"": 9, ""WHEAT"": 29, ""STRAWBERRY"": 4, ""CARROT"": 22, ""MELON"": 1}","{""SHEEP"": 2, ""COW"": 4, ""GOOSE"": 5}",11,0
663,27,15,1,93707.0,11,11,3,"{""TOMATO"": 5, ""STRAWBERRY"": 5, ""WHEAT"": 39, ""CARROT"": 4}","{""COW"": 12, ""SHEEP"": 3}",4,85
664,27,16,0,93277.0,8,8,4,"{""TOMATO"": 9, ""WHEAT"": 29, ""STRAWBERRY"": 4, ""CARROT"": 22, ""MELON"": 1}","{""SHEEP"": 2, ""COW"": 4, ""GOOSE"": 5}",11,0
664,27,16,1,93697.0,11,11,3,"{""TOMATO"": 5, ""STRAWBERRY"": 5, ""WHEAT"": 39, ""CARROT"": 4}","{""COW"": 12, ""SHEEP"": 3}",4,85
665,27,17,0,93277.0,8,8,4,"{""TOMATO"": 9, ""WHEAT"": 29, ""STRAWBERRY"": 4, ""CARROT"": 22, ""MELON"": 1}","{""SHEEP"": 2, ""COW"": 4, ""GOOSE"": 5}",11,0
665,27,17,1,93887.0,11,11,3,"{""TOMATO"": 5, ""STRAWBERRY"": 5, ""WHEAT"": 38, ""CARROT"": 4}","{""COW"": 12, ""SHEEP"": 3}",3,94
666,27,18,0,93277.0,8,8,4,"{""TOMATO"": 9, ""WHEAT"": 29, ""STRAWBERRY"": 4, ""CARROT"": 21, ""MELON"": 1}","{""SHEEP"": 2, ""COW"": 4, ""GOOSE"": 5}",11,0
666,27,18,1,93887.0,11,11,3,"{""TOMATO"": 5, ""STRAWBERRY"": 5, ""WHEAT"": 40, ""CARROT"": 4}","{""COW"": 12, ""SHEEP"": 3}",2,99
667,27,19,0,93277.0,8,8,4,"{""TOMATO"": 9, ""WHEAT"": 30, ""STRAWBERRY"": 4, ""CARROT"": 21, ""MELON"": 1}","{""SHEEP"": 2, ""COW"": 4, ""GOOSE"": 5}",11,0
667,27,19,1,94457.0,11,11,3,"{""TOMATO"": 5, ""STRAWBERRY"": 5, ""WHEAT"": 40, ""CARROT"": 4}","{""COW"": 12, ""SHEEP"": 3}",2,84
668,27,20,0,93277.0,8,8,4,"{""TOMATO"": 9, ""WHEAT"": 30, ""STRAWBERRY"": 4, ""CARROT"": 21, ""MELON"": 1}","{""SHEEP"": 2, ""COW"": 4, ""GOOSE"": 5}",11,0
668,27,20,1,94457.0,11,11,3,"{""TOMATO"": 5, ""STRAWBERRY"": 3, ""WHEAT"": 40, ""CARROT"": 4}","{""COW"": 12, ""SHEEP"": 3}",2,84
669,27,21,0,93277.0,8,8,4,"{""TOMATO"": 9, ""WHEAT"": 30, ""STRAWBERRY"": 4, ""CARROT"": 21, ""MELON"": 1}","{""SHEEP"": 2, ""COW"": 4, ""GOOSE"": 5}",11,0
669,27,21,1,94457.0,11,11,3,"{""TOMATO"": 5, ""STRAWBERRY"": 3, ""WHEAT"": 40, ""CARROT"": 4}","{""COW"": 12, ""SHEEP"": 3}",2,84
670,27,22,0,93277.0,8,8,4,"{""TOMATO"": 9, ""WHEAT"": 29, ""STRAWBERRY"": 4, ""CARROT"": 21, ""MELON"": 1}","{""SHEEP"": 2, ""COW"": 4, ""GOOSE"": 5}",11,0
670,27,22,1,95047.0,11,11,3,"{""TOMATO"": 5, ""STRAWBERRY"": 3, ""WHEAT"": 40, ""CARROT"": 4}","{""COW"": 12, ""SHEEP"": 3}",2,75
671,27,23,0,93277.0,8,8,4,"{""TOMATO"": 9, ""WHEAT"": 29, ""STRAWBERRY"": 4, ""CARROT"": 21, ""MELON"": 1}","{""SHEEP"": 2, ""COW"": 4, ""GOOSE"": 5}",11,0
671,27,23,1,97426.0,11,11,3,"{""TOMATO"": 5, ""STRAWBERRY"": 3, ""WHEAT"": 40, ""CARROT"": 4}","{""COW"": 12, ""SHEEP"": 3}",2,61
672,28,0,0,93277.0,0,0,4,"{""TOMATO"": 9, ""WHEAT"": 29, ""STRAWBERRY"": 4, ""CARROT"": 21, ""MELON"": 1}","{""SHEEP"": 2, ""COW"": 4, ""GOOSE"": 5}",11,100
672,28,0,1,98888.0,0,0,3,"{""TOMATO"": 5, ""STRAWBERRY"": 3, ""WHEAT"": 38, ""CARROT"": 4}","{""COW"": 12, ""SHEEP"": 3}",3,100
673,28,1,0,98356.0,4,4,4,"{""TOMATO"": 8, ""WHEAT"": 29, ""CARROT"": 21, ""MELON"": 1, ""STRAWBERRY"": 3}","{""SHEEP"": 2, ""COW"": 4, ""GOOSE"": 5}",13,7
673,28,1,1,99366.0,8,8,3,"{""TOMATO"": 5, ""STRAWBERRY"": 2, ""WHEAT"": 38, ""CARROT"": 4}","{""COW"": 12, ""SHEEP"": 3}",4,86
674,28,2,0,98309.0,8,8,4,"{""TOMATO"": 8, ""WHEAT"": 29, ""CARROT"": 21, ""MELON"": 1, ""STRAWBERRY"": 3}","{""SHEEP"": 2, ""COW"": 4, ""GOOSE"": 5}",13,4
674,28,2,1,99572.0,10,10,3,"{""TOMATO"": 5, ""STRAWBERRY"": 2, ""WHEAT"": 38, ""CARROT"": 4}","{""COW"": 12, ""SHEEP"": 3}",4,81
675,28,3,0,98309.0,8,8,4,"{""TOMATO"": 8, ""WHEAT"": 29, ""CARROT"": 21, ""MELON"": 1, ""STRAWBERRY"": 3}","{""SHEEP"": 2, ""COW"": 4, ""GOOSE"": 5}",13,0
675,28,3,1,100004.0,10,10,3,"{""TOMATO"": 5, ""STRAWBERRY"": 2, ""WHEAT"": 38, ""CARROT"": 4}","{""COW"": 12, ""SHEEP"": 3}",4,70
676,28,4,0,98309.0,8,8,4,"{""TOMATO"": 8, ""WHEAT"": 29, ""CARROT"": 21, ""MELON"": 1, ""STRAWBERRY"": 3}","{""SHEEP"": 2, ""COW"": 4, ""GOOSE"": 5}",13,0
676,28,4,1,100038.0,10,10,3,"{""TOMATO"": 5, ""STRAWBERRY"": 2, ""WHEAT"": 38, ""CARROT"": 4}","{""COW"": 12, ""SHEEP"": 3}",4,69
677,28,5,0,98309.0,8,8,4,"{""TOMATO"": 8, ""WHEAT"": 28, ""CARROT"": 21, ""MELON"": 1, ""STRAWBERRY"": 3}","{""SHEEP"": 2, ""COW"": 4, ""GOOSE"": 5}",13,0
677,28,5,1,100038.0,10,10,3,"{""TOMATO"": 5, ""STRAWBERRY"": 2, ""WHEAT"": 37, ""CARROT"": 4}","{""COW"": 12, ""SHEEP"": 3}",4,69
678,28,6,0,98309.0,8,8,4,"{""TOMATO"": 8, ""WHEAT"": 28, ""CARROT"": 21, ""MELON"": 1, ""STRAWBERRY"": 3}","{""SHEEP"": 2, ""COW"": 4, ""GOOSE"": 5}",13,0
678,28,6,1,100038.0,10,10,3,"{""TOMATO"": 5, ""STRAWBERRY"": 2, ""WHEAT"": 36, ""CARROT"": 4}","{""COW"": 12, ""SHEEP"": 3}",4,69
679,28,7,0,98309.0,8,8,4,"{""TOMATO"": 8, ""WHEAT"": 27, ""CARROT"": 21, ""MELON"": 1, ""STRAWBERRY"": 3}","{""SHEEP"": 2, ""COW"": 4, ""GOOSE"": 5}",13,0
679,28,7,1,100038.0,10,10,3,"{""TOMATO"": 5, ""STRAWBERRY"": 2, ""WHEAT"": 36, ""CARROT"": 4}","{""COW"": 12, ""SHEEP"": 3}",4,69
680,28,8,0,98309.0,8,8,4,"{""TOMATO"": 8, ""WHEAT"": 27, ""CARROT"": 21, ""MELON"": 1, ""STRAWBERRY"": 3}","{""SHEEP"": 2, ""COW"": 4, ""GOOSE"": 5}",13,0
680,28,8,1,100038.0,10,10,3,"{""TOMATO"": 5, ""STRAWBERRY"": 2, ""WHEAT"": 34, ""CARROT"": 4}","{""COW"": 12, ""SHEEP"": 3}",4,75
681,28,9,0,98309.0,8,8,4,"{""TOMATO"": 8, ""WHEAT"": 27, ""CARROT"": 21, ""MELON"": 1, ""STRAWBERRY"": 3}","{""SHEEP"": 2, ""COW"": 4, ""GOOSE"": 5}",13,0
681,28,9,1,100038.0,10,10,3,"{""TOMATO"": 5, ""STRAWBERRY"": 2, ""WHEAT"": 32, ""CARROT"": 4}","{""COW"": 12, ""SHEEP"": 3}",5,75
682,28,10,0,98309.0,8,8,4,"{""TOMATO"": 8, ""WHEAT"": 27, ""CARROT"": 21, ""MELON"": 1, ""STRAWBERRY"": 3}","{""SHEEP"": 2, ""COW"": 4, ""GOOSE"": 5}",13,0
682,28,10,1,100344.0,10,10,3,"{""TOMATO"": 5, ""STRAWBERRY"": 2, ""WHEAT"": 32, ""CARROT"": 4}","{""COW"": 12, ""SHEEP"": 3}",5,70
683,28,11,0,98309.0,8,8,4,"{""TOMATO"": 8, ""WHEAT"": 26, ""CARROT"": 21, ""MELON"": 1, ""STRAWBERRY"": 3}","{""SHEEP"": 2, ""COW"": 4, ""GOOSE"": 5}",13,0
683,28,11,1,100813.0,10,10,3,"{""TOMATO"": 5, ""STRAWBERRY"": 2, ""WHEAT"": 29, ""CARROT"": 4}","{""COW"": 12, ""SHEEP"": 3}",5,63
684,28,12,0,98309.0,8,8,4,"{""TOMATO"": 8, ""WHEAT"": 26, ""CARROT"": 20, ""MELON"": 1, ""STRAWBERRY"": 3}","{""SHEEP"": 2, ""COW"": 4, ""GOOSE"": 5}",13,0
684,28,12,1,100813.0,10,10,3,"{""TOMATO"": 5, ""STRAWBERRY"": 2, ""WHEAT"": 28, ""CARROT"": 4}","{""COW"": 12, ""SHEEP"": 3}",5,63
685,28,13,0,98309.0,8,8,4,"{""TOMATO"": 8, ""WHEAT"": 25, ""CARROT"": 20, ""MELON"": 1, ""STRAWBERRY"": 3}","{""SHEEP"": 2, ""COW"": 4, ""GOOSE"": 5}",13,0
685,28,13,1,100813.0,10,10,3,"{""TOMATO"": 5, ""STRAWBERRY"": 2, ""WHEAT"": 28, ""CARROT"": 4}","{""COW"": 12, ""SHEEP"": 3}",5,63
686,28,14,0,98309.0,8,8,4,"{""TOMATO"": 8, ""WHEAT"": 25, ""CARROT"": 20, ""MELON"": 1, ""STRAWBERRY"": 3}","{""SHEEP"": 2, ""COW"": 4, ""GOOSE"": 5}",13,0
686,28,14,1,100933.0,10,10,3,"{""TOMATO"": 5, ""STRAWBERRY"": 2, ""WHEAT"": 26, ""CARROT"": 4}","{""COW"": 12, ""SHEEP"": 3}",5,61
687,28,15,0,98309.0,8,8,4,"{""TOMATO"": 8, ""WHEAT"": 25, ""CARROT"": 18, ""MELON"": 1, ""STRAWBERRY"": 3}","{""SHEEP"": 2, ""COW"": 4, ""GOOSE"": 5}",13,0
687,28,15,1,100933.0,10,10,3,"{""TOMATO"": 5, ""STRAWBERRY"": 2, ""WHEAT"": 25, ""CARROT"": 4}","{""COW"": 12, ""SHEEP"": 3}",5,61
688,28,16,0,98309.0,8,8,4,"{""TOMATO"": 8, ""WHEAT"": 24, ""CARROT"": 18, ""MELON"": 1, ""STRAWBERRY"": 3}","{""SHEEP"": 2, ""COW"": 4, ""GOOSE"": 5}",13,0
688,28,16,1,100933.0,10,10,3,"{""TOMATO"": 5, ""STRAWBERRY"": 2, ""WHEAT"": 24, ""CARROT"": 4}","{""COW"": 12, ""SHEEP"": 3}",5,76
689,28,17,0,98309.0,8,8,4,"{""TOMATO"": 8, ""WHEAT"": 23, ""CARROT"": 18, ""MELON"": 1, ""STRAWBERRY"": 3}","{""SHEEP"": 2, ""COW"": 4, ""GOOSE"": 5}",13,0
689,28,17,1,101476.0,10,10,3,"{""TOMATO"": 5, ""STRAWBERRY"": 2, ""WHEAT"": 23, ""CARROT"": 4}","{""COW"": 12, ""SHEEP"": 3}",5,73
690,28,18,0,98309.0,8,8,4,"{""TOMATO"": 8, ""WHEAT"": 23, ""CARROT"": 18, ""MELON"": 1, ""STRAWBERRY"": 3}","{""SHEEP"": 2, ""COW"": 4, ""GOOSE"": 5}",13,0
690,28,18,1,103148.0,10,10,3,"{""TOMATO"": 5, ""STRAWBERRY"": 2, ""WHEAT"": 23, ""CARROT"": 4}","{""COW"": 12, ""SHEEP"": 3}",5,67
691,28,19,0,98309.0,8,8,4,"{""TOMATO"": 8, ""WHEAT"": 22, ""CARROT"": 18, ""STRAWBERRY"": 3}","{""SHEEP"": 2, ""COW"": 4, ""GOOSE"": 5}",13,0
691,28,19,1,103625.0,10,10,3,"{""TOMATO"": 5, ""STRAWBERRY"": 2, ""WHEAT"": 21, ""CARROT"": 4}","{""COW"": 12, ""SHEEP"": 3}",5,55
692,28,20,0,98309.0,8,8,4,"{""TOMATO"": 8, ""WHEAT"": 22, ""CARROT"": 18, ""STRAWBERRY"": 3}","{""SHEEP"": 2, ""COW"": 4, ""GOOSE"": 5}",13,0
692,28,20,1,103625.0,10,10,3,"{""TOMATO"": 5, ""STRAWBERRY"": 2, ""WHEAT"": 20, ""CARROT"": 4}","{""COW"": 12, ""SHEEP"": 3}",5,55
693,28,21,0,98309.0,8,8,4,"{""TOMATO"": 8, ""WHEAT"": 22, ""CARROT"": 18, ""STRAWBERRY"": 3}","{""SHEEP"": 2, ""COW"": 4, ""GOOSE"": 5}",13,0
693,28,21,1,104633.0,10,10,3,"{""TOMATO"": 5, ""STRAWBERRY"": 2, ""WHEAT"": 19, ""CARROT"": 4}","{""COW"": 12, ""SHEEP"": 3}",5,59
694,28,22,0,98309.0,8,8,4,"{""TOMATO"": 8, ""WHEAT"": 22, ""CARROT"": 18, ""STRAWBERRY"": 3}","{""SHEEP"": 2, ""COW"": 4, ""GOOSE"": 5}",13,0
694,28,22,1,105795.0,10,10,3,"{""TOMATO"": 5, ""STRAWBERRY"": 2, ""WHEAT"": 19, ""CARROT"": 4}","{""COW"": 12, ""SHEEP"": 3}",5,52
695,28,23,0,98309.0,8,8,4,"{""TOMATO"": 8, ""WHEAT"": 22, ""CARROT"": 18, ""STRAWBERRY"": 3}","{""SHEEP"": 2, ""COW"": 4, ""GOOSE"": 5}",13,0
695,28,23,1,106279.0,10,10,3,"{""TOMATO"": 5, ""STRAWBERRY"": 2, ""WHEAT"": 19, ""CARROT"": 4}","{""COW"": 12, ""SHEEP"": 3}",5,40
696,29,0,0,99381.0,0,0,4,"{""TOMATO"": 8, ""WHEAT"": 20, ""CARROT"": 18, ""STRAWBERRY"": 3}","{""SHEEP"": 1, ""COW"": 4, ""GOOSE"": 5}",13,99
696,29,0,1,106828.0,0,0,3,"{""TOMATO"": 5, ""STRAWBERRY"": 2, ""WHEAT"": 19, ""CARROT"": 4}","{""COW"": 9}",5,97
697,29,1,0,103513.0,7,7,4,"{""TOMATO"": 3, ""WHEAT"": 20, ""CARROT"": 18, ""STRAWBERRY"": 3}","{""SHEEP"": 1, ""COW"": 4, ""GOOSE"": 5}",18,42
697,29,1,1,107888.0,8,8,3,"{""TOMATO"": 3, ""WHEAT"": 19, ""CARROT"": 4}","{""COW"": 9}",9,64
698,29,2,0,103644.0,7,7,4,"{""TOMATO"": 3, ""WHEAT"": 20, ""CARROT"": 18, ""STRAWBERRY"": 3}","{""SHEEP"": 1, ""COW"": 4, ""GOOSE"": 5}",18,38
698,29,2,1,107952.0,10,10,3,"{""TOMATO"": 3, ""WHEAT"": 19, ""CARROT"": 4}","{""COW"": 9}",9,61
699,29,3,0,103644.0,7,7,4,"{""TOMATO"": 3, ""WHEAT"": 20, ""CARROT"": 18, ""STRAWBERRY"": 3}","{""SHEEP"": 1, ""COW"": 4, ""GOOSE"": 5}",18,38
699,29,3,1,108681.0,10,10,3,"{""TOMATO"": 3, ""WHEAT"": 19, ""CARROT"": 4}","{""COW"": 9}",9,51
700,29,4,0,103644.0,7,7,4,"{""TOMATO"": 3, ""WHEAT"": 20, ""CARROT"": 17, ""STRAWBERRY"": 3}","{""SHEEP"": 1, ""COW"": 4, ""GOOSE"": 5}",18,38
700,29,4,1,108713.0,10,10,3,"{""TOMATO"": 3, ""WHEAT"": 19, ""CARROT"": 4}","{""COW"": 9}",9,50
701,29,5,0,103644.0,7,7,4,"{""TOMATO"": 3, ""WHEAT"": 18, ""CARROT"": 17, ""STRAWBERRY"": 3}","{""SHEEP"": 1, ""COW"": 4, ""GOOSE"": 5}",18,38
701,29,5,1,108713.0,10,10,3,"{""TOMATO"": 3, ""WHEAT"": 19, ""CARROT"": 3}","{""COW"": 9}",9,50
702,29,6,0,103644.0,7,7,4,"{""TOMATO"": 3, ""WHEAT"": 18, ""CARROT"": 16, ""STRAWBERRY"": 3}","{""SHEEP"": 1, ""COW"": 4, ""GOOSE"": 5}",18,38
702,29,6,1,108817.0,10,10,3,"{""TOMATO"": 3, ""WHEAT"": 18, ""CARROT"": 1}","{""COW"": 9}",9,48
703,29,7,0,103644.0,7,7,4,"{""TOMATO"": 3, ""WHEAT"": 17, ""CARROT"": 15, ""STRAWBERRY"": 3}","{""SHEEP"": 1, ""COW"": 4, ""GOOSE"": 5}",18,38
703,29,7,1,108817.0,10,10,3,"{""TOMATO"": 3, ""WHEAT"": 18, ""CARROT"": 1}","{""COW"": 9}",9,48
704,29,8,0,103644.0,7,7,4,"{""TOMATO"": 3, ""WHEAT"": 17, ""CARROT"": 14, ""STRAWBERRY"": 3}","{""SHEEP"": 1, ""COW"": 4, ""GOOSE"": 5}",18,38
704,29,8,1,108817.0,10,10,3,"{""TOMATO"": 3, ""WHEAT"": 15}","{""COW"": 9}",9,48
705,29,9,0,103644.0,7,7,4,"{""TOMATO"": 3, ""WHEAT"": 16, ""CARROT"": 14, ""STRAWBERRY"": 3}","{""SHEEP"": 1, ""COW"": 4, ""GOOSE"": 5}",18,38
705,29,9,1,108817.0,10,10,3,"{""TOMATO"": 3, ""WHEAT"": 10}","{""COW"": 9}",9,48
706,29,10,0,103956.0,7,7,4,"{""TOMATO"": 3, ""WHEAT"": 15, ""CARROT"": 12, ""STRAWBERRY"": 3}","{""SHEEP"": 1, ""COW"": 4, ""GOOSE"": 5}",18,30
706,29,10,1,108976.0,10,10,3,"{""TOMATO"": 3, ""WHEAT"": 9}","{""COW"": 9}",9,45
707,29,11,0,103956.0,7,7,4,"{""TOMATO"": 3, ""WHEAT"": 15, ""CARROT"": 11, ""STRAWBERRY"": 3}","{""SHEEP"": 1, ""COW"": 4, ""GOOSE"": 5}",18,30
707,29,11,1,108976.0,10,10,3,"{""TOMATO"": 3, ""WHEAT"": 6}","{""COW"": 9}",9,45
708,29,12,0,103956.0,7,7,4,"{""TOMATO"": 3, ""WHEAT"": 14, ""CARROT"": 9, ""STRAWBERRY"": 3}","{""SHEEP"": 1, ""COW"": 4, ""GOOSE"": 5}",18,30
708,29,12,1,108976.0,10,10,3,"{""TOMATO"": 3, ""WHEAT"": 4}","{""COW"": 9}",9,45
709,29,13,0,103956.0,7,7,4,"{""TOMATO"": 3, ""WHEAT"": 12, ""CARROT"": 8, ""STRAWBERRY"": 3}","{""SHEEP"": 1, ""COW"": 4, ""GOOSE"": 5}",18,30
709,29,13,1,108976.0,10,10,3,"{""TOMATO"": 3, ""WHEAT"": 2}","{""COW"": 9}",9,45
710,29,14,0,103956.0,7,7,4,"{""TOMATO"": 3, ""WHEAT"": 12, ""CARROT"": 7, ""STRAWBERRY"": 3}","{""SHEEP"": 1, ""COW"": 4, ""GOOSE"": 5}",18,30
710,29,14,1,109344.0,10,10,3,"{""TOMATO"": 3, ""WHEAT"": 1}","{""COW"": 9}",9,50
711,29,15,0,103956.0,7,7,4,"{""TOMATO"": 3, ""WHEAT"": 12, ""CARROT"": 6, ""STRAWBERRY"": 3}","{""SHEEP"": 1, ""COW"": 4, ""GOOSE"": 5}",18,30
711,29,15,1,109612.0,10,10,3,"{""TOMATO"": 3, ""WHEAT"": 1}","{""COW"": 9}",9,51
712,29,16,0,103956.0,7,7,4,"{""TOMATO"": 3, ""WHEAT"": 12, ""CARROT"": 5, ""STRAWBERRY"": 3}","{""SHEEP"": 1, ""COW"": 4, ""GOOSE"": 5}",18,30
712,29,16,1,109837.0,10,10,3,"{""TOMATO"": 3, ""WHEAT"": 1}","{""COW"": 9}",9,53
713,29,17,0,103956.0,7,7,4,"{""TOMATO"": 3, ""WHEAT"": 11, ""CARROT"": 4, ""STRAWBERRY"": 3}","{""SHEEP"": 1, ""COW"": 4, ""GOOSE"": 5}",18,30
713,29,17,1,110147.0,10,10,3,"{""TOMATO"": 3, ""WHEAT"": 1}","{""COW"": 9}",9,57
714,29,18,0,105005.0,7,7,4,"{""TOMATO"": 3, ""WHEAT"": 11, ""CARROT"": 4, ""STRAWBERRY"": 3}","{""SHEEP"": 1, ""COW"": 4, ""GOOSE"": 5}",18,14
714,29,18,1,110620.0,10,10,3,"{""TOMATO"": 3, ""WHEAT"": 1}","{""COW"": 9}",9,72
715,29,19,0,105005.0,7,7,4,"{""TOMATO"": 3, ""WHEAT"": 9, ""CARROT"": 3, ""STRAWBERRY"": 3}","{""SHEEP"": 1, ""COW"": 4, ""GOOSE"": 5}",18,14
715,29,19,1,113716.0,10,10,3,"{""TOMATO"": 3, ""WHEAT"": 1}","{""COW"": 9}",9,39
716,29,20,0,105005.0,7,7,4,"{""TOMATO"": 3, ""WHEAT"": 9, ""CARROT"": 3, ""STRAWBERRY"": 3}","{""SHEEP"": 1, ""COW"": 4, ""GOOSE"": 5}",18,14
716,29,20,1,113965.0,10,10,3,"{""TOMATO"": 3, ""WHEAT"": 1}","{""COW"": 9}",9,39
717,29,21,0,105005.0,7,7,4,"{""TOMATO"": 3, ""WHEAT"": 9, ""CARROT"": 3, ""STRAWBERRY"": 3}","{""SHEEP"": 1, ""COW"": 4, ""GOOSE"": 5}",18,14
717,29,21,1,114286.0,10,10,3,"{""TOMATO"": 3, ""WHEAT"": 1}","{""COW"": 9}",9,39
718,29,22,0,107690.0,7,7,4,"{""TOMATO"": 3, ""WHEAT"": 9, ""STRAWBERRY"": 3, ""CARROT"": 2}","{""SHEEP"": 1, ""COW"": 4, ""GOOSE"": 5}",18,0
718,29,22,1,119480.0,10,10,3,"{""TOMATO"": 3, ""WHEAT"": 1}","{""COW"": 9}",9,0
719,29,23,0,112152.0,7,7,4,"{""TOMATO"": 3, ""WHEAT"": 9, ""STRAWBERRY"": 3, ""CARROT"": 2}","{""SHEEP"": 1, ""COW"": 4, ""GOOSE"": 5}",18,0
719,29,23,1,119480.0,10,10,3,"{""TOMATO"": 3}","{""COW"": 9}",9,0
