step,day,hour,player,money,hands,hires_today,quadrants,plants,animals,weeds,shed_total
0,0,0,0,3000.0,0,0,1,{},{},0,0
0,0,0,1,3000.0,0,0,1,{},{},0,0
1,0,1,0,312.0,6,6,1,{},{},0,6
1,0,1,1,2435.0,0,0,1,{},{},0,6
2,0,2,0,39.0,7,7,1,{},{},0,0
2,0,2,1,555.0,4,4,1,{},{},0,8
3,0,3,0,39.0,7,7,1,{},{},0,0
3,0,3,1,555.0,4,4,1,{},{},0,5
4,0,4,0,39.0,7,7,1,{},{},0,0
4,0,4,1,395.0,4,4,1,{},"{""COW"": 1}",0,4
5,0,5,0,39.0,7,7,1,{},"{""SHEEP"": 3}",0,0
5,0,5,1,395.0,4,4,1,{},"{""COW"": 1}",0,0
6,0,6,0,12.0,7,7,1,"{""MELON"": 1}","{""SHEEP"": 3}",0,1
6,0,6,1,207.0,4,4,1,{},"{""SHEEP"": 1, ""COW"": 1}",0,1
7,0,7,0,12.0,7,7,1,"{""MELON"": 1}","{""COW"": 2, ""SHEEP"": 3}",0,1
7,0,7,1,179.0,4,4,1,{},"{""SHEEP"": 2, ""COW"": 1}",0,2
8,0,8,0,12.0,7,7,1,"{""MELON"": 1}","{""COW"": 3, ""SHEEP"": 3}",0,1
8,0,8,1,179.0,4,4,1,{},"{""SHEEP"": 2, ""COW"": 1}",0,2
9,0,9,0,12.0,7,7,1,"{""WHEAT"": 4, ""MELON"": 1}","{""COW"": 3, ""SHEEP"": 3}",0,1
9,0,9,1,179.0,4,4,1,{},"{""COW"": 2, ""SHEEP"": 3}",0,2
10,0,10,0,12.0,7,7,1,"{""WHEAT"": 8, ""MELON"": 1}","{""COW"": 3, ""SHEEP"": 3}",0,1
10,0,10,1,179.0,4,4,1,"{""MELON"": 1}","{""COW"": 2, ""SHEEP"": 3}",0,1
11,0,11,0,12.0,7,7,1,"{""WHEAT"": 8, ""MELON"": 1}","{""COW"": 3, ""SHEEP"": 3}",0,1
11,0,11,1,179.0,4,4,1,"{""MELON"": 3}","{""COW"": 2, ""SHEEP"": 3}",0,1
12,0,12,0,12.0,7,7,1,"{""WHEAT"": 11, ""MELON"": 1}","{""COW"": 3, ""SHEEP"": 3}",0,1
12,0,12,1,19.0,4,4,1,"{""MELON"": 3}","{""COW"": 2, ""SHEEP"": 3}",0,1
13,0,13,0,12.0,7,7,1,"{""WHEAT"": 14, ""MELON"": 1}","{""COW"": 3, ""SHEEP"": 3}",0,1
13,0,13,1,9.0,4,4,1,"{""MELON"": 4}","{""COW"": 2, ""SHEEP"": 3}",0,1
14,0,14,0,12.0,7,7,1,"{""WHEAT"": 15, ""MELON"": 1}","{""COW"": 3, ""SHEEP"": 3}",0,1
14,0,14,1,9.0,4,4,1,"{""MELON"": 5, ""WHEAT"": 1}","{""COW"": 2, ""SHEEP"": 3}",0,1
15,0,15,0,12.0,7,7,1,"{""WHEAT"": 16, ""MELON"": 1}","{""COW"": 3, ""SHEEP"": 3}",0,1
15,0,15,1,7.0,4,4,1,"{""MELON"": 6, ""WHEAT"": 1}","{""COW"": 2, ""SHEEP"": 3}",0,0
16,0,16,0,12.0,7,7,1,"{""WHEAT"": 17, ""MELON"": 1}","{""COW"": 3, ""SHEEP"": 3}",0,1
16,0,16,1,7.0,4,4,1,"{""WHEAT"": 2, ""MELON"": 6}","{""COW"": 2, ""SHEEP"": 3}",0,0
17,0,17,0,12.0,7,7,1,"{""WHEAT"": 18, ""MELON"": 1}","{""COW"": 3, ""SHEEP"": 3}",0,1
17,0,17,1,7.0,4,4,1,"{""WHEAT"": 4, ""MELON"": 6}","{""COW"": 2, ""SHEEP"": 3}",0,0
18,0,18,0,12.0,7,7,1,"{""WHEAT"": 18, ""MELON"": 1}","{""COW"": 3, ""SHEEP"": 3}",0,1
18,0,18,1,7.0,4,4,1,"{""WHEAT"": 4, ""MELON"": 6}","{""COW"": 2, ""SHEEP"": 3}",0,0
19,0,19,0,12.0,7,7,1,"{""WHEAT"": 18, ""MELON"": 1}","{""COW"": 3, ""SHEEP"": 3}",0,0
19,0,19,1,7.0,4,4,1,"{""WHEAT"": 4, ""MELON"": 6}","{""COW"": 2, ""SHEEP"": 3}",0,0
20,0,20,0,12.0,7,7,1,"{""WHEAT"": 18, ""MELON"": 1}","{""COW"": 3, ""SHEEP"": 3}",0,0
20,0,20,1,7.0,4,4,1,"{""WHEAT"": 4, ""MELON"": 6}","{""COW"": 2, ""SHEEP"": 3}",0,0
21,0,21,0,12.0,7,7,1,"{""WHEAT"": 18, ""MELON"": 1}","{""COW"": 3, ""SHEEP"": 3}",0,0
21,0,21,1,7.0,4,4,1,"{""WHEAT"": 4, ""MELON"": 6}","{""COW"": 2, ""SHEEP"": 3}",0,0
22,0,22,0,12.0,7,7,1,"{""WHEAT"": 18, ""MELON"": 1}","{""COW"": 3, ""SHEEP"": 3}",0,0
22,0,22,1,7.0,4,4,1,"{""WHEAT"": 4, ""MELON"": 6}","{""COW"": 2, ""SHEEP"": 3}",0,0
23,0,23,0,12.0,7,7,1,"{""WHEAT"": 18, ""MELON"": 1}","{""COW"": 3, ""SHEEP"": 3}",0,0
23,0,23,1,7.0,4,4,1,"{""WHEAT"": 4, ""MELON"": 6}","{""COW"": 2, ""SHEEP"": 3}",0,0
24,1,0,0,12.0,0,0,1,"{""WHEAT"": 18, ""MELON"": 1}","{""COW"": 3, ""SHEEP"": 3}",0,0
24,1,0,1,7.0,0,0,1,"{""WHEAT"": 4, ""MELON"": 6}","{""COW"": 2, ""SHEEP"": 3}",0,0
25,1,1,0,8.0,3,3,1,"{""WHEAT"": 18, ""MELON"": 1}","{""COW"": 3, ""SHEEP"": 3}",0,0
25,1,1,1,0.0,4,4,1,"{""WHEAT"": 4, ""MELON"": 6}","{""COW"": 2, ""SHEEP"": 3}",0,0
26,1,2,0,108.0,3,3,1,"{""WHEAT"": 18, ""MELON"": 1}","{""COW"": 3, ""SHEEP"": 3}",0,0
26,1,2,1,0.0,4,4,1,"{""WHEAT"": 4, ""MELON"": 6}","{""COW"": 2, ""SHEEP"": 3}",0,1
27,1,3,0,108.0,3,3,1,"{""WHEAT"": 18, ""MELON"": 1}","{""COW"": 3, ""SHEEP"": 3}",0,0
27,1,3,1,44.0,4,4,1,"{""WHEAT"": 4, ""MELON"": 6}","{""COW"": 2, ""SHEEP"": 3}",0,2
28,1,4,0,108.0,3,3,1,"{""WHEAT"": 18, ""MELON"": 1}","{""COW"": 3, ""SHEEP"": 3}",0,0
28,1,4,1,44.0,4,4,1,"{""WHEAT"": 4, ""MELON"": 6}","{""COW"": 2, ""SHEEP"": 3}",0,2
29,1,5,0,108.0,3,3,1,"{""WHEAT"": 18, ""MELON"": 1}","{""COW"": 3, ""SHEEP"": 3}",0,0
29,1,5,1,44.0,4,4,1,"{""WHEAT"": 4, ""MELON"": 6}","{""COW"": 2, ""SHEEP"": 3}",0,3
30,1,6,0,208.0,3,3,1,"{""WHEAT"": 18, ""MELON"": 1}","{""COW"": 3, ""SHEEP"": 3}",0,0
30,1,6,1,144.0,4,4,1,"{""WHEAT"": 4, ""MELON"": 6}","{""COW"": 2, ""SHEEP"": 3}",0,1
31,1,7,0,36.0,3,3,1,"{""WHEAT"": 18, ""MELON"": 1}","{""COW"": 3, ""SHEEP"": 3}",0,6
31,1,7,1,185.0,4,4,1,"{""WHEAT"": 4, ""MELON"": 6}","{""COW"": 2, ""SHEEP"": 3}",0,2
32,1,8,0,135.0,3,3,1,"{""WHEAT"": 18, ""MELON"": 1}","{""COW"": 3, ""SHEEP"": 3}",0,4
32,1,8,1,25.0,4,4,1,"{""WHEAT"": 4, ""MELON"": 6}","{""COW"": 2, ""SHEEP"": 3}",0,2
33,1,9,0,430.0,3,3,1,"{""WHEAT"": 18, ""MELON"": 1}","{""COW"": 3, ""SHEEP"": 3}",0,2
33,1,9,1,193.0,4,4,1,"{""WHEAT"": 4, ""MELON"": 6}","{""COW"": 2, ""SHEEP"": 3}",0,1
34,1,10,0,430.0,3,3,1,"{""WHEAT"": 18, ""MELON"": 1}","{""COW"": 3, ""SHEEP"": 3}",0,0
34,1,10,1,193.0,4,4,1,"{""MELON"": 7, ""WHEAT"": 4}","{""COW"": 2, ""SHEEP"": 3}",0,1
35,1,11,0,430.0,3,3,1,"{""WHEAT"": 18, ""MELON"": 1}","{""COW"": 3, ""SHEEP"": 3}",0,0
35,1,11,1,33.0,4,4,1,"{""MELON"": 8, ""WHEAT"": 4}","{""COW"": 2, ""SHEEP"": 3}",0,1
36,1,12,0,430.0,3,3,1,"{""WHEAT"": 18, ""MELON"": 1}","{""COW"": 3, ""SHEEP"": 3}",0,0
36,1,12,1,33.0,4,4,1,"{""MELON"": 9, ""WHEAT"": 4}","{""COW"": 2, ""SHEEP"": 3}",0,1
37,1,13,0,430.0,3,3,1,"{""WHEAT"": 18, ""MELON"": 1}","{""COW"": 3, ""SHEEP"": 3}",0,0
37,1,13,1,33.0,4,4,1,"{""MELON"": 10, ""WHEAT"": 4}","{""COW"": 2, ""SHEEP"": 3}",0,1
38,1,14,0,430.0,3,3,1,"{""WHEAT"": 18, ""MELON"": 1}","{""COW"": 3, ""SHEEP"": 3}",0,0
38,1,14,1,33.0,4,4,1,"{""MELON"": 10, ""WHEAT"": 4}","{""COW"": 2, ""SHEEP"": 3}",0,1
39,1,15,0,430.0,3,3,1,"{""WHEAT"": 18, ""MELON"": 1}","{""COW"": 3, ""SHEEP"": 3}",0,0
39,1,15,1,33.0,4,4,1,"{""MELON"": 10, ""WHEAT"": 4}","{""COW"": 2, ""SHEEP"": 3}",0,1
40,1,16,0,430.0,3,3,1,"{""WHEAT"": 18, ""MELON"": 1}","{""COW"": 3, ""SHEEP"": 3}",0,0
40,1,16,1,33.0,4,4,1,"{""MELON"": 10, ""WHEAT"": 4}","{""COW"": 2, ""SHEEP"": 3}",0,0
41,1,17,0,430.0,3,3,1,"{""WHEAT"": 18, ""MELON"": 1}","{""COW"": 3, ""SHEEP"": 3}",0,0
41,1,17,1,23.0,4,4,1,"{""MELON"": 10, ""WHEAT"": 4}","{""COW"": 2, ""SHEEP"": 3}",0,0
42,1,18,0,430.0,3,3,1,"{""WHEAT"": 18, ""MELON"": 1}","{""COW"": 3, ""SHEEP"": 3}",0,0
42,1,18,1,23.0,4,4,1,"{""MELON"": 10, ""WHEAT"": 4}","{""COW"": 2, ""SHEEP"": 3}",0,0
43,1,19,0,430.0,3,3,1,"{""WHEAT"": 18, ""MELON"": 1}","{""COW"": 3, ""SHEEP"": 3}",0,0
43,1,19,1,13.0,4,4,1,"{""WHEAT"": 5, ""MELON"": 10}","{""COW"": 2, ""SHEEP"": 3}",0,0
44,1,20,0,430.0,3,3,1,"{""WHEAT"": 18, ""MELON"": 1}","{""COW"": 3, ""SHEEP"": 3}",0,0
44,1,20,1,3.0,4,4,1,"{""WHEAT"": 6, ""MELON"": 10}","{""COW"": 2, ""SHEEP"": 3}",0,0
45,1,21,0,430.0,3,3,1,"{""WHEAT"": 18, ""MELON"": 1}","{""COW"": 3, ""SHEEP"": 3}",0,0
45,1,21,1,3.0,4,4,1,"{""WHEAT"": 6, ""MELON"": 10}","{""COW"": 2, ""SHEEP"": 3}",0,0
46,1,22,0,430.0,3,3,1,"{""WHEAT"": 18, ""MELON"": 1}","{""COW"": 3, ""SHEEP"": 3}",0,0
46,1,22,1,3.0,4,4,1,"{""WHEAT"": 7, ""MELON"": 10}","{""COW"": 2, ""SHEEP"": 3}",0,0
47,1,23,0,430.0,3,3,1,"{""WHEAT"": 18, ""MELON"": 1}","{""COW"": 3, ""SHEEP"": 3}",0,0
47,1,23,1,3.0,4,4,1,"{""WHEAT"": 7, ""MELON"": 10}","{""COW"": 2, ""SHEEP"": 3}",0,0
48,2,0,0,430.0,0,0,1,"{""WHEAT"": 18, ""MELON"": 1}","{""COW"": 3, ""SHEEP"": 3}",0,0
48,2,0,1,3.0,0,0,1,"{""WHEAT"": 7, ""MELON"": 10}","{""COW"": 2, ""SHEEP"": 3}",0,0
49,2,1,0,231.0,6,6,1,"{""WHEAT"": 18, ""MELON"": 1}","{""COW"": 3, ""SHEEP"": 3}",0,6
49,2,1,1,1.0,2,2,1,"{""WHEAT"": 7, ""MELON"": 10}","{""COW"": 2, ""SHEEP"": 3}",0,0
50,2,2,0,231.0,6,6,1,"{""WHEAT"": 18, ""MELON"": 1}","{""COW"": 3, ""SHEEP"": 3}",0,0
50,2,2,1,1.0,2,2,1,"{""WHEAT"": 7, ""MELON"": 10}","{""COW"": 2, ""SHEEP"": 3}",0,1
51,2,3,0,329.0,6,6,1,"{""WHEAT"": 18, ""MELON"": 1}","{""COW"": 3, ""SHEEP"": 3}",0,0
51,2,3,1,37.0,3,3,1,"{""WHEAT"": 7, ""MELON"": 10}","{""COW"": 2, ""SHEEP"": 3}",0,2
52,2,4,0,329.0,6,6,1,"{""WHEAT"": 18, ""MELON"": 1}","{""COW"": 3, ""SHEEP"": 3}",0,0
52,2,4,1,37.0,3,3,1,"{""WHEAT"": 7, ""MELON"": 10}","{""COW"": 2, ""SHEEP"": 3}",0,2
53,2,5,0,329.0,6,6,1,"{""WHEAT"": 18, ""MELON"": 1}","{""COW"": 3, ""SHEEP"": 3}",0,0
53,2,5,1,37.0,3,3,1,"{""WHEAT"": 7, ""MELON"": 10}","{""COW"": 2, ""SHEEP"": 3}",0,2
54,2,6,0,329.0,6,6,1,"{""WHEAT"": 18, ""MELON"": 1}","{""COW"": 3, ""SHEEP"": 3}",0,0
54,2,6,1,37.0,3,3,1,"{""WHEAT"": 7, ""MELON"": 10}","{""COW"": 2, ""SHEEP"": 3}",0,3
55,2,7,0,329.0,6,6,1,"{""WHEAT"": 18, ""MELON"": 1}","{""COW"": 3, ""SHEEP"": 3}",0,0
55,2,7,1,74.0,3,3,1,"{""WHEAT"": 7, ""MELON"": 10}","{""COW"": 2, ""SHEEP"": 3}",0,3
56,2,8,0,329.0,6,6,1,"{""WHEAT"": 18, ""MELON"": 1}","{""COW"": 3, ""SHEEP"": 3}",0,0
56,2,8,1,171.0,3,3,1,"{""WHEAT"": 7, ""MELON"": 10}","{""COW"": 2, ""SHEEP"": 3}",0,1
57,2,9,0,329.0,6,6,1,"{""WHEAT"": 18, ""MELON"": 1}","{""COW"": 3, ""SHEEP"": 3}",0,0
57,2,9,1,268.0,3,3,1,"{""WHEAT"": 7, ""MELON"": 10}","{""COW"": 2, ""SHEEP"": 3}",0,1
58,2,10,0,329.0,6,6,1,"{""WHEAT"": 18, ""MELON"": 1}","{""COW"": 3, ""SHEEP"": 3}",0,0
58,2,10,1,143.0,3,3,1,"{""WHEAT"": 7, ""MELON"": 10}","{""COW"": 2, ""SHEEP"": 3}",0,2
59,2,11,0,329.0,6,6,1,"{""WHEAT"": 18, ""MELON"": 1}","{""COW"": 3, ""SHEEP"": 3}",0,0
59,2,11,1,143.0,3,3,1,"{""WHEAT"": 7, ""MELON"": 10}","{""COW"": 2, ""SHEEP"": 3}",0,1
60,2,12,0,329.0,6,6,1,"{""WHEAT"": 18, ""MELON"": 1}","{""COW"": 3, ""SHEEP"": 3}",0,0
60,2,12,1,143.0,3,3,1,"{""WHEAT"": 7, ""MELON"": 10}","{""COW"": 2, ""SHEEP"": 3}",0,1
61,2,13,0,329.0,6,6,1,"{""WHEAT"": 18, ""MELON"": 1}","{""COW"": 3, ""SHEEP"": 3}",0,0
61,2,13,1,143.0,3,3,1,"{""WHEAT"": 7, ""MELON"": 11}","{""COW"": 2, ""SHEEP"": 3}",0,1
62,2,14,0,329.0,6,6,1,"{""WHEAT"": 18, ""MELON"": 1}","{""COW"": 3, ""SHEEP"": 3}",0,0
62,2,14,1,143.0,3,3,1,"{""WHEAT"": 7, ""MELON"": 11}","{""COW"": 2, ""SHEEP"": 3}",0,1
63,2,15,0,329.0,6,6,1,"{""WHEAT"": 18, ""MELON"": 1}","{""COW"": 3, ""SHEEP"": 3}",0,0
63,2,15,1,143.0,3,3,1,"{""WHEAT"": 7, ""MELON"": 11}","{""COW"": 2, ""SHEEP"": 3}",0,1
64,2,16,0,522.0,6,6,1,"{""WHEAT"": 18, ""MELON"": 1}","{""COW"": 3, ""SHEEP"": 3}",0,0
64,2,16,1,143.0,3,3,1,"{""WHEAT"": 7, ""MELON"": 11}","{""COW"": 2, ""SHEEP"": 3}",0,1
65,2,17,0,522.0,6,6,1,"{""WHEAT"": 18, ""MELON"": 1}","{""COW"": 3, ""SHEEP"": 3}",0,0
65,2,17,1,43.0,3,3,1,"{""WHEAT"": 7, ""MELON"": 11}","{""COW"": 2, ""SHEEP"": 3}",0,1
66,2,18,0,618.0,6,6,1,"{""WHEAT"": 18, ""MELON"": 1}","{""COW"": 3, ""SHEEP"": 3}",0,0
66,2,18,1,43.0,3,3,1,"{""WHEAT"": 7, ""MELON"": 11}","{""COW"": 2, ""SHEEP"": 3}",0,1
67,2,19,0,810.0,6,6,1,"{""WHEAT"": 18, ""MELON"": 1}","{""COW"": 3, ""SHEEP"": 3}",0,0
67,2,19,1,43.0,3,3,1,"{""WHEAT"": 7, ""MELON"": 11}","{""COW"": 2, ""SHEEP"": 3}",0,1
68,2,20,0,810.0,6,6,1,"{""WHEAT"": 18, ""MELON"": 1}","{""COW"": 3, ""SHEEP"": 3}",0,0
68,2,20,1,43.0,3,3,1,"{""WHEAT"": 7, ""MELON"": 11, ""STRAWBERRY"": 1}","{""COW"": 2, ""SHEEP"": 3}",0,1
69,2,21,0,810.0,6,6,1,"{""WHEAT"": 18, ""MELON"": 1}","{""COW"": 3, ""SHEEP"": 3}",0,0
69,2,21,1,43.0,3,3,1,"{""WHEAT"": 7, ""MELON"": 11, ""STRAWBERRY"": 1}","{""COW"": 2, ""SHEEP"": 3}",0,1
70,2,22,0,810.0,6,6,1,"{""WHEAT"": 18, ""MELON"": 1}","{""COW"": 3, ""SHEEP"": 3}",0,0
70,2,22,1,43.0,3,3,1,"{""WHEAT"": 7, ""MELON"": 11, ""STRAWBERRY"": 1}","{""COW"": 2, ""SHEEP"": 3}",0,1
71,2,23,0,810.0,6,6,1,"{""WHEAT"": 18, ""MELON"": 1}","{""COW"": 3, ""SHEEP"": 3}",0,0
71,2,23,1,43.0,3,3,1,"{""WHEAT"": 7, ""MELON"": 11, ""STRAWBERRY"": 1}","{""COW"": 2, ""SHEEP"": 3}",0,1
72,3,0,0,810.0,0,0,1,"{""WHEAT"": 18, ""MELON"": 1}","{""COW"": 3, ""SHEEP"": 3}",0,0
72,3,0,1,43.0,0,0,1,"{""WHEAT"": 7, ""MELON"": 11, ""STRAWBERRY"": 1}","{""COW"": 2, ""SHEEP"": 3}",0,1
73,3,1,0,584.0,6,6,1,"{""WHEAT"": 18, ""MELON"": 1}","{""COW"": 3, ""SHEEP"": 3}",0,6
73,3,1,1,23.0,6,6,1,"{""WHEAT"": 7, ""MELON"": 11, ""STRAWBERRY"": 1}","{""COW"": 2, ""SHEEP"": 3}",0,1
74,3,2,0,584.0,6,6,1,"{""WHEAT"": 18, ""MELON"": 1}","{""COW"": 3, ""SHEEP"": 3}",0,0
74,3,2,1,23.0,6,6,1,"{""WHEAT"": 7, ""MELON"": 11, ""STRAWBERRY"": 1}","{""COW"": 2, ""SHEEP"": 3}",0,1
75,3,3,0,680.0,6,6,1,"{""WHEAT"": 18, ""MELON"": 1}","{""COW"": 3, ""SHEEP"": 3}",0,0
75,3,3,1,57.0,6,6,1,"{""WHEAT"": 7, ""MELON"": 11, ""STRAWBERRY"": 1}","{""COW"": 2, ""SHEEP"": 3}",0,2
76,3,4,0,680.0,6,6,1,"{""WHEAT"": 18, ""MELON"": 1}","{""COW"": 3, ""SHEEP"": 3}",0,0
76,3,4,1,57.0,6,6,1,"{""WHEAT"": 7, ""MELON"": 11, ""STRAWBERRY"": 1}","{""COW"": 2, ""SHEEP"": 3}",0,2
77,3,5,0,680.0,6,6,1,"{""WHEAT"": 18, ""MELON"": 1}","{""COW"": 3, ""SHEEP"": 3}",0,0
77,3,5,1,57.0,6,6,1,"{""WHEAT"": 7, ""MELON"": 11, ""STRAWBERRY"": 1}","{""COW"": 2, ""SHEEP"": 3}",0,3
78,3,6,0,680.0,6,6,1,"{""WHEAT"": 18, ""MELON"": 1}","{""COW"": 3, ""SHEEP"": 3}",0,0
78,3,6,1,152.0,6,6,1,"{""WHEAT"": 7, ""MELON"": 11, ""STRAWBERRY"": 1}","{""COW"": 2, ""SHEEP"": 3}",0,3
79,3,7,0,680.0,6,6,1,"{""WHEAT"": 18, ""MELON"": 1}","{""COW"": 3, ""SHEEP"": 3}",0,0
79,3,7,1,247.0,6,6,1,"{""WHEAT"": 7, ""MELON"": 11, ""STRAWBERRY"": 1}","{""COW"": 2, ""SHEEP"": 3}",0,0
80,3,8,0,680.0,6,6,1,"{""WHEAT"": 18, ""MELON"": 1}","{""COW"": 3, ""SHEEP"": 3}",0,0
80,3,8,1,183.0,6,6,1,"{""WHEAT"": 6, ""MELON"": 11, ""STRAWBERRY"": 1}","{""COW"": 2, ""SHEEP"": 3}",0,2
81,3,9,0,680.0,6,6,1,"{""WHEAT"": 18, ""MELON"": 1}","{""COW"": 3, ""SHEEP"": 3}",0,0
81,3,9,1,83.0,6,6,1,"{""WHEAT"": 6, ""MELON"": 11, ""STRAWBERRY"": 1}","{""COW"": 2, ""SHEEP"": 3}",0,3
82,3,10,0,680.0,6,6,1,"{""WHEAT"": 18, ""MELON"": 1}","{""COW"": 3, ""SHEEP"": 3}",0,0
82,3,10,1,178.0,6,6,1,"{""WHEAT"": 6, ""MELON"": 11, ""STRAWBERRY"": 1}","{""COW"": 2, ""SHEEP"": 3}",0,0
83,3,11,0,680.0,6,6,1,"{""WHEAT"": 18, ""MELON"": 1}","{""COW"": 3, ""SHEEP"": 3}",0,0
83,3,11,1,178.0,6,6,1,"{""WHEAT"": 6, ""MELON"": 11, ""STRAWBERRY"": 1}","{""COW"": 2, ""SHEEP"": 3}",0,1
84,3,12,0,680.0,6,6,1,"{""WHEAT"": 18, ""MELON"": 1}","{""COW"": 3, ""SHEEP"": 3}",0,0
84,3,12,1,273.0,6,6,1,"{""WHEAT"": 6, ""MELON"": 11, ""STRAWBERRY"": 1}","{""COW"": 2, ""SHEEP"": 3}",0,0
85,3,13,0,680.0,6,6,1,"{""WHEAT"": 18, ""MELON"": 1}","{""COW"": 3, ""SHEEP"": 3}",0,0
85,3,13,1,173.0,6,6,1,"{""WHEAT"": 5, ""MELON"": 11, ""STRAWBERRY"": 1}","{""COW"": 2, ""SHEEP"": 3}",0,0
86,3,14,0,680.0,6,6,1,"{""WHEAT"": 18, ""MELON"": 1}","{""COW"": 3, ""SHEEP"": 3}",0,0
86,3,14,1,73.0,6,6,1,"{""WHEAT"": 5, ""MELON"": 11, ""STRAWBERRY"": 2}","{""COW"": 2, ""SHEEP"": 3}",0,0
87,3,15,0,774.0,6,6,1,"{""WHEAT"": 18, ""MELON"": 1}","{""COW"": 3, ""SHEEP"": 3}",0,0
87,3,15,1,73.0,6,6,1,"{""WHEAT"": 5, ""MELON"": 11, ""STRAWBERRY"": 2}","{""COW"": 2, ""SHEEP"": 3}",0,0
88,3,16,0,774.0,6,6,1,"{""WHEAT"": 18, ""MELON"": 1}","{""COW"": 3, ""SHEEP"": 3}",0,0
88,3,16,1,73.0,6,6,1,"{""WHEAT"": 3, ""MELON"": 11, ""STRAWBERRY"": 3}","{""COW"": 2, ""SHEEP"": 3}",0,0
89,3,17,0,774.0,6,6,1,"{""WHEAT"": 18, ""MELON"": 1}","{""COW"": 3, ""SHEEP"": 3}",0,0
89,3,17,1,73.0,6,6,1,"{""STRAWBERRY"": 4, ""MELON"": 12, ""WHEAT"": 3}","{""COW"": 2, ""SHEEP"": 3}",0,0
90,3,18,0,774.0,6,6,1,"{""WHEAT"": 18, ""MELON"": 1}","{""COW"": 3, ""SHEEP"": 3}",0,0
90,3,18,1,73.0,6,6,1,"{""STRAWBERRY"": 4, ""MELON"": 12, ""WHEAT"": 3}","{""COW"": 2, ""SHEEP"": 3}",0,0
91,3,19,0,868.0,6,6,1,"{""WHEAT"": 18, ""MELON"": 1}","{""COW"": 3, ""SHEEP"": 3}",0,0
91,3,19,1,73.0,6,6,1,"{""STRAWBERRY"": 4, ""MELON"": 12, ""WHEAT"": 3}","{""COW"": 2, ""SHEEP"": 3}",0,0
92,3,20,0,1056.0,6,6,1,"{""WHEAT"": 18, ""MELON"": 1}","{""COW"": 3, ""SHEEP"": 3}",0,0
92,3,20,1,73.0,6,6,1,"{""STRAWBERRY"": 4, ""MELON"": 12, ""WHEAT"": 3}","{""COW"": 2, ""SHEEP"": 3}",0,0
93,3,21,0,1056.0,6,6,1,"{""WHEAT"": 18, ""MELON"": 1}","{""COW"": 3, ""SHEEP"": 3}",0,0
93,3,21,1,73.0,6,6,1,"{""STRAWBERRY"": 4, ""MELON"": 12, ""WHEAT"": 3}","{""COW"": 2, ""SHEEP"": 3}",0,0
94,3,22,0,1150.0,6,6,1,"{""WHEAT"": 18, ""MELON"": 1}","{""COW"": 3, ""SHEEP"": 3}",0,0
94,3,22,1,73.0,6,6,1,"{""STRAWBERRY"": 4, ""MELON"": 12, ""WHEAT"": 3}","{""COW"": 2, ""SHEEP"": 3}",0,0
95,3,23,0,1150.0,6,6,1,"{""WHEAT"": 18, ""MELON"": 1}","{""COW"": 3, ""SHEEP"": 3}",0,0
95,3,23,1,73.0,6,6,1,"{""STRAWBERRY"": 4, ""MELON"": 12, ""WHEAT"": 3}","{""COW"": 2, ""SHEEP"": 3}",0,0
96,4,0,0,1150.0,0,0,1,"{""WHEAT"": 18, ""MELON"": 1}","{""COW"": 3, ""SHEEP"": 3}",0,0
96,4,0,1,73.0,0,0,1,"{""STRAWBERRY"": 4, ""MELON"": 12, ""WHEAT"": 3}","{""COW"": 2, ""SHEEP"": 3}",0,10
97,4,1,0,938.0,6,6,1,"{""WHEAT"": 18, ""MELON"": 1}","{""COW"": 3, ""SHEEP"": 3}",0,6
97,4,1,1,53.0,6,6,1,"{""STRAWBERRY"": 4, ""MELON"": 12, ""WHEAT"": 3}","{""COW"": 2, ""SHEEP"": 3}",0,10
98,4,2,0,938.0,6,6,1,"{""WHEAT"": 18, ""MELON"": 1}","{""COW"": 3, ""SHEEP"": 3}",0,0
98,4,2,1,53.0,6,6,1,"{""STRAWBERRY"": 4, ""MELON"": 12, ""WHEAT"": 3}","{""COW"": 2, ""SHEEP"": 3}",0,3
99,4,3,0,1031.0,6,6,1,"{""WHEAT"": 18, ""MELON"": 1}","{""COW"": 3, ""SHEEP"": 3}",0,0
99,4,3,1,146.0,6,6,1,"{""STRAWBERRY"": 4, ""MELON"": 12, ""WHEAT"": 3}","{""COW"": 2, ""SHEEP"": 3}",0,0
100,4,4,0,1031.0,6,6,1,"{""WHEAT"": 18, ""MELON"": 1}","{""COW"": 3, ""SHEEP"": 3}",0,0
100,4,4,1,146.0,6,6,1,"{""STRAWBERRY"": 4, ""MELON"": 12, ""WHEAT"": 3}","{""COW"": 2, ""SHEEP"": 3}",0,0
101,4,5,0,1031.0,6,6,1,"{""WHEAT"": 18, ""MELON"": 1}","{""COW"": 3, ""SHEEP"": 3}",0,0
101,4,5,1,146.0,6,6,1,"{""STRAWBERRY"": 4, ""MELON"": 12, ""WHEAT"": 3}","{""COW"": 2, ""SHEEP"": 3}",0,1
102,4,6,0,1031.0,6,6,1,"{""WHEAT"": 18, ""MELON"": 1}","{""COW"": 3, ""SHEEP"": 3}",0,0
102,4,6,1,239.0,6,6,1,"{""STRAWBERRY"": 4, ""MELON"": 12, ""WHEAT"": 3}","{""COW"": 2, ""SHEEP"": 3}",0,0
103,4,7,0,1031.0,6,6,1,"{""WHEAT"": 18, ""MELON"": 1}","{""COW"": 3, ""SHEEP"": 3}",0,0
103,4,7,1,239.0,6,6,1,"{""STRAWBERRY"": 4, ""MELON"": 12, ""WHEAT"": 3}","{""COW"": 2, ""SHEEP"": 3}",0,0
104,4,8,0,1001.0,6,6,1,"{""WHEAT"": 15, ""MELON"": 1}","{""COW"": 3, ""SHEEP"": 3}",0,0
104,4,8,1,239.0,6,6,1,"{""STRAWBERRY"": 4, ""MELON"": 12, ""WHEAT"": 3}","{""COW"": 2, ""SHEEP"": 3}",0,2
105,4,9,0,501.0,6,6,1,"{""WHEAT"": 15, ""CARROT"": 1, ""MELON"": 1}","{""COW"": 3, ""SHEEP"": 3}",0,1
105,4,9,1,325.0,6,6,1,"{""STRAWBERRY"": 4, ""MELON"": 12, ""WHEAT"": 2}","{""COW"": 2, ""SHEEP"": 3}",0,0
106,4,10,0,501.0,6,6,1,"{""WHEAT"": 14, ""CARROT"": 1, ""MELON"": 1}","{""COW"": 3, ""SHEEP"": 3}",0,1
106,4,10,1,325.0,6,6,1,"{""STRAWBERRY"": 5, ""MELON"": 12, ""WHEAT"": 2}","{""COW"": 2, ""SHEEP"": 3}",0,0
107,4,11,0,421.0,6,6,1,"{""WHEAT"": 12, ""CARROT"": 1, ""MELON"": 1}","{""COW"": 3, ""SHEEP"": 3}",0,1
107,4,11,1,225.0,6,6,1,"{""STRAWBERRY"": 5, ""MELON"": 12, ""WHEAT"": 2}","{""COW"": 2, ""SHEEP"": 3}",0,1
108,4,12,0,221.0,6,6,1,"{""WHEAT"": 12, ""STRAWBERRY"": 1, ""CARROT"": 1, ""MELON"": 1}","{""COW"": 3, ""SHEEP"": 3}",0,1
108,4,12,1,317.0,6,6,1,"{""STRAWBERRY"": 5, ""MELON"": 12, ""WHEAT"": 2}","{""COW"": 2, ""SHEEP"": 3}",0,0
109,4,13,0,221.0,6,6,1,"{""WHEAT"": 10, ""STRAWBERRY"": 1, ""CARROT"": 1, ""MELON"": 1}","{""COW"": 3, ""SHEEP"": 3}",0,1
109,4,13,1,317.0,6,6,1,"{""STRAWBERRY"": 5, ""MELON"": 12, ""WHEAT"": 2}","{""COW"": 2, ""SHEEP"": 3}",0,0
110,4,14,0,61.0,6,6,1,"{""WHEAT"": 8, ""STRAWBERRY"": 1, ""MELON"": 2, ""CARROT"": 1}","{""COW"": 3, ""SHEEP"": 3}",0,1
110,4,14,1,317.0,6,6,1,"{""STRAWBERRY"": 5, ""MELON"": 12, ""WHEAT"": 2}","{""COW"": 2, ""SHEEP"": 3}",0,0
111,4,15,0,61.0,6,6,1,"{""WHEAT"": 6, ""STRAWBERRY"": 3, ""MELON"": 3, ""CARROT"": 1}","{""COW"": 3, ""SHEEP"": 3}",0,1
111,4,15,1,317.0,6,6,1,"{""STRAWBERRY"": 5, ""MELON"": 12, ""WHEAT"": 2}","{""COW"": 2, ""SHEEP"": 3}",0,2
112,4,16,0,61.0,6,6,1,"{""WHEAT"": 5, ""STRAWBERRY"": 3, ""MELON"": 3, ""CARROT"": 1}","{""COW"": 3, ""SHEEP"": 3}",0,1
112,4,16,1,317.0,6,6,1,"{""STRAWBERRY"": 6, ""MELON"": 12, ""WHEAT"": 2}","{""COW"": 2, ""SHEEP"": 3}",0,1
113,4,17,0,61.0,6,6,1,"{""WHEAT"": 5, ""STRAWBERRY"": 3, ""MELON"": 4, ""CARROT"": 1}","{""COW"": 3, ""SHEEP"": 3}",0,1
113,4,17,1,217.0,6,6,1,"{""STRAWBERRY"": 6, ""MELON"": 12, ""WHEAT"": 1}","{""COW"": 2, ""SHEEP"": 3}",0,0
114,4,18,0,61.0,6,6,1,"{""WHEAT"": 4, ""STRAWBERRY"": 3, ""MELON"": 4, ""CARROT"": 1}","{""COW"": 3, ""SHEEP"": 3}",0,1
114,4,18,1,117.0,6,6,1,"{""STRAWBERRY"": 7, ""MELON"": 12, ""WHEAT"": 1}","{""COW"": 2, ""SHEEP"": 3}",0,2
115,4,19,0,61.0,6,6,1,"{""WHEAT"": 2, ""STRAWBERRY"": 3, ""MELON"": 4, ""CARROT"": 1}","{""COW"": 3, ""SHEEP"": 3}",0,1
115,4,19,1,117.0,6,6,1,"{""STRAWBERRY"": 7, ""MELON"": 12, ""WHEAT"": 1}","{""COW"": 2, ""SHEEP"": 3}",0,1
116,4,20,0,82.0,6,6,1,"{""STRAWBERRY"": 3, ""MELON"": 4, ""CARROT"": 1}","{""COW"": 3, ""SHEEP"": 3}",0,1
116,4,20,1,117.0,6,6,1,"{""STRAWBERRY"": 7, ""MELON"": 12, ""WHEAT"": 1}","{""COW"": 2, ""SHEEP"": 3}",0,0
117,4,21,0,82.0,6,6,1,"{""STRAWBERRY"": 3, ""MELON"": 6, ""CARROT"": 1}","{""COW"": 3, ""SHEEP"": 3}",0,1
117,4,21,1,117.0,6,6,1,"{""STRAWBERRY"": 7, ""MELON"": 12, ""WHEAT"": 1}","{""COW"": 2, ""SHEEP"": 3}",0,2
118,4,22,0,82.0,6,6,1,"{""STRAWBERRY"": 3, ""MELON"": 6, ""WHEAT"": 2, ""CARROT"": 1}","{""COW"": 3, ""SHEEP"": 3}",0,1
118,4,22,1,149.0,6,6,1,"{""STRAWBERRY"": 7, ""MELON"": 12, ""WHEAT"": 1}","{""COW"": 2, ""SHEEP"": 3}",0,1
119,4,23,0,82.0,6,6,1,"{""STRAWBERRY"": 3, ""MELON"": 6, ""WHEAT"": 2, ""CARROT"": 1}","{""COW"": 3, ""SHEEP"": 3}",0,1
119,4,23,1,149.0,6,6,1,"{""STRAWBERRY"": 7, ""MELON"": 12, ""WHEAT"": 1}","{""COW"": 2, ""SHEEP"": 3}",0,1
120,5,0,0,82.0,0,0,1,"{""STRAWBERRY"": 3, ""MELON"": 6, ""WHEAT"": 2, ""CARROT"": 1}","{""COW"": 3, ""SHEEP"": 3}",0,70
120,5,0,1,149.0,0,0,1,"{""STRAWBERRY"": 7, ""MELON"": 12, ""WHEAT"": 1}","{""COW"": 2, ""SHEEP"": 3}",0,11
121,5,1,0,726.0,6,6,2,"{""STRAWBERRY"": 3, ""MELON"": 6, ""WHEAT"": 2, ""CARROT"": 1}","{""COW"": 3, ""SHEEP"": 3}",0,6
121,5,1,1,129.0,6,6,1,"{""STRAWBERRY"": 7, ""MELON"": 12, ""WHEAT"": 1}","{""COW"": 2, ""SHEEP"": 3}",0,11
122,5,2,0,306.0,6,6,2,"{""STRAWBERRY"": 3, ""MELON"": 6, ""WHEAT"": 2, ""CARROT"": 1}","{""COW"": 3, ""SHEEP"": 3}",0,0
122,5,2,1,129.0,6,6,1,"{""STRAWBERRY"": 7, ""MELON"": 12, ""WHEAT"": 1}","{""COW"": 2, ""SHEEP"": 3}",0,1
123,5,3,0,397.0,6,6,2,"{""STRAWBERRY"": 3, ""MELON"": 6, ""WHEAT"": 3, ""CARROT"": 1}","{""COW"": 3, ""SHEEP"": 3}",0,0
123,5,3,1,220.0,6,6,1,"{""STRAWBERRY"": 7, ""MELON"": 12, ""WHEAT"": 1}","{""COW"": 2, ""SHEEP"": 3}",0,0
124,5,4,0,397.0,6,6,2,"{""STRAWBERRY"": 3, ""MELON"": 6, ""WHEAT"": 3, ""CARROT"": 1}","{""COW"": 3, ""SHEEP"": 3}",0,0
124,5,4,1,220.0,6,6,1,"{""STRAWBERRY"": 7, ""MELON"": 12, ""WHEAT"": 1}","{""COW"": 2, ""SHEEP"": 3}",0,0
125,5,5,0,397.0,6,6,2,"{""STRAWBERRY"": 3, ""MELON"": 6, ""WHEAT"": 3, ""CARROT"": 1}","{""COW"": 3, ""SHEEP"": 3}",0,0
125,5,5,1,220.0,6,6,1,"{""STRAWBERRY"": 7, ""MELON"": 12, ""WHEAT"": 1}","{""COW"": 2, ""SHEEP"": 3}",0,0
126,5,6,0,397.0,6,6,2,"{""STRAWBERRY"": 3, ""MELON"": 6, ""WHEAT"": 4, ""CARROT"": 1}","{""COW"": 3, ""SHEEP"": 3}",0,0
126,5,6,1,220.0,6,6,1,"{""STRAWBERRY"": 7, ""MELON"": 12, ""WHEAT"": 1}","{""COW"": 2, ""SHEEP"": 3}",0,1
127,5,7,0,397.0,6,6,2,"{""STRAWBERRY"": 3, ""MELON"": 6, ""WHEAT"": 4, ""CARROT"": 1}","{""COW"": 3, ""SHEEP"": 3}",0,0
127,5,7,1,311.0,6,6,1,"{""STRAWBERRY"": 7, ""MELON"": 12}","{""COW"": 2, ""SHEEP"": 3}",1,0
128,5,8,0,373.0,6,6,2,"{""STRAWBERRY"": 3, ""MELON"": 6, ""WHEAT"": 5, ""CARROT"": 1}","{""COW"": 4, ""SHEEP"": 3}",0,1
128,5,8,1,311.0,6,6,1,"{""STRAWBERRY"": 7, ""MELON"": 12}","{""COW"": 2, ""SHEEP"": 3}",1,2
129,5,9,0,373.0,6,6,2,"{""STRAWBERRY"": 5, ""MELON"": 6, ""WHEAT"": 6, ""CARROT"": 1}","{""COW"": 4, ""SHEEP"": 3}",0,1
129,5,9,1,415.0,6,6,1,"{""STRAWBERRY"": 7, ""MELON"": 12}","{""COW"": 2, ""SHEEP"": 3}",1,3
130,5,10,0,373.0,6,6,2,"{""STRAWBERRY"": 5, ""MELON"": 6, ""WHEAT"": 6, ""CARROT"": 1}","{""COW"": 4, ""SHEEP"": 3}",0,1
130,5,10,1,415.0,6,6,1,"{""STRAWBERRY"": 7, ""MELON"": 12}","{""COW"": 2, ""SHEEP"": 3}",1,3
131,5,11,0,373.0,6,6,2,"{""STRAWBERRY"": 6, ""MELON"": 6, ""WHEAT"": 6, ""CARROT"": 1}","{""COW"": 4, ""SHEEP"": 3}",0,1
131,5,11,1,415.0,6,6,1,"{""STRAWBERRY"": 7, ""MELON"": 12}","{""COW"": 2, ""SHEEP"": 3}",1,3
132,5,12,0,373.0,6,6,2,"{""STRAWBERRY"": 8, ""MELON"": 6, ""WHEAT"": 6, ""CARROT"": 1}","{""COW"": 4, ""SHEEP"": 3}",0,0
132,5,12,1,415.0,6,6,1,"{""STRAWBERRY"": 7, ""MELON"": 12}","{""COW"": 2, ""SHEEP"": 3}",1,1
133,5,13,0,373.0,6,6,2,"{""STRAWBERRY"": 8, ""MELON"": 7, ""WHEAT"": 6, ""CARROT"": 1}","{""COW"": 4, ""SHEEP"": 3}",0,0
133,5,13,1,505.0,6,6,1,"{""STRAWBERRY"": 7, ""MELON"": 12}","{""COW"": 2, ""SHEEP"": 3}",1,0
134,5,14,0,373.0,6,6,2,"{""STRAWBERRY"": 9, ""MELON"": 7, ""WHEAT"": 6, ""CARROT"": 1}","{""COW"": 4, ""SHEEP"": 3}",0,0
134,5,14,1,505.0,6,6,1,"{""STRAWBERRY"": 7, ""MELON"": 12}","{""COW"": 2, ""SHEEP"": 3}",1,0
135,5,15,0,373.0,6,6,2,"{""MELON"": 8, ""STRAWBERRY"": 11, ""WHEAT"": 6, ""CARROT"": 1}","{""COW"": 4, ""SHEEP"": 3}",0,0
135,5,15,1,505.0,6,6,1,"{""STRAWBERRY"": 7, ""MELON"": 12}","{""COW"": 2, ""SHEEP"": 3}",1,0
136,5,16,0,373.0,6,6,2,"{""MELON"": 8, ""STRAWBERRY"": 11, ""WHEAT"": 6, ""CARROT"": 1}","{""COW"": 4, ""SHEEP"": 3}",0,0
136,5,16,1,505.0,6,6,1,"{""STRAWBERRY"": 7, ""MELON"": 12}","{""COW"": 2, ""SHEEP"": 3}",1,3
137,5,17,0,373.0,6,6,2,"{""MELON"": 8, ""STRAWBERRY"": 11, ""WHEAT"": 7, ""CARROT"": 1}","{""COW"": 4, ""SHEEP"": 3}",0,0
137,5,17,1,505.0,6,6,1,"{""STRAWBERRY"": 7, ""MELON"": 12}","{""COW"": 2, ""SHEEP"": 3}",1,2
138,5,18,0,373.0,6,6,2,"{""MELON"": 8, ""STRAWBERRY"": 11, ""WHEAT"": 7, ""CARROT"": 1}","{""COW"": 4, ""SHEEP"": 3}",0,0
138,5,18,1,505.0,6,6,1,"{""STRAWBERRY"": 7, ""MELON"": 12}","{""COW"": 2, ""SHEEP"": 3}",1,1
139,5,19,0,463.0,6,6,2,"{""MELON"": 8, ""STRAWBERRY"": 11, ""WHEAT"": 7, ""CARROT"": 1}","{""COW"": 4, ""SHEEP"": 3}",0,0
139,5,19,1,505.0,6,6,1,"{""STRAWBERRY"": 7, ""MELON"": 12}","{""COW"": 2, ""SHEEP"": 3}",1,0
140,5,20,0,553.0,6,6,2,"{""MELON"": 8, ""STRAWBERRY"": 11, ""WHEAT"": 7, ""CARROT"": 1}","{""COW"": 4, ""SHEEP"": 3}",0,0
140,5,20,1,505.0,6,6,1,"{""STRAWBERRY"": 7, ""MELON"": 12}","{""COW"": 2, ""SHEEP"": 3}",1,3
141,5,21,0,553.0,6,6,2,"{""MELON"": 8, ""STRAWBERRY"": 11, ""WHEAT"": 7, ""CARROT"": 1}","{""COW"": 4, ""SHEEP"": 3}",0,0
141,5,21,1,505.0,6,6,1,"{""STRAWBERRY"": 7, ""MELON"": 12}","{""COW"": 2, ""SHEEP"": 3}",1,2
142,5,22,0,643.0,6,6,2,"{""MELON"": 8, ""STRAWBERRY"": 11, ""WHEAT"": 7, ""CARROT"": 1}","{""COW"": 4, ""SHEEP"": 3}",0,0
142,5,22,1,505.0,6,6,1,"{""STRAWBERRY"": 7, ""MELON"": 12}","{""COW"": 2, ""SHEEP"": 3}",1,1
143,5,23,0,732.0,6,6,2,"{""MELON"": 8, ""STRAWBERRY"": 11, ""WHEAT"": 7, ""CARROT"": 1}","{""COW"": 4, ""SHEEP"": 3}",0,0
143,5,23,1,505.0,6,6,1,"{""STRAWBERRY"": 7, ""MELON"": 12}","{""COW"": 2, ""SHEEP"": 3}",1,0
144,6,0,0,821.0,0,0,2,"{""MELON"": 8, ""STRAWBERRY"": 11, ""WHEAT"": 7, ""CARROT"": 1}","{""COW"": 4, ""SHEEP"": 3}",0,0
144,6,0,1,505.0,0,0,1,"{""STRAWBERRY"": 7, ""MELON"": 12}","{""COW"": 2, ""SHEEP"": 3}",1,9
145,6,1,0,271.0,7,7,2,"{""MELON"": 8, ""STRAWBERRY"": 11, ""WHEAT"": 7, ""CARROT"": 1}","{""COW"": 4, ""SHEEP"": 3}",0,7
145,6,1,1,364.0,8,8,1,"{""STRAWBERRY"": 7, ""MELON"": 12}","{""COW"": 2, ""SHEEP"": 3}",1,12
146,6,2,0,271.0,7,7,2,"{""MELON"": 8, ""STRAWBERRY"": 11, ""WHEAT"": 7, ""CARROT"": 1}","{""COW"": 4, ""SHEEP"": 3}",0,0
146,6,2,1,393.0,8,8,1,"{""STRAWBERRY"": 7, ""MELON"": 12}","{""COW"": 2, ""SHEEP"": 3}",1,9
147,6,3,0,456.0,7,7,2,"{""MELON"": 8, ""STRAWBERRY"": 11, ""WHEAT"": 7, ""CARROT"": 1}","{""COW"": 4, ""SHEEP"": 3}",0,1
147,6,3,1,393.0,8,8,1,"{""STRAWBERRY"": 7, ""MELON"": 12}","{""COW"": 2, ""SHEEP"": 3}",1,9
148,6,4,0,356.0,7,7,2,"{""MELON"": 8, ""STRAWBERRY"": 11, ""WHEAT"": 7, ""CARROT"": 1}","{""COW"": 4, ""SHEEP"": 3}",0,0
148,6,4,1,393.0,8,8,1,"{""STRAWBERRY"": 7, ""MELON"": 12}","{""COW"": 2, ""SHEEP"": 3}",1,15
149,6,5,0,356.0,7,7,2,"{""MELON"": 8, ""STRAWBERRY"": 11, ""WHEAT"": 7, ""CARROT"": 1}","{""COW"": 4, ""SHEEP"": 3}",0,0
149,6,5,1,1597.0,8,8,1,"{""STRAWBERRY"": 7, ""MELON"": 12}","{""COW"": 2, ""SHEEP"": 3}",1,0
150,6,6,0,1899.0,7,7,2,"{""MELON"": 8, ""STRAWBERRY"": 11, ""WHEAT"": 7, ""CARROT"": 1}","{""COW"": 4, ""SHEEP"": 3}",0,1
150,6,6,1,597.0,8,8,2,"{""STRAWBERRY"": 7, ""MELON"": 12}","{""COW"": 2, ""SHEEP"": 3}",1,6
151,6,7,0,1899.0,7,7,2,"{""MELON"": 8, ""STRAWBERRY"": 11, ""WHEAT"": 7, ""CARROT"": 1}","{""COW"": 4, ""SHEEP"": 3}",0,0
151,6,7,1,1169.0,8,8,2,"{""STRAWBERRY"": 7, ""MELON"": 12}","{""COW"": 2, ""SHEEP"": 3}",1,14
152,6,8,0,1988.0,7,7,2,"{""MELON"": 8, ""STRAWBERRY"": 11, ""WHEAT"": 7, ""CARROT"": 1}","{""COW"": 4, ""SHEEP"": 3}",0,0
152,6,8,1,2442.0,8,8,2,"{""STRAWBERRY"": 7, ""MELON"": 12}","{""COW"": 2, ""SHEEP"": 3}",1,4
153,6,9,0,1988.0,7,7,2,"{""MELON"": 8, ""STRAWBERRY"": 11, ""WHEAT"": 7, ""CARROT"": 1}","{""COW"": 4, ""SHEEP"": 3}",0,0
153,6,9,1,1942.0,8,8,2,"{""STRAWBERRY"": 7, ""MELON"": 12}","{""COW"": 2, ""SHEEP"": 3}",1,2
154,6,10,0,1988.0,7,7,2,"{""MELON"": 8, ""STRAWBERRY"": 11, ""WHEAT"": 7, ""CARROT"": 1}","{""COW"": 4, ""SHEEP"": 3}",0,0
154,6,10,1,1842.0,8,8,2,"{""STRAWBERRY"": 8, ""MELON"": 12}","{""COW"": 2, ""SHEEP"": 3}",1,1
155,6,11,0,1988.0,7,7,2,"{""MELON"": 8, ""STRAWBERRY"": 11, ""WHEAT"": 7, ""CARROT"": 1}","{""COW"": 4, ""SHEEP"": 3}",0,0
155,6,11,1,1332.0,8,8,2,"{""STRAWBERRY"": 8, ""MELON"": 12}","{""COW"": 3, ""SHEEP"": 3}",1,3
156,6,12,0,1988.0,7,7,2,"{""MELON"": 8, ""STRAWBERRY"": 11, ""WHEAT"": 7, ""CARROT"": 1}","{""COW"": 4, ""SHEEP"": 3}",0,0
156,6,12,1,1420.0,8,8,2,"{""STRAWBERRY"": 8, ""MELON"": 12}","{""COW"": 3, ""SHEEP"": 3}",1,1
157,6,13,0,1988.0,7,7,2,"{""MELON"": 8, ""STRAWBERRY"": 11, ""WHEAT"": 7, ""CARROT"": 1}","{""COW"": 4, ""SHEEP"": 3}",0,0
157,6,13,1,920.0,8,8,2,"{""STRAWBERRY"": 10, ""MELON"": 12}","{""COW"": 3, ""SHEEP"": 3}",1,1
158,6,14,0,1988.0,7,7,2,"{""MELON"": 9, ""STRAWBERRY"": 11, ""WHEAT"": 7, ""CARROT"": 1}","{""COW"": 4, ""SHEEP"": 3}",0,0
158,6,14,1,820.0,8,8,2,"{""STRAWBERRY"": 10, ""MELON"": 12}","{""COW"": 4, ""SHEEP"": 3}",1,0
159,6,15,0,1988.0,7,7,2,"{""MELON"": 10, ""STRAWBERRY"": 11, ""WHEAT"": 7, ""CARROT"": 1}","{""COW"": 4, ""SHEEP"": 3}",0,0
159,6,15,1,320.0,8,8,2,"{""STRAWBERRY"": 10, ""MELON"": 12}","{""COW"": 4, ""SHEEP"": 3}",1,1
160,6,16,0,2076.0,7,7,2,"{""MELON"": 10, ""STRAWBERRY"": 11, ""WHEAT"": 7, ""CARROT"": 1}","{""COW"": 4, ""SHEEP"": 3}",0,0
160,6,16,1,220.0,8,8,2,"{""STRAWBERRY"": 11, ""MELON"": 12}","{""COW"": 5, ""SHEEP"": 3}",1,0
161,6,17,0,2046.0,7,7,2,"{""MELON"": 10, ""STRAWBERRY"": 11, ""WHEAT"": 7, ""CARROT"": 1}","{""COW"": 4, ""SHEEP"": 3, ""GOOSE"": 1}",0,1
161,6,17,1,120.0,8,8,2,"{""STRAWBERRY"": 12, ""MELON"": 12}","{""COW"": 5, ""SHEEP"": 3}",1,0
162,6,18,0,2222.0,7,7,2,"{""MELON"": 10, ""STRAWBERRY"": 11, ""WHEAT"": 7, ""CARROT"": 1}","{""COW"": 4, ""SHEEP"": 3, ""GOOSE"": 1}",0,0
162,6,18,1,20.0,8,8,2,"{""STRAWBERRY"": 12, ""MELON"": 12}","{""COW"": 6, ""SHEEP"": 3}",1,0
163,6,19,0,2222.0,7,7,2,"{""MELON"": 10, ""STRAWBERRY"": 11, ""WHEAT"": 7, ""CARROT"": 1}","{""COW"": 4, ""SHEEP"": 3, ""GOOSE"": 1}",0,0
163,6,19,1,20.0,8,8,2,"{""STRAWBERRY"": 14, ""MELON"": 12, ""WHEAT"": 1}","{""COW"": 6, ""SHEEP"": 3}",1,0
164,6,20,0,2222.0,7,7,2,"{""MELON"": 10, ""STRAWBERRY"": 13, ""WHEAT"": 7, ""CARROT"": 1}","{""COW"": 4, ""SHEEP"": 3, ""GOOSE"": 1}",0,0
164,6,20,1,20.0,8,8,2,"{""STRAWBERRY"": 15, ""MELON"": 12, ""WHEAT"": 1}","{""COW"": 7, ""SHEEP"": 3}",1,0
165,6,21,0,2222.0,7,7,2,"{""MELON"": 10, ""STRAWBERRY"": 14, ""WHEAT"": 7, ""CARROT"": 1}","{""COW"": 4, ""SHEEP"": 3, ""GOOSE"": 1}",0,0
165,6,21,1,20.0,8,8,2,"{""STRAWBERRY"": 15, ""MELON"": 12, ""WHEAT"": 1}","{""COW"": 7, ""SHEEP"": 3}",1,0
166,6,22,0,2222.0,7,7,2,"{""MELON"": 10, ""STRAWBERRY"": 14, ""WHEAT"": 7, ""CARROT"": 1}","{""COW"": 4, ""SHEEP"": 3, ""GOOSE"": 1}",0,0
166,6,22,1,20.0,8,8,2,"{""STRAWBERRY"": 17, ""MELON"": 12, ""WHEAT"": 1}","{""COW"": 7, ""SHEEP"": 3}",1,0
167,6,23,0,2222.0,7,7,2,"{""MELON"": 10, ""STRAWBERRY"": 17, ""WHEAT"": 7, ""CARROT"": 1}","{""COW"": 5, ""SHEEP"": 3, ""GOOSE"": 1}",0,0
167,6,23,1,20.0,8,8,2,"{""STRAWBERRY"": 17, ""MELON"": 12, ""WHEAT"": 1}","{""COW"": 7, ""SHEEP"": 3}",1,0
168,7,0,0,2222.0,0,0,2,"{""MELON"": 10, ""STRAWBERRY"": 17, ""WHEAT"": 7, ""CARROT"": 1}","{""COW"": 5, ""SHEEP"": 3, ""GOOSE"": 1}",0,3
168,7,0,1,20.0,0,0,2,"{""STRAWBERRY"": 17, ""MELON"": 12, ""WHEAT"": 1}","{""COW"": 7, ""SHEEP"": 3}",1,6
169,7,1,0,2150.0,8,8,2,"{""MELON"": 10, ""STRAWBERRY"": 17, ""WHEAT"": 7, ""CARROT"": 1}","{""COW"": 5, ""SHEEP"": 3, ""GOOSE"": 1}",0,9
169,7,1,1,53.0,8,8,2,"{""STRAWBERRY"": 17, ""MELON"": 12, ""WHEAT"": 1}","{""COW"": 7, ""SHEEP"": 3}",1,0
170,7,2,0,1550.0,8,8,2,"{""MELON"": 10, ""STRAWBERRY"": 17, ""WHEAT"": 7, ""CARROT"": 1}","{""COW"": 5, ""SHEEP"": 3, ""GOOSE"": 1}",0,1
170,7,2,1,19.0,9,9,2,"{""STRAWBERRY"": 17, ""MELON"": 12, ""WHEAT"": 1}","{""COW"": 7, ""SHEEP"": 3}",1,0
171,7,3,0,1550.0,8,8,2,"{""MELON"": 10, ""STRAWBERRY"": 17, ""WHEAT"": 7, ""CARROT"": 1}","{""COW"": 5, ""SHEEP"": 3, ""GOOSE"": 1}",0,0
171,7,3,1,19.0,9,9,2,"{""STRAWBERRY"": 17, ""MELON"": 12, ""WHEAT"": 1}","{""COW"": 7, ""SHEEP"": 3}",1,2
172,7,4,0,1550.0,8,8,2,"{""MELON"": 10, ""STRAWBERRY"": 17, ""WHEAT"": 7, ""CARROT"": 1}","{""COW"": 5, ""SHEEP"": 3, ""GOOSE"": 1}",0,0
172,7,4,1,192.0,9,9,2,"{""STRAWBERRY"": 17, ""MELON"": 12, ""WHEAT"": 1}","{""COW"": 7, ""SHEEP"": 3}",1,0
173,7,5,0,1550.0,8,8,2,"{""MELON"": 10, ""STRAWBERRY"": 17, ""WHEAT"": 7, ""CARROT"": 1}","{""COW"": 5, ""SHEEP"": 3, ""GOOSE"": 1}",0,0
173,7,5,1,192.0,9,9,2,"{""STRAWBERRY"": 17, ""MELON"": 12, ""WHEAT"": 1}","{""COW"": 7, ""SHEEP"": 3}",1,0
174,7,6,0,1550.0,8,8,2,"{""MELON"": 10, ""STRAWBERRY"": 17, ""WHEAT"": 7, ""CARROT"": 1}","{""COW"": 5, ""SHEEP"": 3, ""GOOSE"": 1}",0,0
174,7,6,1,92.0,9,9,2,"{""STRAWBERRY"": 17, ""MELON"": 12, ""WHEAT"": 1}","{""COW"": 7, ""SHEEP"": 3}",1,2
175,7,7,0,1636.0,8,8,2,"{""MELON"": 10, ""STRAWBERRY"": 17, ""WHEAT"": 7, ""CARROT"": 1}","{""COW"": 5, ""SHEEP"": 3, ""GOOSE"": 1}",0,0
175,7,7,1,104.0,9,9,2,"{""STRAWBERRY"": 17, ""MELON"": 12, ""WHEAT"": 1}","{""COW"": 7, ""SHEEP"": 3}",1,7
176,7,8,0,1636.0,8,8,2,"{""MELON"": 10, ""STRAWBERRY"": 17, ""WHEAT"": 7, ""CARROT"": 1}","{""COW"": 5, ""SHEEP"": 3, ""GOOSE"": 1}",0,0
176,7,8,1,275.0,9,9,2,"{""STRAWBERRY"": 17, ""MELON"": 12, ""WHEAT"": 1}","{""COW"": 7, ""SHEEP"": 3}",1,0
177,7,9,0,1636.0,8,8,2,"{""MELON"": 10, ""STRAWBERRY"": 17, ""WHEAT"": 7, ""CARROT"": 1}","{""COW"": 5, ""SHEEP"": 3, ""GOOSE"": 1}",0,0
177,7,9,1,179.0,9,9,2,"{""STRAWBERRY"": 17, ""MELON"": 12, ""WHEAT"": 1}","{""COW"": 7, ""SHEEP"": 3}",1,3
178,7,10,0,1616.0,8,8,2,"{""MELON"": 10, ""STRAWBERRY"": 17, ""WHEAT"": 7}","{""COW"": 5, ""SHEEP"": 3, ""GOOSE"": 1}",0,0
178,7,10,1,69.0,9,9,2,"{""STRAWBERRY"": 18, ""MELON"": 12, ""WHEAT"": 1}","{""COW"": 7, ""SHEEP"": 3}",1,3
179,7,11,0,1616.0,8,8,2,"{""MELON"": 10, ""STRAWBERRY"": 17, ""WHEAT"": 7, ""CARROT"": 1}","{""COW"": 5, ""SHEEP"": 3, ""GOOSE"": 1}",0,0
179,7,11,1,69.0,9,9,2,"{""STRAWBERRY"": 19, ""MELON"": 12, ""WHEAT"": 1}","{""COW"": 7, ""SHEEP"": 3}",1,4
180,7,12,0,1616.0,8,8,2,"{""MELON"": 10, ""STRAWBERRY"": 18, ""WHEAT"": 7, ""CARROT"": 1}","{""COW"": 5, ""SHEEP"": 3, ""GOOSE"": 1}",0,0
180,7,12,1,54.0,9,9,2,"{""STRAWBERRY"": 19, ""MELON"": 12, ""WHEAT"": 2}","{""COW"": 7, ""SHEEP"": 3}",1,3
181,7,13,0,1701.0,8,8,2,"{""MELON"": 10, ""STRAWBERRY"": 18, ""WHEAT"": 7, ""CARROT"": 1}","{""COW"": 5, ""SHEEP"": 3, ""GOOSE"": 1}",0,0
181,7,13,1,44.0,9,9,2,"{""STRAWBERRY"": 20, ""MELON"": 12, ""WHEAT"": 2}","{""COW"": 7, ""SHEEP"": 3}",1,3
182,7,14,0,1701.0,8,8,2,"{""MELON"": 10, ""STRAWBERRY"": 18, ""WHEAT"": 7, ""CARROT"": 1}","{""COW"": 5, ""SHEEP"": 3, ""GOOSE"": 1}",0,0
182,7,14,1,44.0,9,9,2,"{""STRAWBERRY"": 20, ""MELON"": 12, ""WHEAT"": 2}","{""COW"": 7, ""SHEEP"": 3}",1,4
183,7,15,0,1701.0,8,8,2,"{""MELON"": 10, ""STRAWBERRY"": 18, ""WHEAT"": 7, ""CARROT"": 1}","{""COW"": 5, ""SHEEP"": 3, ""GOOSE"": 1}",0,0
183,7,15,1,29.0,9,9,2,"{""STRAWBERRY"": 20, ""MELON"": 12, ""WHEAT"": 3}","{""COW"": 7, ""SHEEP"": 3}",1,0
184,7,16,0,1701.0,8,8,2,"{""MELON"": 10, ""STRAWBERRY"": 18, ""WHEAT"": 7, ""CARROT"": 1}","{""COW"": 5, ""SHEEP"": 3, ""GOOSE"": 1}",0,0
184,7,16,1,19.0,9,9,2,"{""STRAWBERRY"": 20, ""MELON"": 12, ""WHEAT"": 3}","{""COW"": 7, ""SHEEP"": 3}",1,0
185,7,17,0,1701.0,8,8,2,"{""MELON"": 10, ""STRAWBERRY"": 20, ""WHEAT"": 7, ""CARROT"": 1}","{""COW"": 5, ""SHEEP"": 3, ""GOOSE"": 1}",0,0
185,7,17,1,19.0,9,9,2,"{""STRAWBERRY"": 21, ""MELON"": 12, ""WHEAT"": 3}","{""COW"": 7, ""SHEEP"": 3}",1,0
186,7,18,0,1701.0,8,8,2,"{""MELON"": 10, ""STRAWBERRY"": 20, ""WHEAT"": 7, ""CARROT"": 1}","{""COW"": 5, ""SHEEP"": 3, ""GOOSE"": 1}",0,0
186,7,18,1,19.0,9,9,2,"{""STRAWBERRY"": 21, ""MELON"": 12, ""WHEAT"": 3}","{""COW"": 7, ""SHEEP"": 3}",1,0
187,7,19,0,1867.0,8,8,2,"{""MELON"": 10, ""STRAWBERRY"": 21, ""WHEAT"": 7, ""CARROT"": 1}","{""COW"": 6, ""SHEEP"": 3, ""GOOSE"": 1}",0,1
187,7,19,1,19.0,9,9,2,"{""STRAWBERRY"": 21, ""MELON"": 12, ""WHEAT"": 3}","{""COW"": 7, ""SHEEP"": 3}",1,0
188,7,20,0,1867.0,8,8,2,"{""MELON"": 10, ""STRAWBERRY"": 22, ""WHEAT"": 7, ""CARROT"": 1}","{""COW"": 6, ""SHEEP"": 3, ""GOOSE"": 1}",0,0
188,7,20,1,19.0,9,9,2,"{""STRAWBERRY"": 21, ""MELON"": 12, ""WHEAT"": 4}","{""COW"": 7, ""SHEEP"": 3}",1,0
189,7,21,0,1867.0,8,8,2,"{""MELON"": 10, ""STRAWBERRY"": 22, ""WHEAT"": 7, ""CARROT"": 1}","{""COW"": 6, ""SHEEP"": 3, ""GOOSE"": 1}",0,0
189,7,21,1,19.0,9,9,2,"{""STRAWBERRY"": 21, ""MELON"": 12, ""WHEAT"": 4}","{""COW"": 7, ""SHEEP"": 3}",1,0
190,7,22,0,1867.0,8,8,2,"{""MELON"": 10, ""STRAWBERRY"": 22, ""WHEAT"": 7, ""CARROT"": 1}","{""COW"": 6, ""SHEEP"": 3, ""GOOSE"": 1}",0,0
190,7,22,1,19.0,9,9,2,"{""STRAWBERRY"": 21, ""MELON"": 12, ""WHEAT"": 4}","{""COW"": 7, ""SHEEP"": 3}",1,0
191,7,23,0,1951.0,8,8,2,"{""MELON"": 10, ""STRAWBERRY"": 22, ""WHEAT"": 7, ""CARROT"": 1}","{""COW"": 6, ""SHEEP"": 3, ""GOOSE"": 1}",0,0
191,7,23,1,19.0,9,9,2,"{""STRAWBERRY"": 21, ""MELON"": 12, ""WHEAT"": 4}","{""COW"": 7, ""SHEEP"": 3}",1,0
192,8,0,0,2119.0,0,0,2,"{""MELON"": 10, ""STRAWBERRY"": 22, ""WHEAT"": 7, ""CARROT"": 1}","{""COW"": 6, ""SHEEP"": 3, ""GOOSE"": 1}",0,4
192,8,0,1,19.0,0,0,2,"{""STRAWBERRY"": 21, ""MELON"": 12, ""WHEAT"": 4}","{""COW"": 7, ""SHEEP"": 3}",1,5
193,8,1,0,2017.0,8,8,2,"{""MELON"": 10, ""STRAWBERRY"": 22, ""WHEAT"": 7, ""CARROT"": 1}","{""COW"": 6, ""SHEEP"": 3, ""GOOSE"": 1}",0,9
193,8,1,1,30.0,8,8,2,"{""STRAWBERRY"": 21, ""MELON"": 12, ""WHEAT"": 4}","{""COW"": 7, ""SHEEP"": 3}",1,6
194,8,2,0,2017.0,8,8,2,"{""MELON"": 10, ""STRAWBERRY"": 22, ""WHEAT"": 7, ""CARROT"": 1}","{""COW"": 6, ""SHEEP"": 3, ""GOOSE"": 1}",0,0
194,8,2,1,30.0,8,8,2,"{""STRAWBERRY"": 21, ""MELON"": 12, ""WHEAT"": 4}","{""COW"": 7, ""SHEEP"": 3}",1,6
195,8,3,0,2017.0,8,8,2,"{""MELON"": 10, ""STRAWBERRY"": 22, ""WHEAT"": 7, ""CARROT"": 1}","{""COW"": 6, ""SHEEP"": 3, ""GOOSE"": 1}",0,0
195,8,3,1,983.0,9,9,2,"{""STRAWBERRY"": 21, ""MELON"": 12, ""WHEAT"": 4}","{""COW"": 7, ""SHEEP"": 3}",1,7
196,8,4,0,2017.0,8,8,2,"{""MELON"": 10, ""STRAWBERRY"": 22, ""WHEAT"": 7, ""CARROT"": 1}","{""COW"": 6, ""SHEEP"": 3, ""GOOSE"": 1}",0,0
196,8,4,1,1066.0,9,9,2,"{""STRAWBERRY"": 21, ""MELON"": 12, ""WHEAT"": 4}","{""COW"": 7, ""SHEEP"": 3}",1,5
197,8,5,0,2100.0,8,8,2,"{""MELON"": 10, ""STRAWBERRY"": 22, ""WHEAT"": 7, ""CARROT"": 1}","{""COW"": 6, ""SHEEP"": 3, ""GOOSE"": 1}",0,0
197,8,5,1,1149.0,9,9,2,"{""STRAWBERRY"": 21, ""MELON"": 12, ""WHEAT"": 4}","{""COW"": 7, ""SHEEP"": 3}",1,2
198,8,6,0,2100.0,8,8,2,"{""MELON"": 10, ""STRAWBERRY"": 22, ""WHEAT"": 7, ""CARROT"": 1}","{""COW"": 6, ""SHEEP"": 3, ""GOOSE"": 1}",0,0
198,8,6,1,1149.0,9,9,2,"{""STRAWBERRY"": 21, ""MELON"": 12, ""WHEAT"": 4}","{""COW"": 7, ""SHEEP"": 3}",1,2
199,8,7,0,2100.0,8,8,2,"{""MELON"": 10, ""STRAWBERRY"": 22, ""WHEAT"": 7, ""CARROT"": 1}","{""COW"": 6, ""SHEEP"": 3, ""GOOSE"": 1}",0,0
199,8,7,1,1149.0,9,9,2,"{""STRAWBERRY"": 21, ""MELON"": 12, ""WHEAT"": 4}","{""COW"": 7, ""SHEEP"": 3}",1,8
200,8,8,0,2090.0,8,8,2,"{""MELON"": 10, ""STRAWBERRY"": 22, ""WHEAT"": 6, ""CARROT"": 1}","{""COW"": 6, ""SHEEP"": 3, ""GOOSE"": 1}",0,0
200,8,8,1,1908.0,9,9,2,"{""STRAWBERRY"": 21, ""MELON"": 12, ""WHEAT"": 4}","{""COW"": 7, ""SHEEP"": 3}",1,4
201,8,9,0,2040.0,8,8,2,"{""MELON"": 10, ""STRAWBERRY"": 22, ""WHEAT"": 6, ""CARROT"": 1}","{""COW"": 6, ""SHEEP"": 3, ""GOOSE"": 1}",0,0
201,8,9,1,1888.0,9,9,2,"{""STRAWBERRY"": 21, ""MELON"": 12, ""WHEAT"": 4}","{""COW"": 7, ""SHEEP"": 3}",1,6
202,8,10,0,2040.0,8,8,2,"{""MELON"": 10, ""STRAWBERRY"": 22, ""WHEAT"": 6, ""CARROT"": 1}","{""COW"": 6, ""SHEEP"": 3, ""GOOSE"": 1}",0,0
202,8,10,1,1970.0,9,9,2,"{""STRAWBERRY"": 21, ""MELON"": 12, ""WHEAT"": 4}","{""COW"": 7, ""SHEEP"": 3}",1,5
203,8,11,0,2040.0,8,8,2,"{""MELON"": 10, ""STRAWBERRY"": 22, ""WHEAT"": 6, ""CARROT"": 1}","{""COW"": 6, ""SHEEP"": 3, ""GOOSE"": 1}",0,0
203,8,11,1,1970.0,9,9,2,"{""STRAWBERRY"": 21, ""MELON"": 12, ""WHEAT"": 4}","{""COW"": 7, ""SHEEP"": 3}",1,6
204,8,12,0,1160.0,8,8,3,"{""MELON"": 10, ""STRAWBERRY"": 22, ""WHEAT"": 6, ""CARROT"": 1}","{""COW"": 6, ""SHEEP"": 3, ""GOOSE"": 1}",0,0
204,8,12,1,2052.0,9,9,2,"{""STRAWBERRY"": 21, ""MELON"": 12, ""WHEAT"": 4}","{""COW"": 7, ""SHEEP"": 3}",1,0
205,8,13,0,962.0,8,8,3,"{""MELON"": 10, ""STRAWBERRY"": 22, ""WHEAT"": 6, ""CARROT"": 1}","{""COW"": 6, ""SHEEP"": 3, ""GOOSE"": 1}",0,0
205,8,13,1,2042.0,9,9,2,"{""STRAWBERRY"": 21, ""MELON"": 12, ""WHEAT"": 4}","{""COW"": 8, ""SHEEP"": 3}",1,2
206,8,14,0,1032.0,8,8,3,"{""MELON"": 10, ""STRAWBERRY"": 22, ""WHEAT"": 6, ""CARROT"": 1}","{""COW"": 6, ""SHEEP"": 3, ""GOOSE"": 1}",0,0
206,8,14,1,2204.0,9,9,2,"{""STRAWBERRY"": 21, ""MELON"": 12, ""WHEAT"": 4}","{""COW"": 8, ""SHEEP"": 3}",1,0
207,8,15,0,1032.0,8,8,3,"{""MELON"": 10, ""STRAWBERRY"": 22, ""WHEAT"": 5, ""CARROT"": 1}","{""COW"": 6, ""SHEEP"": 3, ""GOOSE"": 1}",0,0
207,8,15,1,2204.0,9,9,2,"{""STRAWBERRY"": 21, ""MELON"": 12, ""WHEAT"": 4}","{""COW"": 8, ""SHEEP"": 3}",1,0
208,8,16,0,1032.0,8,8,3,"{""MELON"": 10, ""STRAWBERRY"": 23, ""WHEAT"": 5, ""CARROT"": 1}","{""COW"": 6, ""SHEEP"": 3, ""GOOSE"": 1}",0,0
208,8,16,1,2204.0,9,9,2,"{""STRAWBERRY"": 21, ""MELON"": 12, ""WHEAT"": 4}","{""COW"": 8, ""SHEEP"": 3}",1,0
209,8,17,0,1032.0,8,8,3,"{""MELON"": 11, ""STRAWBERRY"": 23, ""WHEAT"": 5, ""CARROT"": 1}","{""COW"": 6, ""SHEEP"": 3, ""GOOSE"": 1}",0,0
209,8,17,1,2204.0,9,9,2,"{""STRAWBERRY"": 21, ""MELON"": 12, ""WHEAT"": 4}","{""COW"": 8, ""SHEEP"": 3}",1,0
210,8,18,0,1032.0,8,8,3,"{""MELON"": 11, ""STRAWBERRY"": 23, ""WHEAT"": 5, ""CARROT"": 1}","{""COW"": 6, ""SHEEP"": 3, ""GOOSE"": 1}",0,0
210,8,18,1,2204.0,9,9,2,"{""STRAWBERRY"": 21, ""MELON"": 12, ""WHEAT"": 3}","{""COW"": 8, ""SHEEP"": 3}",1,0
211,8,19,0,1032.0,8,8,3,"{""MELON"": 11, ""STRAWBERRY"": 23, ""WHEAT"": 5, ""CARROT"": 1}","{""COW"": 6, ""SHEEP"": 3, ""GOOSE"": 1}",0,0
211,8,19,1,2204.0,9,9,2,"{""STRAWBERRY"": 21, ""MELON"": 12, ""WHEAT"": 4}","{""COW"": 8, ""SHEEP"": 3}",1,1
212,8,20,0,1032.0,8,8,3,"{""MELON"": 12, ""STRAWBERRY"": 24, ""WHEAT"": 5, ""CARROT"": 1}","{""COW"": 6, ""SHEEP"": 3, ""GOOSE"": 1}",0,0
212,8,20,1,2275.0,9,9,2,"{""STRAWBERRY"": 21, ""MELON"": 12, ""WHEAT"": 4}","{""COW"": 8, ""SHEEP"": 3}",1,0
213,8,21,0,1032.0,8,8,3,"{""MELON"": 12, ""STRAWBERRY"": 24, ""WHEAT"": 5, ""CARROT"": 1}","{""COW"": 6, ""SHEEP"": 3, ""GOOSE"": 1}",0,0
213,8,21,1,2275.0,9,9,2,"{""STRAWBERRY"": 21, ""MELON"": 12, ""WHEAT"": 4}","{""COW"": 8, ""SHEEP"": 3}",1,0
214,8,22,0,1354.0,8,8,3,"{""MELON"": 13, ""STRAWBERRY"": 24, ""WHEAT"": 5, ""CARROT"": 1}","{""COW"": 6, ""SHEEP"": 3, ""GOOSE"": 1}",0,0
214,8,22,1,2275.0,9,9,2,"{""STRAWBERRY"": 21, ""MELON"": 12, ""WHEAT"": 4}","{""COW"": 8, ""SHEEP"": 3}",1,0
215,8,23,0,2560.0,8,8,3,"{""MELON"": 13, ""STRAWBERRY"": 24, ""WHEAT"": 6, ""CARROT"": 1, ""TOMATO"": 1}","{""COW"": 6, ""SHEEP"": 3, ""GOOSE"": 1}",0,0
215,8,23,1,2275.0,9,9,2,"{""STRAWBERRY"": 21, ""MELON"": 12, ""WHEAT"": 4}","{""COW"": 8, ""SHEEP"": 3}",1,0
216,9,0,0,2595.0,0,0,3,"{""MELON"": 13, ""STRAWBERRY"": 24, ""WHEAT"": 6, ""CARROT"": 1, ""TOMATO"": 1}","{""COW"": 6, ""SHEEP"": 3, ""GOOSE"": 1}",0,13
216,9,0,1,2275.0,0,0,2,"{""STRAWBERRY"": 21, ""MELON"": 12, ""WHEAT"": 4}","{""COW"": 8, ""SHEEP"": 3}",1,8
217,9,1,0,3581.0,7,7,3,"{""MELON"": 13, ""STRAWBERRY"": 24, ""WHEAT"": 6, ""CARROT"": 1, ""TOMATO"": 1}","{""COW"": 6, ""SHEEP"": 3, ""GOOSE"": 1}",0,8
217,9,1,1,1716.0,8,8,2,"{""STRAWBERRY"": 21, ""MELON"": 12, ""WHEAT"": 4}","{""COW"": 8, ""SHEEP"": 3}",1,12
218,9,2,0,1902.0,11,11,3,"{""MELON"": 13, ""STRAWBERRY"": 24, ""WHEAT"": 6, ""CARROT"": 1, ""TOMATO"": 1}","{""COW"": 6, ""SHEEP"": 3, ""GOOSE"": 1}",0,4
218,9,2,1,1536.0,10,10,2,"{""STRAWBERRY"": 21, ""MELON"": 12, ""WHEAT"": 4}","{""COW"": 8, ""SHEEP"": 3}",1,7
219,9,3,0,2212.0,11,11,3,"{""MELON"": 13, ""STRAWBERRY"": 24, ""WHEAT"": 6, ""CARROT"": 1, ""TOMATO"": 1}","{""COW"": 6, ""SHEEP"": 3, ""GOOSE"": 1}",0,1
219,9,3,1,1536.0,10,10,2,"{""STRAWBERRY"": 21, ""MELON"": 12, ""WHEAT"": 4}","{""COW"": 8, ""SHEEP"": 3}",1,7
220,9,4,0,2202.0,11,11,3,"{""MELON"": 13, ""STRAWBERRY"": 24, ""WHEAT"": 5, ""CARROT"": 1, ""TOMATO"": 1}","{""COW"": 6, ""SHEEP"": 3, ""GOOSE"": 1}",0,0
220,9,4,1,1536.0,10,10,2,"{""STRAWBERRY"": 21, ""MELON"": 12, ""WHEAT"": 4}","{""COW"": 8, ""SHEEP"": 3}",1,11
221,9,5,0,2202.0,11,11,3,"{""MELON"": 13, ""STRAWBERRY"": 24, ""WHEAT"": 5, ""CARROT"": 1, ""TOMATO"": 1}","{""COW"": 6, ""SHEEP"": 3, ""GOOSE"": 1}",0,0
221,9,5,1,2212.0,10,10,2,"{""STRAWBERRY"": 21, ""MELON"": 12, ""WHEAT"": 4}","{""COW"": 8, ""SHEEP"": 3}",1,6
222,9,6,0,2717.0,11,11,3,"{""MELON"": 13, ""STRAWBERRY"": 24, ""WHEAT"": 5, ""CARROT"": 1, ""TOMATO"": 1}","{""COW"": 6, ""SHEEP"": 3, ""GOOSE"": 3}",0,0
222,9,6,1,583.0,10,10,3,"{""STRAWBERRY"": 21, ""MELON"": 12, ""WHEAT"": 4}","{""COW"": 8, ""SHEEP"": 3}",1,5
223,9,7,0,3186.0,11,11,3,"{""MELON"": 13, ""STRAWBERRY"": 24, ""WHEAT"": 4, ""CARROT"": 1, ""TOMATO"": 1}","{""COW"": 6, ""SHEEP"": 3, ""GOOSE"": 3}",0,0
223,9,7,1,583.0,10,10,3,"{""STRAWBERRY"": 21, ""MELON"": 12, ""WHEAT"": 4}","{""COW"": 8, ""SHEEP"": 3}",1,6
224,9,8,0,3186.0,11,11,3,"{""MELON"": 13, ""STRAWBERRY"": 24, ""WHEAT"": 4, ""CARROT"": 1, ""TOMATO"": 1}","{""COW"": 7, ""SHEEP"": 3, ""GOOSE"": 3}",0,0
224,9,8,1,661.0,10,10,3,"{""STRAWBERRY"": 21, ""MELON"": 12, ""WHEAT"": 4}","{""COW"": 8, ""SHEEP"": 3}",1,4
225,9,9,0,3186.0,11,11,3,"{""MELON"": 13, ""STRAWBERRY"": 24, ""WHEAT"": 4, ""CARROT"": 1, ""TOMATO"": 1}","{""COW"": 7, ""SHEEP"": 3, ""GOOSE"": 3}",0,0
225,9,9,1,400.0,10,10,3,"{""STRAWBERRY"": 21, ""MELON"": 12, ""WHEAT"": 4}","{""COW"": 8, ""SHEEP"": 3}",1,6
226,9,10,0,3186.0,11,11,3,"{""MELON"": 13, ""STRAWBERRY"": 24, ""WHEAT"": 4, ""CARROT"": 1, ""TOMATO"": 1}","{""COW"": 7, ""SHEEP"": 3, ""GOOSE"": 3}",0,0
226,9,10,1,390.0,10,10,3,"{""STRAWBERRY"": 21, ""MELON"": 12, ""WHEAT"": 4}","{""COW"": 8, ""SHEEP"": 3}",1,6
227,9,11,0,3176.0,11,11,3,"{""MELON"": 13, ""STRAWBERRY"": 24, ""WHEAT"": 3, ""CARROT"": 1, ""TOMATO"": 1}","{""COW"": 7, ""SHEEP"": 3, ""GOOSE"": 3}",0,0
227,9,11,1,380.0,10,10,3,"{""STRAWBERRY"": 21, ""MELON"": 12, ""WHEAT"": 5}","{""COW"": 9, ""SHEEP"": 3}",1,5
228,9,12,0,3254.0,11,11,3,"{""MELON"": 13, ""STRAWBERRY"": 24, ""WHEAT"": 4, ""CARROT"": 1, ""TOMATO"": 1}","{""COW"": 7, ""SHEEP"": 3, ""GOOSE"": 3}",0,0
228,9,12,1,320.0,10,10,3,"{""STRAWBERRY"": 21, ""MELON"": 12, ""WHEAT"": 6}","{""COW"": 9, ""SHEEP"": 3}",1,6
229,9,13,0,3254.0,11,11,3,"{""MELON"": 13, ""STRAWBERRY"": 24, ""WHEAT"": 4, ""CARROT"": 1, ""TOMATO"": 1}","{""COW"": 7, ""SHEEP"": 3, ""GOOSE"": 3}",0,0
229,9,13,1,388.0,10,10,3,"{""STRAWBERRY"": 21, ""MELON"": 12, ""WHEAT"": 7}","{""COW"": 9, ""SHEEP"": 3}",1,0
230,9,14,0,3244.0,11,11,3,"{""MELON"": 13, ""STRAWBERRY"": 24, ""WHEAT"": 3, ""CARROT"": 1, ""TOMATO"": 1}","{""COW"": 7, ""SHEEP"": 3, ""GOOSE"": 3}",0,0
230,9,14,1,378.0,10,10,3,"{""STRAWBERRY"": 21, ""MELON"": 12, ""WHEAT"": 8}","{""COW"": 10, ""SHEEP"": 3}",1,0
231,9,15,0,3244.0,11,11,3,"{""MELON"": 13, ""STRAWBERRY"": 24, ""WHEAT"": 4, ""CARROT"": 1, ""TOMATO"": 1}","{""COW"": 7, ""SHEEP"": 3, ""GOOSE"": 3}",0,0
231,9,15,1,368.0,10,10,3,"{""STRAWBERRY"": 21, ""MELON"": 12, ""WHEAT"": 8}","{""COW"": 10, ""SHEEP"": 3}",1,0
232,9,16,0,3244.0,11,11,3,"{""MELON"": 13, ""STRAWBERRY"": 24, ""WHEAT"": 4, ""CARROT"": 1, ""TOMATO"": 1}","{""COW"": 7, ""SHEEP"": 3, ""GOOSE"": 4}",0,0
232,9,16,1,358.0,10,10,3,"{""STRAWBERRY"": 21, ""MELON"": 12, ""WHEAT"": 9}","{""COW"": 10, ""SHEEP"": 3}",1,2
233,9,17,0,3244.0,11,11,3,"{""MELON"": 13, ""STRAWBERRY"": 24, ""WHEAT"": 4, ""CARROT"": 1, ""TOMATO"": 1}","{""COW"": 8, ""SHEEP"": 3, ""GOOSE"": 4}",0,0
233,9,17,1,504.0,10,10,3,"{""STRAWBERRY"": 21, ""MELON"": 12, ""WHEAT"": 10, ""TOMATO"": 1}","{""COW"": 10, ""SHEEP"": 3}",1,0
234,9,18,0,3234.0,11,11,3,"{""MELON"": 13, ""STRAWBERRY"": 24, ""CARROT"": 1, ""TOMATO"": 1, ""WHEAT"": 4}","{""COW"": 8, ""SHEEP"": 3, ""GOOSE"": 4}",0,0
234,9,18,1,414.0,10,10,3,"{""STRAWBERRY"": 21, ""MELON"": 12, ""WHEAT"": 10, ""TOMATO"": 1}","{""COW"": 10, ""SHEEP"": 3}",1,0
235,9,19,0,3234.0,11,11,3,"{""MELON"": 13, ""STRAWBERRY"": 24, ""CARROT"": 1, ""TOMATO"": 1, ""WHEAT"": 4}","{""COW"": 8, ""SHEEP"": 3, ""GOOSE"": 4}",0,0
235,9,19,1,404.0,10,10,3,"{""STRAWBERRY"": 21, ""MELON"": 12, ""WHEAT"": 12, ""TOMATO"": 1}","{""COW"": 10, ""SHEEP"": 3}",1,0
236,9,20,0,3311.0,11,11,3,"{""MELON"": 13, ""STRAWBERRY"": 24, ""CARROT"": 1, ""TOMATO"": 1, ""WHEAT"": 4}","{""COW"": 8, ""SHEEP"": 3, ""GOOSE"": 4}",0,0
236,9,20,1,394.0,10,10,3,"{""STRAWBERRY"": 21, ""MELON"": 12, ""WHEAT"": 14, ""TOMATO"": 1}","{""COW"": 10, ""SHEEP"": 3}",1,0
237,9,21,0,3311.0,11,11,3,"{""MELON"": 13, ""STRAWBERRY"": 24, ""CARROT"": 1, ""TOMATO"": 1, ""WHEAT"": 7}","{""COW"": 8, ""SHEEP"": 3, ""GOOSE"": 4}",0,0
237,9,21,1,384.0,10,10,3,"{""STRAWBERRY"": 21, ""MELON"": 12, ""WHEAT"": 12, ""TOMATO"": 1}","{""COW"": 10, ""SHEEP"": 3}",1,0
238,9,22,0,3311.0,11,11,3,"{""MELON"": 13, ""STRAWBERRY"": 24, ""CARROT"": 1, ""TOMATO"": 1, ""WHEAT"": 7}","{""COW"": 8, ""SHEEP"": 3, ""GOOSE"": 4}",0,0
238,9,22,1,374.0,10,10,3,"{""STRAWBERRY"": 21, ""MELON"": 12, ""WHEAT"": 15, ""TOMATO"": 2}","{""COW"": 10, ""SHEEP"": 3}",1,0
239,9,23,0,3388.0,11,11,3,"{""MELON"": 13, ""STRAWBERRY"": 24, ""CARROT"": 1, ""TOMATO"": 1, ""WHEAT"": 11}","{""COW"": 8, ""SHEEP"": 3, ""GOOSE"": 4}",0,0
239,9,23,1,374.0,10,10,3,"{""STRAWBERRY"": 21, ""MELON"": 12, ""WHEAT"": 17, ""TOMATO"": 2}","{""COW"": 10, ""SHEEP"": 3}",1,0
240,10,0,0,3682.0,0,0,3,"{""MELON"": 13, ""STRAWBERRY"": 24, ""CARROT"": 1, ""TOMATO"": 1, ""WHEAT"": 11}","{""COW"": 8, ""SHEEP"": 3, ""GOOSE"": 4}",0,13
240,10,0,1,374.0,0,0,3,"{""STRAWBERRY"": 21, ""MELON"": 12, ""WHEAT"": 17, ""TOMATO"": 2}","{""COW"": 10, ""SHEEP"": 3}",1,25
241,10,1,0,3790.0,8,8,3,"{""MELON"": 13, ""STRAWBERRY"": 24, ""CARROT"": 1, ""TOMATO"": 1, ""WHEAT"": 11}","{""COW"": 8, ""SHEEP"": 3, ""GOOSE"": 4}",0,13
241,10,1,1,406.0,8,8,3,"{""STRAWBERRY"": 21, ""MELON"": 12, ""WHEAT"": 17, ""TOMATO"": 2}","{""COW"": 10, ""SHEEP"": 3}",1,29
242,10,2,0,2562.0,11,11,3,"{""MELON"": 13, ""STRAWBERRY"": 24, ""CARROT"": 1, ""TOMATO"": 1, ""WHEAT"": 11}","{""COW"": 8, ""SHEEP"": 3, ""GOOSE"": 4}",0,3
242,10,2,1,4.0,11,11,3,"{""STRAWBERRY"": 21, ""MELON"": 12, ""WHEAT"": 17, ""TOMATO"": 2}","{""COW"": 10, ""SHEEP"": 3}",1,22
243,10,3,0,2562.0,11,11,3,"{""MELON"": 13, ""STRAWBERRY"": 24, ""CARROT"": 1, ""TOMATO"": 1, ""WHEAT"": 11}","{""COW"": 8, ""SHEEP"": 3, ""GOOSE"": 4}",0,0
243,10,3,1,4.0,11,11,3,"{""STRAWBERRY"": 21, ""MELON"": 12, ""WHEAT"": 17, ""TOMATO"": 2}","{""COW"": 10, ""SHEEP"": 3}",1,19
244,10,4,0,2562.0,11,11,3,"{""MELON"": 13, ""STRAWBERRY"": 24, ""CARROT"": 1, ""TOMATO"": 1, ""WHEAT"": 11}","{""COW"": 8, ""SHEEP"": 3, ""GOOSE"": 4}",0,0
244,10,4,1,4.0,11,11,3,"{""STRAWBERRY"": 21, ""MELON"": 12, ""WHEAT"": 17, ""TOMATO"": 2}","{""COW"": 10, ""SHEEP"": 3}",1,19
245,10,5,0,2562.0,11,11,3,"{""MELON"": 13, ""STRAWBERRY"": 24, ""CARROT"": 1, ""TOMATO"": 1, ""WHEAT"": 11}","{""COW"": 8, ""SHEEP"": 3, ""GOOSE"": 4}",0,0
245,10,5,1,4.0,11,11,3,"{""STRAWBERRY"": 21, ""MELON"": 12, ""WHEAT"": 17, ""TOMATO"": 2}","{""COW"": 10, ""SHEEP"": 3}",1,19
246,10,6,0,2562.0,11,11,3,"{""MELON"": 13, ""STRAWBERRY"": 24, ""CARROT"": 1, ""TOMATO"": 1, ""WHEAT"": 11}","{""COW"": 8, ""SHEEP"": 3, ""GOOSE"": 4}",0,0
246,10,6,1,547.0,11,11,3,"{""STRAWBERRY"": 21, ""MELON"": 11, ""WHEAT"": 17, ""TOMATO"": 2}","{""COW"": 10, ""SHEEP"": 3}",1,18
247,10,7,0,2524.0,11,11,3,"{""MELON"": 13, ""STRAWBERRY"": 24, ""CARROT"": 1, ""TOMATO"": 1, ""WHEAT"": 11}","{""COW"": 8, ""SHEEP"": 3, ""GOOSE"": 5}",0,1
247,10,7,1,696.0,11,11,3,"{""STRAWBERRY"": 21, ""MELON"": 10, ""WHEAT"": 17, ""TOMATO"": 2}","{""COW"": 10, ""SHEEP"": 3}",1,16
248,10,8,0,2524.0,11,11,3,"{""MELON"": 13, ""STRAWBERRY"": 24, ""CARROT"": 1, ""TOMATO"": 1, ""WHEAT"": 11}","{""COW"": 8, ""SHEEP"": 3, ""GOOSE"": 5}",0,1
248,10,8,1,696.0,11,11,3,"{""STRAWBERRY"": 21, ""MELON"": 7, ""WHEAT"": 17, ""TOMATO"": 2}","{""COW"": 10, ""SHEEP"": 3}",1,16
249,10,9,0,2444.0,11,11,3,"{""MELON"": 12, ""STRAWBERRY"": 24, ""CARROT"": 1, ""TOMATO"": 1, ""WHEAT"": 11}","{""COW"": 8, ""SHEEP"": 3, ""GOOSE"": 5}",0,1
249,10,9,1,696.0,11,11,3,"{""STRAWBERRY"": 21, ""MELON"": 7, ""WHEAT"": 17, ""TOMATO"": 2}","{""COW"": 10, ""SHEEP"": 3}",1,16
250,10,10,0,2444.0,11,11,3,"{""MELON"": 12, ""STRAWBERRY"": 24, ""CARROT"": 1, ""TOMATO"": 1, ""WHEAT"": 11}","{""COW"": 8, ""SHEEP"": 3, ""GOOSE"": 5}",0,1
250,10,10,1,696.0,11,11,3,"{""STRAWBERRY"": 21, ""MELON"": 7, ""WHEAT"": 17, ""TOMATO"": 2}","{""COW"": 10, ""SHEEP"": 3}",1,22
251,10,11,0,2424.0,11,11,3,"{""MELON"": 12, ""STRAWBERRY"": 24, ""TOMATO"": 1, ""WHEAT"": 11}","{""COW"": 8, ""SHEEP"": 3, ""GOOSE"": 5}",0,1
251,10,11,1,1004.0,11,11,3,"{""STRAWBERRY"": 21, ""MELON"": 6, ""WHEAT"": 17, ""TOMATO"": 2}","{""COW"": 10, ""SHEEP"": 3}",1,54
252,10,12,0,2424.0,11,11,3,"{""MELON"": 12, ""STRAWBERRY"": 24, ""TOMATO"": 1, ""WHEAT"": 11}","{""COW"": 8, ""SHEEP"": 3, ""GOOSE"": 5}",0,1
252,10,12,1,2552.0,11,11,3,"{""STRAWBERRY"": 21, ""MELON"": 6, ""WHEAT"": 18, ""TOMATO"": 2}","{""COW"": 10, ""SHEEP"": 3}",1,54
253,10,13,0,4601.0,11,11,3,"{""MELON"": 12, ""STRAWBERRY"": 24, ""TOMATO"": 1, ""WHEAT"": 11}","{""COW"": 8, ""SHEEP"": 3, ""GOOSE"": 5}",0,1
253,10,13,1,3301.0,11,11,3,"{""STRAWBERRY"": 21, ""MELON"": 6, ""WHEAT"": 18, ""TOMATO"": 2}","{""COW"": 10, ""SHEEP"": 3}",1,80
254,10,14,0,4601.0,11,11,3,"{""MELON"": 12, ""STRAWBERRY"": 24, ""TOMATO"": 1, ""WHEAT"": 11}","{""COW"": 8, ""SHEEP"": 3, ""GOOSE"": 5}",0,0
254,10,14,1,6322.0,11,11,3,"{""STRAWBERRY"": 21, ""MELON"": 6, ""WHEAT"": 18, ""TOMATO"": 2}","{""COW"": 10, ""SHEEP"": 3}",1,55
255,10,15,0,4561.0,11,11,3,"{""MELON"": 12, ""STRAWBERRY"": 24, ""CARROT"": 1, ""TOMATO"": 1, ""WHEAT"": 11}","{""COW"": 8, ""GOOSE"": 6, ""SHEEP"": 3}",0,1
255,10,15,1,6312.0,11,11,3,"{""STRAWBERRY"": 21, ""MELON"": 6, ""WHEAT"": 18, ""TOMATO"": 2}","{""COW"": 10, ""SHEEP"": 3}",1,61
256,10,16,0,4561.0,11,11,3,"{""MELON"": 12, ""STRAWBERRY"": 24, ""CARROT"": 1, ""TOMATO"": 1, ""WHEAT"": 11}","{""COW"": 8, ""GOOSE"": 6, ""SHEEP"": 3}",0,1
256,10,16,1,6624.0,11,11,3,"{""STRAWBERRY"": 21, ""MELON"": 6, ""WHEAT"": 19, ""TOMATO"": 2}","{""COW"": 10, ""SHEEP"": 3}",1,53
257,10,17,0,4561.0,11,11,3,"{""MELON"": 12, ""STRAWBERRY"": 24, ""CARROT"": 1, ""TOMATO"": 1, ""WHEAT"": 11}","{""COW"": 8, ""GOOSE"": 6, ""SHEEP"": 3}",0,1
257,10,17,1,6564.0,11,11,3,"{""STRAWBERRY"": 21, ""MELON"": 6, ""WHEAT"": 21, ""TOMATO"": 2}","{""COW"": 10, ""SHEEP"": 3}",1,59
258,10,18,0,4521.0,11,11,3,"{""MELON"": 12, ""STRAWBERRY"": 24, ""WHEAT"": 12, ""CARROT"": 1, ""TOMATO"": 1}","{""COW"": 9, ""GOOSE"": 6, ""SHEEP"": 3}",0,2
258,10,18,1,6504.0,11,11,3,"{""STRAWBERRY"": 21, ""MELON"": 6, ""WHEAT"": 22, ""TOMATO"": 2}","{""COW"": 10, ""SHEEP"": 3}",1,59
259,10,19,0,4521.0,11,11,3,"{""MELON"": 12, ""STRAWBERRY"": 24, ""WHEAT"": 13, ""CARROT"": 1, ""TOMATO"": 1}","{""COW"": 9, ""GOOSE"": 6, ""SHEEP"": 3}",0,2
259,10,19,1,6444.0,11,11,3,"{""STRAWBERRY"": 21, ""MELON"": 6, ""WHEAT"": 24, ""TOMATO"": 2}","{""COW"": 10, ""SHEEP"": 3}",1,59
260,10,20,0,4594.0,11,11,3,"{""MELON"": 12, ""STRAWBERRY"": 24, ""WHEAT"": 13, ""CARROT"": 1, ""TOMATO"": 1}","{""COW"": 9, ""GOOSE"": 6, ""SHEEP"": 3}",0,2
260,10,20,1,6434.0,11,11,3,"{""STRAWBERRY"": 21, ""MELON"": 6, ""WHEAT"": 25, ""TOMATO"": 3}","{""COW"": 10, ""SHEEP"": 3}",1,60
261,10,21,0,5328.0,11,11,3,"{""MELON"": 12, ""STRAWBERRY"": 24, ""WHEAT"": 14, ""CARROT"": 1, ""TOMATO"": 1}","{""COW"": 9, ""GOOSE"": 6, ""SHEEP"": 3}",0,2
261,10,21,1,6497.0,11,11,3,"{""STRAWBERRY"": 21, ""MELON"": 6, ""WHEAT"": 25, ""TOMATO"": 3}","{""COW"": 10, ""SHEEP"": 3}",1,58
262,10,22,0,5400.0,11,11,3,"{""MELON"": 12, ""STRAWBERRY"": 24, ""WHEAT"": 15, ""CARROT"": 1, ""TOMATO"": 1}","{""COW"": 9, ""GOOSE"": 6, ""SHEEP"": 3}",0,2
262,10,22,1,6487.0,11,11,3,"{""STRAWBERRY"": 21, ""MELON"": 6, ""WHEAT"": 26, ""TOMATO"": 3}","{""COW"": 10, ""SHEEP"": 3}",1,57
263,10,23,0,5748.0,11,11,3,"{""MELON"": 12, ""STRAWBERRY"": 24, ""WHEAT"": 16, ""CARROT"": 1, ""TOMATO"": 1}","{""COW"": 9, ""GOOSE"": 6, ""SHEEP"": 3}",0,2
263,10,23,1,6487.0,11,11,3,"{""STRAWBERRY"": 21, ""MELON"": 6, ""WHEAT"": 27, ""TOMATO"": 3}","{""COW"": 10, ""SHEEP"": 3}",1,56
264,11,0,0,5748.0,0,0,3,"{""MELON"": 12, ""STRAWBERRY"": 24, ""WHEAT"": 16, ""CARROT"": 1, ""TOMATO"": 1}","{""COW"": 9, ""GOOSE"": 6, ""SHEEP"": 3}",0,13
264,11,0,1,6487.0,0,0,3,"{""STRAWBERRY"": 21, ""MELON"": 6, ""WHEAT"": 27, ""TOMATO"": 3}","{""COW"": 10, ""SHEEP"": 3}",2,90
265,11,1,0,5674.0,7,7,3,"{""MELON"": 12, ""STRAWBERRY"": 24, ""WHEAT"": 16, ""CARROT"": 1, ""TOMATO"": 1}","{""COW"": 9, ""GOOSE"": 6, ""SHEEP"": 3}",0,21
265,11,1,1,6930.0,8,8,3,"{""STRAWBERRY"": 21, ""MELON"": 6, ""WHEAT"": 27, ""TOMATO"": 3}","{""COW"": 10, ""SHEEP"": 3}",2,75
266,11,2,0,5081.0,11,11,3,"{""MELON"": 12, ""STRAWBERRY"": 24, ""WHEAT"": 16, ""CARROT"": 1, ""TOMATO"": 1}","{""COW"": 9, ""GOOSE"": 6, ""SHEEP"": 3}",0,12
266,11,2,1,7849.0,11,11,3,"{""STRAWBERRY"": 21, ""MELON"": 6, ""WHEAT"": 27, ""TOMATO"": 3}","{""COW"": 10, ""SHEEP"": 3}",2,31
267,11,3,0,5081.0,11,11,3,"{""MELON"": 12, ""STRAWBERRY"": 24, ""WHEAT"": 16, ""CARROT"": 1, ""TOMATO"": 1}","{""COW"": 9, ""GOOSE"": 6, ""SHEEP"": 3}",0,4
267,11,3,1,7849.0,11,11,3,"{""STRAWBERRY"": 21, ""MELON"": 6, ""WHEAT"": 27, ""TOMATO"": 3}","{""COW"": 10, ""SHEEP"": 3}",2,28
268,11,4,0,5152.0,11,11,3,"{""MELON"": 12, ""STRAWBERRY"": 24, ""WHEAT"": 16, ""CARROT"": 1, ""TOMATO"": 1}","{""COW"": 9, ""GOOSE"": 6, ""SHEEP"": 3}",0,3
268,11,4,1,7849.0,11,11,3,"{""STRAWBERRY"": 21, ""MELON"": 6, ""WHEAT"": 27, ""TOMATO"": 3}","{""COW"": 10, ""SHEEP"": 3}",2,28
269,11,5,0,5152.0,11,11,3,"{""MELON"": 12, ""STRAWBERRY"": 24, ""WHEAT"": 16, ""CARROT"": 1, ""TOMATO"": 1}","{""COW"": 9, ""GOOSE"": 6, ""SHEEP"": 3}",0,3
269,11,5,1,7849.0,11,11,3,"{""STRAWBERRY"": 21, ""MELON"": 5, ""WHEAT"": 27, ""TOMATO"": 3}","{""COW"": 10, ""SHEEP"": 3}",2,28
270,11,6,0,5294.0,11,11,3,"{""MELON"": 12, ""STRAWBERRY"": 24, ""WHEAT"": 16, ""CARROT"": 1, ""TOMATO"": 1}","{""COW"": 9, ""GOOSE"": 6, ""SHEEP"": 3}",0,1
270,11,6,1,8819.0,11,11,3,"{""STRAWBERRY"": 21, ""MELON"": 5, ""WHEAT"": 27, ""TOMATO"": 3}","{""COW"": 10, ""SHEEP"": 3}",2,24
271,11,7,0,5365.0,11,11,3,"{""MELON"": 12, ""STRAWBERRY"": 24, ""WHEAT"": 16, ""CARROT"": 1, ""TOMATO"": 1}","{""COW"": 9, ""GOOSE"": 6, ""SHEEP"": 3}",0,0
271,11,7,1,8819.0,11,11,3,"{""STRAWBERRY"": 21, ""MELON"": 3, ""WHEAT"": 27, ""TOMATO"": 3}","{""COW"": 10, ""SHEEP"": 3}",2,24
272,11,8,0,5365.0,11,11,3,"{""MELON"": 12, ""STRAWBERRY"": 24, ""WHEAT"": 16, ""CARROT"": 1, ""TOMATO"": 1}","{""COW"": 9, ""GOOSE"": 6, ""SHEEP"": 3}",0,0
272,11,8,1,9169.0,11,11,3,"{""STRAWBERRY"": 21, ""MELON"": 3, ""WHEAT"": 27, ""TOMATO"": 3}","{""COW"": 10, ""SHEEP"": 3}",2,21
273,11,9,0,5365.0,11,11,3,"{""MELON"": 12, ""STRAWBERRY"": 24, ""WHEAT"": 16, ""CARROT"": 1, ""TOMATO"": 1}","{""COW"": 9, ""GOOSE"": 6, ""SHEEP"": 3}",0,0
273,11,9,1,10605.0,11,11,3,"{""STRAWBERRY"": 21, ""MELON"": 3, ""WHEAT"": 27, ""TOMATO"": 3}","{""COW"": 10, ""SHEEP"": 3}",2,12
274,11,10,0,5365.0,11,11,3,"{""MELON"": 12, ""STRAWBERRY"": 24, ""WHEAT"": 16, ""CARROT"": 1, ""TOMATO"": 1}","{""COW"": 9, ""GOOSE"": 6, ""SHEEP"": 3}",0,0
274,11,10,1,10605.0,11,11,3,"{""STRAWBERRY"": 21, ""MELON"": 3, ""WHEAT"": 27, ""TOMATO"": 3}","{""COW"": 10, ""SHEEP"": 3}",2,12
275,11,11,0,5365.0,11,11,3,"{""MELON"": 12, ""STRAWBERRY"": 24, ""WHEAT"": 16, ""CARROT"": 1, ""TOMATO"": 1}","{""COW"": 9, ""GOOSE"": 6, ""SHEEP"": 3}",0,0
275,11,11,1,10605.0,11,11,3,"{""STRAWBERRY"": 21, ""MELON"": 3, ""WHEAT"": 26, ""TOMATO"": 3}","{""COW"": 10, ""SHEEP"": 3}",2,18
276,11,12,0,5365.0,11,11,3,"{""MELON"": 12, ""STRAWBERRY"": 24, ""WHEAT"": 16, ""CARROT"": 1, ""TOMATO"": 1}","{""COW"": 9, ""GOOSE"": 6, ""SHEEP"": 3}",0,0
276,11,12,1,12006.0,11,11,3,"{""STRAWBERRY"": 21, ""MELON"": 3, ""WHEAT"": 26, ""TOMATO"": 3}","{""COW"": 10, ""SHEEP"": 3}",2,18
277,11,13,0,5365.0,11,11,3,"{""MELON"": 12, ""STRAWBERRY"": 24, ""WHEAT"": 16, ""CARROT"": 1, ""TOMATO"": 1}","{""COW"": 9, ""GOOSE"": 6, ""SHEEP"": 3}",0,0
277,11,13,1,11996.0,11,11,3,"{""STRAWBERRY"": 21, ""MELON"": 3, ""WHEAT"": 27, ""TOMATO"": 3}","{""COW"": 10, ""SHEEP"": 3}",2,18
278,11,14,0,5365.0,11,11,3,"{""MELON"": 12, ""STRAWBERRY"": 24, ""WHEAT"": 16, ""CARROT"": 1, ""TOMATO"": 1}","{""COW"": 9, ""GOOSE"": 6, ""SHEEP"": 3}",0,0
278,11,14,1,11986.0,11,11,3,"{""STRAWBERRY"": 21, ""MELON"": 2, ""WHEAT"": 27, ""TOMATO"": 3}","{""COW"": 10, ""SHEEP"": 3}",2,18
279,11,15,0,5365.0,11,11,3,"{""MELON"": 12, ""STRAWBERRY"": 24, ""WHEAT"": 16, ""CARROT"": 1, ""TOMATO"": 1}","{""COW"": 9, ""GOOSE"": 6, ""SHEEP"": 3}",0,0
279,11,15,1,11976.0,11,11,3,"{""STRAWBERRY"": 21, ""MELON"": 2, ""WHEAT"": 29, ""TOMATO"": 4}","{""COW"": 10, ""SHEEP"": 3}",2,18
280,11,16,0,5355.0,11,11,3,"{""MELON"": 12, ""STRAWBERRY"": 24, ""WHEAT"": 15, ""CARROT"": 1, ""TOMATO"": 1}","{""COW"": 9, ""GOOSE"": 6, ""SHEEP"": 3}",0,0
280,11,16,1,11966.0,11,11,3,"{""STRAWBERRY"": 21, ""MELON"": 2, ""WHEAT"": 28, ""TOMATO"": 4}","{""COW"": 10, ""SHEEP"": 3}",2,18
281,11,17,0,5355.0,11,11,3,"{""MELON"": 12, ""STRAWBERRY"": 24, ""WHEAT"": 16, ""CARROT"": 1, ""TOMATO"": 1}","{""COW"": 9, ""GOOSE"": 6, ""SHEEP"": 3}",0,0
281,11,17,1,11956.0,11,11,3,"{""STRAWBERRY"": 21, ""MELON"": 2, ""WHEAT"": 30, ""TOMATO"": 4}","{""COW"": 10, ""SHEEP"": 3}",2,18
282,11,18,0,5355.0,11,11,3,"{""MELON"": 12, ""STRAWBERRY"": 24, ""WHEAT"": 17, ""CARROT"": 1, ""TOMATO"": 1}","{""COW"": 9, ""GOOSE"": 6, ""SHEEP"": 3}",0,0
282,11,18,1,11896.0,11,11,3,"{""STRAWBERRY"": 21, ""MELON"": 2, ""WHEAT"": 31, ""TOMATO"": 4}","{""COW"": 10, ""SHEEP"": 3}",2,18
283,11,19,0,5355.0,11,11,3,"{""MELON"": 12, ""STRAWBERRY"": 24, ""WHEAT"": 17, ""CARROT"": 1, ""TOMATO"": 1}","{""COW"": 9, ""GOOSE"": 6, ""SHEEP"": 3}",0,0
283,11,19,1,11886.0,11,11,3,"{""STRAWBERRY"": 21, ""MELON"": 2, ""WHEAT"": 31, ""TOMATO"": 4}","{""COW"": 10, ""SHEEP"": 3}",1,18
284,11,20,0,5355.0,11,11,3,"{""MELON"": 12, ""STRAWBERRY"": 24, ""WHEAT"": 17, ""CARROT"": 1, ""TOMATO"": 1}","{""COW"": 9, ""GOOSE"": 6, ""SHEEP"": 3}",0,0
284,11,20,1,11886.0,11,11,3,"{""STRAWBERRY"": 21, ""MELON"": 2, ""WHEAT"": 31, ""TOMATO"": 4}","{""COW"": 10, ""SHEEP"": 3}",1,18
285,11,21,0,5495.0,11,11,3,"{""MELON"": 12, ""STRAWBERRY"": 24, ""WHEAT"": 19, ""CARROT"": 1, ""TOMATO"": 1}","{""COW"": 9, ""GOOSE"": 6, ""SHEEP"": 3}",0,0
285,11,21,1,11876.0,11,11,3,"{""STRAWBERRY"": 21, ""MELON"": 2, ""WHEAT"": 29, ""TOMATO"": 4}","{""COW"": 10, ""SHEEP"": 3}",1,18
286,11,22,0,5635.0,11,11,3,"{""MELON"": 12, ""STRAWBERRY"": 24, ""WHEAT"": 19, ""CARROT"": 1, ""TOMATO"": 1}","{""COW"": 9, ""GOOSE"": 6, ""SHEEP"": 3}",0,0
286,11,22,1,11876.0,11,11,3,"{""STRAWBERRY"": 21, ""MELON"": 2, ""WHEAT"": 31, ""TOMATO"": 4}","{""COW"": 10, ""SHEEP"": 3}",1,18
287,11,23,0,5635.0,11,11,3,"{""MELON"": 12, ""STRAWBERRY"": 24, ""WHEAT"": 19, ""CARROT"": 1, ""TOMATO"": 1}","{""COW"": 9, ""GOOSE"": 6, ""SHEEP"": 3}",0,0
287,11,23,1,11876.0,11,11,3,"{""STRAWBERRY"": 21, ""MELON"": 2, ""WHEAT"": 31, ""TOMATO"": 5}","{""COW"": 10, ""SHEEP"": 3}",1,18
288,12,0,0,5981.0,0,0,3,"{""MELON"": 12, ""STRAWBERRY"": 24, ""WHEAT"": 19, ""CARROT"": 1, ""TOMATO"": 1}","{""COW"": 9, ""GOOSE"": 6, ""SHEEP"": 3}",0,10
288,12,0,1,11876.0,0,0,3,"{""STRAWBERRY"": 21, ""MELON"": 2, ""WHEAT"": 31, ""TOMATO"": 5}","{""COW"": 10, ""SHEEP"": 3}",1,79
289,12,1,0,5394.0,8,8,3,"{""MELON"": 12, ""STRAWBERRY"": 24, ""WHEAT"": 19, ""CARROT"": 1, ""TOMATO"": 1}","{""COW"": 9, ""GOOSE"": 6, ""SHEEP"": 3}",0,21
289,12,1,1,12698.0,8,8,3,"{""STRAWBERRY"": 21, ""MELON"": 2, ""WHEAT"": 31, ""TOMATO"": 5}","{""COW"": 10, ""SHEEP"": 3}",1,66
290,12,2,0,5072.0,12,12,3,"{""MELON"": 12, ""STRAWBERRY"": 24, ""WHEAT"": 19, ""CARROT"": 1, ""TOMATO"": 1}","{""COW"": 9, ""GOOSE"": 6, ""SHEEP"": 3}",0,5
290,12,2,1,12893.0,11,11,3,"{""STRAWBERRY"": 21, ""MELON"": 2, ""WHEAT"": 31, ""TOMATO"": 5}","{""COW"": 10, ""SHEEP"": 3}",1,40
291,12,3,0,5072.0,12,12,3,"{""MELON"": 12, ""STRAWBERRY"": 24, ""WHEAT"": 19, ""CARROT"": 1, ""TOMATO"": 1}","{""COW"": 9, ""GOOSE"": 6, ""SHEEP"": 3}",0,0
291,12,3,1,12893.0,11,11,3,"{""STRAWBERRY"": 21, ""MELON"": 2, ""WHEAT"": 31, ""TOMATO"": 5}","{""COW"": 10, ""SHEEP"": 3}",1,37
292,12,4,0,5369.0,12,12,3,"{""MELON"": 12, ""STRAWBERRY"": 24, ""WHEAT"": 19, ""CARROT"": 1, ""TOMATO"": 1}","{""COW"": 9, ""GOOSE"": 6, ""SHEEP"": 3}",0,0
292,12,4,1,12893.0,11,11,3,"{""STRAWBERRY"": 21, ""MELON"": 2, ""WHEAT"": 31, ""TOMATO"": 5}","{""COW"": 10, ""SHEEP"": 3}",1,37
293,12,5,0,5369.0,12,12,3,"{""MELON"": 12, ""STRAWBERRY"": 24, ""WHEAT"": 19, ""CARROT"": 1, ""TOMATO"": 1}","{""COW"": 9, ""GOOSE"": 6, ""SHEEP"": 3}",0,0
293,12,5,1,12893.0,11,11,3,"{""STRAWBERRY"": 21, ""MELON"": 2, ""WHEAT"": 30, ""TOMATO"": 5}","{""COW"": 10, ""SHEEP"": 3}",1,41
294,12,6,0,5540.0,12,12,3,"{""MELON"": 12, ""STRAWBERRY"": 24, ""WHEAT"": 19, ""CARROT"": 1, ""TOMATO"": 1}","{""COW"": 9, ""GOOSE"": 6, ""SHEEP"": 3}",0,0
294,12,6,1,13064.0,11,11,3,"{""STRAWBERRY"": 21, ""MELON"": 2, ""WHEAT"": 31, ""TOMATO"": 5}","{""COW"": 10, ""SHEEP"": 3}",1,33
295,12,7,0,5558.0,12,12,3,"{""MELON"": 12, ""STRAWBERRY"": 24, ""WHEAT"": 19, ""CARROT"": 1, ""TOMATO"": 1}","{""COW"": 9, ""GOOSE"": 6, ""SHEEP"": 3}",0,0
295,12,7,1,13054.0,11,11,3,"{""STRAWBERRY"": 21, ""MELON"": 1, ""WHEAT"": 31, ""TOMATO"": 5}","{""COW"": 10, ""SHEEP"": 3}",1,33
296,12,8,0,5558.0,12,12,3,"{""MELON"": 12, ""STRAWBERRY"": 24, ""WHEAT"": 19, ""CARROT"": 1, ""TOMATO"": 1}","{""COW"": 9, ""GOOSE"": 6, ""SHEEP"": 3}",0,0
296,12,8,1,12954.0,11,11,3,"{""STRAWBERRY"": 21, ""MELON"": 1, ""WHEAT"": 31, ""TOMATO"": 5}","{""COW"": 10, ""SHEEP"": 3}",1,36
297,12,9,0,5558.0,12,12,3,"{""MELON"": 12, ""STRAWBERRY"": 24, ""WHEAT"": 19, ""CARROT"": 1, ""TOMATO"": 1}","{""COW"": 9, ""GOOSE"": 6, ""SHEEP"": 3}",0,0
297,12,9,1,12954.0,11,11,3,"{""STRAWBERRY"": 21, ""MELON"": 1, ""WHEAT"": 31, ""TOMATO"": 5}","{""COW"": 10, ""SHEEP"": 3}",1,36
298,12,10,0,5558.0,12,12,3,"{""MELON"": 12, ""STRAWBERRY"": 24, ""WHEAT"": 18, ""CARROT"": 1, ""TOMATO"": 1}","{""COW"": 9, ""GOOSE"": 6, ""SHEEP"": 3}",0,0
298,12,10,1,12954.0,11,11,3,"{""STRAWBERRY"": 21, ""MELON"": 1, ""WHEAT"": 30, ""TOMATO"": 5}","{""COW"": 10, ""SHEEP"": 3}",1,36
299,12,11,0,5458.0,12,12,3,"{""MELON"": 12, ""STRAWBERRY"": 24, ""WHEAT"": 18, ""CARROT"": 1, ""TOMATO"": 1}","{""COW"": 9, ""GOOSE"": 6, ""SHEEP"": 3}",0,0
299,12,11,1,13231.0,11,11,3,"{""STRAWBERRY"": 21, ""MELON"": 1, ""WHEAT"": 31, ""TOMATO"": 5}","{""COW"": 10, ""SHEEP"": 3}",1,29
300,12,12,0,5458.0,12,12,3,"{""MELON"": 12, ""STRAWBERRY"": 24, ""WHEAT"": 18, ""CARROT"": 1, ""TOMATO"": 1}","{""COW"": 9, ""GOOSE"": 6, ""SHEEP"": 3}",0,0
300,12,12,1,12671.0,11,11,3,"{""STRAWBERRY"": 21, ""MELON"": 1, ""WHEAT"": 31, ""TOMATO"": 5}","{""COW"": 10, ""SHEEP"": 3}",1,36
301,12,13,0,5458.0,12,12,3,"{""MELON"": 12, ""STRAWBERRY"": 24, ""WHEAT"": 18, ""CARROT"": 1, ""TOMATO"": 1}","{""COW"": 9, ""GOOSE"": 6, ""SHEEP"": 3}",0,0
301,12,13,1,12671.0,11,11,3,"{""STRAWBERRY"": 21, ""MELON"": 1, ""WHEAT"": 31, ""TOMATO"": 5}","{""COW"": 10, ""SHEEP"": 3}",1,35
302,12,14,0,5458.0,12,12,3,"{""MELON"": 12, ""STRAWBERRY"": 24, ""WHEAT"": 18, ""CARROT"": 1, ""TOMATO"": 1}","{""COW"": 9, ""GOOSE"": 6, ""SHEEP"": 3}",0,0
302,12,14,1,12671.0,11,11,3,"{""STRAWBERRY"": 21, ""MELON"": 1, ""WHEAT"": 31, ""TOMATO"": 5}","{""COW"": 10, ""SHEEP"": 3}",1,35
303,12,15,0,5458.0,12,12,3,"{""MELON"": 12, ""STRAWBERRY"": 24, ""WHEAT"": 18, ""CARROT"": 1, ""TOMATO"": 1}","{""COW"": 9, ""GOOSE"": 6, ""SHEEP"": 3}",0,0
303,12,15,1,12661.0,11,11,3,"{""STRAWBERRY"": 21, ""MELON"": 1, ""WHEAT"": 30, ""TOMATO"": 5}","{""COW"": 10, ""SHEEP"": 3}",1,35
304,12,16,0,5458.0,12,12,3,"{""MELON"": 12, ""STRAWBERRY"": 24, ""WHEAT"": 18, ""CARROT"": 1, ""TOMATO"": 1}","{""COW"": 9, ""GOOSE"": 6, ""SHEEP"": 3}",0,0
304,12,16,1,12651.0,11,11,3,"{""STRAWBERRY"": 21, ""MELON"": 1, ""WHEAT"": 30, ""TOMATO"": 5}","{""COW"": 10, ""SHEEP"": 3}",1,41
305,12,17,0,5458.0,12,12,3,"{""MELON"": 12, ""STRAWBERRY"": 24, ""WHEAT"": 17, ""CARROT"": 1, ""TOMATO"": 1}","{""COW"": 9, ""GOOSE"": 6, ""SHEEP"": 3}",0,0
305,12,17,1,13223.0,11,11,3,"{""STRAWBERRY"": 21, ""MELON"": 1, ""WHEAT"": 31, ""TOMATO"": 5}","{""COW"": 10, ""SHEEP"": 4}",1,36
306,12,18,0,5458.0,12,12,3,"{""MELON"": 12, ""STRAWBERRY"": 24, ""WHEAT"": 18, ""CARROT"": 1, ""TOMATO"": 1}","{""COW"": 9, ""GOOSE"": 6, ""SHEEP"": 3}",0,0
306,12,18,1,13163.0,11,11,3,"{""STRAWBERRY"": 21, ""MELON"": 1, ""WHEAT"": 29, ""TOMATO"": 5}","{""COW"": 10, ""SHEEP"": 4}",1,36
307,12,19,0,5458.0,12,12,3,"{""MELON"": 12, ""STRAWBERRY"": 24, ""WHEAT"": 18, ""CARROT"": 1, ""TOMATO"": 1}","{""COW"": 9, ""GOOSE"": 6, ""SHEEP"": 3}",0,0
307,12,19,1,13153.0,11,11,3,"{""STRAWBERRY"": 21, ""MELON"": 1, ""WHEAT"": 31, ""TOMATO"": 5}","{""COW"": 10, ""SHEEP"": 4}",1,34
308,12,20,0,5448.0,12,12,3,"{""MELON"": 12, ""STRAWBERRY"": 24, ""WHEAT"": 16, ""CARROT"": 1, ""TOMATO"": 1}","{""COW"": 9, ""GOOSE"": 6, ""SHEEP"": 3}",0,0
308,12,20,1,13143.0,11,11,3,"{""STRAWBERRY"": 22, ""MELON"": 1, ""WHEAT"": 31, ""TOMATO"": 5}","{""COW"": 10, ""SHEEP"": 4}",1,34
309,12,21,0,5438.0,12,12,3,"{""MELON"": 12, ""STRAWBERRY"": 24, ""WHEAT"": 17, ""CARROT"": 1, ""TOMATO"": 1}","{""COW"": 9, ""GOOSE"": 6, ""SHEEP"": 3}",0,0
309,12,21,1,13143.0,11,11,3,"{""STRAWBERRY"": 22, ""MELON"": 1, ""WHEAT"": 31, ""TOMATO"": 5}","{""COW"": 10, ""SHEEP"": 4}",1,34
310,12,22,0,5841.0,12,12,3,"{""MELON"": 12, ""STRAWBERRY"": 24, ""WHEAT"": 16, ""CARROT"": 1, ""TOMATO"": 1}","{""COW"": 9, ""GOOSE"": 6, ""SHEEP"": 3}",0,0
310,12,22,1,13532.0,11,11,3,"{""STRAWBERRY"": 22, ""MELON"": 1, ""WHEAT"": 31, ""TOMATO"": 5}","{""COW"": 10, ""SHEEP"": 4}",1,32
311,12,23,0,5841.0,12,12,3,"{""MELON"": 12, ""STRAWBERRY"": 25, ""WHEAT"": 18, ""CARROT"": 1, ""TOMATO"": 1}","{""COW"": 9, ""GOOSE"": 6, ""SHEEP"": 3}",0,0
311,12,23,1,13532.0,11,11,3,"{""STRAWBERRY"": 22, ""MELON"": 1, ""WHEAT"": 31, ""TOMATO"": 5}","{""COW"": 10, ""SHEEP"": 4}",1,32
312,13,0,0,5971.0,0,0,3,"{""MELON"": 12, ""STRAWBERRY"": 25, ""WHEAT"": 18, ""CARROT"": 1, ""TOMATO"": 1}","{""COW"": 9, ""GOOSE"": 6, ""SHEEP"": 3}",0,59
312,13,0,1,13532.0,0,0,3,"{""STRAWBERRY"": 22, ""MELON"": 1, ""WHEAT"": 31, ""TOMATO"": 5}","{""COW"": 10, ""SHEEP"": 4}",1,70
313,13,1,0,8380.0,8,8,3,"{""MELON"": 12, ""STRAWBERRY"": 25, ""WHEAT"": 18, ""CARROT"": 1, ""TOMATO"": 1}","{""COW"": 9, ""GOOSE"": 6, ""SHEEP"": 3}",0,29
313,13,1,1,13734.0,8,8,3,"{""STRAWBERRY"": 22, ""MELON"": 1, ""WHEAT"": 31, ""TOMATO"": 5}","{""COW"": 10, ""SHEEP"": 4}",1,62
314,13,2,0,8437.0,12,12,3,"{""MELON"": 12, ""STRAWBERRY"": 25, ""WHEAT"": 18, ""CARROT"": 1, ""TOMATO"": 1}","{""COW"": 9, ""GOOSE"": 6, ""SHEEP"": 3}",0,7
314,13,2,1,13556.0,11,11,3,"{""STRAWBERRY"": 22, ""MELON"": 1, ""WHEAT"": 31, ""TOMATO"": 5}","{""COW"": 10, ""SHEEP"": 4}",1,44
315,13,3,0,8437.0,12,12,3,"{""MELON"": 12, ""STRAWBERRY"": 25, ""WHEAT"": 18, ""CARROT"": 1, ""TOMATO"": 1}","{""COW"": 9, ""GOOSE"": 6, ""SHEEP"": 3}",0,0
315,13,3,1,13556.0,11,11,3,"{""STRAWBERRY"": 22, ""MELON"": 1, ""WHEAT"": 31, ""TOMATO"": 5}","{""COW"": 10, ""SHEEP"": 4}",1,38
316,13,4,0,8437.0,12,12,3,"{""MELON"": 12, ""STRAWBERRY"": 25, ""WHEAT"": 18, ""CARROT"": 1, ""TOMATO"": 1}","{""COW"": 9, ""GOOSE"": 6, ""SHEEP"": 3}",0,0
316,13,4,1,13556.0,11,11,3,"{""STRAWBERRY"": 22, ""MELON"": 1, ""WHEAT"": 31, ""TOMATO"": 5}","{""COW"": 10, ""SHEEP"": 4}",1,38
317,13,5,0,8499.0,12,12,3,"{""MELON"": 12, ""STRAWBERRY"": 25, ""WHEAT"": 18, ""CARROT"": 1, ""TOMATO"": 1}","{""COW"": 9, ""GOOSE"": 6, ""SHEEP"": 3}",0,0
317,13,5,1,13556.0,11,11,3,"{""STRAWBERRY"": 22, ""MELON"": 1, ""WHEAT"": 30, ""TOMATO"": 5}","{""COW"": 10, ""SHEEP"": 4}",1,38
318,13,6,0,9600.0,12,12,3,"{""MELON"": 12, ""STRAWBERRY"": 25, ""WHEAT"": 18, ""CARROT"": 1, ""TOMATO"": 1}","{""COW"": 9, ""GOOSE"": 6, ""SHEEP"": 3}",0,0
318,13,6,1,13761.0,11,11,3,"{""STRAWBERRY"": 22, ""MELON"": 1, ""WHEAT"": 31, ""TOMATO"": 5}","{""COW"": 10, ""SHEEP"": 4}",1,33
319,13,7,0,9600.0,12,12,3,"{""MELON"": 12, ""STRAWBERRY"": 25, ""WHEAT"": 18, ""CARROT"": 1, ""TOMATO"": 1}","{""COW"": 9, ""GOOSE"": 6, ""SHEEP"": 3}",0,0
319,13,7,1,13761.0,11,11,3,"{""STRAWBERRY"": 22, ""MELON"": 1, ""WHEAT"": 30, ""TOMATO"": 5}","{""COW"": 10, ""SHEEP"": 4}",1,33
320,13,8,0,9600.0,12,12,3,"{""MELON"": 12, ""STRAWBERRY"": 25, ""WHEAT"": 18, ""CARROT"": 1, ""TOMATO"": 1}","{""COW"": 9, ""GOOSE"": 6, ""SHEEP"": 3}",0,0
320,13,8,1,13751.0,11,11,3,"{""STRAWBERRY"": 22, ""MELON"": 1, ""WHEAT"": 31, ""TOMATO"": 5}","{""COW"": 10, ""SHEEP"": 4}",1,33
321,13,9,0,9600.0,12,12,3,"{""MELON"": 12, ""STRAWBERRY"": 25, ""WHEAT"": 18, ""CARROT"": 1, ""TOMATO"": 1}","{""COW"": 9, ""GOOSE"": 6, ""SHEEP"": 3}",0,0
321,13,9,1,13751.0,11,11,3,"{""STRAWBERRY"": 22, ""MELON"": 1, ""WHEAT"": 30, ""TOMATO"": 5}","{""COW"": 10, ""SHEEP"": 4}",1,33
322,13,10,0,9580.0,12,12,3,"{""MELON"": 12, ""STRAWBERRY"": 25, ""WHEAT"": 16, ""CARROT"": 1, ""TOMATO"": 1}","{""COW"": 9, ""GOOSE"": 6, ""SHEEP"": 3}",0,0
322,13,10,1,13864.0,11,11,3,"{""STRAWBERRY"": 22, ""MELON"": 1, ""WHEAT"": 30, ""TOMATO"": 5}","{""COW"": 10, ""SHEEP"": 4}",1,30
323,13,11,0,9530.0,12,12,3,"{""MELON"": 12, ""STRAWBERRY"": 25, ""WHEAT"": 17, ""CARROT"": 1, ""TOMATO"": 1}","{""COW"": 9, ""GOOSE"": 6, ""SHEEP"": 3}",0,0
323,13,11,1,13854.0,11,11,3,"{""STRAWBERRY"": 22, ""WHEAT"": 28, ""TOMATO"": 5}","{""COW"": 10, ""SHEEP"": 4}",1,30
324,13,12,0,9530.0,12,12,3,"{""MELON"": 12, ""STRAWBERRY"": 25, ""WHEAT"": 17, ""CARROT"": 1, ""TOMATO"": 1}","{""COW"": 9, ""GOOSE"": 6, ""SHEEP"": 3}",0,0
324,13,12,1,13926.0,11,11,3,"{""STRAWBERRY"": 22, ""WHEAT"": 30, ""TOMATO"": 5}","{""COW"": 10, ""SHEEP"": 4}",1,28
325,13,13,0,9520.0,12,12,3,"{""MELON"": 12, ""STRAWBERRY"": 25, ""WHEAT"": 16, ""CARROT"": 1, ""TOMATO"": 1}","{""COW"": 9, ""GOOSE"": 6, ""SHEEP"": 3}",0,0
325,13,13,1,13866.0,11,11,3,"{""STRAWBERRY"": 22, ""WHEAT"": 27, ""TOMATO"": 5}","{""COW"": 10, ""SHEEP"": 4}",1,28
326,13,14,0,9520.0,12,12,3,"{""MELON"": 12, ""STRAWBERRY"": 25, ""WHEAT"": 17, ""CARROT"": 1, ""TOMATO"": 1}","{""COW"": 9, ""GOOSE"": 6, ""SHEEP"": 3}",0,0
326,13,14,1,13856.0,11,11,3,"{""STRAWBERRY"": 22, ""WHEAT"": 28, ""TOMATO"": 6}","{""COW"": 10, ""SHEEP"": 4}",1,28
327,13,15,0,9500.0,12,12,3,"{""MELON"": 12, ""STRAWBERRY"": 25, ""WHEAT"": 17, ""TOMATO"": 1}","{""COW"": 9, ""GOOSE"": 6, ""SHEEP"": 3}",0,0
327,13,15,1,13846.0,11,11,3,"{""STRAWBERRY"": 22, ""WHEAT"": 28, ""TOMATO"": 7}","{""COW"": 10, ""SHEEP"": 4}",1,28
328,13,16,0,9380.0,12,12,3,"{""MELON"": 12, ""STRAWBERRY"": 25, ""TOMATO"": 1, ""WHEAT"": 15}","{""COW"": 9, ""GOOSE"": 6, ""SHEEP"": 3}",0,0
328,13,16,1,13836.0,11,11,3,"{""STRAWBERRY"": 22, ""WHEAT"": 28, ""TOMATO"": 7}","{""COW"": 10, ""SHEEP"": 4}",1,28
329,13,17,0,9280.0,12,12,3,"{""MELON"": 12, ""STRAWBERRY"": 26, ""TOMATO"": 1, ""WHEAT"": 16}","{""COW"": 9, ""GOOSE"": 6, ""SHEEP"": 3}",0,0
329,13,17,1,13836.0,11,11,3,"{""STRAWBERRY"": 22, ""WHEAT"": 27, ""TOMATO"": 7}","{""COW"": 10, ""SHEEP"": 4}",1,28
330,13,18,0,9260.0,12,12,3,"{""MELON"": 12, ""STRAWBERRY"": 26, ""TOMATO"": 1, ""WHEAT"": 14}","{""COW"": 9, ""GOOSE"": 6, ""SHEEP"": 3}",0,0
330,13,18,1,13826.0,11,11,3,"{""STRAWBERRY"": 23, ""WHEAT"": 24, ""TOMATO"": 7}","{""COW"": 10, ""SHEEP"": 4}",1,28
331,13,19,0,9260.0,12,12,3,"{""MELON"": 12, ""STRAWBERRY"": 26, ""TOMATO"": 1, ""WHEAT"": 16}","{""COW"": 9, ""GOOSE"": 6, ""SHEEP"": 3}",0,0
331,13,19,1,13816.0,11,11,3,"{""STRAWBERRY"": 23, ""WHEAT"": 27, ""TOMATO"": 7}","{""COW"": 10, ""SHEEP"": 4}",1,28
332,13,20,0,9260.0,12,12,3,"{""MELON"": 12, ""STRAWBERRY"": 26, ""TOMATO"": 1, ""WHEAT"": 16}","{""COW"": 9, ""GOOSE"": 6, ""SHEEP"": 3}",0,0
332,13,20,1,13806.0,11,11,3,"{""STRAWBERRY"": 23, ""WHEAT"": 26, ""TOMATO"": 7}","{""COW"": 10, ""SHEEP"": 4}",1,28
333,13,21,0,9250.0,12,12,3,"{""MELON"": 12, ""STRAWBERRY"": 27, ""TOMATO"": 1, ""WHEAT"": 15}","{""COW"": 9, ""GOOSE"": 6, ""SHEEP"": 3}",0,0
333,13,21,1,13796.0,11,11,3,"{""STRAWBERRY"": 23, ""WHEAT"": 27, ""TOMATO"": 7}","{""COW"": 10, ""SHEEP"": 4}",1,28
334,13,22,0,9250.0,12,12,3,"{""MELON"": 12, ""STRAWBERRY"": 27, ""TOMATO"": 1, ""WHEAT"": 16}","{""COW"": 9, ""GOOSE"": 6, ""SHEEP"": 3}",0,0
334,13,22,1,13796.0,11,11,3,"{""STRAWBERRY"": 23, ""WHEAT"": 27, ""TOMATO"": 7}","{""COW"": 10, ""SHEEP"": 4}",1,28
335,13,23,0,9250.0,12,12,3,"{""MELON"": 12, ""STRAWBERRY"": 27, ""TOMATO"": 2, ""WHEAT"": 16}","{""COW"": 9, ""GOOSE"": 6, ""SHEEP"": 3}",0,0
335,13,23,1,13837.0,11,11,3,"{""STRAWBERRY"": 23, ""WHEAT"": 27, ""TOMATO"": 7}","{""COW"": 10, ""SHEEP"": 4}",1,27
336,14,0,0,9374.0,0,0,3,"{""MELON"": 12, ""STRAWBERRY"": 27, ""TOMATO"": 2, ""WHEAT"": 16}","{""COW"": 9, ""GOOSE"": 6, ""SHEEP"": 3}",0,73
336,14,0,1,18445.0,0,0,3,"{""STRAWBERRY"": 23, ""WHEAT"": 27, ""TOMATO"": 7}","{""COW"": 10, ""SHEEP"": 4}",1,88
337,14,1,0,9382.0,8,8,3,"{""MELON"": 12, ""STRAWBERRY"": 27, ""TOMATO"": 2, ""WHEAT"": 16}","{""COW"": 9, ""GOOSE"": 6, ""SHEEP"": 3}",0,70
337,14,1,1,18938.0,8,8,3,"{""STRAWBERRY"": 23, ""WHEAT"": 27, ""TOMATO"": 7}","{""COW"": 10, ""SHEEP"": 4}",1,79
338,14,2,0,10109.0,12,12,3,"{""MELON"": 12, ""STRAWBERRY"": 27, ""TOMATO"": 2, ""WHEAT"": 16}","{""COW"": 9, ""GOOSE"": 6, ""SHEEP"": 3}",0,28
338,14,2,1,19649.0,11,11,3,"{""STRAWBERRY"": 23, ""WHEAT"": 27, ""TOMATO"": 7}","{""COW"": 10, ""SHEEP"": 4}",1,50
339,14,3,0,10109.0,12,12,3,"{""MELON"": 12, ""STRAWBERRY"": 27, ""TOMATO"": 2, ""WHEAT"": 16}","{""COW"": 9, ""GOOSE"": 6, ""SHEEP"": 3}",0,20
339,14,3,1,20211.0,11,11,3,"{""STRAWBERRY"": 23, ""WHEAT"": 27, ""TOMATO"": 7}","{""COW"": 10, ""SHEEP"": 4}",1,41
340,14,4,0,10169.0,12,12,3,"{""MELON"": 12, ""STRAWBERRY"": 27, ""TOMATO"": 2, ""WHEAT"": 16}","{""COW"": 9, ""GOOSE"": 6, ""SHEEP"": 3}",0,19
340,14,4,1,20211.0,11,11,3,"{""STRAWBERRY"": 23, ""WHEAT"": 27, ""TOMATO"": 7}","{""COW"": 10, ""SHEEP"": 4}",1,38
341,14,5,0,10169.0,12,12,3,"{""MELON"": 12, ""STRAWBERRY"": 27, ""TOMATO"": 2, ""WHEAT"": 16}","{""COW"": 9, ""GOOSE"": 6, ""SHEEP"": 3}",0,19
341,14,5,1,20211.0,11,11,3,"{""STRAWBERRY"": 23, ""WHEAT"": 27, ""TOMATO"": 7}","{""COW"": 10, ""SHEEP"": 4}",1,44
342,14,6,0,10347.0,12,12,3,"{""MELON"": 12, ""STRAWBERRY"": 27, ""TOMATO"": 2, ""WHEAT"": 16}","{""COW"": 9, ""GOOSE"": 6, ""SHEEP"": 3}",0,16
342,14,6,1,22323.0,11,11,3,"{""STRAWBERRY"": 23, ""WHEAT"": 26, ""TOMATO"": 7}","{""COW"": 10, ""SHEEP"": 4}",1,38
343,14,7,0,10406.0,12,12,3,"{""MELON"": 12, ""STRAWBERRY"": 27, ""TOMATO"": 2, ""WHEAT"": 16}","{""COW"": 9, ""GOOSE"": 6, ""SHEEP"": 3}",0,15
343,14,7,1,23217.0,11,11,3,"{""STRAWBERRY"": 23, ""WHEAT"": 26, ""TOMATO"": 7}","{""COW"": 10, ""SHEEP"": 4}",1,35
344,14,8,0,10465.0,12,12,3,"{""MELON"": 12, ""STRAWBERRY"": 27, ""TOMATO"": 2, ""WHEAT"": 16}","{""COW"": 9, ""GOOSE"": 6, ""SHEEP"": 3}",0,14
344,14,8,1,23630.0,11,11,3,"{""STRAWBERRY"": 23, ""WHEAT"": 27, ""TOMATO"": 7}","{""COW"": 10, ""SHEEP"": 4}",1,29
345,14,9,0,10465.0,12,12,3,"{""MELON"": 12, ""STRAWBERRY"": 27, ""TOMATO"": 2, ""WHEAT"": 15}","{""COW"": 9, ""GOOSE"": 6, ""SHEEP"": 3}",0,14
345,14,9,1,23630.0,11,11,3,"{""STRAWBERRY"": 23, ""WHEAT"": 27, ""TOMATO"": 7}","{""COW"": 10, ""SHEEP"": 4}",1,29
346,14,10,0,11560.0,12,12,3,"{""MELON"": 12, ""STRAWBERRY"": 27, ""TOMATO"": 2, ""WHEAT"": 15}","{""COW"": 9, ""GOOSE"": 6, ""SHEEP"": 3}",0,14
346,14,10,1,23630.0,11,11,3,"{""STRAWBERRY"": 23, ""WHEAT"": 27, ""TOMATO"": 7}","{""COW"": 10, ""SHEEP"": 4}",1,36
347,14,11,0,11619.0,12,12,3,"{""MELON"": 12, ""STRAWBERRY"": 27, ""TOMATO"": 2, ""WHEAT"": 15}","{""COW"": 9, ""GOOSE"": 6, ""SHEEP"": 3}",0,14
347,14,11,1,23689.0,11,11,3,"{""STRAWBERRY"": 23, ""WHEAT"": 27, ""TOMATO"": 7}","{""COW"": 10, ""SHEEP"": 4}",1,32
348,14,12,0,11619.0,12,12,3,"{""MELON"": 12, ""STRAWBERRY"": 27, ""TOMATO"": 2, ""WHEAT"": 15}","{""COW"": 9, ""GOOSE"": 6, ""SHEEP"": 3}",0,14
348,14,12,1,23679.0,11,11,3,"{""STRAWBERRY"": 23, ""WHEAT"": 26, ""TOMATO"": 7}","{""COW"": 10, ""SHEEP"": 4}",0,38
349,14,13,0,11619.0,12,12,3,"{""MELON"": 12, ""STRAWBERRY"": 27, ""TOMATO"": 2, ""WHEAT"": 15}","{""COW"": 9, ""GOOSE"": 6, ""SHEEP"": 3}",0,14
349,14,13,1,23869.0,11,11,3,"{""STRAWBERRY"": 23, ""WHEAT"": 27, ""TOMATO"": 7}","{""COW"": 10, ""SHEEP"": 4}",0,31
350,14,14,0,11619.0,12,12,3,"{""MELON"": 11, ""STRAWBERRY"": 27, ""TOMATO"": 2, ""WHEAT"": 15}","{""COW"": 9, ""GOOSE"": 6, ""SHEEP"": 3}",0,14
350,14,14,1,23809.0,11,11,3,"{""STRAWBERRY"": 23, ""WHEAT"": 28, ""TOMATO"": 7}","{""COW"": 10, ""SHEEP"": 4}",0,31
351,14,15,0,11519.0,12,12,3,"{""MELON"": 11, ""STRAWBERRY"": 28, ""TOMATO"": 2, ""WHEAT"": 15}","{""COW"": 9, ""GOOSE"": 6, ""SHEEP"": 3}",0,14
351,14,15,1,23799.0,11,11,3,"{""STRAWBERRY"": 23, ""WHEAT"": 28, ""TOMATO"": 7}","{""COW"": 10, ""SHEEP"": 4}",0,31
352,14,16,0,11519.0,12,12,3,"{""MELON"": 10, ""STRAWBERRY"": 28, ""TOMATO"": 2, ""WHEAT"": 15}","{""COW"": 9, ""GOOSE"": 6, ""SHEEP"": 3}",0,14
352,14,16,1,23799.0,11,11,3,"{""STRAWBERRY"": 23, ""WHEAT"": 28, ""TOMATO"": 7}","{""COW"": 10, ""SHEEP"": 4}",0,31
353,14,17,0,11469.0,12,12,3,"{""MELON"": 9, ""STRAWBERRY"": 28, ""TOMATO"": 2, ""WHEAT"": 15}","{""COW"": 9, ""GOOSE"": 6, ""SHEEP"": 3}",0,14
353,14,17,1,25296.0,11,11,3,"{""STRAWBERRY"": 23, ""WHEAT"": 27, ""TOMATO"": 7}","{""COW"": 10, ""SHEEP"": 4}",0,24
354,14,18,0,11628.0,12,12,3,"{""MELON"": 8, ""STRAWBERRY"": 28, ""TOMATO"": 3, ""WHEAT"": 15}","{""COW"": 9, ""GOOSE"": 6, ""SHEEP"": 3}",0,10
354,14,18,1,25286.0,11,11,3,"{""STRAWBERRY"": 23, ""WHEAT"": 26, ""TOMATO"": 8}","{""COW"": 10, ""SHEEP"": 4}",0,24
355,14,19,0,12105.0,12,12,3,"{""MELON"": 7, ""STRAWBERRY"": 28, ""TOMATO"": 4, ""WHEAT"": 14}","{""COW"": 9, ""GOOSE"": 6, ""SHEEP"": 3}",0,0
355,14,19,1,25276.0,11,11,3,"{""STRAWBERRY"": 23, ""WHEAT"": 27, ""TOMATO"": 8}","{""COW"": 10, ""SHEEP"": 4}",0,24
356,14,20,0,12105.0,12,12,3,"{""MELON"": 7, ""STRAWBERRY"": 28, ""TOMATO"": 4, ""WHEAT"": 16}","{""COW"": 9, ""GOOSE"": 6, ""SHEEP"": 3}",0,0
356,14,20,1,25276.0,11,11,3,"{""STRAWBERRY"": 23, ""WHEAT"": 25, ""TOMATO"": 8}","{""COW"": 10, ""SHEEP"": 4}",0,24
357,14,21,0,13347.0,12,12,3,"{""MELON"": 7, ""STRAWBERRY"": 28, ""TOMATO"": 4, ""WHEAT"": 16}","{""COW"": 9, ""GOOSE"": 6, ""SHEEP"": 3}",0,0
357,14,21,1,25266.0,11,11,3,"{""STRAWBERRY"": 23, ""WHEAT"": 27, ""TOMATO"": 8}","{""COW"": 10, ""SHEEP"": 4}",0,24
358,14,22,0,13739.0,12,12,3,"{""MELON"": 7, ""STRAWBERRY"": 28, ""TOMATO"": 4, ""WHEAT"": 16}","{""COW"": 9, ""GOOSE"": 6, ""SHEEP"": 3}",0,0
358,14,22,1,25532.0,11,11,3,"{""STRAWBERRY"": 23, ""WHEAT"": 26, ""TOMATO"": 8}","{""COW"": 10, ""SHEEP"": 4}",0,22
359,14,23,0,13739.0,12,12,3,"{""MELON"": 7, ""STRAWBERRY"": 29, ""TOMATO"": 4, ""WHEAT"": 16}","{""COW"": 9, ""GOOSE"": 6, ""SHEEP"": 3}",0,3
359,14,23,1,25612.0,11,11,3,"{""STRAWBERRY"": 23, ""WHEAT"": 27, ""TOMATO"": 8}","{""COW"": 10, ""SHEEP"": 4}",0,20
360,15,0,0,13739.0,0,0,3,"{""MELON"": 7, ""STRAWBERRY"": 29, ""TOMATO"": 4, ""WHEAT"": 15}","{""COW"": 9, ""GOOSE"": 6, ""SHEEP"": 3}",0,70
360,15,0,1,25612.0,0,0,3,"{""STRAWBERRY"": 23, ""WHEAT"": 27, ""TOMATO"": 8}","{""COW"": 10, ""SHEEP"": 4}",0,81
361,15,1,0,16803.0,7,7,3,"{""MELON"": 7, ""STRAWBERRY"": 29, ""TOMATO"": 4, ""WHEAT"": 15}","{""COW"": 9, ""GOOSE"": 6, ""SHEEP"": 3}",0,54
361,15,1,1,26700.0,8,8,3,"{""STRAWBERRY"": 23, ""WHEAT"": 27, ""TOMATO"": 8}","{""COW"": 10, ""SHEEP"": 4}",0,74
362,15,2,0,18321.0,12,12,3,"{""MELON"": 7, ""STRAWBERRY"": 29, ""TOMATO"": 4, ""WHEAT"": 15}","{""COW"": 9, ""GOOSE"": 6, ""SHEEP"": 3}",0,30
362,15,2,1,26472.0,11,11,3,"{""STRAWBERRY"": 23, ""WHEAT"": 27, ""TOMATO"": 8}","{""COW"": 10, ""SHEEP"": 4}",0,55
363,15,3,0,19175.0,12,12,3,"{""MELON"": 7, ""STRAWBERRY"": 29, ""TOMATO"": 4, ""WHEAT"": 15}","{""COW"": 9, ""GOOSE"": 6, ""SHEEP"": 3}",0,15
363,15,3,1,26472.0,11,11,3,"{""STRAWBERRY"": 23, ""WHEAT"": 27, ""TOMATO"": 8}","{""COW"": 10, ""SHEEP"": 4}",0,51
364,15,4,0,19175.0,12,12,3,"{""MELON"": 7, ""STRAWBERRY"": 29, ""TOMATO"": 4, ""WHEAT"": 15}","{""COW"": 9, ""GOOSE"": 6, ""SHEEP"": 3}",0,15
364,15,4,1,26472.0,11,11,3,"{""STRAWBERRY"": 23, ""WHEAT"": 27, ""TOMATO"": 8}","{""COW"": 10, ""SHEEP"": 4}",0,55
365,15,5,0,19193.0,12,12,3,"{""MELON"": 6, ""STRAWBERRY"": 29, ""TOMATO"": 4, ""WHEAT"": 15}","{""COW"": 9, ""GOOSE"": 6, ""SHEEP"": 3}",0,17
365,15,5,1,26472.0,11,11,3,"{""STRAWBERRY"": 23, ""WHEAT"": 25, ""TOMATO"": 8}","{""COW"": 10, ""SHEEP"": 4}",0,51
366,15,6,0,20227.0,12,12,3,"{""MELON"": 6, ""STRAWBERRY"": 29, ""TOMATO"": 4, ""WHEAT"": 15}","{""COW"": 9, ""GOOSE"": 6, ""SHEEP"": 3}",0,15
366,15,6,1,26472.0,11,11,3,"{""STRAWBERRY"": 23, ""WHEAT"": 27, ""TOMATO"": 8}","{""COW"": 10, ""SHEEP"": 4}",0,54
367,15,7,0,20520.0,12,12,3,"{""MELON"": 6, ""STRAWBERRY"": 29, ""TOMATO"": 4, ""WHEAT"": 16}","{""COW"": 9, ""GOOSE"": 6, ""SHEEP"": 3}",0,10
367,15,7,1,26472.0,11,11,3,"{""STRAWBERRY"": 23, ""WHEAT"": 27, ""TOMATO"": 8}","{""COW"": 10, ""SHEEP"": 4}",0,50
368,15,8,0,20520.0,12,12,3,"{""MELON"": 6, ""STRAWBERRY"": 29, ""TOMATO"": 4, ""WHEAT"": 16}","{""COW"": 9, ""GOOSE"": 6, ""SHEEP"": 3}",0,10
368,15,8,1,26472.0,11,11,3,"{""STRAWBERRY"": 23, ""WHEAT"": 27, ""TOMATO"": 8}","{""COW"": 10, ""SHEEP"": 4}",0,50
369,15,9,0,20520.0,12,12,3,"{""MELON"": 6, ""STRAWBERRY"": 29, ""TOMATO"": 4, ""WHEAT"": 16}","{""COW"": 9, ""GOOSE"": 6, ""SHEEP"": 3}",0,10
369,15,9,1,26472.0,11,11,3,"{""STRAWBERRY"": 23, ""WHEAT"": 28, ""TOMATO"": 8}","{""COW"": 10, ""SHEEP"": 4}",0,50
370,15,10,0,20520.0,12,12,3,"{""MELON"": 6, ""STRAWBERRY"": 29, ""TOMATO"": 4, ""WHEAT"": 16}","{""COW"": 9, ""GOOSE"": 6, ""SHEEP"": 3}",0,10
370,15,10,1,26880.0,11,11,3,"{""STRAWBERRY"": 23, ""WHEAT"": 27, ""TOMATO"": 8}","{""COW"": 10, ""SHEEP"": 4}",0,48
371,15,11,0,20520.0,12,12,3,"{""MELON"": 6, ""STRAWBERRY"": 29, ""TOMATO"": 4, ""WHEAT"": 16}","{""COW"": 9, ""GOOSE"": 6, ""SHEEP"": 3}",0,10
371,15,11,1,27191.0,11,11,3,"{""STRAWBERRY"": 23, ""WHEAT"": 28, ""TOMATO"": 8}","{""COW"": 10, ""SHEEP"": 4}",0,40
372,15,12,0,20520.0,12,12,3,"{""MELON"": 6, ""STRAWBERRY"": 29, ""TOMATO"": 4, ""WHEAT"": 16}","{""COW"": 9, ""GOOSE"": 6, ""SHEEP"": 3}",0,10
372,15,12,1,27131.0,11,11,3,"{""STRAWBERRY"": 23, ""WHEAT"": 28, ""TOMATO"": 8}","{""COW"": 10, ""SHEEP"": 4}",0,40
373,15,13,0,20510.0,12,12,3,"{""MELON"": 6, ""STRAWBERRY"": 29, ""TOMATO"": 4, ""WHEAT"": 15}","{""COW"": 9, ""GOOSE"": 6, ""SHEEP"": 3}",0,10
373,15,13,1,27131.0,11,11,3,"{""STRAWBERRY"": 23, ""TOMATO"": 8, ""WHEAT"": 27}","{""COW"": 10, ""SHEEP"": 4}",0,40
374,15,14,0,20510.0,12,12,3,"{""MELON"": 6, ""STRAWBERRY"": 29, ""TOMATO"": 4, ""WHEAT"": 16}","{""COW"": 9, ""GOOSE"": 6, ""SHEEP"": 3}",0,10
374,15,14,1,27479.0,11,11,3,"{""STRAWBERRY"": 23, ""TOMATO"": 9, ""WHEAT"": 27}","{""COW"": 10, ""SHEEP"": 4}",0,38
375,15,15,0,20510.0,12,12,3,"{""MELON"": 6, ""STRAWBERRY"": 29, ""TOMATO"": 4, ""WHEAT"": 16}","{""COW"": 9, ""GOOSE"": 6, ""SHEEP"": 3}",0,10
375,15,15,1,27479.0,11,11,3,"{""STRAWBERRY"": 23, ""TOMATO"": 9, ""WHEAT"": 27}","{""COW"": 10, ""SHEEP"": 4}",0,38
376,15,16,0,20510.0,12,12,3,"{""MELON"": 6, ""STRAWBERRY"": 29, ""TOMATO"": 4, ""WHEAT"": 16}","{""COW"": 9, ""GOOSE"": 6, ""SHEEP"": 3}",0,10
376,15,16,1,27479.0,11,11,3,"{""STRAWBERRY"": 23, ""TOMATO"": 9, ""WHEAT"": 27}","{""COW"": 10, ""SHEEP"": 4}",0,38
377,15,17,0,20510.0,12,12,3,"{""MELON"": 6, ""STRAWBERRY"": 29, ""TOMATO"": 4, ""WHEAT"": 16}","{""COW"": 9, ""GOOSE"": 6, ""SHEEP"": 3}",0,10
377,15,17,1,28089.0,11,11,3,"{""STRAWBERRY"": 23, ""TOMATO"": 9, ""WHEAT"": 26}","{""COW"": 10, ""SHEEP"": 4}",0,35
378,15,18,0,20656.0,12,12,3,"{""MELON"": 5, ""STRAWBERRY"": 29, ""TOMATO"": 4, ""WHEAT"": 15}","{""COW"": 9, ""GOOSE"": 6, ""SHEEP"": 3}",0,7
378,15,18,1,28673.0,11,11,3,"{""STRAWBERRY"": 23, ""TOMATO"": 10, ""WHEAT"": 26}","{""COW"": 10, ""SHEEP"": 4}",0,31
379,15,19,0,20606.0,12,12,3,"{""MELON"": 5, ""TOMATO"": 5, ""STRAWBERRY"": 29, ""WHEAT"": 16}","{""COW"": 9, ""GOOSE"": 6, ""SHEEP"": 3}",0,7
379,15,19,1,28623.0,11,11,3,"{""STRAWBERRY"": 23, ""TOMATO"": 10, ""WHEAT"": 25}","{""COW"": 10, ""SHEEP"": 4}",0,31
380,15,20,0,20586.0,12,12,3,"{""MELON"": 5, ""TOMATO"": 5, ""STRAWBERRY"": 29, ""WHEAT"": 14}","{""COW"": 9, ""GOOSE"": 6, ""SHEEP"": 3}",0,7
380,15,20,1,28563.0,11,11,3,"{""STRAWBERRY"": 23, ""TOMATO"": 11, ""WHEAT"": 24}","{""COW"": 10, ""SHEEP"": 4}",0,31
381,15,21,0,20586.0,12,12,3,"{""MELON"": 5, ""TOMATO"": 5, ""STRAWBERRY"": 29, ""WHEAT"": 16}","{""COW"": 9, ""GOOSE"": 6, ""SHEEP"": 3}",0,7
381,15,21,1,28553.0,11,11,3,"{""STRAWBERRY"": 23, ""TOMATO"": 11, ""WHEAT"": 25}","{""COW"": 10, ""SHEEP"": 4}",0,31
382,15,22,0,21785.0,12,12,3,"{""MELON"": 5, ""TOMATO"": 5, ""STRAWBERRY"": 29, ""WHEAT"": 15}","{""COW"": 9, ""GOOSE"": 6, ""SHEEP"": 3}",0,0
382,15,22,1,29388.0,11,11,3,"{""STRAWBERRY"": 23, ""TOMATO"": 11, ""WHEAT"": 23}","{""COW"": 10, ""SHEEP"": 4}",0,25
383,15,23,0,21785.0,12,12,3,"{""MELON"": 5, ""TOMATO"": 5, ""STRAWBERRY"": 29, ""WHEAT"": 16}","{""COW"": 9, ""GOOSE"": 6, ""SHEEP"": 3}",0,0
383,15,23,1,29796.0,11,11,3,"{""STRAWBERRY"": 23, ""TOMATO"": 13, ""WHEAT"": 23}","{""COW"": 10, ""SHEEP"": 4}",0,15
384,16,0,0,21785.0,0,0,3,"{""MELON"": 5, ""TOMATO"": 5, ""STRAWBERRY"": 29, ""WHEAT"": 15}","{""COW"": 9, ""GOOSE"": 6, ""SHEEP"": 3}",1,80
384,16,0,1,29796.0,0,0,3,"{""STRAWBERRY"": 23, ""TOMATO"": 13, ""WHEAT"": 23}","{""COW"": 10, ""SHEEP"": 4}",0,78
385,16,1,0,22963.0,8,8,3,"{""MELON"": 5, ""TOMATO"": 5, ""STRAWBERRY"": 29, ""WHEAT"": 15}","{""COW"": 9, ""GOOSE"": 6, ""SHEEP"": 3}",1,66
385,16,1,1,30872.0,8,8,3,"{""STRAWBERRY"": 23, ""TOMATO"": 13, ""WHEAT"": 23}","{""COW"": 10, ""SHEEP"": 4}",0,71
386,16,2,0,26528.0,12,12,3,"{""MELON"": 5, ""TOMATO"": 5, ""STRAWBERRY"": 29, ""WHEAT"": 15}","{""COW"": 9, ""GOOSE"": 6, ""SHEEP"": 3}",1,21
386,16,2,1,31049.0,11,11,3,"{""STRAWBERRY"": 23, ""TOMATO"": 13, ""WHEAT"": 23}","{""COW"": 10, ""SHEEP"": 4}",0,62
387,16,3,0,26530.0,12,12,3,"{""MELON"": 5, ""TOMATO"": 5, ""STRAWBERRY"": 29, ""WHEAT"": 15}","{""COW"": 9, ""GOOSE"": 6, ""SHEEP"": 3}",1,12
387,16,3,1,31421.0,11,11,3,"{""STRAWBERRY"": 23, ""TOMATO"": 13, ""WHEAT"": 23}","{""COW"": 10, ""SHEEP"": 4}",0,54
388,16,4,0,26530.0,12,12,3,"{""MELON"": 5, ""TOMATO"": 5, ""STRAWBERRY"": 29, ""WHEAT"": 15}","{""COW"": 9, ""GOOSE"": 6, ""SHEEP"": 3}",1,12
388,16,4,1,31421.0,11,11,3,"{""STRAWBERRY"": 23, ""TOMATO"": 13, ""WHEAT"": 23}","{""COW"": 10, ""SHEEP"": 4}",0,50
389,16,5,0,26585.0,12,12,3,"{""MELON"": 5, ""TOMATO"": 5, ""STRAWBERRY"": 29, ""WHEAT"": 15}","{""COW"": 9, ""GOOSE"": 6, ""SHEEP"": 3}",1,14
389,16,5,1,31861.0,11,11,3,"{""STRAWBERRY"": 23, ""TOMATO"": 13, ""WHEAT"": 22}","{""COW"": 10, ""SHEEP"": 4}",0,39
390,16,6,0,26585.0,12,12,3,"{""MELON"": 5, ""TOMATO"": 5, ""STRAWBERRY"": 29, ""WHEAT"": 15}","{""COW"": 9, ""GOOSE"": 6, ""SHEEP"": 3}",1,14
390,16,6,1,32233.0,11,11,3,"{""STRAWBERRY"": 23, ""TOMATO"": 13, ""WHEAT"": 22}","{""COW"": 10, ""SHEEP"": 4}",0,36
391,16,7,0,26585.0,12,12,3,"{""MELON"": 5, ""TOMATO"": 5, ""STRAWBERRY"": 29, ""WHEAT"": 15}","{""COW"": 9, ""GOOSE"": 6, ""SHEEP"": 3}",1,14
391,16,7,1,32543.0,11,11,3,"{""STRAWBERRY"": 23, ""TOMATO"": 13, ""WHEAT"": 23}","{""COW"": 10, ""SHEEP"": 4}",0,31
392,16,8,0,26585.0,12,12,3,"{""MELON"": 5, ""TOMATO"": 5, ""STRAWBERRY"": 29, ""WHEAT"": 15}","{""COW"": 9, ""GOOSE"": 6, ""SHEEP"": 3}",1,14
392,16,8,1,32897.0,11,11,3,"{""STRAWBERRY"": 23, ""TOMATO"": 13, ""WHEAT"": 23}","{""COW"": 10, ""SHEEP"": 4}",0,25
393,16,9,0,26585.0,12,12,3,"{""MELON"": 5, ""TOMATO"": 5, ""STRAWBERRY"": 29, ""WHEAT"": 14}","{""COW"": 9, ""GOOSE"": 6, ""SHEEP"": 3}",2,14
393,16,9,1,32897.0,11,11,3,"{""STRAWBERRY"": 23, ""TOMATO"": 13, ""WHEAT"": 23}","{""COW"": 10, ""SHEEP"": 4}",0,25
394,16,10,0,26515.0,12,12,3,"{""MELON"": 5, ""TOMATO"": 5, ""STRAWBERRY"": 29, ""WHEAT"": 13}","{""COW"": 9, ""GOOSE"": 6, ""SHEEP"": 3}",2,14
394,16,10,1,32897.0,11,11,3,"{""STRAWBERRY"": 23, ""TOMATO"": 13, ""WHEAT"": 22}","{""COW"": 10, ""SHEEP"": 4}",0,25
395,16,11,0,26515.0,12,12,3,"{""MELON"": 5, ""TOMATO"": 5, ""STRAWBERRY"": 29, ""WHEAT"": 14}","{""COW"": 9, ""GOOSE"": 6, ""SHEEP"": 3}",2,14
395,16,11,1,32887.0,11,11,3,"{""STRAWBERRY"": 23, ""TOMATO"": 13, ""WHEAT"": 22}","{""COW"": 10, ""SHEEP"": 4}",0,25
396,16,12,0,26515.0,12,12,3,"{""MELON"": 5, ""TOMATO"": 5, ""STRAWBERRY"": 29, ""WHEAT"": 14}","{""COW"": 9, ""GOOSE"": 6, ""SHEEP"": 3}",2,14
396,16,12,1,32837.0,11,11,3,"{""STRAWBERRY"": 23, ""TOMATO"": 13, ""WHEAT"": 22}","{""COW"": 10, ""SHEEP"": 4}",0,25
397,16,13,0,26515.0,12,12,3,"{""MELON"": 5, ""TOMATO"": 5, ""STRAWBERRY"": 29, ""WHEAT"": 14}","{""COW"": 9, ""GOOSE"": 6, ""SHEEP"": 3}",2,14
397,16,13,1,32837.0,11,11,3,"{""STRAWBERRY"": 23, ""TOMATO"": 13, ""WHEAT"": 22}","{""COW"": 10, ""SHEEP"": 4}",0,33
398,16,14,0,26515.0,12,12,3,"{""MELON"": 5, ""TOMATO"": 5, ""STRAWBERRY"": 29, ""WHEAT"": 14}","{""COW"": 9, ""GOOSE"": 6, ""SHEEP"": 3}",2,14
398,16,14,1,33563.0,11,11,3,"{""STRAWBERRY"": 23, ""TOMATO"": 13, ""WHEAT"": 22}","{""COW"": 10, ""SHEEP"": 4}",0,38
399,16,15,0,26515.0,12,12,3,"{""MELON"": 5, ""TOMATO"": 5, ""STRAWBERRY"": 29, ""WHEAT"": 14}","{""COW"": 9, ""GOOSE"": 6, ""SHEEP"": 3}",2,14
399,16,15,1,33789.0,11,11,3,"{""STRAWBERRY"": 23, ""TOMATO"": 13, ""WHEAT"": 21}","{""COW"": 10, ""SHEEP"": 4}",0,34
400,16,16,0,26515.0,12,12,3,"{""MELON"": 5, ""TOMATO"": 5, ""STRAWBERRY"": 29, ""WHEAT"": 14}","{""COW"": 9, ""GOOSE"": 6, ""SHEEP"": 3}",2,14
400,16,16,1,34960.0,11,11,3,"{""STRAWBERRY"": 23, ""TOMATO"": 14, ""WHEAT"": 21}","{""COW"": 10, ""SHEEP"": 4}",0,28
401,16,17,0,26515.0,12,12,3,"{""MELON"": 5, ""TOMATO"": 5, ""STRAWBERRY"": 29, ""WHEAT"": 14}","{""COW"": 9, ""GOOSE"": 6, ""SHEEP"": 3}",2,14
401,16,17,1,34900.0,11,11,3,"{""STRAWBERRY"": 23, ""TOMATO"": 14, ""WHEAT"": 21}","{""COW"": 10, ""SHEEP"": 4}",0,28
402,16,18,0,27077.0,12,12,3,"{""MELON"": 5, ""TOMATO"": 5, ""STRAWBERRY"": 29, ""WHEAT"": 13}","{""COW"": 9, ""GOOSE"": 6, ""SHEEP"": 3}",2,3
402,16,18,1,35130.0,11,11,3,"{""STRAWBERRY"": 23, ""TOMATO"": 14, ""WHEAT"": 20}","{""COW"": 10, ""SHEEP"": 4}",0,26
403,16,19,0,27290.0,12,12,3,"{""MELON"": 4, ""TOMATO"": 5, ""STRAWBERRY"": 29, ""WHEAT"": 14}","{""COW"": 9, ""GOOSE"": 6, ""SHEEP"": 3}",2,0
403,16,19,1,35120.0,11,11,3,"{""STRAWBERRY"": 23, ""TOMATO"": 14, ""WHEAT"": 21}","{""COW"": 10, ""SHEEP"": 4}",0,26
404,16,20,0,27290.0,12,12,3,"{""MELON"": 4, ""TOMATO"": 6, ""STRAWBERRY"": 29, ""WHEAT"": 14}","{""COW"": 9, ""GOOSE"": 6, ""SHEEP"": 3}",2,0
404,16,20,1,35110.0,11,11,3,"{""STRAWBERRY"": 23, ""TOMATO"": 14, ""WHEAT"": 21}","{""COW"": 10, ""SHEEP"": 4}",0,26
405,16,21,0,28127.0,12,12,3,"{""MELON"": 4, ""TOMATO"": 6, ""STRAWBERRY"": 29, ""WHEAT"": 14}","{""COW"": 9, ""GOOSE"": 6, ""SHEEP"": 3}",2,3
405,16,21,1,35110.0,11,11,3,"{""STRAWBERRY"": 23, ""TOMATO"": 14, ""WHEAT"": 21}","{""COW"": 10, ""SHEEP"": 4}",0,26
406,16,22,0,29660.0,12,12,3,"{""TOMATO"": 6, ""STRAWBERRY"": 29, ""WHEAT"": 14, ""MELON"": 3}","{""COW"": 9, ""GOOSE"": 6, ""SHEEP"": 3}",2,4
406,16,22,1,35658.0,11,11,3,"{""STRAWBERRY"": 23, ""TOMATO"": 15, ""WHEAT"": 19}","{""COW"": 10, ""SHEEP"": 4}",0,32
407,16,23,0,29660.0,12,12,3,"{""TOMATO"": 8, ""STRAWBERRY"": 29, ""WHEAT"": 15, ""MELON"": 3}","{""COW"": 9, ""GOOSE"": 6, ""SHEEP"": 3}",2,4
407,16,23,1,36684.0,11,11,3,"{""STRAWBERRY"": 23, ""TOMATO"": 15, ""WHEAT"": 21}","{""COW"": 10, ""SHEEP"": 4}",0,22
408,17,0,0,29660.0,0,0,3,"{""TOMATO"": 8, ""STRAWBERRY"": 29, ""WHEAT"": 13, ""MELON"": 3}","{""COW"": 9, ""GOOSE"": 6, ""SHEEP"": 3}",2,75
408,17,0,1,36684.0,0,0,3,"{""STRAWBERRY"": 23, ""TOMATO"": 15, ""WHEAT"": 20}","{""COW"": 10, ""SHEEP"": 4}",1,84
409,17,1,0,32035.0,8,8,3,"{""TOMATO"": 8, ""STRAWBERRY"": 29, ""WHEAT"": 13, ""MELON"": 3}","{""COW"": 9, ""GOOSE"": 6, ""SHEEP"": 3}",2,59
409,17,1,1,38818.0,8,8,3,"{""STRAWBERRY"": 23, ""TOMATO"": 15, ""WHEAT"": 20}","{""COW"": 10, ""SHEEP"": 4}",1,64
410,17,2,0,32466.0,11,11,3,"{""TOMATO"": 8, ""STRAWBERRY"": 29, ""WHEAT"": 13, ""MELON"": 3}","{""COW"": 9, ""GOOSE"": 6, ""SHEEP"": 3}",2,32
410,17,2,1,38943.0,11,11,3,"{""STRAWBERRY"": 23, ""TOMATO"": 15, ""WHEAT"": 20}","{""COW"": 10, ""SHEEP"": 4}",1,44
411,17,3,0,32602.0,11,11,3,"{""TOMATO"": 8, ""STRAWBERRY"": 29, ""WHEAT"": 13, ""MELON"": 3}","{""COW"": 9, ""GOOSE"": 6, ""SHEEP"": 3}",2,25
411,17,3,1,38943.0,11,11,3,"{""STRAWBERRY"": 23, ""TOMATO"": 15, ""WHEAT"": 20}","{""COW"": 10, ""SHEEP"": 4}",1,47
412,17,4,0,32735.0,11,11,3,"{""TOMATO"": 8, ""STRAWBERRY"": 29, ""WHEAT"": 13, ""MELON"": 3}","{""COW"": 9, ""GOOSE"": 6, ""SHEEP"": 3}",2,24
412,17,4,1,38943.0,11,11,3,"{""STRAWBERRY"": 23, ""TOMATO"": 15, ""WHEAT"": 20}","{""COW"": 10, ""SHEEP"": 4}",1,44
413,17,5,0,33048.0,11,11,3,"{""TOMATO"": 8, ""STRAWBERRY"": 29, ""WHEAT"": 13, ""MELON"": 3}","{""COW"": 9, ""GOOSE"": 6, ""SHEEP"": 3}",2,23
413,17,5,1,38943.0,11,11,3,"{""STRAWBERRY"": 23, ""TOMATO"": 15, ""WHEAT"": 20}","{""COW"": 10, ""SHEEP"": 4}",1,44
414,17,6,0,33352.0,11,11,3,"{""TOMATO"": 8, ""STRAWBERRY"": 29, ""WHEAT"": 13, ""MELON"": 3}","{""COW"": 9, ""GOOSE"": 6, ""SHEEP"": 3}",2,20
414,17,6,1,39126.0,11,11,3,"{""STRAWBERRY"": 23, ""TOMATO"": 15, ""WHEAT"": 19}","{""COW"": 10, ""SHEEP"": 4}",1,43
415,17,7,0,33630.0,11,11,3,"{""TOMATO"": 8, ""STRAWBERRY"": 29, ""WHEAT"": 13, ""MELON"": 3}","{""COW"": 9, ""GOOSE"": 6, ""SHEEP"": 3}",2,16
415,17,7,1,39400.0,11,11,3,"{""STRAWBERRY"": 23, ""TOMATO"": 15, ""WHEAT"": 19}","{""COW"": 10, ""SHEEP"": 4}",1,36
416,17,8,0,34182.0,11,11,3,"{""TOMATO"": 8, ""STRAWBERRY"": 29, ""WHEAT"": 13, ""MELON"": 3}","{""COW"": 9, ""GOOSE"": 6, ""SHEEP"": 3}",2,16
416,17,8,1,39550.0,11,11,3,"{""STRAWBERRY"": 23, ""TOMATO"": 15, ""WHEAT"": 20}","{""COW"": 10, ""SHEEP"": 4}",1,32
417,17,9,0,34866.0,11,11,3,"{""TOMATO"": 8, ""STRAWBERRY"": 29, ""WHEAT"": 13, ""MELON"": 3}","{""COW"": 9, ""GOOSE"": 6, ""SHEEP"": 3}",2,16
417,17,9,1,39550.0,11,11,3,"{""STRAWBERRY"": 23, ""TOMATO"": 15, ""WHEAT"": 20}","{""COW"": 10, ""SHEEP"": 4}",1,32
418,17,10,0,34918.0,11,11,3,"{""TOMATO"": 8, ""STRAWBERRY"": 29, ""WHEAT"": 13, ""MELON"": 3}","{""COW"": 9, ""GOOSE"": 6, ""SHEEP"": 3}",2,16
418,17,10,1,39734.0,11,11,3,"{""STRAWBERRY"": 23, ""TOMATO"": 15, ""WHEAT"": 20}","{""COW"": 10, ""SHEEP"": 4}",1,31
419,17,11,0,34918.0,11,11,3,"{""TOMATO"": 8, ""STRAWBERRY"": 29, ""WHEAT"": 13, ""MELON"": 3}","{""COW"": 9, ""GOOSE"": 6, ""SHEEP"": 3}",2,16
419,17,11,1,39734.0,11,11,3,"{""STRAWBERRY"": 23, ""TOMATO"": 15, ""WHEAT"": 19}","{""COW"": 10, ""SHEEP"": 4}",1,31
420,17,12,0,34918.0,11,11,3,"{""TOMATO"": 8, ""STRAWBERRY"": 29, ""WHEAT"": 13, ""MELON"": 3}","{""COW"": 9, ""GOOSE"": 6, ""SHEEP"": 3}",2,16
420,17,12,1,39724.0,11,11,3,"{""STRAWBERRY"": 23, ""TOMATO"": 16, ""WHEAT"": 18}","{""COW"": 10, ""SHEEP"": 4}",1,31
421,17,13,0,34918.0,11,11,3,"{""TOMATO"": 8, ""STRAWBERRY"": 29, ""WHEAT"": 13, ""MELON"": 3}","{""COW"": 9, ""GOOSE"": 6, ""SHEEP"": 3}",2,16
421,17,13,1,39834.0,11,11,3,"{""STRAWBERRY"": 23, ""TOMATO"": 16, ""WHEAT"": 18}","{""COW"": 10, ""SHEEP"": 4}",1,28
422,17,14,0,34918.0,11,11,3,"{""TOMATO"": 8, ""STRAWBERRY"": 29, ""WHEAT"": 13, ""MELON"": 3}","{""COW"": 9, ""GOOSE"": 6, ""SHEEP"": 3}",2,16
422,17,14,1,40143.0,11,11,3,"{""STRAWBERRY"": 23, ""TOMATO"": 16, ""WHEAT"": 19}","{""COW"": 10, ""SHEEP"": 4}",1,26
423,17,15,0,34918.0,11,11,3,"{""TOMATO"": 8, ""STRAWBERRY"": 29, ""WHEAT"": 12, ""MELON"": 3}","{""COW"": 9, ""GOOSE"": 6, ""SHEEP"": 3}",2,16
423,17,15,1,40143.0,11,11,3,"{""STRAWBERRY"": 23, ""TOMATO"": 16, ""WHEAT"": 19}","{""COW"": 10, ""SHEEP"": 4}",1,26
424,17,16,0,34908.0,11,11,3,"{""TOMATO"": 8, ""STRAWBERRY"": 29, ""WHEAT"": 12, ""MELON"": 3}","{""COW"": 9, ""GOOSE"": 6, ""SHEEP"": 3}",2,16
424,17,16,1,40143.0,11,11,3,"{""STRAWBERRY"": 23, ""TOMATO"": 16, ""WHEAT"": 19}","{""COW"": 10, ""SHEEP"": 4}",1,26
425,17,17,0,34808.0,11,11,3,"{""TOMATO"": 9, ""STRAWBERRY"": 29, ""WHEAT"": 12, ""MELON"": 3}","{""COW"": 9, ""GOOSE"": 6, ""SHEEP"": 3}",2,20
425,17,17,1,40143.0,11,11,3,"{""STRAWBERRY"": 23, ""TOMATO"": 16, ""WHEAT"": 18}","{""COW"": 10, ""SHEEP"": 4}",1,32
426,17,18,0,35539.0,11,11,3,"{""TOMATO"": 9, ""STRAWBERRY"": 29, ""WHEAT"": 12, ""MELON"": 3}","{""COW"": 9, ""GOOSE"": 6, ""SHEEP"": 3}",2,16
426,17,18,1,40864.0,11,11,3,"{""STRAWBERRY"": 23, ""TOMATO"": 16, ""WHEAT"": 19}","{""COW"": 10, ""SHEEP"": 4}",1,28
427,17,19,0,35539.0,11,11,3,"{""TOMATO"": 9, ""STRAWBERRY"": 29, ""WHEAT"": 13, ""MELON"": 3}","{""COW"": 9, ""GOOSE"": 6, ""SHEEP"": 3}",2,16
427,17,19,1,40854.0,11,11,3,"{""STRAWBERRY"": 23, ""TOMATO"": 16, ""WHEAT"": 19}","{""COW"": 10, ""SHEEP"": 4}",1,28
428,17,20,0,35539.0,11,11,3,"{""TOMATO"": 10, ""STRAWBERRY"": 29, ""WHEAT"": 13, ""MELON"": 3}","{""COW"": 9, ""GOOSE"": 6, ""SHEEP"": 3}",2,16
428,17,20,1,40854.0,11,11,3,"{""STRAWBERRY"": 23, ""TOMATO"": 16, ""WHEAT"": 19}","{""COW"": 10, ""SHEEP"": 4}",1,28
429,17,21,0,35521.0,11,11,3,"{""TOMATO"": 10, ""STRAWBERRY"": 29, ""MELON"": 3, ""WHEAT"": 11}","{""COW"": 9, ""GOOSE"": 6, ""SHEEP"": 3}",1,14
429,17,21,1,40854.0,11,11,3,"{""STRAWBERRY"": 23, ""TOMATO"": 16, ""WHEAT"": 17}","{""COW"": 10, ""SHEEP"": 4}",1,28
430,17,22,0,36038.0,11,11,3,"{""TOMATO"": 11, ""STRAWBERRY"": 29, ""WHEAT"": 13, ""MELON"": 3}","{""COW"": 9, ""GOOSE"": 6, ""SHEEP"": 3}",1,4
430,17,22,1,40945.0,11,11,3,"{""STRAWBERRY"": 23, ""TOMATO"": 16, ""WHEAT"": 18}","{""COW"": 10, ""SHEEP"": 4}",1,27
431,17,23,0,36122.0,11,11,3,"{""TOMATO"": 11, ""STRAWBERRY"": 29, ""WHEAT"": 13, ""MELON"": 3}","{""COW"": 9, ""GOOSE"": 6, ""SHEEP"": 3}",0,3
431,17,23,1,41153.0,11,11,3,"{""STRAWBERRY"": 23, ""TOMATO"": 16, ""WHEAT"": 19}","{""COW"": 10, ""SHEEP"": 4}",1,24
432,18,0,0,36122.0,0,0,3,"{""TOMATO"": 11, ""STRAWBERRY"": 29, ""WHEAT"": 13, ""MELON"": 3}","{""COW"": 9, ""GOOSE"": 6, ""SHEEP"": 3}",0,75
432,18,0,1,41153.0,0,0,3,"{""STRAWBERRY"": 23, ""TOMATO"": 16, ""WHEAT"": 19}","{""COW"": 10, ""SHEEP"": 4}",1,94
433,18,1,0,36379.0,8,8,3,"{""TOMATO"": 11, ""STRAWBERRY"": 29, ""WHEAT"": 13, ""MELON"": 3}","{""COW"": 9, ""GOOSE"": 6, ""SHEEP"": 3}",0,69
433,18,1,1,42508.0,8,8,3,"{""STRAWBERRY"": 23, ""TOMATO"": 16, ""WHEAT"": 19}","{""COW"": 10, ""SHEEP"": 4}",1,84
434,18,2,0,39965.0,12,12,3,"{""TOMATO"": 11, ""STRAWBERRY"": 29, ""WHEAT"": 13, ""MELON"": 3}","{""COW"": 9, ""GOOSE"": 6, ""SHEEP"": 3}",0,27
434,18,2,1,42687.0,11,11,3,"{""STRAWBERRY"": 23, ""TOMATO"": 16, ""WHEAT"": 19}","{""COW"": 10, ""SHEEP"": 4}",1,77
435,18,3,0,39965.0,12,12,3,"{""TOMATO"": 11, ""STRAWBERRY"": 29, ""WHEAT"": 13, ""MELON"": 3}","{""COW"": 9, ""GOOSE"": 6, ""SHEEP"": 3}",0,19
435,18,3,1,43299.0,11,11,3,"{""STRAWBERRY"": 23, ""TOMATO"": 16, ""WHEAT"": 19}","{""COW"": 10, ""SHEEP"": 4}",1,61
436,18,4,0,39965.0,12,12,3,"{""TOMATO"": 11, ""STRAWBERRY"": 29, ""WHEAT"": 13, ""MELON"": 3}","{""COW"": 9, ""GOOSE"": 6, ""SHEEP"": 3}",0,19
436,18,4,1,43299.0,11,11,3,"{""STRAWBERRY"": 23, ""TOMATO"": 16, ""WHEAT"": 19}","{""COW"": 10, ""SHEEP"": 4}",1,58
437,18,5,0,40006.0,12,12,3,"{""TOMATO"": 11, ""STRAWBERRY"": 29, ""WHEAT"": 12, ""MELON"": 3}","{""COW"": 9, ""GOOSE"": 6, ""SHEEP"": 3}",0,21
437,18,5,1,43619.0,11,11,3,"{""STRAWBERRY"": 23, ""TOMATO"": 16, ""WHEAT"": 17}","{""COW"": 10, ""SHEEP"": 4}",1,50
438,18,6,0,40326.0,12,12,3,"{""TOMATO"": 11, ""STRAWBERRY"": 29, ""WHEAT"": 12, ""MELON"": 3}","{""COW"": 9, ""GOOSE"": 6, ""SHEEP"": 3}",0,17
438,18,6,1,43904.0,11,11,3,"{""STRAWBERRY"": 23, ""TOMATO"": 16, ""WHEAT"": 19}","{""COW"": 10, ""SHEEP"": 4}",1,47
439,18,7,0,40759.0,12,12,3,"{""TOMATO"": 11, ""STRAWBERRY"": 29, ""WHEAT"": 13, ""MELON"": 3}","{""COW"": 9, ""GOOSE"": 6, ""SHEEP"": 3}",0,17
439,18,7,1,43904.0,11,11,3,"{""STRAWBERRY"": 23, ""TOMATO"": 16, ""WHEAT"": 19}","{""COW"": 10, ""SHEEP"": 4}",1,47
440,18,8,0,40759.0,12,12,3,"{""TOMATO"": 11, ""STRAWBERRY"": 29, ""WHEAT"": 13, ""MELON"": 3}","{""COW"": 9, ""GOOSE"": 6, ""SHEEP"": 3}",0,17
440,18,8,1,43904.0,11,11,3,"{""STRAWBERRY"": 23, ""TOMATO"": 16, ""WHEAT"": 19}","{""COW"": 10, ""SHEEP"": 4}",1,47
441,18,9,0,40759.0,12,12,3,"{""TOMATO"": 11, ""STRAWBERRY"": 29, ""WHEAT"": 13, ""MELON"": 3}","{""COW"": 9, ""GOOSE"": 6, ""SHEEP"": 3}",0,17
441,18,9,1,43904.0,11,11,3,"{""STRAWBERRY"": 23, ""TOMATO"": 16, ""WHEAT"": 19}","{""COW"": 10, ""SHEEP"": 4}",1,47
442,18,10,0,41228.0,12,12,3,"{""TOMATO"": 11, ""STRAWBERRY"": 29, ""WHEAT"": 13, ""MELON"": 3}","{""COW"": 9, ""GOOSE"": 6, ""SHEEP"": 3}",0,17
442,18,10,1,44238.0,11,11,3,"{""STRAWBERRY"": 23, ""TOMATO"": 16, ""WHEAT"": 17}","{""COW"": 10, ""SHEEP"": 4}",1,44
443,18,11,0,41228.0,12,12,3,"{""TOMATO"": 11, ""STRAWBERRY"": 29, ""WHEAT"": 13, ""MELON"": 2}","{""COW"": 9, ""GOOSE"": 6, ""SHEEP"": 3}",0,17
443,18,11,1,44468.0,11,11,3,"{""STRAWBERRY"": 23, ""TOMATO"": 17, ""WHEAT"": 18}","{""COW"": 10, ""SHEEP"": 4}",1,38
444,18,12,0,41218.0,12,12,3,"{""TOMATO"": 11, ""STRAWBERRY"": 29, ""WHEAT"": 12, ""MELON"": 1}","{""COW"": 9, ""GOOSE"": 6, ""SHEEP"": 3}",0,17
444,18,12,1,44458.0,11,11,3,"{""STRAWBERRY"": 23, ""TOMATO"": 17, ""WHEAT"": 18}","{""COW"": 10, ""SHEEP"": 4}",0,38
445,18,13,0,41158.0,12,12,3,"{""TOMATO"": 11, ""STRAWBERRY"": 29, ""WHEAT"": 13, ""MELON"": 1}","{""COW"": 9, ""GOOSE"": 6, ""SHEEP"": 3}",0,17
445,18,13,1,44448.0,11,11,3,"{""STRAWBERRY"": 23, ""TOMATO"": 17, ""WHEAT"": 19}","{""COW"": 10, ""SHEEP"": 4}",0,44
446,18,14,0,41725.0,12,12,3,"{""TOMATO"": 11, ""STRAWBERRY"": 29, ""WHEAT"": 14, ""MELON"": 1}","{""COW"": 9, ""GOOSE"": 6, ""SHEEP"": 3}",0,6
446,18,14,1,44670.0,11,11,3,"{""STRAWBERRY"": 23, ""TOMATO"": 18, ""WHEAT"": 19}","{""COW"": 10, ""SHEEP"": 4}",0,41
447,18,15,0,41967.0,12,12,3,"{""TOMATO"": 11, ""STRAWBERRY"": 29, ""WHEAT"": 14, ""MELON"": 1}","{""COW"": 9, ""GOOSE"": 6, ""SHEEP"": 3}",0,10
447,18,15,1,45303.0,11,11,3,"{""STRAWBERRY"": 23, ""TOMATO"": 18, ""WHEAT"": 19}","{""COW"": 10, ""SHEEP"": 4}",0,39
448,18,16,0,42493.0,12,12,3,"{""TOMATO"": 11, ""STRAWBERRY"": 29, ""WHEAT"": 13, ""MELON"": 1}","{""COW"": 9, ""GOOSE"": 6, ""SHEEP"": 3}",0,7
448,18,16,1,45908.0,11,11,3,"{""STRAWBERRY"": 23, ""TOMATO"": 18, ""WHEAT"": 19}","{""COW"": 10, ""SHEEP"": 4}",0,34
449,18,17,0,42604.0,12,12,3,"{""TOMATO"": 11, ""STRAWBERRY"": 29, ""WHEAT"": 14}","{""COW"": 9, ""GOOSE"": 6, ""SHEEP"": 3}",0,6
449,18,17,1,45908.0,11,11,3,"{""STRAWBERRY"": 23, ""TOMATO"": 18, ""WHEAT"": 19}","{""COW"": 10, ""SHEEP"": 4}",0,40
450,18,18,0,43012.0,12,12,3,"{""TOMATO"": 11, ""STRAWBERRY"": 29, ""WHEAT"": 14}","{""COW"": 9, ""GOOSE"": 6, ""SHEEP"": 3}",0,0
450,18,18,1,46991.0,11,11,3,"{""STRAWBERRY"": 23, ""TOMATO"": 18, ""WHEAT"": 19}","{""COW"": 10, ""SHEEP"": 4}",0,32
451,18,19,0,43002.0,12,12,3,"{""TOMATO"": 11, ""STRAWBERRY"": 29, ""WHEAT"": 13}","{""COW"": 9, ""GOOSE"": 6, ""SHEEP"": 3}",0,0
451,18,19,1,46991.0,11,11,3,"{""STRAWBERRY"": 23, ""TOMATO"": 18, ""WHEAT"": 19}","{""COW"": 10, ""SHEEP"": 4}",0,32
452,18,20,0,43002.0,12,12,3,"{""TOMATO"": 11, ""STRAWBERRY"": 29, ""WHEAT"": 14}","{""COW"": 9, ""GOOSE"": 6, ""SHEEP"": 3}",0,2
452,18,20,1,46991.0,11,11,3,"{""STRAWBERRY"": 23, ""TOMATO"": 18, ""WHEAT"": 18}","{""COW"": 10, ""SHEEP"": 4}",0,32
453,18,21,0,43167.0,12,12,3,"{""TOMATO"": 11, ""STRAWBERRY"": 29, ""WHEAT"": 14}","{""COW"": 9, ""GOOSE"": 6, ""SHEEP"": 3}",0,2
453,18,21,1,46981.0,11,11,3,"{""STRAWBERRY"": 23, ""TOMATO"": 18, ""WHEAT"": 19}","{""COW"": 10, ""SHEEP"": 4}",0,32
454,18,22,0,45299.0,12,12,3,"{""TOMATO"": 11, ""STRAWBERRY"": 29, ""WHEAT"": 14}","{""COW"": 9, ""GOOSE"": 6, ""SHEEP"": 3}",0,0
454,18,22,1,47093.0,11,11,3,"{""STRAWBERRY"": 23, ""TOMATO"": 18, ""WHEAT"": 19}","{""COW"": 10, ""SHEEP"": 4}",0,40
455,18,23,0,45446.0,12,12,3,"{""TOMATO"": 11, ""STRAWBERRY"": 29, ""WHEAT"": 15}","{""COW"": 9, ""GOOSE"": 6, ""SHEEP"": 3}",0,0
455,18,23,1,48207.0,11,11,3,"{""STRAWBERRY"": 23, ""TOMATO"": 18, ""WHEAT"": 18}","{""COW"": 10, ""SHEEP"": 4}",0,26
456,19,0,0,45446.0,0,0,3,"{""TOMATO"": 11, ""STRAWBERRY"": 29, ""WHEAT"": 15}","{""COW"": 9, ""GOOSE"": 6, ""SHEEP"": 3}",0,70
456,19,0,1,48207.0,0,0,3,"{""STRAWBERRY"": 23, ""TOMATO"": 18, ""WHEAT"": 18}","{""COW"": 10, ""SHEEP"": 4}",0,85
457,19,1,0,45550.0,8,8,3,"{""TOMATO"": 11, ""STRAWBERRY"": 29, ""WHEAT"": 15}","{""COW"": 9, ""GOOSE"": 6, ""SHEEP"": 3}",0,64
457,19,1,1,49266.0,8,8,3,"{""STRAWBERRY"": 22, ""TOMATO"": 18, ""WHEAT"": 18}","{""COW"": 10, ""SHEEP"": 4}",1,74
458,19,2,0,47621.0,10,10,3,"{""TOMATO"": 11, ""STRAWBERRY"": 29, ""WHEAT"": 15}","{""COW"": 9, ""GOOSE"": 6, ""SHEEP"": 3}",0,25
458,19,2,1,49378.0,11,11,3,"{""STRAWBERRY"": 22, ""TOMATO"": 18, ""WHEAT"": 18}","{""COW"": 10, ""SHEEP"": 4}",1,58
459,19,3,0,47625.0,10,10,3,"{""TOMATO"": 11, ""STRAWBERRY"": 29, ""WHEAT"": 15}","{""COW"": 9, ""GOOSE"": 6, ""SHEEP"": 3}",0,17
459,19,3,1,49378.0,11,11,3,"{""STRAWBERRY"": 22, ""TOMATO"": 18, ""WHEAT"": 18}","{""COW"": 10, ""SHEEP"": 4}",1,59
460,19,4,0,47625.0,10,10,3,"{""TOMATO"": 11, ""STRAWBERRY"": 29, ""WHEAT"": 15}","{""COW"": 9, ""GOOSE"": 6, ""SHEEP"": 3}",0,19
460,19,4,1,49378.0,11,11,3,"{""STRAWBERRY"": 22, ""TOMATO"": 18, ""WHEAT"": 18}","{""COW"": 10, ""SHEEP"": 4}",1,59
461,19,5,0,47673.0,10,10,3,"{""TOMATO"": 11, ""STRAWBERRY"": 29, ""WHEAT"": 15}","{""COW"": 9, ""GOOSE"": 6, ""SHEEP"": 3}",0,19
461,19,5,1,49378.0,11,11,3,"{""STRAWBERRY"": 22, ""TOMATO"": 18, ""WHEAT"": 18}","{""COW"": 10, ""SHEEP"": 4}",1,65
462,19,6,0,47721.0,10,10,3,"{""TOMATO"": 11, ""STRAWBERRY"": 29, ""WHEAT"": 15}","{""COW"": 9, ""GOOSE"": 6, ""SHEEP"": 3}",0,18
462,19,6,1,49378.0,11,11,3,"{""STRAWBERRY"": 22, ""TOMATO"": 18, ""WHEAT"": 17}","{""COW"": 10, ""SHEEP"": 4}",1,65
463,19,7,0,47959.0,10,10,3,"{""TOMATO"": 11, ""STRAWBERRY"": 29, ""WHEAT"": 15}","{""COW"": 9, ""GOOSE"": 6, ""SHEEP"": 3}",0,13
463,19,7,1,49614.0,11,11,3,"{""STRAWBERRY"": 22, ""TOMATO"": 18, ""WHEAT"": 18}","{""COW"": 10, ""SHEEP"": 4}",1,59
464,19,8,0,47959.0,10,10,3,"{""TOMATO"": 11, ""STRAWBERRY"": 29, ""WHEAT"": 15}","{""COW"": 9, ""GOOSE"": 6, ""SHEEP"": 3}",0,13
464,19,8,1,49614.0,11,11,3,"{""STRAWBERRY"": 22, ""TOMATO"": 18, ""WHEAT"": 18}","{""COW"": 10, ""SHEEP"": 4}",1,59
465,19,9,0,47959.0,10,10,3,"{""TOMATO"": 11, ""STRAWBERRY"": 29, ""WHEAT"": 15}","{""COW"": 9, ""GOOSE"": 6, ""SHEEP"": 3}",0,13
465,19,9,1,49614.0,11,11,3,"{""STRAWBERRY"": 22, ""TOMATO"": 18, ""WHEAT"": 17}","{""COW"": 10, ""SHEEP"": 4}",1,59
466,19,10,0,47959.0,10,10,3,"{""TOMATO"": 11, ""STRAWBERRY"": 29, ""WHEAT"": 15}","{""COW"": 9, ""GOOSE"": 6, ""SHEEP"": 3}",0,13
466,19,10,1,49722.0,11,11,3,"{""STRAWBERRY"": 22, ""TOMATO"": 18, ""WHEAT"": 17}","{""COW"": 10, ""SHEEP"": 4}",1,58
467,19,11,0,47939.0,10,10,3,"{""TOMATO"": 11, ""STRAWBERRY"": 29, ""WHEAT"": 13}","{""COW"": 9, ""GOOSE"": 6, ""SHEEP"": 3}",0,13
467,19,11,1,49712.0,11,11,3,"{""STRAWBERRY"": 22, ""TOMATO"": 19, ""WHEAT"": 17}","{""COW"": 10, ""SHEEP"": 4}",1,58
468,19,12,0,47939.0,10,10,3,"{""TOMATO"": 11, ""STRAWBERRY"": 29, ""WHEAT"": 14, ""MELON"": 1}","{""COW"": 9, ""GOOSE"": 6, ""SHEEP"": 3}",0,17
468,19,12,1,49712.0,11,11,3,"{""STRAWBERRY"": 22, ""TOMATO"": 19, ""WHEAT"": 17}","{""COW"": 10, ""SHEEP"": 4}",1,58
469,19,13,0,48136.0,10,10,3,"{""TOMATO"": 11, ""STRAWBERRY"": 29, ""WHEAT"": 14, ""MELON"": 1}","{""COW"": 9, ""GOOSE"": 6, ""SHEEP"": 3}",0,17
469,19,13,1,49662.0,11,11,3,"{""STRAWBERRY"": 21, ""TOMATO"": 19, ""WHEAT"": 17}","{""COW"": 10, ""SHEEP"": 4}",1,58
470,19,14,0,48136.0,10,10,3,"{""TOMATO"": 11, ""STRAWBERRY"": 29, ""WHEAT"": 14, ""MELON"": 1}","{""COW"": 9, ""GOOSE"": 6, ""SHEEP"": 3}",0,17
470,19,14,1,49652.0,11,11,3,"{""STRAWBERRY"": 21, ""TOMATO"": 20, ""WHEAT"": 16}","{""COW"": 10, ""SHEEP"": 4}",1,58
471,19,15,0,48136.0,10,10,3,"{""TOMATO"": 11, ""STRAWBERRY"": 29, ""WHEAT"": 14, ""MELON"": 1}","{""COW"": 9, ""GOOSE"": 6, ""SHEEP"": 3}",0,17
471,19,15,1,49642.0,11,11,3,"{""STRAWBERRY"": 21, ""TOMATO"": 20, ""WHEAT"": 17}","{""COW"": 10, ""SHEEP"": 4}",1,58
472,19,16,0,48292.0,10,10,3,"{""TOMATO"": 11, ""STRAWBERRY"": 29, ""WHEAT"": 12, ""MELON"": 1}","{""COW"": 9, ""GOOSE"": 6, ""SHEEP"": 3}",0,19
472,19,16,1,49582.0,11,11,3,"{""STRAWBERRY"": 21, ""TOMATO"": 20, ""WHEAT"": 17}","{""COW"": 10, ""SHEEP"": 4}",1,58
473,19,17,0,48292.0,10,10,3,"{""TOMATO"": 11, ""STRAWBERRY"": 29, ""WHEAT"": 14, ""MELON"": 1}","{""COW"": 9, ""GOOSE"": 6, ""SHEEP"": 3}",0,19
473,19,17,1,49572.0,11,11,3,"{""STRAWBERRY"": 21, ""TOMATO"": 20, ""WHEAT"": 16}","{""COW"": 10, ""SHEEP"": 4}",0,64
474,19,18,0,49020.0,10,10,3,"{""TOMATO"": 11, ""STRAWBERRY"": 29, ""WHEAT"": 14, ""MELON"": 1}","{""COW"": 9, ""GOOSE"": 6, ""SHEEP"": 3}",0,9
474,19,18,1,50006.0,11,11,3,"{""STRAWBERRY"": 21, ""TOMATO"": 20, ""WHEAT"": 18}","{""COW"": 10, ""SHEEP"": 4}",0,60
475,19,19,0,49404.0,10,10,3,"{""TOMATO"": 11, ""STRAWBERRY"": 29, ""WHEAT"": 14, ""MELON"": 1}","{""COW"": 9, ""GOOSE"": 6, ""SHEEP"": 3}",0,9
475,19,19,1,49996.0,11,11,3,"{""STRAWBERRY"": 21, ""TOMATO"": 20, ""WHEAT"": 17}","{""COW"": 10, ""SHEEP"": 4}",0,60
476,19,20,0,49404.0,10,10,3,"{""TOMATO"": 11, ""STRAWBERRY"": 29, ""WHEAT"": 14, ""MELON"": 1}","{""COW"": 9, ""GOOSE"": 6, ""SHEEP"": 3}",0,9
476,19,20,1,49986.0,11,11,3,"{""STRAWBERRY"": 21, ""TOMATO"": 21, ""WHEAT"": 17}","{""COW"": 10, ""SHEEP"": 4}",0,60
477,19,21,0,49404.0,10,10,3,"{""TOMATO"": 11, ""STRAWBERRY"": 29, ""WHEAT"": 14, ""MELON"": 1}","{""COW"": 9, ""GOOSE"": 6, ""SHEEP"": 3}",0,13
477,19,21,1,49986.0,11,11,3,"{""STRAWBERRY"": 20, ""TOMATO"": 21, ""WHEAT"": 16}","{""COW"": 10, ""SHEEP"": 4}",0,60
478,19,22,0,49819.0,10,10,3,"{""TOMATO"": 11, ""STRAWBERRY"": 29, ""WHEAT"": 14, ""MELON"": 1}","{""COW"": 9, ""GOOSE"": 6, ""SHEEP"": 3}",0,9
478,19,22,1,50294.0,11,11,3,"{""STRAWBERRY"": 20, ""TOMATO"": 22, ""WHEAT"": 16}","{""COW"": 10, ""SHEEP"": 4}",0,56
479,19,23,0,49819.0,10,10,3,"{""TOMATO"": 12, ""STRAWBERRY"": 29, ""WHEAT"": 14, ""MELON"": 1}","{""COW"": 9, ""GOOSE"": 6, ""SHEEP"": 3}",0,9
479,19,23,1,51248.0,11,11,3,"{""STRAWBERRY"": 20, ""TOMATO"": 22, ""WHEAT"": 17}","{""COW"": 10, ""SHEEP"": 4}",0,42
480,20,0,0,49913.0,0,0,3,"{""TOMATO"": 12, ""STRAWBERRY"": 29, ""WHEAT"": 14, ""MELON"": 1}","{""COW"": 9, ""GOOSE"": 6, ""SHEEP"": 3}",0,65
480,20,0,1,51248.0,0,0,3,"{""STRAWBERRY"": 20, ""TOMATO"": 22, ""WHEAT"": 17}","{""COW"": 10, ""SHEEP"": 4}",0,100
481,20,1,0,49885.0,8,8,3,"{""TOMATO"": 11, ""STRAWBERRY"": 29, ""WHEAT"": 14, ""MELON"": 1}","{""COW"": 9, ""GOOSE"": 6, ""SHEEP"": 3}",1,64
481,20,1,1,51842.0,8,8,3,"{""TOMATO"": 22, ""STRAWBERRY"": 19, ""WHEAT"": 17}","{""COW"": 10, ""SHEEP"": 4}",1,90
482,20,2,0,50758.0,11,11,3,"{""TOMATO"": 11, ""STRAWBERRY"": 29, ""WHEAT"": 14, ""MELON"": 1}","{""COW"": 9, ""GOOSE"": 6, ""SHEEP"": 3}",1,30
482,20,2,1,51828.0,11,11,3,"{""TOMATO"": 22, ""STRAWBERRY"": 19, ""WHEAT"": 17}","{""COW"": 10, ""SHEEP"": 4}",1,85
483,20,3,0,50758.0,11,11,3,"{""TOMATO"": 11, ""STRAWBERRY"": 29, ""WHEAT"": 14, ""MELON"": 1}","{""COW"": 9, ""GOOSE"": 6, ""SHEEP"": 3}",1,24
483,20,3,1,52440.0,11,11,3,"{""TOMATO"": 22, ""STRAWBERRY"": 19, ""WHEAT"": 17}","{""COW"": 10, ""SHEEP"": 4}",1,78
484,20,4,0,50758.0,11,11,3,"{""TOMATO"": 11, ""STRAWBERRY"": 29, ""WHEAT"": 14, ""MELON"": 1}","{""COW"": 9, ""GOOSE"": 6, ""SHEEP"": 3}",1,24
484,20,4,1,52440.0,11,11,3,"{""TOMATO"": 22, ""STRAWBERRY"": 19, ""WHEAT"": 17}","{""COW"": 10, ""SHEEP"": 4}",1,75
485,20,5,0,50850.0,11,11,3,"{""TOMATO"": 11, ""STRAWBERRY"": 29, ""WHEAT"": 14, ""MELON"": 1}","{""COW"": 9, ""GOOSE"": 6, ""SHEEP"": 3}",1,22
485,20,5,1,52809.0,11,11,3,"{""TOMATO"": 22, ""STRAWBERRY"": 19, ""WHEAT"": 17}","{""COW"": 10, ""SHEEP"": 4}",1,66
486,20,6,0,51077.0,11,11,3,"{""TOMATO"": 11, ""STRAWBERRY"": 29, ""WHEAT"": 14, ""MELON"": 1}","{""COW"": 9, ""GOOSE"": 6, ""SHEEP"": 3}",1,17
486,20,6,1,52866.0,11,11,3,"{""TOMATO"": 22, ""STRAWBERRY"": 19, ""WHEAT"": 15}","{""COW"": 10, ""SHEEP"": 4}",1,65
487,20,7,0,51077.0,11,11,3,"{""TOMATO"": 11, ""STRAWBERRY"": 29, ""WHEAT"": 14, ""MELON"": 1}","{""COW"": 9, ""GOOSE"": 6, ""SHEEP"": 3}",1,17
487,20,7,1,53143.0,11,11,3,"{""TOMATO"": 22, ""STRAWBERRY"": 19, ""WHEAT"": 17}","{""COW"": 10, ""SHEEP"": 4}",1,58
488,20,8,0,51077.0,11,11,3,"{""TOMATO"": 11, ""STRAWBERRY"": 29, ""WHEAT"": 14, ""MELON"": 1}","{""COW"": 9, ""GOOSE"": 6, ""SHEEP"": 3}",1,17
488,20,8,1,53143.0,11,11,3,"{""TOMATO"": 22, ""STRAWBERRY"": 19, ""WHEAT"": 17}","{""COW"": 10, ""SHEEP"": 4}",1,58
489,20,9,0,51077.0,11,11,3,"{""TOMATO"": 11, ""STRAWBERRY"": 29, ""WHEAT"": 14, ""MELON"": 1}","{""COW"": 9, ""GOOSE"": 6, ""SHEEP"": 3}",1,17
489,20,9,1,53143.0,11,11,3,"{""TOMATO"": 22, ""STRAWBERRY"": 19, ""WHEAT"": 17}","{""COW"": 10, ""SHEEP"": 4}",1,58
490,20,10,0,51077.0,11,11,3,"{""TOMATO"": 11, ""STRAWBERRY"": 29, ""WHEAT"": 14, ""MELON"": 1}","{""COW"": 9, ""GOOSE"": 6, ""SHEEP"": 3}",1,17
490,20,10,1,53202.0,11,11,3,"{""TOMATO"": 22, ""STRAWBERRY"": 19, ""WHEAT"": 17}","{""COW"": 10, ""SHEEP"": 4}",1,57
491,20,11,0,51077.0,11,11,3,"{""TOMATO"": 11, ""STRAWBERRY"": 29, ""WHEAT"": 14, ""MELON"": 1}","{""COW"": 9, ""GOOSE"": 6, ""SHEEP"": 3}",1,17
491,20,11,1,53202.0,11,11,3,"{""TOMATO"": 22, ""STRAWBERRY"": 19, ""WHEAT"": 16}","{""COW"": 10, ""SHEEP"": 4}",1,57
492,20,12,0,51077.0,11,11,3,"{""TOMATO"": 11, ""STRAWBERRY"": 29, ""WHEAT"": 14, ""MELON"": 1}","{""COW"": 9, ""GOOSE"": 6, ""SHEEP"": 3}",1,17
492,20,12,1,53356.0,11,11,3,"{""TOMATO"": 22, ""STRAWBERRY"": 18, ""WHEAT"": 17}","{""COW"": 10, ""SHEEP"": 4}",1,53
493,20,13,0,51330.0,11,11,3,"{""TOMATO"": 11, ""STRAWBERRY"": 29, ""WHEAT"": 14, ""MELON"": 1}","{""COW"": 9, ""GOOSE"": 6, ""SHEEP"": 3}",1,17
493,20,13,1,53346.0,11,11,3,"{""TOMATO"": 22, ""STRAWBERRY"": 18, ""WHEAT"": 18}","{""COW"": 10, ""SHEEP"": 4}",1,66
494,20,14,0,51437.0,11,11,3,"{""TOMATO"": 11, ""STRAWBERRY"": 29, ""WHEAT"": 13, ""MELON"": 1}","{""COW"": 9, ""GOOSE"": 6, ""SHEEP"": 3}",1,17
494,20,14,1,53653.0,11,11,3,"{""TOMATO"": 22, ""STRAWBERRY"": 17, ""WHEAT"": 18}","{""COW"": 10, ""SHEEP"": 4}",1,60
495,20,15,0,51482.0,11,11,3,"{""TOMATO"": 11, ""STRAWBERRY"": 29, ""WHEAT"": 14, ""MELON"": 1}","{""COW"": 9, ""GOOSE"": 6, ""SHEEP"": 3}",1,17
495,20,15,1,53643.0,11,11,3,"{""TOMATO"": 22, ""WHEAT"": 19, ""STRAWBERRY"": 16}","{""COW"": 10, ""SHEEP"": 4}",1,60
496,20,16,0,51482.0,11,11,3,"{""TOMATO"": 11, ""STRAWBERRY"": 29, ""WHEAT"": 14, ""MELON"": 1}","{""COW"": 9, ""GOOSE"": 6, ""SHEEP"": 3}",1,17
496,20,16,1,53633.0,11,11,3,"{""TOMATO"": 22, ""WHEAT"": 20, ""STRAWBERRY"": 16}","{""COW"": 10, ""SHEEP"": 4}",1,60
497,20,17,0,51372.0,11,11,3,"{""TOMATO"": 11, ""STRAWBERRY"": 28, ""WHEAT"": 13, ""MELON"": 1}","{""COW"": 9, ""GOOSE"": 6, ""SHEEP"": 3}",1,17
497,20,17,1,53623.0,11,11,3,"{""TOMATO"": 22, ""WHEAT"": 20, ""STRAWBERRY"": 16}","{""COW"": 10, ""SHEEP"": 4}",0,60
498,20,18,0,51322.0,11,11,3,"{""TOMATO"": 13, ""STRAWBERRY"": 28, ""WHEAT"": 13, ""MELON"": 1}","{""COW"": 9, ""GOOSE"": 6, ""SHEEP"": 3}",1,17
498,20,18,1,53613.0,11,11,3,"{""WHEAT"": 22, ""TOMATO"": 22, ""STRAWBERRY"": 15}","{""COW"": 10, ""SHEEP"": 4}",0,60
499,20,19,0,51322.0,11,11,3,"{""TOMATO"": 13, ""STRAWBERRY"": 28, ""WHEAT"": 13, ""MELON"": 1}","{""COW"": 9, ""GOOSE"": 6, ""SHEEP"": 3}",1,17
499,20,19,1,53603.0,11,11,3,"{""WHEAT"": 23, ""TOMATO"": 22, ""STRAWBERRY"": 15}","{""COW"": 10, ""SHEEP"": 4}",0,66
500,20,20,0,51322.0,11,11,3,"{""TOMATO"": 13, ""STRAWBERRY"": 28, ""WHEAT"": 13, ""MELON"": 1}","{""COW"": 9, ""GOOSE"": 6, ""SHEEP"": 3}",1,17
500,20,20,1,53770.0,11,11,3,"{""WHEAT"": 23, ""TOMATO"": 22, ""STRAWBERRY"": 14}","{""COW"": 10, ""SHEEP"": 4}",0,62
501,20,21,0,51322.0,11,11,3,"{""TOMATO"": 13, ""STRAWBERRY"": 28, ""WHEAT"": 13, ""MELON"": 1}","{""COW"": 9, ""GOOSE"": 6, ""SHEEP"": 3}",1,17
501,20,21,1,53760.0,11,11,3,"{""WHEAT"": 23, ""TOMATO"": 21, ""STRAWBERRY"": 14}","{""COW"": 10, ""SHEEP"": 4}",0,62
502,20,22,0,51322.0,11,11,3,"{""TOMATO"": 13, ""STRAWBERRY"": 28, ""WHEAT"": 12, ""MELON"": 1}","{""COW"": 9, ""GOOSE"": 6, ""SHEEP"": 3}",1,17
502,20,22,1,54242.0,11,11,3,"{""WHEAT"": 25, ""TOMATO"": 21, ""STRAWBERRY"": 14}","{""COW"": 10, ""SHEEP"": 4}",0,54
503,20,23,0,51374.0,11,11,3,"{""TOMATO"": 13, ""STRAWBERRY"": 28, ""WHEAT"": 13, ""MELON"": 1}","{""COW"": 9, ""GOOSE"": 6, ""SHEEP"": 3}",1,16
503,20,23,1,54367.0,11,11,3,"{""WHEAT"": 25, ""TOMATO"": 21, ""STRAWBERRY"": 14}","{""COW"": 10, ""SHEEP"": 4}",0,51
504,21,0,0,51374.0,0,0,3,"{""TOMATO"": 13, ""STRAWBERRY"": 26, ""WHEAT"": 13, ""MELON"": 1}","{""COW"": 9, ""GOOSE"": 6, ""SHEEP"": 3}",1,75
504,21,0,1,54367.0,0,0,3,"{""WHEAT"": 25, ""TOMATO"": 21, ""STRAWBERRY"": 14}","{""COW"": 10, ""SHEEP"": 4}",0,100
505,21,1,0,52004.0,7,7,3,"{""TOMATO"": 13, ""STRAWBERRY"": 26, ""WHEAT"": 13, ""MELON"": 1}","{""COW"": 9, ""GOOSE"": 6, ""SHEEP"": 3}",1,53
505,21,1,1,54669.0,8,8,3,"{""WHEAT"": 25, ""TOMATO"": 20, ""STRAWBERRY"": 14}","{""COW"": 10, ""SHEEP"": 4}",1,92
506,21,2,0,51795.0,12,12,3,"{""TOMATO"": 13, ""STRAWBERRY"": 26, ""WHEAT"": 13, ""MELON"": 1}","{""COW"": 9, ""GOOSE"": 6, ""SHEEP"": 3}",1,34
506,21,2,1,53768.0,11,11,3,"{""WHEAT"": 25, ""TOMATO"": 20, ""STRAWBERRY"": 14}","{""COW"": 10, ""SHEEP"": 4}",1,96
507,21,3,0,51879.0,12,12,3,"{""TOMATO"": 13, ""STRAWBERRY"": 26, ""WHEAT"": 13, ""MELON"": 1}","{""COW"": 9, ""GOOSE"": 6, ""SHEEP"": 3}",1,27
507,21,3,1,53768.0,11,11,3,"{""WHEAT"": 25, ""TOMATO"": 20, ""STRAWBERRY"": 14}","{""COW"": 10, ""SHEEP"": 4}",1,94
508,21,4,0,51879.0,12,12,3,"{""TOMATO"": 13, ""STRAWBERRY"": 26, ""WHEAT"": 13, ""MELON"": 1}","{""COW"": 9, ""GOOSE"": 6, ""SHEEP"": 3}",1,27
508,21,4,1,53768.0,11,11,3,"{""WHEAT"": 25, ""TOMATO"": 20, ""STRAWBERRY"": 14}","{""COW"": 10, ""SHEEP"": 4}",1,94
509,21,5,0,51875.0,12,12,3,"{""TOMATO"": 13, ""STRAWBERRY"": 26, ""WHEAT"": 12, ""MELON"": 1}","{""COW"": 9, ""GOOSE"": 6, ""SHEEP"": 3}",1,27
509,21,5,1,53768.0,11,11,3,"{""WHEAT"": 24, ""TOMATO"": 20, ""STRAWBERRY"": 14}","{""COW"": 10, ""SHEEP"": 4}",1,94
510,21,6,0,52466.0,12,12,3,"{""TOMATO"": 13, ""STRAWBERRY"": 26, ""WHEAT"": 12, ""MELON"": 1}","{""COW"": 9, ""GOOSE"": 6, ""SHEEP"": 3}",1,27
510,21,6,1,53758.0,11,11,3,"{""WHEAT"": 24, ""TOMATO"": 20, ""STRAWBERRY"": 14}","{""COW"": 10, ""SHEEP"": 4}",1,94
511,21,7,0,52508.0,12,12,3,"{""TOMATO"": 13, ""STRAWBERRY"": 26, ""WHEAT"": 12, ""MELON"": 1}","{""COW"": 9, ""GOOSE"": 6, ""SHEEP"": 3}",1,27
511,21,7,1,54126.0,11,11,3,"{""WHEAT"": 25, ""TOMATO"": 20, ""STRAWBERRY"": 14}","{""COW"": 10, ""SHEEP"": 4}",1,85
512,21,8,0,52498.0,12,12,3,"{""TOMATO"": 13, ""STRAWBERRY"": 26, ""WHEAT"": 11, ""MELON"": 1}","{""COW"": 9, ""GOOSE"": 6, ""SHEEP"": 3}",1,27
512,21,8,1,54126.0,11,11,3,"{""WHEAT"": 25, ""TOMATO"": 20, ""STRAWBERRY"": 14}","{""COW"": 10, ""SHEEP"": 4}",1,85
513,21,9,0,52831.0,12,12,3,"{""TOMATO"": 13, ""STRAWBERRY"": 26, ""WHEAT"": 12, ""MELON"": 1}","{""COW"": 9, ""GOOSE"": 6, ""SHEEP"": 3}",1,27
513,21,9,1,54126.0,11,11,3,"{""WHEAT"": 25, ""TOMATO"": 20, ""STRAWBERRY"": 14}","{""COW"": 10, ""SHEEP"": 4}",1,85
514,21,10,0,52831.0,12,12,3,"{""TOMATO"": 13, ""STRAWBERRY"": 25, ""CARROT"": 1, ""WHEAT"": 12, ""MELON"": 1}","{""COW"": 9, ""GOOSE"": 6, ""SHEEP"": 3}",1,27
514,21,10,1,54126.0,11,11,3,"{""WHEAT"": 24, ""TOMATO"": 20, ""STRAWBERRY"": 14}","{""COW"": 10, ""SHEEP"": 4}",1,85
515,21,11,0,53033.0,12,12,3,"{""TOMATO"": 13, ""STRAWBERRY"": 25, ""WHEAT"": 12, ""CARROT"": 1, ""MELON"": 1}","{""COW"": 9, ""GOOSE"": 6, ""SHEEP"": 3}",1,23
515,21,11,1,54368.0,11,11,3,"{""WHEAT"": 23, ""TOMATO"": 20, ""STRAWBERRY"": 14, ""CARROT"": 1}","{""COW"": 10, ""SHEEP"": 4}",1,79
516,21,12,0,53033.0,12,12,3,"{""TOMATO"": 13, ""STRAWBERRY"": 25, ""WHEAT"": 13, ""CARROT"": 1, ""MELON"": 1}","{""COW"": 9, ""GOOSE"": 6, ""SHEEP"": 3}",1,23
516,21,12,1,54999.0,11,11,3,"{""WHEAT"": 24, ""TOMATO"": 20, ""STRAWBERRY"": 14, ""CARROT"": 1}","{""COW"": 10, ""SHEEP"": 4}",1,70
517,21,13,0,53033.0,12,12,3,"{""TOMATO"": 13, ""STRAWBERRY"": 25, ""WHEAT"": 13, ""CARROT"": 1, ""MELON"": 1}","{""COW"": 9, ""GOOSE"": 6, ""SHEEP"": 3}",1,23
517,21,13,1,54989.0,11,11,3,"{""WHEAT"": 24, ""TOMATO"": 20, ""STRAWBERRY"": 14, ""CARROT"": 1}","{""COW"": 10, ""SHEEP"": 4}",1,70
518,21,14,0,53494.0,12,12,3,"{""TOMATO"": 13, ""STRAWBERRY"": 24, ""WHEAT"": 12, ""CARROT"": 1, ""MELON"": 1}","{""COW"": 9, ""GOOSE"": 6, ""SHEEP"": 3}",1,14
518,21,14,1,54979.0,11,11,3,"{""WHEAT"": 23, ""TOMATO"": 20, ""STRAWBERRY"": 14, ""CARROT"": 1}","{""COW"": 10, ""SHEEP"": 4}",0,70
519,21,15,0,53546.0,12,12,3,"{""TOMATO"": 13, ""STRAWBERRY"": 23, ""WHEAT"": 14, ""CARROT"": 1, ""MELON"": 1}","{""COW"": 9, ""GOOSE"": 6, ""SHEEP"": 3}",1,13
519,21,15,1,54969.0,11,11,3,"{""WHEAT"": 23, ""TOMATO"": 20, ""STRAWBERRY"": 13, ""CARROT"": 2}","{""COW"": 10, ""SHEEP"": 4}",0,70
520,21,16,0,53546.0,12,12,3,"{""TOMATO"": 13, ""STRAWBERRY"": 23, ""WHEAT"": 15, ""CARROT"": 1, ""MELON"": 1}","{""COW"": 9, ""GOOSE"": 6, ""SHEEP"": 3}",1,13
520,21,16,1,54959.0,11,11,3,"{""WHEAT"": 23, ""TOMATO"": 20, ""STRAWBERRY"": 13, ""CARROT"": 4}","{""COW"": 10, ""SHEEP"": 4}",0,70
521,21,17,0,53536.0,12,12,3,"{""TOMATO"": 13, ""WHEAT"": 14, ""STRAWBERRY"": 22, ""CARROT"": 1, ""MELON"": 1}","{""COW"": 9, ""GOOSE"": 6, ""SHEEP"": 3}",1,13
521,21,17,1,54949.0,11,11,3,"{""WHEAT"": 23, ""TOMATO"": 20, ""STRAWBERRY"": 12, ""CARROT"": 4}","{""COW"": 10, ""SHEEP"": 4}",0,82
522,21,18,0,53996.0,12,12,3,"{""TOMATO"": 14, ""WHEAT"": 14, ""STRAWBERRY"": 22, ""CARROT"": 1, ""MELON"": 1}","{""COW"": 9, ""GOOSE"": 6, ""SHEEP"": 3}",1,3
522,21,18,1,54939.0,11,11,3,"{""WHEAT"": 24, ""TOMATO"": 20, ""STRAWBERRY"": 12, ""CARROT"": 4}","{""COW"": 10, ""SHEEP"": 4}",0,82
523,21,19,0,53996.0,12,12,3,"{""TOMATO"": 14, ""WHEAT"": 16, ""STRAWBERRY"": 21, ""CARROT"": 1, ""MELON"": 1}","{""COW"": 9, ""GOOSE"": 6, ""SHEEP"": 3}",1,3
523,21,19,1,54939.0,11,11,3,"{""WHEAT"": 24, ""TOMATO"": 20, ""STRAWBERRY"": 12, ""CARROT"": 4}","{""COW"": 10, ""SHEEP"": 4}",0,94
524,21,20,0,53996.0,12,12,3,"{""TOMATO"": 14, ""WHEAT"": 17, ""STRAWBERRY"": 21, ""CARROT"": 1, ""MELON"": 1}","{""COW"": 9, ""GOOSE"": 6, ""SHEEP"": 3}",1,3
524,21,20,1,54939.0,11,11,3,"{""WHEAT"": 24, ""TOMATO"": 20, ""STRAWBERRY"": 12, ""CARROT"": 4}","{""COW"": 10, ""SHEEP"": 4}",0,94
525,21,21,0,53986.0,12,12,3,"{""TOMATO"": 14, ""WHEAT"": 16, ""STRAWBERRY"": 20, ""CARROT"": 1, ""MELON"": 1}","{""COW"": 9, ""GOOSE"": 6, ""SHEEP"": 3}",1,3
525,21,21,1,55863.0,11,11,3,"{""WHEAT"": 23, ""TOMATO"": 20, ""STRAWBERRY"": 11, ""CARROT"": 4}","{""COW"": 10, ""SHEEP"": 4}",0,72
526,21,22,0,54142.0,12,12,3,"{""TOMATO"": 14, ""WHEAT"": 19, ""STRAWBERRY"": 19, ""CARROT"": 1, ""MELON"": 1}","{""COW"": 9, ""GOOSE"": 6, ""SHEEP"": 3}",1,0
526,21,22,1,56361.0,11,11,3,"{""WHEAT"": 24, ""TOMATO"": 20, ""STRAWBERRY"": 11, ""CARROT"": 5}","{""COW"": 10, ""SHEEP"": 4}",0,64
527,21,23,0,54347.0,12,12,3,"{""TOMATO"": 14, ""WHEAT"": 21, ""STRAWBERRY"": 19, ""CARROT"": 1, ""MELON"": 1}","{""COW"": 9, ""GOOSE"": 6, ""SHEEP"": 3}",1,0
527,21,23,1,56847.0,11,11,3,"{""WHEAT"": 24, ""TOMATO"": 20, ""STRAWBERRY"": 11, ""CARROT"": 5}","{""COW"": 10, ""SHEEP"": 4}",0,58
528,22,0,0,54347.0,0,0,3,"{""TOMATO"": 14, ""WHEAT"": 21, ""STRAWBERRY"": 18, ""CARROT"": 1, ""MELON"": 1}","{""COW"": 9, ""GOOSE"": 6, ""SHEEP"": 3}",0,92
528,22,0,1,56847.0,0,0,3,"{""WHEAT"": 24, ""TOMATO"": 19, ""STRAWBERRY"": 11, ""CARROT"": 5}","{""COW"": 8, ""SHEEP"": 1}",1,90
529,22,1,0,55581.0,8,8,3,"{""TOMATO"": 14, ""WHEAT"": 21, ""STRAWBERRY"": 18, ""CARROT"": 1, ""MELON"": 1}","{""COW"": 9, ""GOOSE"": 6, ""SHEEP"": 3}",0,64
529,22,1,1,56960.0,8,8,3,"{""WHEAT"": 24, ""TOMATO"": 18, ""STRAWBERRY"": 11, ""CARROT"": 5}","{""COW"": 8, ""SHEEP"": 1}",2,84
530,22,2,0,55850.0,11,11,3,"{""TOMATO"": 14, ""WHEAT"": 21, ""STRAWBERRY"": 18, ""CARROT"": 1, ""MELON"": 1}","{""COW"": 9, ""GOOSE"": 6, ""SHEEP"": 3}",0,34
530,22,2,1,56375.0,11,11,3,"{""WHEAT"": 24, ""TOMATO"": 18, ""STRAWBERRY"": 11, ""CARROT"": 5}","{""COW"": 8, ""SHEEP"": 1}",2,85
531,22,3,0,55928.0,11,11,3,"{""TOMATO"": 14, ""WHEAT"": 21, ""STRAWBERRY"": 18, ""CARROT"": 1, ""MELON"": 1}","{""COW"": 9, ""GOOSE"": 6, ""SHEEP"": 3}",0,26
531,22,3,1,57348.0,11,11,3,"{""WHEAT"": 24, ""TOMATO"": 18, ""STRAWBERRY"": 11, ""CARROT"": 5}","{""COW"": 8, ""SHEEP"": 1}",2,78
532,22,4,0,55970.0,11,11,3,"{""TOMATO"": 14, ""WHEAT"": 21, ""STRAWBERRY"": 18, ""CARROT"": 2, ""MELON"": 1}","{""COW"": 9, ""GOOSE"": 6, ""SHEEP"": 3}",0,24
532,22,4,1,57348.0,11,11,3,"{""WHEAT"": 24, ""TOMATO"": 18, ""STRAWBERRY"": 11, ""CARROT"": 5}","{""COW"": 8, ""SHEEP"": 1}",2,75
533,22,5,0,56018.0,11,11,3,"{""TOMATO"": 14, ""WHEAT"": 21, ""STRAWBERRY"": 18, ""CARROT"": 2, ""MELON"": 1}","{""COW"": 9, ""GOOSE"": 6, ""SHEEP"": 3}",0,21
533,22,5,1,57348.0,11,11,3,"{""WHEAT"": 23, ""TOMATO"": 18, ""STRAWBERRY"": 11, ""CARROT"": 5}","{""COW"": 8, ""SHEEP"": 1}",2,75
534,22,6,0,56071.0,11,11,3,"{""TOMATO"": 14, ""WHEAT"": 21, ""STRAWBERRY"": 18, ""CARROT"": 2, ""MELON"": 1}","{""COW"": 9, ""GOOSE"": 6, ""SHEEP"": 3}",0,17
534,22,6,1,57348.0,11,11,3,"{""WHEAT"": 23, ""TOMATO"": 18, ""STRAWBERRY"": 11, ""CARROT"": 5}","{""COW"": 8, ""SHEEP"": 1}",2,75
535,22,7,0,56087.0,11,11,3,"{""TOMATO"": 14, ""WHEAT"": 21, ""STRAWBERRY"": 18, ""CARROT"": 2, ""MELON"": 1}","{""COW"": 9, ""GOOSE"": 6, ""SHEEP"": 3}",0,15
535,22,7,1,57506.0,11,11,3,"{""WHEAT"": 24, ""TOMATO"": 18, ""STRAWBERRY"": 10, ""CARROT"": 5}","{""COW"": 8, ""SHEEP"": 1}",2,71
536,22,8,0,56487.0,11,11,3,"{""TOMATO"": 14, ""WHEAT"": 21, ""STRAWBERRY"": 18, ""CARROT"": 2, ""MELON"": 1}","{""COW"": 9, ""GOOSE"": 6, ""SHEEP"": 3}",0,15
536,22,8,1,57496.0,11,11,3,"{""WHEAT"": 25, ""TOMATO"": 18, ""STRAWBERRY"": 9, ""CARROT"": 5}","{""COW"": 8, ""SHEEP"": 1}",2,71
537,22,9,0,56487.0,11,11,3,"{""TOMATO"": 14, ""WHEAT"": 21, ""STRAWBERRY"": 18, ""CARROT"": 2, ""MELON"": 1}","{""COW"": 9, ""GOOSE"": 6, ""SHEEP"": 3}",0,15
537,22,9,1,57486.0,11,11,3,"{""WHEAT"": 25, ""TOMATO"": 18, ""STRAWBERRY"": 9, ""CARROT"": 5}","{""COW"": 8, ""SHEEP"": 1}",2,69
538,22,10,0,56843.0,11,11,3,"{""TOMATO"": 14, ""WHEAT"": 20, ""STRAWBERRY"": 18, ""CARROT"": 2, ""MELON"": 1}","{""COW"": 9, ""GOOSE"": 6, ""SHEEP"": 3}",0,15
538,22,10,1,57632.0,11,11,3,"{""WHEAT"": 24, ""TOMATO"": 18, ""STRAWBERRY"": 9, ""CARROT"": 6}","{""COW"": 8, ""SHEEP"": 1}",2,67
539,22,11,0,57149.0,11,11,3,"{""TOMATO"": 14, ""WHEAT"": 20, ""STRAWBERRY"": 18, ""CARROT"": 3, ""MELON"": 1}","{""COW"": 9, ""GOOSE"": 6, ""SHEEP"": 3}",0,15
539,22,11,1,57622.0,11,11,3,"{""WHEAT"": 25, ""TOMATO"": 18, ""STRAWBERRY"": 9, ""CARROT"": 6}","{""COW"": 8, ""SHEEP"": 1}",2,74
540,22,12,0,57149.0,11,11,3,"{""TOMATO"": 14, ""WHEAT"": 20, ""STRAWBERRY"": 17, ""CARROT"": 3, ""MELON"": 1}","{""COW"": 9, ""GOOSE"": 6, ""SHEEP"": 3}",0,15
540,22,12,1,57612.0,11,11,3,"{""WHEAT"": 25, ""TOMATO"": 18, ""STRAWBERRY"": 8, ""CARROT"": 6}","{""COW"": 8, ""SHEEP"": 1}",2,74
541,22,13,0,57149.0,11,11,3,"{""TOMATO"": 14, ""WHEAT"": 21, ""STRAWBERRY"": 17, ""CARROT"": 3, ""MELON"": 1}","{""COW"": 9, ""GOOSE"": 6, ""SHEEP"": 3}",0,15
541,22,13,1,57602.0,11,11,3,"{""WHEAT"": 27, ""TOMATO"": 18, ""STRAWBERRY"": 7, ""CARROT"": 6}","{""COW"": 8, ""SHEEP"": 1}",2,74
542,22,14,0,57149.0,11,11,3,"{""TOMATO"": 14, ""WHEAT"": 21, ""STRAWBERRY"": 17, ""CARROT"": 3, ""MELON"": 1}","{""COW"": 9, ""GOOSE"": 6, ""SHEEP"": 3}",0,15
542,22,14,1,57592.0,11,11,3,"{""WHEAT"": 28, ""TOMATO"": 18, ""STRAWBERRY"": 7, ""CARROT"": 6}","{""COW"": 8, ""SHEEP"": 1}",2,74
543,22,15,0,57149.0,11,11,3,"{""TOMATO"": 14, ""WHEAT"": 21, ""STRAWBERRY"": 16, ""CARROT"": 3, ""MELON"": 1}","{""COW"": 9, ""GOOSE"": 6, ""SHEEP"": 3}",0,15
543,22,15,1,57582.0,11,11,3,"{""WHEAT"": 28, ""TOMATO"": 18, ""STRAWBERRY"": 7, ""CARROT"": 6}","{""COW"": 8, ""SHEEP"": 1}",2,74
544,22,16,0,57149.0,11,11,3,"{""TOMATO"": 14, ""WHEAT"": 22, ""STRAWBERRY"": 15, ""CARROT"": 3, ""MELON"": 1}","{""COW"": 9, ""GOOSE"": 6, ""SHEEP"": 3}",0,15
544,22,16,1,57582.0,11,11,3,"{""WHEAT"": 28, ""TOMATO"": 18, ""STRAWBERRY"": 6, ""CARROT"": 6}","{""COW"": 8, ""SHEEP"": 1}",1,74
545,22,17,0,57149.0,11,11,3,"{""TOMATO"": 14, ""WHEAT"": 23, ""STRAWBERRY"": 14, ""CARROT"": 3, ""MELON"": 1}","{""COW"": 9, ""GOOSE"": 6, ""SHEEP"": 3}",0,15
545,22,17,1,57572.0,11,11,3,"{""WHEAT"": 29, ""TOMATO"": 18, ""STRAWBERRY"": 6, ""CARROT"": 7}","{""COW"": 8, ""SHEEP"": 1}",1,74
546,22,18,0,57347.0,11,11,3,"{""TOMATO"": 14, ""WHEAT"": 23, ""STRAWBERRY"": 14, ""CARROT"": 3, ""MELON"": 1}","{""COW"": 9, ""GOOSE"": 6, ""SHEEP"": 3}",0,11
546,22,18,1,57574.0,11,11,3,"{""WHEAT"": 28, ""TOMATO"": 17, ""STRAWBERRY"": 6, ""CARROT"": 7}","{""COW"": 8, ""SHEEP"": 1}",1,72
547,22,19,0,57826.0,11,11,3,"{""TOMATO"": 14, ""WHEAT"": 24, ""STRAWBERRY"": 14, ""CARROT"": 3, ""MELON"": 1}","{""COW"": 9, ""GOOSE"": 6, ""SHEEP"": 3}",0,9
547,22,19,1,57648.0,11,11,3,"{""WHEAT"": 30, ""TOMATO"": 17, ""STRAWBERRY"": 6, ""CARROT"": 7}","{""COW"": 8, ""SHEEP"": 1}",1,70
548,22,20,0,57828.0,11,11,3,"{""TOMATO"": 14, ""WHEAT"": 24, ""STRAWBERRY"": 14, ""CARROT"": 3, ""MELON"": 1}","{""COW"": 9, ""GOOSE"": 6, ""SHEEP"": 3}",0,7
548,22,20,1,57648.0,11,11,3,"{""WHEAT"": 29, ""TOMATO"": 17, ""STRAWBERRY"": 6, ""CARROT"": 7}","{""COW"": 8, ""SHEEP"": 1}",1,70
549,22,21,0,57821.0,11,11,3,"{""TOMATO"": 14, ""WHEAT"": 23, ""STRAWBERRY"": 13, ""CARROT"": 3, ""MELON"": 1}","{""COW"": 9, ""GOOSE"": 6, ""SHEEP"": 3}",0,4
549,22,21,1,57638.0,11,11,3,"{""WHEAT"": 31, ""TOMATO"": 17, ""STRAWBERRY"": 6, ""CARROT"": 7}","{""COW"": 8, ""SHEEP"": 1}",1,70
550,22,22,0,58029.0,11,11,3,"{""TOMATO"": 14, ""WHEAT"": 24, ""STRAWBERRY"": 12, ""CARROT"": 4, ""MELON"": 1}","{""COW"": 9, ""GOOSE"": 6, ""SHEEP"": 3}",0,0
550,22,22,1,57937.0,11,11,3,"{""WHEAT"": 31, ""TOMATO"": 17, ""CARROT"": 7, ""STRAWBERRY"": 4}","{""COW"": 8, ""SHEEP"": 1}",0,73
551,22,23,0,58029.0,11,11,3,"{""TOMATO"": 14, ""WHEAT"": 25, ""STRAWBERRY"": 12, ""CARROT"": 4, ""MELON"": 1}","{""COW"": 9, ""GOOSE"": 6, ""SHEEP"": 3}",0,0
551,22,23,1,58598.0,11,11,3,"{""WHEAT"": 33, ""TOMATO"": 17, ""CARROT"": 7, ""STRAWBERRY"": 4}","{""COW"": 8, ""SHEEP"": 1}",0,60
552,23,0,0,58029.0,0,0,3,"{""TOMATO"": 14, ""WHEAT"": 25, ""STRAWBERRY"": 12, ""CARROT"": 4, ""MELON"": 1}","{""COW"": 9, ""GOOSE"": 6, ""SHEEP"": 1}",0,82
552,23,0,1,58600.0,0,0,3,"{""WHEAT"": 31, ""TOMATO"": 17, ""CARROT"": 7, ""STRAWBERRY"": 4}","{""COW"": 8, ""SHEEP"": 1}",2,100
553,23,1,0,58732.0,8,8,3,"{""TOMATO"": 14, ""WHEAT"": 25, ""STRAWBERRY"": 12, ""CARROT"": 4, ""MELON"": 1}","{""COW"": 9, ""GOOSE"": 6, ""SHEEP"": 1}",0,71
553,23,1,1,58633.0,8,8,3,"{""WHEAT"": 31, ""TOMATO"": 16, ""CARROT"": 7, ""STRAWBERRY"": 4}","{""COW"": 8, ""SHEEP"": 1}",3,100
554,23,2,0,58241.0,12,12,3,"{""TOMATO"": 14, ""WHEAT"": 25, ""STRAWBERRY"": 12, ""CARROT"": 4, ""MELON"": 1}","{""COW"": 9, ""GOOSE"": 6, ""SHEEP"": 1}",0,50
554,23,2,1,58320.0,11,11,3,"{""WHEAT"": 31, ""TOMATO"": 16, ""CARROT"": 7, ""STRAWBERRY"": 4}","{""COW"": 8, ""SHEEP"": 1}",3,87
555,23,3,0,58328.0,12,12,3,"{""TOMATO"": 14, ""WHEAT"": 25, ""STRAWBERRY"": 12, ""CARROT"": 4, ""MELON"": 1}","{""COW"": 9, ""GOOSE"": 6, ""SHEEP"": 1}",0,38
555,23,3,1,58575.0,11,11,3,"{""WHEAT"": 31, ""TOMATO"": 16, ""CARROT"": 7, ""STRAWBERRY"": 4}","{""COW"": 8, ""SHEEP"": 1}",3,82
556,23,4,0,58367.0,12,12,3,"{""TOMATO"": 14, ""WHEAT"": 25, ""STRAWBERRY"": 12, ""CARROT"": 4, ""MELON"": 1}","{""COW"": 9, ""GOOSE"": 6, ""SHEEP"": 1}",0,37
556,23,4,1,58575.0,11,11,3,"{""WHEAT"": 31, ""TOMATO"": 16, ""CARROT"": 7, ""STRAWBERRY"": 4}","{""COW"": 8, ""SHEEP"": 1}",3,80
557,23,5,0,58367.0,12,12,3,"{""TOMATO"": 14, ""WHEAT"": 25, ""STRAWBERRY"": 12, ""CARROT"": 4, ""MELON"": 1}","{""COW"": 9, ""GOOSE"": 6, ""SHEEP"": 1}",0,37
557,23,5,1,58575.0,11,11,3,"{""WHEAT"": 30, ""TOMATO"": 16, ""CARROT"": 7, ""STRAWBERRY"": 4}","{""COW"": 8, ""SHEEP"": 1}",4,80
558,23,6,0,58375.0,12,12,3,"{""TOMATO"": 14, ""WHEAT"": 25, ""STRAWBERRY"": 12, ""CARROT"": 5, ""MELON"": 1}","{""COW"": 9, ""GOOSE"": 6, ""SHEEP"": 1}",0,35
558,23,6,1,58575.0,11,11,3,"{""WHEAT"": 29, ""TOMATO"": 16, ""CARROT"": 7, ""STRAWBERRY"": 4}","{""COW"": 8, ""SHEEP"": 1}",4,80
559,23,7,0,58630.0,12,12,3,"{""TOMATO"": 14, ""WHEAT"": 25, ""STRAWBERRY"": 12, ""CARROT"": 5, ""MELON"": 1}","{""COW"": 9, ""GOOSE"": 6, ""SHEEP"": 1}",0,16
559,23,7,1,58649.0,11,11,3,"{""WHEAT"": 30, ""TOMATO"": 16, ""CARROT"": 7, ""STRAWBERRY"": 4}","{""COW"": 8, ""SHEEP"": 1}",4,78
560,23,8,0,58704.0,12,12,3,"{""TOMATO"": 14, ""WHEAT"": 25, ""STRAWBERRY"": 12, ""CARROT"": 5, ""MELON"": 1}","{""COW"": 9, ""GOOSE"": 6, ""SHEEP"": 1}",0,14
560,23,8,1,58639.0,11,11,3,"{""WHEAT"": 30, ""TOMATO"": 16, ""CARROT"": 7, ""STRAWBERRY"": 4}","{""COW"": 8, ""SHEEP"": 1}",4,78
561,23,9,0,58741.0,12,12,3,"{""TOMATO"": 14, ""WHEAT"": 25, ""STRAWBERRY"": 12, ""CARROT"": 5, ""MELON"": 1}","{""COW"": 9, ""GOOSE"": 6, ""SHEEP"": 1}",0,13
561,23,9,1,58639.0,11,11,3,"{""WHEAT"": 30, ""TOMATO"": 16, ""CARROT"": 7, ""STRAWBERRY"": 4}","{""COW"": 8, ""SHEEP"": 1}",4,78
562,23,10,0,58951.0,12,12,3,"{""TOMATO"": 14, ""WHEAT"": 25, ""STRAWBERRY"": 12, ""CARROT"": 5, ""MELON"": 1}","{""COW"": 9, ""GOOSE"": 6, ""SHEEP"": 1}",0,13
562,23,10,1,58778.0,11,11,3,"{""WHEAT"": 30, ""TOMATO"": 16, ""CARROT"": 7, ""STRAWBERRY"": 4}","{""COW"": 8, ""SHEEP"": 1}",4,75
563,23,11,0,59025.0,12,12,3,"{""TOMATO"": 14, ""WHEAT"": 25, ""STRAWBERRY"": 12, ""CARROT"": 5, ""MELON"": 1}","{""COW"": 9, ""GOOSE"": 6, ""SHEEP"": 1}",0,12
563,23,11,1,58778.0,11,11,3,"{""WHEAT"": 28, ""TOMATO"": 16, ""CARROT"": 7, ""STRAWBERRY"": 4}","{""COW"": 8, ""SHEEP"": 1}",4,75
564,23,12,0,59061.0,12,12,3,"{""TOMATO"": 14, ""WHEAT"": 25, ""STRAWBERRY"": 12, ""CARROT"": 5, ""MELON"": 1}","{""COW"": 9, ""GOOSE"": 6, ""SHEEP"": 1}",0,11
564,23,12,1,58811.0,11,11,3,"{""WHEAT"": 29, ""TOMATO"": 16, ""STRAWBERRY"": 4, ""CARROT"": 6}","{""COW"": 8, ""SHEEP"": 1}",4,74
565,23,13,0,59061.0,12,12,3,"{""TOMATO"": 14, ""WHEAT"": 25, ""STRAWBERRY"": 12, ""CARROT"": 5, ""MELON"": 1}","{""COW"": 9, ""GOOSE"": 6, ""SHEEP"": 1}",0,11
565,23,13,1,58681.0,11,11,3,"{""WHEAT"": 29, ""TOMATO"": 16, ""CARROT"": 8, ""STRAWBERRY"": 4}","{""COW"": 8, ""SHEEP"": 1}",4,74
566,23,14,0,59061.0,12,12,3,"{""TOMATO"": 14, ""WHEAT"": 25, ""STRAWBERRY"": 11, ""CARROT"": 5, ""MELON"": 1}","{""COW"": 9, ""GOOSE"": 6, ""SHEEP"": 1}",0,11
566,23,14,1,58809.0,11,11,3,"{""WHEAT"": 29, ""TOMATO"": 16, ""CARROT"": 8, ""STRAWBERRY"": 4}","{""COW"": 8, ""SHEEP"": 1}",4,72
567,23,15,0,59051.0,12,12,3,"{""TOMATO"": 14, ""WHEAT"": 24, ""STRAWBERRY"": 10, ""CARROT"": 7, ""MELON"": 1}","{""COW"": 9, ""GOOSE"": 6, ""SHEEP"": 1}",0,11
567,23,15,1,58809.0,11,11,3,"{""WHEAT"": 29, ""TOMATO"": 16, ""CARROT"": 8, ""STRAWBERRY"": 4}","{""COW"": 8, ""SHEEP"": 1}",4,72
568,23,16,0,59051.0,12,12,3,"{""TOMATO"": 14, ""WHEAT"": 24, ""STRAWBERRY"": 10, ""CARROT"": 9, ""MELON"": 1}","{""COW"": 9, ""GOOSE"": 6, ""SHEEP"": 1}",0,11
568,23,16,1,58809.0,11,11,3,"{""TOMATO"": 16, ""WHEAT"": 28, ""CARROT"": 8, ""STRAWBERRY"": 4}","{""COW"": 8, ""SHEEP"": 1}",4,72
569,23,17,0,59051.0,12,12,3,"{""TOMATO"": 14, ""WHEAT"": 24, ""CARROT"": 10, ""STRAWBERRY"": 10, ""MELON"": 1}","{""COW"": 9, ""GOOSE"": 6, ""SHEEP"": 1}",0,11
569,23,17,1,58799.0,11,11,3,"{""CARROT"": 9, ""TOMATO"": 16, ""WHEAT"": 28, ""STRAWBERRY"": 4}","{""COW"": 8, ""SHEEP"": 1}",3,72
570,23,18,0,59051.0,12,12,3,"{""TOMATO"": 14, ""WHEAT"": 24, ""CARROT"": 10, ""STRAWBERRY"": 10, ""MELON"": 1}","{""COW"": 9, ""GOOSE"": 6, ""SHEEP"": 1}",0,11
570,23,18,1,59020.0,11,11,3,"{""CARROT"": 10, ""TOMATO"": 16, ""WHEAT"": 27, ""STRAWBERRY"": 4}","{""COW"": 8, ""SHEEP"": 1}",2,68
571,23,19,0,59051.0,12,12,3,"{""TOMATO"": 14, ""WHEAT"": 24, ""CARROT"": 10, ""STRAWBERRY"": 10, ""MELON"": 1}","{""COW"": 9, ""GOOSE"": 6, ""SHEEP"": 1}",0,11
571,23,19,1,59063.0,11,11,3,"{""CARROT"": 12, ""TOMATO"": 16, ""WHEAT"": 27, ""STRAWBERRY"": 4}","{""COW"": 8, ""SHEEP"": 1}",2,73
572,23,20,0,58951.0,12,12,3,"{""TOMATO"": 14, ""WHEAT"": 24, ""CARROT"": 10, ""STRAWBERRY"": 8, ""MELON"": 1}","{""COW"": 9, ""GOOSE"": 6, ""SHEEP"": 1}",0,11
572,23,20,1,59171.0,11,11,3,"{""CARROT"": 12, ""TOMATO"": 16, ""WHEAT"": 27, ""STRAWBERRY"": 4}","{""COW"": 8, ""SHEEP"": 1}",1,70
573,23,21,0,58931.0,12,12,3,"{""TOMATO"": 14, ""WHEAT"": 23, ""CARROT"": 11, ""STRAWBERRY"": 8, ""MELON"": 1}","{""COW"": 9, ""GOOSE"": 6, ""SHEEP"": 1}",0,11
573,23,21,1,59171.0,11,11,3,"{""CARROT"": 12, ""TOMATO"": 16, ""WHEAT"": 27, ""STRAWBERRY"": 3}","{""COW"": 8, ""SHEEP"": 1}",1,70
574,23,22,0,58931.0,12,12,3,"{""TOMATO"": 14, ""WHEAT"": 24, ""CARROT"": 11, ""STRAWBERRY"": 8, ""MELON"": 1}","{""COW"": 9, ""GOOSE"": 6, ""SHEEP"": 1}",0,11
574,23,22,1,59449.0,11,11,3,"{""CARROT"": 14, ""TOMATO"": 16, ""WHEAT"": 27, ""STRAWBERRY"": 2}","{""COW"": 8, ""SHEEP"": 1}",1,72
575,23,23,0,58931.0,12,12,3,"{""TOMATO"": 14, ""WHEAT"": 24, ""CARROT"": 12, ""STRAWBERRY"": 8, ""MELON"": 1}","{""COW"": 9, ""GOOSE"": 6, ""SHEEP"": 1}",0,11
575,23,23,1,59918.0,11,11,3,"{""CARROT"": 14, ""TOMATO"": 16, ""WHEAT"": 28, ""STRAWBERRY"": 2}","{""COW"": 8, ""SHEEP"": 1}",1,64
576,24,0,0,58931.0,0,0,3,"{""TOMATO"": 14, ""WHEAT"": 23, ""CARROT"": 12, ""STRAWBERRY"": 7, ""MELON"": 1}","{""COW"": 9, ""GOOSE"": 6, ""SHEEP"": 1}",1,65
576,24,0,1,60460.0,0,0,3,"{""CARROT"": 13, ""TOMATO"": 16, ""WHEAT"": 28, ""STRAWBERRY"": 2}","{""COW"": 8, ""SHEEP"": 1}",2,92
577,24,1,0,59287.0,7,7,3,"{""TOMATO"": 14, ""WHEAT"": 23, ""CARROT"": 12, ""STRAWBERRY"": 7, ""MELON"": 1}","{""COW"": 9, ""GOOSE"": 6, ""SHEEP"": 1}",1,58
577,24,1,1,61060.0,8,8,3,"{""CARROT"": 13, ""TOMATO"": 16, ""WHEAT"": 28, ""STRAWBERRY"": 2}","{""COW"": 8, ""SHEEP"": 1}",2,81
578,24,2,0,59139.0,12,12,3,"{""TOMATO"": 14, ""WHEAT"": 23, ""CARROT"": 12, ""STRAWBERRY"": 7, ""MELON"": 1}","{""COW"": 9, ""GOOSE"": 6, ""SHEEP"": 1}",1,41
578,24,2,1,60767.0,11,11,3,"{""CARROT"": 13, ""TOMATO"": 16, ""WHEAT"": 28, ""STRAWBERRY"": 2}","{""COW"": 8, ""SHEEP"": 1}",2,73
579,24,3,0,59037.0,12,12,3,"{""TOMATO"": 14, ""WHEAT"": 23, ""CARROT"": 12, ""STRAWBERRY"": 7, ""MELON"": 1}","{""COW"": 9, ""GOOSE"": 6, ""SHEEP"": 1}",1,33
579,24,3,1,61413.0,11,11,3,"{""CARROT"": 13, ""TOMATO"": 16, ""WHEAT"": 28, ""STRAWBERRY"": 2}","{""COW"": 8, ""SHEEP"": 1}",2,66
580,24,4,0,59017.0,12,12,3,"{""TOMATO"": 14, ""WHEAT"": 23, ""CARROT"": 11, ""STRAWBERRY"": 7, ""MELON"": 1}","{""COW"": 9, ""GOOSE"": 6, ""SHEEP"": 1}",1,33
580,24,4,1,61413.0,11,11,3,"{""CARROT"": 13, ""TOMATO"": 16, ""WHEAT"": 28, ""STRAWBERRY"": 2}","{""COW"": 8, ""SHEEP"": 1}",2,64
581,24,5,0,59017.0,12,12,3,"{""TOMATO"": 14, ""WHEAT"": 23, ""CARROT"": 11, ""STRAWBERRY"": 7, ""MELON"": 1}","{""COW"": 9, ""GOOSE"": 6, ""SHEEP"": 1}",1,40
581,24,5,1,61413.0,11,11,3,"{""CARROT"": 13, ""TOMATO"": 16, ""WHEAT"": 26, ""STRAWBERRY"": 2}","{""COW"": 8, ""SHEEP"": 1}",2,64
582,24,6,0,59188.0,12,12,3,"{""TOMATO"": 14, ""WHEAT"": 24, ""CARROT"": 11, ""STRAWBERRY"": 7, ""MELON"": 1}","{""COW"": 9, ""GOOSE"": 6, ""SHEEP"": 1}",1,34
582,24,6,1,61403.0,11,11,3,"{""CARROT"": 13, ""TOMATO"": 16, ""WHEAT"": 28, ""STRAWBERRY"": 2}","{""COW"": 8, ""SHEEP"": 1}",2,64
583,24,7,0,59233.0,12,12,3,"{""TOMATO"": 14, ""WHEAT"": 24, ""CARROT"": 11, ""STRAWBERRY"": 7, ""MELON"": 1}","{""COW"": 9, ""GOOSE"": 6, ""SHEEP"": 1}",1,33
583,24,7,1,61403.0,11,11,3,"{""CARROT"": 12, ""TOMATO"": 16, ""WHEAT"": 27, ""STRAWBERRY"": 2}","{""COW"": 8, ""SHEEP"": 1}",2,64
584,24,8,0,59269.0,12,12,3,"{""TOMATO"": 14, ""WHEAT"": 24, ""CARROT"": 11, ""STRAWBERRY"": 7, ""MELON"": 1}","{""COW"": 9, ""GOOSE"": 6, ""SHEEP"": 1}",1,32
584,24,8,1,61403.0,11,11,3,"{""CARROT"": 13, ""TOMATO"": 16, ""WHEAT"": 28, ""STRAWBERRY"": 2}","{""COW"": 8, ""SHEEP"": 1}",2,64
585,24,9,0,59269.0,12,12,3,"{""TOMATO"": 14, ""WHEAT"": 24, ""CARROT"": 11, ""STRAWBERRY"": 6, ""MELON"": 1}","{""COW"": 9, ""GOOSE"": 6, ""SHEEP"": 1}",1,32
585,24,9,1,61393.0,11,11,3,"{""CARROT"": 13, ""TOMATO"": 16, ""WHEAT"": 28, ""STRAWBERRY"": 2}","{""COW"": 8, ""SHEEP"": 1}",1,64
586,24,10,0,59269.0,12,12,3,"{""TOMATO"": 13, ""WHEAT"": 25, ""CARROT"": 11, ""STRAWBERRY"": 6, ""MELON"": 1}","{""COW"": 9, ""GOOSE"": 6, ""SHEEP"": 1}",1,32
586,24,10,1,61383.0,11,11,3,"{""CARROT"": 13, ""TOMATO"": 16, ""WHEAT"": 28, ""STRAWBERRY"": 2}","{""COW"": 8, ""SHEEP"": 1}",1,65
587,24,11,0,59682.0,12,12,3,"{""TOMATO"": 13, ""WHEAT"": 24, ""CARROT"": 12, ""STRAWBERRY"": 6, ""MELON"": 1}","{""COW"": 9, ""GOOSE"": 6, ""SHEEP"": 1}",1,24
587,24,11,1,61502.0,11,11,3,"{""CARROT"": 13, ""TOMATO"": 16, ""WHEAT"": 28, ""STRAWBERRY"": 2}","{""COW"": 8, ""SHEEP"": 1}",1,69
588,24,12,0,59682.0,12,12,3,"{""TOMATO"": 13, ""WHEAT"": 25, ""CARROT"": 12, ""STRAWBERRY"": 6, ""MELON"": 1}","{""COW"": 9, ""GOOSE"": 6, ""SHEEP"": 1}",1,24
588,24,12,1,61372.0,11,11,3,"{""CARROT"": 14, ""TOMATO"": 16, ""WHEAT"": 28, ""STRAWBERRY"": 2}","{""COW"": 8, ""SHEEP"": 1}",1,69
589,24,13,0,59683.0,12,12,3,"{""TOMATO"": 13, ""WHEAT"": 25, ""CARROT"": 12, ""STRAWBERRY"": 6, ""MELON"": 1}","{""COW"": 9, ""GOOSE"": 6, ""SHEEP"": 1}",1,23
589,24,13,1,61372.0,11,11,3,"{""CARROT"": 14, ""TOMATO"": 16, ""WHEAT"": 27, ""STRAWBERRY"": 2}","{""COW"": 8, ""SHEEP"": 1}",1,69
590,24,14,0,60383.0,12,12,3,"{""TOMATO"": 13, ""WHEAT"": 22, ""CARROT"": 12, ""STRAWBERRY"": 6, ""MELON"": 1}","{""COW"": 9, ""GOOSE"": 6, ""SHEEP"": 1}",1,9
590,24,14,1,61468.0,11,11,3,"{""CARROT"": 15, ""TOMATO"": 16, ""WHEAT"": 27, ""STRAWBERRY"": 2}","{""COW"": 8, ""SHEEP"": 1}",1,67
591,24,15,0,60523.0,12,12,3,"{""TOMATO"": 13, ""WHEAT"": 24, ""CARROT"": 12, ""STRAWBERRY"": 6, ""MELON"": 1}","{""COW"": 9, ""GOOSE"": 6, ""SHEEP"": 1}",1,6
591,24,15,1,61468.0,11,11,3,"{""CARROT"": 15, ""TOMATO"": 16, ""WHEAT"": 26, ""STRAWBERRY"": 2}","{""COW"": 8, ""SHEEP"": 1}",1,67
592,24,16,0,60485.0,12,12,3,"{""TOMATO"": 13, ""WHEAT"": 21, ""CARROT"": 12, ""STRAWBERRY"": 6, ""MELON"": 1}","{""COW"": 9, ""GOOSE"": 6, ""SHEEP"": 1}",1,4
592,24,16,1,61468.0,11,11,3,"{""CARROT"": 16, ""TOMATO"": 16, ""WHEAT"": 24, ""STRAWBERRY"": 2}","{""COW"": 8, ""SHEEP"": 1}",1,67
593,24,17,0,60485.0,12,12,3,"{""TOMATO"": 13, ""WHEAT"": 23, ""CARROT"": 13, ""STRAWBERRY"": 6, ""MELON"": 1}","{""COW"": 9, ""GOOSE"": 6, ""SHEEP"": 1}",1,4
593,24,17,1,61468.0,11,11,3,"{""CARROT"": 17, ""TOMATO"": 16, ""WHEAT"": 24, ""STRAWBERRY"": 2}","{""COW"": 8, ""SHEEP"": 1}",1,67
594,24,18,0,60633.0,12,12,3,"{""TOMATO"": 13, ""WHEAT"": 23, ""CARROT"": 13, ""STRAWBERRY"": 6, ""MELON"": 1}","{""COW"": 9, ""GOOSE"": 6, ""SHEEP"": 1}",1,0
594,24,18,1,61568.0,11,11,3,"{""CARROT"": 17, ""TOMATO"": 16, ""WHEAT"": 23, ""STRAWBERRY"": 2}","{""COW"": 8, ""SHEEP"": 1}",1,65
595,24,19,0,60613.0,12,12,3,"{""TOMATO"": 13, ""WHEAT"": 21, ""CARROT"": 13, ""STRAWBERRY"": 6, ""MELON"": 1}","{""COW"": 9, ""GOOSE"": 6, ""SHEEP"": 1}",1,0
595,24,19,1,61602.0,11,11,3,"{""CARROT"": 19, ""TOMATO"": 16, ""WHEAT"": 23, ""STRAWBERRY"": 2}","{""COW"": 8, ""SHEEP"": 1}",1,64
596,24,20,0,60593.0,12,12,3,"{""TOMATO"": 13, ""WHEAT"": 20, ""CARROT"": 14, ""STRAWBERRY"": 6, ""MELON"": 1}","{""COW"": 9, ""GOOSE"": 6, ""SHEEP"": 1}",1,9
596,24,20,1,61602.0,11,11,3,"{""CARROT"": 19, ""TOMATO"": 16, ""WHEAT"": 23, ""STRAWBERRY"": 2}","{""COW"": 8, ""SHEEP"": 1}",1,64
597,24,21,0,60593.0,12,12,3,"{""TOMATO"": 13, ""WHEAT"": 22, ""CARROT"": 15, ""STRAWBERRY"": 6, ""MELON"": 1}","{""COW"": 9, ""GOOSE"": 6, ""SHEEP"": 1}",1,9
597,24,21,1,61602.0,11,11,3,"{""CARROT"": 18, ""TOMATO"": 16, ""WHEAT"": 23, ""STRAWBERRY"": 2}","{""COW"": 8, ""SHEEP"": 1}",1,64
598,24,22,0,61136.0,12,12,3,"{""TOMATO"": 13, ""WHEAT"": 21, ""CARROT"": 15, ""STRAWBERRY"": 6, ""MELON"": 1}","{""COW"": 9, ""GOOSE"": 6, ""SHEEP"": 1}",1,0
598,24,22,1,61932.0,11,11,3,"{""CARROT"": 19, ""TOMATO"": 15, ""WHEAT"": 22, ""STRAWBERRY"": 2}","{""COW"": 8, ""SHEEP"": 1}",1,61
599,24,23,0,61268.0,12,12,3,"{""TOMATO"": 13, ""WHEAT"": 23, ""CARROT"": 15, ""STRAWBERRY"": 6, ""MELON"": 1}","{""COW"": 9, ""GOOSE"": 6, ""SHEEP"": 1}",1,0
599,24,23,1,62786.0,11,11,3,"{""CARROT"": 21, ""TOMATO"": 15, ""WHEAT"": 23, ""STRAWBERRY"": 2}","{""COW"": 8, ""SHEEP"": 1}",1,43
600,25,0,0,61318.0,0,0,3,"{""TOMATO"": 13, ""WHEAT"": 23, ""CARROT"": 15, ""STRAWBERRY"": 5, ""MELON"": 1}","{""COW"": 9, ""GOOSE"": 6, ""SHEEP"": 1}",2,100
600,25,0,1,62788.0,0,0,3,"{""CARROT"": 21, ""TOMATO"": 15, ""WHEAT"": 22, ""STRAWBERRY"": 2}","{""COW"": 8, ""SHEEP"": 1}",2,100
601,25,1,0,63918.0,8,8,3,"{""TOMATO"": 13, ""WHEAT"": 23, ""CARROT"": 15, ""STRAWBERRY"": 5, ""MELON"": 1}","{""COW"": 9, ""GOOSE"": 6, ""SHEEP"": 1}",2,47
601,25,1,1,64634.0,8,8,3,"{""CARROT"": 21, ""TOMATO"": 14, ""WHEAT"": 22, ""STRAWBERRY"": 2}","{""COW"": 8, ""SHEEP"": 1}",3,71
602,25,2,0,63905.0,12,12,3,"{""TOMATO"": 13, ""WHEAT"": 23, ""CARROT"": 15, ""STRAWBERRY"": 5, ""MELON"": 1}","{""COW"": 9, ""GOOSE"": 6, ""SHEEP"": 1}",2,23
602,25,2,1,64417.0,11,11,3,"{""CARROT"": 21, ""TOMATO"": 14, ""WHEAT"": 22, ""STRAWBERRY"": 2}","{""COW"": 8, ""SHEEP"": 1}",3,60
603,25,3,0,63925.0,12,12,3,"{""TOMATO"": 13, ""WHEAT"": 23, ""CARROT"": 15, ""STRAWBERRY"": 4, ""MELON"": 1}","{""COW"": 9, ""GOOSE"": 6, ""SHEEP"": 1}",3,13
603,25,3,1,64585.0,11,11,3,"{""CARROT"": 21, ""TOMATO"": 14, ""WHEAT"": 22, ""STRAWBERRY"": 2}","{""COW"": 8, ""SHEEP"": 1}",3,59
604,25,4,0,63925.0,12,12,3,"{""TOMATO"": 13, ""WHEAT"": 23, ""CARROT"": 15, ""STRAWBERRY"": 4, ""MELON"": 1}","{""COW"": 9, ""GOOSE"": 6, ""SHEEP"": 1}",3,13
604,25,4,1,64585.0,11,11,3,"{""CARROT"": 21, ""TOMATO"": 14, ""WHEAT"": 22, ""STRAWBERRY"": 2}","{""COW"": 8, ""SHEEP"": 1}",3,59
605,25,5,0,63941.0,12,12,3,"{""TOMATO"": 13, ""WHEAT"": 23, ""CARROT"": 14, ""STRAWBERRY"": 4, ""MELON"": 1}","{""COW"": 9, ""GOOSE"": 6, ""SHEEP"": 1}",3,13
605,25,5,1,64585.0,11,11,3,"{""CARROT"": 21, ""TOMATO"": 14, ""WHEAT"": 22, ""STRAWBERRY"": 2}","{""COW"": 8, ""SHEEP"": 1}",3,63
606,25,6,0,63977.0,12,12,3,"{""TOMATO"": 13, ""WHEAT"": 23, ""CARROT"": 14, ""STRAWBERRY"": 4, ""MELON"": 1}","{""COW"": 9, ""GOOSE"": 6, ""SHEEP"": 1}",3,16
606,25,6,1,64585.0,11,11,3,"{""CARROT"": 21, ""TOMATO"": 14, ""WHEAT"": 20, ""STRAWBERRY"": 2}","{""COW"": 8, ""SHEEP"": 1}",3,63
607,25,7,0,63977.0,12,12,3,"{""TOMATO"": 13, ""WHEAT"": 23, ""CARROT"": 15, ""STRAWBERRY"": 4, ""MELON"": 1}","{""COW"": 9, ""GOOSE"": 6, ""SHEEP"": 1}",3,16
607,25,7,1,64701.0,11,11,3,"{""CARROT"": 21, ""TOMATO"": 14, ""WHEAT"": 21, ""STRAWBERRY"": 2}","{""COW"": 8, ""SHEEP"": 1}",3,60
608,25,8,0,63977.0,12,12,3,"{""TOMATO"": 13, ""WHEAT"": 23, ""CARROT"": 15, ""STRAWBERRY"": 4, ""MELON"": 1}","{""COW"": 9, ""GOOSE"": 6, ""SHEEP"": 1}",3,16
608,25,8,1,64691.0,11,11,3,"{""CARROT"": 21, ""TOMATO"": 14, ""WHEAT"": 22, ""STRAWBERRY"": 2}","{""COW"": 8, ""SHEEP"": 1}",3,60
609,25,9,0,63977.0,12,12,3,"{""TOMATO"": 13, ""WHEAT"": 23, ""CARROT"": 15, ""STRAWBERRY"": 4, ""MELON"": 1}","{""COW"": 9, ""GOOSE"": 6, ""SHEEP"": 1}",3,16
609,25,9,1,64691.0,11,11,3,"{""CARROT"": 21, ""TOMATO"": 14, ""WHEAT"": 20, ""STRAWBERRY"": 2}","{""COW"": 8, ""SHEEP"": 1}",3,60
610,25,10,0,63977.0,12,12,3,"{""TOMATO"": 13, ""WHEAT"": 23, ""CARROT"": 15, ""STRAWBERRY"": 4, ""MELON"": 1}","{""COW"": 9, ""GOOSE"": 6, ""SHEEP"": 1}",3,16
610,25,10,1,64717.0,11,11,3,"{""CARROT"": 22, ""TOMATO"": 14, ""WHEAT"": 21, ""STRAWBERRY"": 2}","{""COW"": 8, ""SHEEP"": 1}",3,58
611,25,11,0,63957.0,12,12,3,"{""TOMATO"": 13, ""WHEAT"": 23, ""CARROT"": 14, ""STRAWBERRY"": 4, ""MELON"": 1}","{""COW"": 9, ""GOOSE"": 6, ""SHEEP"": 1}",3,16
611,25,11,1,64717.0,11,11,3,"{""CARROT"": 21, ""TOMATO"": 14, ""WHEAT"": 21, ""STRAWBERRY"": 2}","{""COW"": 8, ""SHEEP"": 1}",3,58
612,25,12,0,63947.0,12,12,3,"{""TOMATO"": 13, ""WHEAT"": 23, ""CARROT"": 14, ""STRAWBERRY"": 4, ""MELON"": 1}","{""COW"": 9, ""GOOSE"": 6, ""SHEEP"": 1}",3,16
612,25,12,1,64791.0,11,11,3,"{""CARROT"": 22, ""TOMATO"": 14, ""WHEAT"": 18, ""STRAWBERRY"": 2}","{""COW"": 8, ""SHEEP"": 1}",3,56
613,25,13,0,64087.0,12,12,3,"{""TOMATO"": 11, ""WHEAT"": 23, ""CARROT"": 14, ""STRAWBERRY"": 4, ""MELON"": 1}","{""COW"": 9, ""GOOSE"": 6, ""SHEEP"": 1}",3,12
613,25,13,1,64781.0,11,11,3,"{""CARROT"": 23, ""TOMATO"": 14, ""WHEAT"": 20, ""STRAWBERRY"": 2}","{""COW"": 8, ""SHEEP"": 1}",3,56
614,25,14,0,64140.0,12,12,3,"{""TOMATO"": 11, ""WHEAT"": 25, ""CARROT"": 15, ""STRAWBERRY"": 4, ""MELON"": 1}","{""COW"": 9, ""GOOSE"": 6, ""SHEEP"": 1}",3,11
614,25,14,1,64812.0,11,11,3,"{""CARROT"": 22, ""TOMATO"": 14, ""WHEAT"": 19, ""STRAWBERRY"": 2}","{""COW"": 8, ""SHEEP"": 1}",2,54
615,25,15,0,64332.0,12,12,3,"{""TOMATO"": 11, ""WHEAT"": 25, ""CARROT"": 14, ""STRAWBERRY"": 4, ""MELON"": 1}","{""COW"": 9, ""GOOSE"": 6, ""SHEEP"": 1}",3,7
615,25,15,1,64802.0,11,11,3,"{""CARROT"": 24, ""TOMATO"": 14, ""WHEAT"": 20, ""STRAWBERRY"": 2}","{""COW"": 8, ""SHEEP"": 1}",2,54
616,25,16,0,64322.0,12,12,3,"{""TOMATO"": 11, ""WHEAT"": 24, ""CARROT"": 15, ""STRAWBERRY"": 4, ""MELON"": 1}","{""COW"": 9, ""GOOSE"": 6, ""SHEEP"": 1}",3,7
616,25,16,1,64682.0,11,11,3,"{""CARROT"": 23, ""TOMATO"": 14, ""WHEAT"": 20, ""STRAWBERRY"": 2}","{""COW"": 8, ""SHEEP"": 1}",2,54
617,25,17,0,64322.0,12,12,3,"{""TOMATO"": 11, ""WHEAT"": 24, ""CARROT"": 16, ""STRAWBERRY"": 4, ""MELON"": 1}","{""COW"": 9, ""GOOSE"": 6, ""SHEEP"": 1}",3,7
617,25,17,1,64682.0,11,11,3,"{""CARROT"": 23, ""TOMATO"": 14, ""WHEAT"": 19, ""STRAWBERRY"": 2}","{""COW"": 8, ""SHEEP"": 1}",2,54
618,25,18,0,64681.0,12,12,3,"{""TOMATO"": 11, ""WHEAT"": 23, ""CARROT"": 16, ""STRAWBERRY"": 4, ""MELON"": 1}","{""COW"": 9, ""GOOSE"": 6, ""SHEEP"": 1}",3,0
618,25,18,1,64747.0,11,11,3,"{""CARROT"": 24, ""TOMATO"": 14, ""WHEAT"": 20, ""STRAWBERRY"": 2}","{""COW"": 8, ""SHEEP"": 1}",2,51
619,25,19,0,64681.0,12,12,3,"{""TOMATO"": 11, ""WHEAT"": 24, ""CARROT"": 16, ""STRAWBERRY"": 4, ""MELON"": 1}","{""COW"": 9, ""GOOSE"": 6, ""SHEEP"": 1}",3,0
619,25,19,1,64790.0,11,11,3,"{""CARROT"": 23, ""TOMATO"": 14, ""WHEAT"": 20, ""STRAWBERRY"": 2}","{""COW"": 8, ""SHEEP"": 1}",2,50
620,25,20,0,64681.0,12,12,3,"{""TOMATO"": 11, ""WHEAT"": 24, ""CARROT"": 16, ""STRAWBERRY"": 4, ""MELON"": 1}","{""COW"": 9, ""GOOSE"": 6, ""SHEEP"": 1}",1,0
620,25,20,1,64790.0,11,11,3,"{""CARROT"": 23, ""TOMATO"": 14, ""WHEAT"": 20, ""STRAWBERRY"": 2}","{""COW"": 8, ""SHEEP"": 1}",2,58
621,25,21,0,64661.0,12,12,3,"{""TOMATO"": 11, ""WHEAT"": 23, ""CARROT"": 17, ""STRAWBERRY"": 4, ""MELON"": 1}","{""COW"": 9, ""GOOSE"": 6, ""SHEEP"": 1}",1,4
621,25,21,1,65131.0,11,11,3,"{""CARROT"": 23, ""TOMATO"": 14, ""STRAWBERRY"": 2, ""WHEAT"": 19}","{""COW"": 8, ""SHEEP"": 1}",2,58
622,25,22,0,65071.0,12,12,3,"{""TOMATO"": 11, ""WHEAT"": 23, ""CARROT"": 17, ""STRAWBERRY"": 4, ""MELON"": 1}","{""COW"": 9, ""GOOSE"": 6, ""SHEEP"": 1}",1,0
622,25,22,1,65230.0,11,11,3,"{""CARROT"": 25, ""TOMATO"": 14, ""STRAWBERRY"": 2, ""WHEAT"": 19}","{""COW"": 8, ""SHEEP"": 1}",2,51
623,25,23,0,65174.0,12,12,3,"{""TOMATO"": 11, ""WHEAT"": 24, ""CARROT"": 18, ""STRAWBERRY"": 4, ""MELON"": 1}","{""COW"": 9, ""GOOSE"": 6, ""SHEEP"": 1}",0,0
623,25,23,1,65998.0,11,11,3,"{""CARROT"": 25, ""TOMATO"": 14, ""STRAWBERRY"": 2, ""WHEAT"": 18}","{""COW"": 8, ""SHEEP"": 1}",2,35
624,26,0,0,65174.0,0,0,3,"{""TOMATO"": 11, ""WHEAT"": 24, ""CARROT"": 18, ""STRAWBERRY"": 4, ""MELON"": 1}","{""COW"": 9, ""GOOSE"": 6}",0,96
624,26,0,1,66012.0,0,0,3,"{""TOMATO"": 14, ""CARROT"": 23, ""STRAWBERRY"": 2, ""WHEAT"": 18}","{""COW"": 8, ""SHEEP"": 1}",4,100
625,26,1,0,67424.0,8,8,3,"{""TOMATO"": 11, ""WHEAT"": 24, ""CARROT"": 18, ""STRAWBERRY"": 4, ""MELON"": 1}","{""COW"": 9, ""GOOSE"": 6}",0,49
625,26,1,1,67213.0,8,8,3,"{""TOMATO"": 13, ""CARROT"": 23, ""STRAWBERRY"": 2, ""WHEAT"": 18}","{""COW"": 8, ""SHEEP"": 1}",5,76
626,26,2,0,66664.0,11,11,3,"{""TOMATO"": 11, ""WHEAT"": 24, ""CARROT"": 18, ""STRAWBERRY"": 4, ""MELON"": 1}","{""COW"": 9, ""GOOSE"": 6}",0,47
626,26,2,1,66935.0,11,11,3,"{""TOMATO"": 13, ""CARROT"": 23, ""STRAWBERRY"": 2, ""WHEAT"": 18}","{""COW"": 8, ""SHEEP"": 1}",5,67
627,26,3,0,66854.0,11,11,3,"{""TOMATO"": 11, ""WHEAT"": 24, ""CARROT"": 18, ""STRAWBERRY"": 4, ""MELON"": 1}","{""COW"": 9, ""GOOSE"": 6}",0,28
627,26,3,1,67671.0,11,11,3,"{""TOMATO"": 13, ""CARROT"": 23, ""STRAWBERRY"": 2, ""WHEAT"": 18}","{""COW"": 8, ""SHEEP"": 1}",5,56
628,26,4,0,66834.0,11,11,3,"{""TOMATO"": 11, ""WHEAT"": 24, ""CARROT"": 17, ""STRAWBERRY"": 4, ""MELON"": 1}","{""COW"": 9, ""GOOSE"": 6}",0,28
628,26,4,1,67671.0,11,11,3,"{""TOMATO"": 13, ""CARROT"": 23, ""STRAWBERRY"": 2, ""WHEAT"": 18}","{""COW"": 8, ""SHEEP"": 1}",5,56
629,26,5,0,66834.0,11,11,3,"{""TOMATO"": 11, ""WHEAT"": 24, ""CARROT"": 19, ""STRAWBERRY"": 4, ""MELON"": 1}","{""COW"": 9, ""GOOSE"": 6}",0,28
629,26,5,1,67671.0,11,11,3,"{""TOMATO"": 13, ""CARROT"": 23, ""STRAWBERRY"": 2, ""WHEAT"": 17}","{""COW"": 8, ""SHEEP"": 1}",5,56
630,26,6,0,66707.0,11,11,3,"{""TOMATO"": 11, ""WHEAT"": 24, ""CARROT"": 18, ""STRAWBERRY"": 4, ""MELON"": 1}","{""COW"": 9, ""GOOSE"": 6}",0,33
630,26,6,1,67678.0,11,11,3,"{""TOMATO"": 13, ""CARROT"": 23, ""STRAWBERRY"": 2, ""WHEAT"": 15}","{""COW"": 8, ""SHEEP"": 1}",5,55
631,26,7,0,66934.0,11,11,3,"{""TOMATO"": 11, ""WHEAT"": 24, ""CARROT"": 19, ""STRAWBERRY"": 4, ""MELON"": 1}","{""COW"": 9, ""GOOSE"": 6}",0,28
631,26,7,1,67914.0,11,11,3,"{""TOMATO"": 13, ""CARROT"": 24, ""STRAWBERRY"": 2, ""WHEAT"": 16}","{""COW"": 8, ""SHEEP"": 1}",5,49
632,26,8,0,67008.0,11,11,3,"{""TOMATO"": 11, ""WHEAT"": 24, ""CARROT"": 19, ""STRAWBERRY"": 4, ""MELON"": 1}","{""COW"": 9, ""GOOSE"": 6}",0,26
632,26,8,1,67914.0,11,11,3,"{""TOMATO"": 13, ""CARROT"": 24, ""STRAWBERRY"": 2, ""WHEAT"": 16}","{""COW"": 8, ""SHEEP"": 1}",5,49
633,26,9,0,67136.0,11,11,3,"{""TOMATO"": 11, ""WHEAT"": 24, ""CARROT"": 19, ""STRAWBERRY"": 4, ""MELON"": 1}","{""COW"": 9, ""GOOSE"": 6}",0,24
633,26,9,1,67914.0,11,11,3,"{""TOMATO"": 12, ""CARROT"": 24, ""STRAWBERRY"": 2, ""WHEAT"": 16}","{""COW"": 8, ""SHEEP"": 1}",5,49
634,26,10,0,67095.0,11,11,3,"{""TOMATO"": 11, ""WHEAT"": 24, ""CARROT"": 19, ""STRAWBERRY"": 4, ""MELON"": 1}","{""COW"": 9, ""GOOSE"": 6}",0,25
634,26,10,1,67925.0,11,11,3,"{""TOMATO"": 12, ""CARROT"": 24, ""STRAWBERRY"": 2, ""WHEAT"": 17}","{""COW"": 8, ""SHEEP"": 1}",5,48
635,26,11,0,67095.0,11,11,3,"{""TOMATO"": 11, ""WHEAT"": 24, ""CARROT"": 19, ""STRAWBERRY"": 4, ""MELON"": 1}","{""COW"": 9, ""GOOSE"": 6}",0,25
635,26,11,1,67925.0,11,11,3,"{""TOMATO"": 12, ""CARROT"": 24, ""STRAWBERRY"": 2, ""WHEAT"": 17}","{""COW"": 8, ""SHEEP"": 1}",4,55
636,26,12,0,67075.0,11,11,3,"{""TOMATO"": 11, ""WHEAT"": 24, ""CARROT"": 18, ""STRAWBERRY"": 4, ""MELON"": 1}","{""COW"": 9, ""GOOSE"": 6}",0,25
636,26,12,1,67915.0,11,11,3,"{""TOMATO"": 12, ""CARROT"": 24, ""STRAWBERRY"": 2, ""WHEAT"": 17}","{""COW"": 8, ""SHEEP"": 1}",4,55
637,26,13,0,67075.0,11,11,3,"{""TOMATO"": 11, ""WHEAT"": 25, ""CARROT"": 18, ""STRAWBERRY"": 4, ""MELON"": 1}","{""COW"": 9, ""GOOSE"": 6}",0,25
637,26,13,1,68265.0,11,11,3,"{""TOMATO"": 12, ""CARROT"": 25, ""STRAWBERRY"": 2, ""WHEAT"": 17}","{""COW"": 8, ""SHEEP"": 1}",4,48
638,26,14,0,67185.0,11,11,3,"{""TOMATO"": 11, ""WHEAT"": 25, ""CARROT"": 16, ""STRAWBERRY"": 4, ""MELON"": 1}","{""COW"": 9, ""GOOSE"": 6}",0,22
638,26,14,1,68265.0,11,11,3,"{""TOMATO"": 12, ""CARROT"": 24, ""STRAWBERRY"": 2, ""WHEAT"": 17}","{""COW"": 8, ""SHEEP"": 1}",4,48
639,26,15,0,67185.0,11,11,3,"{""TOMATO"": 11, ""WHEAT"": 25, ""CARROT"": 18, ""STRAWBERRY"": 4, ""MELON"": 1}","{""COW"": 9, ""GOOSE"": 6}",0,22
639,26,15,1,68265.0,11,11,3,"{""TOMATO"": 12, ""CARROT"": 24, ""STRAWBERRY"": 2, ""WHEAT"": 17}","{""COW"": 8, ""SHEEP"": 1}",4,48
640,26,16,0,67185.0,11,11,3,"{""TOMATO"": 11, ""WHEAT"": 25, ""CARROT"": 18, ""STRAWBERRY"": 4, ""MELON"": 1}","{""COW"": 9, ""GOOSE"": 6}",0,22
640,26,16,1,68265.0,11,11,3,"{""TOMATO"": 11, ""CARROT"": 24, ""STRAWBERRY"": 2, ""WHEAT"": 18}","{""COW"": 8, ""SHEEP"": 1}",4,48
641,26,17,0,67185.0,11,11,3,"{""TOMATO"": 11, ""WHEAT"": 25, ""CARROT"": 18, ""STRAWBERRY"": 4, ""MELON"": 1}","{""COW"": 9, ""GOOSE"": 6}",0,22
641,26,17,1,68265.0,11,11,3,"{""TOMATO"": 11, ""CARROT"": 24, ""STRAWBERRY"": 2, ""WHEAT"": 18}","{""COW"": 8, ""SHEEP"": 1}",4,48
642,26,18,0,67185.0,11,11,3,"{""TOMATO"": 11, ""WHEAT"": 25, ""CARROT"": 18, ""STRAWBERRY"": 4, ""MELON"": 1}","{""COW"": 9, ""GOOSE"": 6}",0,22
642,26,18,1,68478.0,11,11,3,"{""TOMATO"": 11, ""CARROT"": 25, ""STRAWBERRY"": 2, ""WHEAT"": 17}","{""COW"": 8, ""SHEEP"": 1}",4,44
643,26,19,0,67609.0,11,11,3,"{""TOMATO"": 11, ""WHEAT"": 25, ""CARROT"": 18, ""STRAWBERRY"": 4, ""MELON"": 1}","{""COW"": 9, ""GOOSE"": 6}",0,14
643,26,19,1,68478.0,11,11,3,"{""TOMATO"": 10, ""CARROT"": 24, ""STRAWBERRY"": 2, ""WHEAT"": 18}","{""COW"": 8, ""SHEEP"": 1}",4,44
644,26,20,0,67799.0,11,11,3,"{""TOMATO"": 10, ""WHEAT"": 25, ""CARROT"": 15, ""STRAWBERRY"": 4, ""MELON"": 1}","{""COW"": 9, ""GOOSE"": 6}",0,9
644,26,20,1,68478.0,11,11,3,"{""TOMATO"": 10, ""CARROT"": 24, ""STRAWBERRY"": 2, ""WHEAT"": 19}","{""COW"": 8, ""SHEEP"": 1}",2,44
645,26,21,0,67799.0,11,11,3,"{""TOMATO"": 10, ""CARROT"": 19, ""WHEAT"": 25, ""STRAWBERRY"": 4, ""MELON"": 1}","{""COW"": 9, ""GOOSE"": 6}",0,9
645,26,21,1,68478.0,11,11,3,"{""CARROT"": 27, ""TOMATO"": 10, ""STRAWBERRY"": 2, ""WHEAT"": 19}","{""COW"": 8, ""SHEEP"": 1}",2,44
646,26,22,0,68059.0,11,11,3,"{""TOMATO"": 10, ""CARROT"": 19, ""WHEAT"": 24, ""STRAWBERRY"": 4, ""MELON"": 1}","{""COW"": 9, ""GOOSE"": 6}",0,5
646,26,22,1,68524.0,11,11,3,"{""CARROT"": 27, ""TOMATO"": 10, ""STRAWBERRY"": 2, ""WHEAT"": 19}","{""COW"": 8, ""SHEEP"": 1}",2,48
647,26,23,0,68110.0,11,11,3,"{""TOMATO"": 10, ""CARROT"": 20, ""WHEAT"": 24, ""STRAWBERRY"": 4, ""MELON"": 1}","{""COW"": 9, ""GOOSE"": 6}",0,5
647,26,23,1,69047.0,11,11,3,"{""CARROT"": 27, ""TOMATO"": 10, ""STRAWBERRY"": 2, ""WHEAT"": 19}","{""COW"": 8, ""SHEEP"": 1}",2,41
648,27,0,0,68146.0,0,0,3,"{""TOMATO"": 10, ""CARROT"": 20, ""WHEAT"": 24, ""STRAWBERRY"": 4, ""MELON"": 1}","{""COW"": 9, ""GOOSE"": 6}",0,82
648,27,0,1,69047.0,0,0,3,"{""CARROT"": 27, ""TOMATO"": 10, ""STRAWBERRY"": 2, ""WHEAT"": 19}","{""COW"": 7, ""SHEEP"": 1}",2,97
649,27,1,0,69209.0,7,7,3,"{""TOMATO"": 10, ""CARROT"": 20, ""WHEAT"": 24, ""STRAWBERRY"": 4, ""MELON"": 1}","{""COW"": 9, ""GOOSE"": 6}",0,66
649,27,1,1,70958.0,8,8,3,"{""CARROT"": 27, ""TOMATO"": 8, ""STRAWBERRY"": 2, ""WHEAT"": 19}","{""COW"": 7, ""SHEEP"": 1}",4,69
650,27,2,0,69112.0,11,11,3,"{""TOMATO"": 10, ""CARROT"": 20, ""WHEAT"": 24, ""STRAWBERRY"": 4, ""MELON"": 1}","{""COW"": 9, ""GOOSE"": 6}",0,54
650,27,2,1,70910.0,10,10,3,"{""CARROT"": 27, ""TOMATO"": 8, ""STRAWBERRY"": 2, ""WHEAT"": 19}","{""COW"": 7, ""SHEEP"": 1}",4,59
651,27,3,0,69548.0,11,11,3,"{""TOMATO"": 10, ""CARROT"": 20, ""WHEAT"": 24, ""STRAWBERRY"": 4, ""MELON"": 1}","{""COW"": 9, ""GOOSE"": 6}",0,38
651,27,3,1,71120.0,10,10,3,"{""CARROT"": 27, ""TOMATO"": 8, ""STRAWBERRY"": 2, ""WHEAT"": 19}","{""COW"": 7, ""SHEEP"": 1}",4,57
652,27,4,0,69548.0,11,11,3,"{""TOMATO"": 10, ""CARROT"": 20, ""WHEAT"": 24, ""STRAWBERRY"": 4, ""MELON"": 1}","{""COW"": 9, ""GOOSE"": 6}",0,38
652,27,4,1,71120.0,10,10,3,"{""CARROT"": 27, ""TOMATO"": 8, ""STRAWBERRY"": 2, ""WHEAT"": 19}","{""COW"": 7, ""SHEEP"": 1}",4,57
653,27,5,0,69576.0,11,11,3,"{""TOMATO"": 10, ""CARROT"": 20, ""WHEAT"": 23, ""STRAWBERRY"": 4, ""MELON"": 1}","{""COW"": 9, ""GOOSE"": 6}",0,37
653,27,5,1,71120.0,10,10,3,"{""CARROT"": 27, ""TOMATO"": 8, ""STRAWBERRY"": 2, ""WHEAT"": 19}","{""COW"": 7, ""SHEEP"": 1}",4,57
654,27,6,0,69922.0,11,11,3,"{""TOMATO"": 10, ""CARROT"": 20, ""WHEAT"": 23, ""STRAWBERRY"": 4, ""MELON"": 1}","{""COW"": 9, ""GOOSE"": 6}",0,32
654,27,6,1,71156.0,10,10,3,"{""CARROT"": 27, ""TOMATO"": 8, ""STRAWBERRY"": 2, ""WHEAT"": 19}","{""COW"": 7, ""SHEEP"": 1}",4,55
655,27,7,0,70315.0,11,11,3,"{""TOMATO"": 10, ""CARROT"": 20, ""WHEAT"": 23, ""STRAWBERRY"": 4, ""MELON"": 1}","{""COW"": 9, ""GOOSE"": 6}",0,23
655,27,7,1,71398.0,10,10,3,"{""CARROT"": 27, ""TOMATO"": 8, ""STRAWBERRY"": 2, ""WHEAT"": 20}","{""COW"": 7, ""SHEEP"": 1}",4,49
656,27,8,0,70389.0,11,11,3,"{""TOMATO"": 10, ""CARROT"": 20, ""WHEAT"": 23, ""STRAWBERRY"": 4, ""MELON"": 1}","{""COW"": 9, ""GOOSE"": 6}",0,21
656,27,8,1,71388.0,10,10,3,"{""CARROT"": 26, ""TOMATO"": 8, ""STRAWBERRY"": 2, ""WHEAT"": 20}","{""COW"": 7, ""SHEEP"": 1}",4,49
657,27,9,0,70389.0,11,11,3,"{""TOMATO"": 10, ""CARROT"": 20, ""WHEAT"": 23, ""STRAWBERRY"": 4, ""MELON"": 1}","{""COW"": 9, ""GOOSE"": 6}",0,21
657,27,9,1,71378.0,10,10,3,"{""CARROT"": 27, ""TOMATO"": 8, ""STRAWBERRY"": 2, ""WHEAT"": 20}","{""COW"": 7, ""SHEEP"": 1}",4,49
658,27,10,0,70415.0,11,11,3,"{""TOMATO"": 10, ""CARROT"": 20, ""WHEAT"": 22, ""STRAWBERRY"": 4, ""MELON"": 1}","{""COW"": 9, ""GOOSE"": 6}",0,20
658,27,10,1,71626.0,10,10,3,"{""CARROT"": 26, ""TOMATO"": 8, ""STRAWBERRY"": 2, ""WHEAT"": 19}","{""COW"": 7, ""SHEEP"": 1}",4,45
659,27,11,0,70451.0,11,11,3,"{""TOMATO"": 10, ""CARROT"": 20, ""WHEAT"": 23, ""STRAWBERRY"": 4, ""MELON"": 1}","{""COW"": 9, ""GOOSE"": 6}",0,19
659,27,11,1,71626.0,10,10,3,"{""CARROT"": 27, ""TOMATO"": 8, ""STRAWBERRY"": 2, ""WHEAT"": 20}","{""COW"": 7, ""SHEEP"": 1}",4,45
660,27,12,0,70441.0,11,11,3,"{""TOMATO"": 10, ""CARROT"": 20, ""WHEAT"": 22, ""STRAWBERRY"": 4, ""MELON"": 1}","{""COW"": 9, ""GOOSE"": 6}",0,19
660,27,12,1,71616.0,10,10,3,"{""CARROT"": 24, ""TOMATO"": 8, ""STRAWBERRY"": 2, ""WHEAT"": 20}","{""COW"": 7, ""SHEEP"": 1}",4,45
661,27,13,0,70421.0,11,11,3,"{""TOMATO"": 10, ""CARROT"": 19, ""WHEAT"": 23, ""STRAWBERRY"": 4, ""MELON"": 1}","{""COW"": 9, ""GOOSE"": 6}",0,19
661,27,13,1,71616.0,10,10,3,"{""CARROT"": 24, ""TOMATO"": 7, ""STRAWBERRY"": 2, ""WHEAT"": 23}","{""COW"": 7, ""SHEEP"": 1}",4,45
662,27,14,0,70493.0,11,11,3,"{""TOMATO"": 10, ""CARROT"": 20, ""WHEAT"": 23, ""STRAWBERRY"": 4, ""MELON"": 1}","{""COW"": 9, ""GOOSE"": 6}",0,17
662,27,14,1,71832.0,10,10,3,"{""CARROT"": 24, ""TOMATO"": 7, ""STRAWBERRY"": 2, ""WHEAT"": 24}","{""COW"": 7, ""SHEEP"": 1}",4,41
663,27,15,0,70509.0,11,11,3,"{""TOMATO"": 10, ""CARROT"": 20, ""WHEAT"": 21, ""STRAWBERRY"": 4, ""MELON"": 1}","{""COW"": 9, ""GOOSE"": 6}",0,16
663,27,15,1,72036.0,10,10,3,"{""CARROT"": 24, ""TOMATO"": 7, ""STRAWBERRY"": 2, ""WHEAT"": 24}","{""COW"": 7, ""SHEEP"": 1}",4,39
664,27,16,0,70499.0,11,11,3,"{""TOMATO"": 10, ""CARROT"": 20, ""WHEAT"": 22, ""STRAWBERRY"": 4, ""MELON"": 1}","{""COW"": 9, ""GOOSE"": 6}",0,16
664,27,16,1,72036.0,10,10,3,"{""CARROT"": 23, ""TOMATO"": 7, ""STRAWBERRY"": 2, ""WHEAT"": 24}","{""COW"": 7, ""SHEEP"": 1}",4,39
665,27,17,0,70499.0,11,11,3,"{""TOMATO"": 10, ""CARROT"": 20, ""WHEAT"": 23, ""STRAWBERRY"": 4, ""MELON"": 1}","{""COW"": 9, ""GOOSE"": 6}",0,16
665,27,17,1,72036.0,10,10,3,"{""CARROT"": 21, ""TOMATO"": 7, ""STRAWBERRY"": 2, ""WHEAT"": 24}","{""COW"": 7, ""SHEEP"": 1}",4,39
666,27,18,0,70534.0,11,11,3,"{""TOMATO"": 10, ""CARROT"": 20, ""WHEAT"": 23, ""STRAWBERRY"": 4, ""MELON"": 1}","{""COW"": 9, ""GOOSE"": 6}",0,15
666,27,18,1,72292.0,10,10,3,"{""CARROT"": 20, ""TOMATO"": 7, ""STRAWBERRY"": 2, ""WHEAT"": 27}","{""COW"": 7, ""SHEEP"": 1}",4,43
667,27,19,0,70676.0,11,11,3,"{""TOMATO"": 10, ""CARROT"": 19, ""WHEAT"": 23, ""STRAWBERRY"": 4, ""MELON"": 1}","{""COW"": 9, ""GOOSE"": 6}",0,12
667,27,19,1,72636.0,10,10,3,"{""CARROT"": 20, ""TOMATO"": 7, ""WHEAT"": 28, ""STRAWBERRY"": 2}","{""COW"": 7, ""SHEEP"": 1}",3,35
668,27,20,0,70676.0,11,11,3,"{""TOMATO"": 10, ""CARROT"": 20, ""WHEAT"": 23, ""STRAWBERRY"": 4, ""MELON"": 1}","{""COW"": 9, ""GOOSE"": 6}",0,12
668,27,20,1,72636.0,10,10,3,"{""CARROT"": 19, ""TOMATO"": 7, ""WHEAT"": 29, ""STRAWBERRY"": 2}","{""COW"": 7, ""SHEEP"": 1}",3,35
669,27,21,0,70646.0,11,11,3,"{""TOMATO"": 9, ""CARROT"": 20, ""WHEAT"": 20, ""STRAWBERRY"": 4, ""MELON"": 1}","{""COW"": 9, ""GOOSE"": 6}",0,12
669,27,21,1,72636.0,10,10,3,"{""CARROT"": 18, ""TOMATO"": 7, ""WHEAT"": 30, ""STRAWBERRY"": 2}","{""COW"": 7, ""SHEEP"": 1}",3,35
670,27,22,0,71469.0,11,11,3,"{""TOMATO"": 9, ""CARROT"": 21, ""WHEAT"": 21, ""STRAWBERRY"": 4, ""MELON"": 1}","{""COW"": 9, ""GOOSE"": 6}",0,0
670,27,22,1,73091.0,10,10,3,"{""CARROT"": 17, ""TOMATO"": 7, ""WHEAT"": 31, ""STRAWBERRY"": 2}","{""COW"": 7, ""SHEEP"": 1}",3,31
671,27,23,0,71469.0,11,11,3,"{""TOMATO"": 9, ""CARROT"": 22, ""WHEAT"": 21, ""STRAWBERRY"": 4, ""MELON"": 1}","{""COW"": 9, ""GOOSE"": 6}",0,0
671,27,23,1,73091.0,10,10,3,"{""CARROT"": 17, ""TOMATO"": 7, ""WHEAT"": 31, ""STRAWBERRY"": 2}","{""COW"": 7, ""SHEEP"": 1}",3,31
672,28,0,0,71469.0,0,0,3,"{""CARROT"": 21, ""TOMATO"": 8, ""WHEAT"": 20, ""STRAWBERRY"": 4, ""MELON"": 1}","{""COW"": 9, ""GOOSE"": 6}",1,97
672,28,0,1,73102.0,0,0,3,"{""CARROT"": 16, ""TOMATO"": 7, ""WHEAT"": 31, ""STRAWBERRY"": 2}","{""COW"": 7, ""SHEEP"": 1}",3,94
673,28,1,0,73732.0,8,8,3,"{""CARROT"": 21, ""TOMATO"": 7, ""WHEAT"": 20, ""STRAWBERRY"": 4, ""MELON"": 1}","{""COW"": 9, ""GOOSE"": 6}",2,41
673,28,1,1,74667.0,8,8,3,"{""CARROT"": 16, ""WHEAT"": 31, ""TOMATO"": 6, ""STRAWBERRY"": 2}","{""COW"": 7, ""SHEEP"": 1}",4,67
674,28,2,0,73895.0,11,11,3,"{""CARROT"": 21, ""TOMATO"": 7, ""WHEAT"": 20, ""STRAWBERRY"": 4, ""MELON"": 1}","{""COW"": 9, ""GOOSE"": 6}",2,28
674,28,2,1,74873.0,10,10,3,"{""CARROT"": 16, ""WHEAT"": 31, ""TOMATO"": 6, ""STRAWBERRY"": 2}","{""COW"": 7, ""SHEEP"": 1}",4,59
675,28,3,0,73672.0,11,11,3,"{""CARROT"": 21, ""TOMATO"": 7, ""WHEAT"": 20, ""STRAWBERRY"": 4, ""MELON"": 1}","{""COW"": 9, ""GOOSE"": 6}",2,28
675,28,3,1,75775.0,10,10,3,"{""CARROT"": 16, ""WHEAT"": 31, ""TOMATO"": 6, ""STRAWBERRY"": 2}","{""COW"": 7, ""SHEEP"": 1}",4,46
676,28,4,0,73442.0,11,11,3,"{""CARROT"": 21, ""TOMATO"": 7, ""WHEAT"": 20, ""STRAWBERRY"": 4, ""MELON"": 1}","{""COW"": 9, ""GOOSE"": 6}",2,32
676,28,4,1,75775.0,10,10,3,"{""CARROT"": 16, ""WHEAT"": 31, ""TOMATO"": 6, ""STRAWBERRY"": 2}","{""COW"": 7, ""SHEEP"": 1}",4,46
677,28,5,0,73500.0,11,11,3,"{""CARROT"": 19, ""TOMATO"": 7, ""WHEAT"": 20, ""STRAWBERRY"": 4, ""MELON"": 1}","{""COW"": 9, ""GOOSE"": 6}",3,30
677,28,5,1,75775.0,10,10,3,"{""CARROT"": 16, ""WHEAT"": 30, ""TOMATO"": 6, ""STRAWBERRY"": 2}","{""COW"": 7, ""SHEEP"": 1}",4,46
678,28,6,0,73643.0,11,11,3,"{""CARROT"": 19, ""TOMATO"": 7, ""WHEAT"": 20, ""STRAWBERRY"": 4, ""MELON"": 1}","{""COW"": 9, ""GOOSE"": 6}",3,31
678,28,6,1,76037.0,10,10,3,"{""CARROT"": 16, ""WHEAT"": 29, ""TOMATO"": 6, ""STRAWBERRY"": 2}","{""COW"": 7, ""SHEEP"": 1}",4,42
679,28,7,0,73678.0,11,11,3,"{""CARROT"": 19, ""TOMATO"": 7, ""WHEAT"": 20, ""STRAWBERRY"": 4, ""MELON"": 1}","{""COW"": 9, ""GOOSE"": 6}",3,29
679,28,7,1,76037.0,10,10,3,"{""CARROT"": 16, ""WHEAT"": 28, ""TOMATO"": 6, ""STRAWBERRY"": 2}","{""COW"": 7, ""SHEEP"": 1}",4,42
680,28,8,0,73754.0,11,11,3,"{""CARROT"": 19, ""TOMATO"": 7, ""WHEAT"": 20, ""STRAWBERRY"": 4, ""MELON"": 1}","{""COW"": 9, ""GOOSE"": 6}",3,27
680,28,8,1,76037.0,10,10,3,"{""CARROT"": 16, ""WHEAT"": 27, ""TOMATO"": 6, ""STRAWBERRY"": 2}","{""COW"": 7, ""SHEEP"": 1}",4,42
681,28,9,0,73792.0,11,11,3,"{""CARROT"": 19, ""TOMATO"": 7, ""WHEAT"": 19, ""STRAWBERRY"": 4, ""MELON"": 1}","{""COW"": 9, ""GOOSE"": 6}",3,26
681,28,9,1,76037.0,10,10,3,"{""CARROT"": 16, ""WHEAT"": 26, ""TOMATO"": 6, ""STRAWBERRY"": 1}","{""COW"": 7, ""SHEEP"": 1}",4,42
682,28,10,0,73834.0,11,11,3,"{""CARROT"": 19, ""TOMATO"": 7, ""WHEAT"": 18, ""STRAWBERRY"": 4, ""MELON"": 1}","{""COW"": 9, ""GOOSE"": 6}",3,25
682,28,10,1,76277.0,10,10,3,"{""CARROT"": 16, ""WHEAT"": 26, ""TOMATO"": 6, ""STRAWBERRY"": 1}","{""COW"": 7, ""SHEEP"": 1}",4,39
683,28,11,0,73961.0,11,11,3,"{""CARROT"": 19, ""TOMATO"": 7, ""WHEAT"": 17, ""STRAWBERRY"": 4, ""MELON"": 1}","{""COW"": 9, ""GOOSE"": 6}",3,23
683,28,11,1,76277.0,10,10,3,"{""CARROT"": 15, ""WHEAT"": 25, ""TOMATO"": 6, ""STRAWBERRY"": 1}","{""COW"": 7, ""SHEEP"": 1}",4,39
684,28,12,0,74316.0,11,11,3,"{""CARROT"": 19, ""TOMATO"": 7, ""WHEAT"": 16, ""STRAWBERRY"": 4, ""MELON"": 1}","{""COW"": 9, ""GOOSE"": 6}",3,19
684,28,12,1,76277.0,10,10,3,"{""CARROT"": 15, ""WHEAT"": 25, ""TOMATO"": 6, ""STRAWBERRY"": 1}","{""COW"": 7, ""SHEEP"": 1}",4,39
685,28,13,0,74316.0,11,11,3,"{""CARROT"": 19, ""TOMATO"": 7, ""WHEAT"": 16, ""STRAWBERRY"": 4, ""MELON"": 1}","{""COW"": 9, ""GOOSE"": 6}",3,19
685,28,13,1,76277.0,10,10,3,"{""CARROT"": 15, ""WHEAT"": 25, ""TOMATO"": 6, ""STRAWBERRY"": 1}","{""COW"": 7, ""SHEEP"": 1}",4,39
686,28,14,0,75414.0,11,11,3,"{""CARROT"": 17, ""TOMATO"": 7, ""WHEAT"": 15, ""STRAWBERRY"": 4, ""MELON"": 1}","{""COW"": 9, ""GOOSE"": 6}",3,2
686,28,14,1,76559.0,10,10,3,"{""CARROT"": 13, ""WHEAT"": 25, ""TOMATO"": 6, ""STRAWBERRY"": 1}","{""COW"": 7, ""SHEEP"": 1}",4,45
687,28,15,0,75451.0,11,11,3,"{""CARROT"": 16, ""TOMATO"": 7, ""WHEAT"": 14, ""STRAWBERRY"": 4, ""MELON"": 1}","{""COW"": 9, ""GOOSE"": 6}",3,1
687,28,15,1,76927.0,10,10,3,"{""CARROT"": 12, ""WHEAT"": 24, ""TOMATO"": 6, ""STRAWBERRY"": 1}","{""COW"": 7, ""SHEEP"": 1}",4,47
688,28,16,0,75451.0,11,11,3,"{""CARROT"": 16, ""TOMATO"": 7, ""WHEAT"": 14, ""STRAWBERRY"": 4, ""MELON"": 1}","{""COW"": 9, ""GOOSE"": 6}",3,1
688,28,16,1,77381.0,10,10,3,"{""CARROT"": 10, ""WHEAT"": 24, ""TOMATO"": 6, ""STRAWBERRY"": 1}","{""COW"": 7, ""SHEEP"": 1}",4,36
689,28,17,0,75441.0,11,11,3,"{""CARROT"": 16, ""TOMATO"": 7, ""WHEAT"": 12, ""STRAWBERRY"": 4, ""MELON"": 1}","{""COW"": 9, ""GOOSE"": 6}",3,1
689,28,17,1,77381.0,10,10,3,"{""WHEAT"": 24, ""CARROT"": 8, ""TOMATO"": 6, ""STRAWBERRY"": 1}","{""COW"": 7, ""SHEEP"": 1}",4,36
690,28,18,0,75441.0,11,11,3,"{""CARROT"": 16, ""TOMATO"": 7, ""WHEAT"": 12, ""STRAWBERRY"": 4, ""MELON"": 1}","{""COW"": 9, ""GOOSE"": 6}",3,1
690,28,18,1,77625.0,10,10,3,"{""WHEAT"": 24, ""CARROT"": 8, ""TOMATO"": 6, ""STRAWBERRY"": 1}","{""COW"": 7, ""SHEEP"": 1}",4,33
691,28,19,0,75478.0,11,11,3,"{""CARROT"": 16, ""TOMATO"": 7, ""WHEAT"": 12, ""STRAWBERRY"": 4, ""MELON"": 1}","{""COW"": 9, ""GOOSE"": 6}",3,0
691,28,19,1,77625.0,10,10,3,"{""WHEAT"": 24, ""CARROT"": 7, ""TOMATO"": 6, ""STRAWBERRY"": 1}","{""COW"": 7, ""SHEEP"": 1}",4,33
692,28,20,0,75478.0,11,11,3,"{""CARROT"": 15, ""TOMATO"": 7, ""WHEAT"": 11, ""STRAWBERRY"": 4, ""MELON"": 1}","{""COW"": 9, ""GOOSE"": 6}",3,0
692,28,20,1,77625.0,10,10,3,"{""WHEAT"": 24, ""CARROT"": 7, ""TOMATO"": 6, ""STRAWBERRY"": 1}","{""COW"": 7, ""SHEEP"": 1}",4,33
693,28,21,0,75478.0,11,11,3,"{""CARROT"": 15, ""TOMATO"": 7, ""WHEAT"": 9, ""STRAWBERRY"": 4, ""MELON"": 1}","{""COW"": 9, ""GOOSE"": 6}",3,0
693,28,21,1,77625.0,10,10,3,"{""WHEAT"": 23, ""CARROT"": 7, ""TOMATO"": 6, ""STRAWBERRY"": 1}","{""COW"": 7, ""SHEEP"": 1}",4,33
694,28,22,0,75935.0,11,11,3,"{""CARROT"": 15, ""TOMATO"": 7, ""WHEAT"": 9, ""STRAWBERRY"": 4, ""MELON"": 1}","{""COW"": 9, ""GOOSE"": 6}",3,0
694,28,22,1,77945.0,10,10,3,"{""WHEAT"": 23, ""CARROT"": 7, ""TOMATO"": 6, ""STRAWBERRY"": 1}","{""COW"": 7, ""SHEEP"": 1}",4,35
695,28,23,0,76145.0,11,11,3,"{""CARROT"": 15, ""TOMATO"": 7, ""WHEAT"": 9, ""STRAWBERRY"": 4, ""MELON"": 1}","{""COW"": 9, ""GOOSE"": 6}",3,0
695,28,23,1,79264.0,10,10,3,"{""WHEAT"": 23, ""CARROT"": 7, ""TOMATO"": 6, ""STRAWBERRY"": 1}","{""COW"": 7, ""SHEEP"": 1}",4,12
696,29,0,0,76145.0,0,0,3,"{""CARROT"": 14, ""TOMATO"": 6, ""WHEAT"": 9, ""STRAWBERRY"": 4, ""MELON"": 1}","{""COW"": 9, ""GOOSE"": 6}",5,94
696,29,0,1,79264.0,0,0,3,"{""WHEAT"": 23, ""CARROT"": 7, ""TOMATO"": 6, ""STRAWBERRY"": 1}","{""COW"": 6, ""SHEEP"": 1}",4,62
697,29,1,0,78706.0,8,8,3,"{""CARROT"": 14, ""TOMATO"": 4, ""WHEAT"": 9, ""STRAWBERRY"": 3, ""MELON"": 1}","{""COW"": 9, ""GOOSE"": 6}",8,41
697,29,1,1,80705.0,8,8,3,"{""WHEAT"": 23, ""CARROT"": 7, ""TOMATO"": 5, ""STRAWBERRY"": 1}","{""COW"": 6, ""SHEEP"": 1}",5,27
698,29,2,0,80527.0,11,11,3,"{""CARROT"": 13, ""TOMATO"": 4, ""WHEAT"": 9, ""STRAWBERRY"": 3, ""MELON"": 1}","{""COW"": 9, ""GOOSE"": 6}",8,0
698,29,2,1,80975.0,10,10,3,"{""WHEAT"": 23, ""CARROT"": 7, ""TOMATO"": 5, ""STRAWBERRY"": 1}","{""COW"": 6, ""SHEEP"": 1}",5,20
699,29,3,0,80699.0,11,11,3,"{""CARROT"": 13, ""TOMATO"": 4, ""WHEAT"": 9, ""STRAWBERRY"": 3, ""MELON"": 1}","{""COW"": 9, ""GOOSE"": 6}",8,0
699,29,3,1,81489.0,10,10,3,"{""WHEAT"": 23, ""CARROT"": 6, ""TOMATO"": 5, ""STRAWBERRY"": 1}","{""COW"": 6, ""SHEEP"": 1}",6,14
700,29,4,0,80699.0,11,11,3,"{""CARROT"": 11, ""TOMATO"": 4, ""WHEAT"": 9, ""STRAWBERRY"": 3, ""MELON"": 1}","{""COW"": 9, ""GOOSE"": 6}",8,0
700,29,4,1,81489.0,10,10,3,"{""WHEAT"": 23, ""CARROT"": 6, ""TOMATO"": 5, ""STRAWBERRY"": 1}","{""COW"": 6, ""SHEEP"": 1}",6,14
701,29,5,0,80699.0,11,11,3,"{""CARROT"": 11, ""TOMATO"": 4, ""WHEAT"": 9, ""STRAWBERRY"": 3, ""MELON"": 1}","{""COW"": 9, ""GOOSE"": 6}",8,0
701,29,5,1,81489.0,10,10,3,"{""WHEAT"": 23, ""CARROT"": 5, ""TOMATO"": 5, ""STRAWBERRY"": 1}","{""COW"": 6, ""SHEEP"": 1}",7,14
702,29,6,0,80619.0,11,11,3,"{""CARROT"": 11, ""TOMATO"": 4, ""WHEAT"": 9, ""STRAWBERRY"": 3}","{""COW"": 9, ""GOOSE"": 6}",8,0
702,29,6,1,81721.0,10,10,3,"{""WHEAT"": 22, ""CARROT"": 3, ""TOMATO"": 5, ""STRAWBERRY"": 1}","{""COW"": 6, ""SHEEP"": 1}",7,10
703,29,7,0,80619.0,11,11,3,"{""CARROT"": 11, ""TOMATO"": 4, ""WHEAT"": 8, ""STRAWBERRY"": 3}","{""COW"": 9, ""GOOSE"": 6}",8,0
703,29,7,1,81909.0,10,10,3,"{""WHEAT"": 21, ""CARROT"": 3, ""TOMATO"": 5, ""STRAWBERRY"": 1}","{""COW"": 6, ""SHEEP"": 1}",7,8
704,29,8,0,80619.0,11,11,3,"{""CARROT"": 10, ""TOMATO"": 4, ""WHEAT"": 6, ""STRAWBERRY"": 3}","{""COW"": 9, ""GOOSE"": 6}",8,0
704,29,8,1,81909.0,10,10,3,"{""WHEAT"": 21, ""CARROT"": 3, ""TOMATO"": 5, ""STRAWBERRY"": 1}","{""COW"": 6, ""SHEEP"": 1}",7,8
705,29,9,0,80619.0,11,11,3,"{""CARROT"": 9, ""TOMATO"": 4, ""WHEAT"": 6, ""STRAWBERRY"": 3}","{""COW"": 9, ""GOOSE"": 6}",8,0
705,29,9,1,81909.0,10,10,3,"{""WHEAT"": 17, ""CARROT"": 3, ""TOMATO"": 5, ""STRAWBERRY"": 1}","{""COW"": 6, ""SHEEP"": 1}",7,8
706,29,10,0,80599.0,11,11,3,"{""CARROT"": 6, ""TOMATO"": 4, ""WHEAT"": 5, ""STRAWBERRY"": 3}","{""COW"": 9, ""GOOSE"": 6}",8,0
706,29,10,1,82123.0,10,10,3,"{""WHEAT"": 16, ""CARROT"": 2, ""TOMATO"": 5, ""STRAWBERRY"": 1}","{""COW"": 6, ""SHEEP"": 1}",7,5
707,29,11,0,80599.0,11,11,3,"{""CARROT"": 6, ""TOMATO"": 4, ""WHEAT"": 4, ""STRAWBERRY"": 3}","{""COW"": 9, ""GOOSE"": 6}",8,0
707,29,11,1,82123.0,10,10,3,"{""WHEAT"": 13, ""CARROT"": 2, ""TOMATO"": 5, ""STRAWBERRY"": 1}","{""COW"": 6, ""SHEEP"": 1}",7,5
708,29,12,0,80599.0,11,11,3,"{""CARROT"": 4, ""TOMATO"": 4, ""WHEAT"": 3, ""STRAWBERRY"": 3}","{""COW"": 9, ""GOOSE"": 6}",8,0
708,29,12,1,82123.0,10,10,3,"{""WHEAT"": 11, ""CARROT"": 1, ""TOMATO"": 5, ""STRAWBERRY"": 1}","{""COW"": 6, ""SHEEP"": 1}",7,5
709,29,13,0,80599.0,11,11,3,"{""TOMATO"": 4, ""CARROT"": 3, ""WHEAT"": 1, ""STRAWBERRY"": 3}","{""COW"": 9, ""GOOSE"": 6}",8,0
709,29,13,1,82123.0,10,10,3,"{""WHEAT"": 9, ""TOMATO"": 5, ""STRAWBERRY"": 1}","{""COW"": 6, ""SHEEP"": 1}",7,5
710,29,14,0,80599.0,11,11,3,"{""TOMATO"": 4, ""CARROT"": 2, ""WHEAT"": 1, ""STRAWBERRY"": 3}","{""COW"": 9, ""GOOSE"": 6}",8,0
710,29,14,1,82173.0,10,10,3,"{""WHEAT"": 7, ""TOMATO"": 5, ""STRAWBERRY"": 1}","{""COW"": 6, ""SHEEP"": 1}",7,3
711,29,15,0,80599.0,11,11,3,"{""TOMATO"": 4, ""CARROT"": 1, ""STRAWBERRY"": 3}","{""COW"": 9, ""GOOSE"": 6}",8,0
711,29,15,1,82173.0,10,10,3,"{""WHEAT"": 7, ""TOMATO"": 5, ""STRAWBERRY"": 1}","{""COW"": 6, ""SHEEP"": 1}",7,3
712,29,16,0,80599.0,11,11,3,"{""TOMATO"": 4, ""CARROT"": 1, ""STRAWBERRY"": 3}","{""COW"": 9, ""GOOSE"": 6}",8,0
712,29,16,1,82173.0,10,10,3,"{""WHEAT"": 6, ""TOMATO"": 5, ""STRAWBERRY"": 1}","{""COW"": 6, ""SHEEP"": 1}",7,8
713,29,17,0,81405.0,11,11,3,"{""TOMATO"": 4, ""CARROT"": 1, ""STRAWBERRY"": 3}","{""COW"": 9, ""GOOSE"": 6}",8,0
713,29,17,1,82333.0,10,10,3,"{""WHEAT"": 5, ""TOMATO"": 5, ""STRAWBERRY"": 1}","{""COW"": 6, ""SHEEP"": 1}",7,4
714,29,18,0,82451.0,11,11,3,"{""TOMATO"": 4, ""CARROT"": 1, ""STRAWBERRY"": 3}","{""COW"": 9, ""GOOSE"": 6}",8,0
714,29,18,1,82642.0,10,10,3,"{""WHEAT"": 5, ""TOMATO"": 5, ""STRAWBERRY"": 1}","{""COW"": 6, ""SHEEP"": 1}",7,4
715,29,19,0,83114.0,11,11,3,"{""TOMATO"": 4, ""CARROT"": 1, ""STRAWBERRY"": 3}","{""COW"": 9, ""GOOSE"": 6}",8,0
715,29,19,1,82742.0,10,10,3,"{""WHEAT"": 5, ""TOMATO"": 5, ""STRAWBERRY"": 1}","{""COW"": 6, ""SHEEP"": 1}",7,33
716,29,20,0,84302.0,11,11,3,"{""TOMATO"": 4, ""CARROT"": 1, ""STRAWBERRY"": 3}","{""COW"": 9, ""GOOSE"": 6}",8,0
716,29,20,1,84178.0,10,10,3,"{""WHEAT"": 5, ""TOMATO"": 5, ""STRAWBERRY"": 1}","{""COW"": 6, ""SHEEP"": 1}",7,20
717,29,21,0,85308.0,11,11,3,"{""TOMATO"": 4, ""CARROT"": 1, ""STRAWBERRY"": 3}","{""COW"": 9, ""GOOSE"": 6}",8,0
717,29,21,1,84880.0,10,10,3,"{""WHEAT"": 5, ""TOMATO"": 5, ""STRAWBERRY"": 1}","{""COW"": 6, ""SHEEP"": 1}",7,24
718,29,22,0,85308.0,11,11,3,"{""TOMATO"": 4, ""CARROT"": 1, ""STRAWBERRY"": 3}","{""COW"": 9, ""GOOSE"": 6}",8,0
718,29,22,1,86002.0,10,10,3,"{""WHEAT"": 4, ""TOMATO"": 5, ""STRAWBERRY"": 1}","{""COW"": 6, ""SHEEP"": 1}",7,7
719,29,23,0,86713.0,11,11,3,"{""TOMATO"": 4, ""CARROT"": 1, ""STRAWBERRY"": 3}","{""COW"": 9, ""GOOSE"": 6}",8,0
719,29,23,1,86262.0,10,10,3,"{""WHEAT"": 4, ""TOMATO"": 5, ""STRAWBERRY"": 1}","{""COW"": 6, ""SHEEP"": 1}",7,0
