step,day,hour,player,money,hands,hires_today,quadrants,plants,animals,weeds,shed_total
0,0,0,0,3000.0,0,0,1,{},{},0,0
0,0,0,1,3000.0,0,0,1,{},{},0,0
1,0,1,0,177.0,4,4,1,{},{},0,6
1,0,1,1,2466.0,0,0,1,{},{},0,6
2,0,2,0,177.0,4,4,1,{},{},0,2
2,0,2,1,587.0,4,4,1,{},{},0,8
3,0,3,0,177.0,4,4,1,{},{},0,0
3,0,3,1,614.0,4,4,1,{},{},0,4
4,0,4,0,177.0,4,4,1,"{""WHEAT"": 1}","{""COW"": 1}",0,0
4,0,4,1,454.0,4,4,1,{},"{""COW"": 1}",0,3
5,0,5,0,177.0,4,4,1,"{""WHEAT"": 1}","{""COW"": 1}",0,0
5,0,5,1,427.0,4,4,1,{},"{""COW"": 1}",0,1
6,0,6,0,177.0,4,4,1,"{""WHEAT"": 1}","{""SHEEP"": 1, ""COW"": 1}",0,0
6,0,6,1,239.0,4,4,1,{},"{""SHEEP"": 1, ""COW"": 1}",0,2
7,0,7,0,177.0,4,4,1,"{""WHEAT"": 3, ""MELON"": 1}","{""SHEEP"": 1, ""COW"": 1}",0,0
7,0,7,1,211.0,4,4,1,{},"{""SHEEP"": 2, ""COW"": 1}",0,3
8,0,8,0,177.0,4,4,1,"{""WHEAT"": 3, ""MELON"": 1}","{""SHEEP"": 1, ""COW"": 1}",0,0
8,0,8,1,211.0,4,4,1,{},"{""SHEEP"": 2, ""COW"": 1}",0,3
9,0,9,0,177.0,4,4,1,"{""WHEAT"": 4, ""MELON"": 1}","{""SHEEP"": 1, ""COW"": 1}",0,0
9,0,9,1,211.0,4,4,1,{},"{""COW"": 2, ""SHEEP"": 3}",0,3
10,0,10,0,177.0,4,4,1,"{""WHEAT"": 5, ""MELON"": 1, ""CARROT"": 1}","{""SHEEP"": 1, ""COW"": 1}",0,0
10,0,10,1,211.0,4,4,1,"{""MELON"": 1}","{""COW"": 2, ""SHEEP"": 3}",0,2
11,0,11,0,177.0,4,4,1,"{""WHEAT"": 5, ""MELON"": 1, ""CARROT"": 1}","{""SHEEP"": 1, ""COW"": 1}",0,0
11,0,11,1,211.0,4,4,1,"{""MELON"": 3}","{""COW"": 2, ""SHEEP"": 3}",0,2
12,0,12,0,177.0,4,4,1,"{""WHEAT"": 6, ""MELON"": 1, ""CARROT"": 1}","{""COW"": 2, ""SHEEP"": 1}",0,0
12,0,12,1,51.0,4,4,1,"{""MELON"": 3}","{""COW"": 2, ""SHEEP"": 3}",0,2
13,0,13,0,177.0,4,4,1,"{""CARROT"": 3, ""WHEAT"": 6, ""MELON"": 1}","{""COW"": 2, ""SHEEP"": 1}",0,0
13,0,13,1,31.0,4,4,1,"{""MELON"": 4}","{""COW"": 2, ""SHEEP"": 3}",0,2
14,0,14,0,177.0,4,4,1,"{""CARROT"": 3, ""WHEAT"": 6, ""MELON"": 1}","{""COW"": 2, ""SHEEP"": 1}",0,0
14,0,14,1,21.0,4,4,1,"{""MELON"": 5, ""WHEAT"": 1}","{""COW"": 2, ""SHEEP"": 3}",0,2
15,0,15,0,177.0,4,4,1,"{""CARROT"": 3, ""WHEAT"": 6, ""MELON"": 1}","{""COW"": 3, ""SHEEP"": 1}",0,0
15,0,15,1,39.0,4,4,1,"{""MELON"": 6, ""WHEAT"": 1}","{""COW"": 2, ""SHEEP"": 3}",0,1
16,0,16,0,177.0,4,4,1,"{""WHEAT"": 8, ""CARROT"": 3, ""MELON"": 1}","{""COW"": 3, ""SHEEP"": 1}",0,0
16,0,16,1,29.0,4,4,1,"{""WHEAT"": 2, ""MELON"": 6}","{""COW"": 2, ""SHEEP"": 3}",0,1
17,0,17,0,177.0,4,4,1,"{""WHEAT"": 8, ""CARROT"": 4, ""MELON"": 2}","{""COW"": 3, ""SHEEP"": 1}",0,0
17,0,17,1,47.0,4,4,1,"{""WHEAT"": 4, ""MELON"": 6}","{""COW"": 2, ""SHEEP"": 3}",0,0
18,0,18,0,177.0,4,4,1,"{""WHEAT"": 8, ""CARROT"": 4, ""MELON"": 2}","{""COW"": 3, ""SHEEP"": 1}",0,0
18,0,18,1,37.0,4,4,1,"{""WHEAT"": 5, ""MELON"": 6}","{""COW"": 2, ""SHEEP"": 3}",0,0
19,0,19,0,177.0,4,4,1,"{""WHEAT"": 10, ""CARROT"": 4, ""MELON"": 2}","{""COW"": 3, ""SHEEP"": 1}",0,0
19,0,19,1,27.0,4,4,1,"{""WHEAT"": 6, ""MELON"": 6}","{""COW"": 2, ""SHEEP"": 3}",0,0
20,0,20,0,177.0,4,4,1,"{""WHEAT"": 10, ""CARROT"": 4, ""MELON"": 3}","{""COW"": 3, ""SHEEP"": 1}",0,0
20,0,20,1,17.0,4,4,1,"{""WHEAT"": 8, ""MELON"": 6}","{""COW"": 2, ""SHEEP"": 3}",0,0
21,0,21,0,177.0,4,4,1,"{""WHEAT"": 10, ""CARROT"": 4, ""MELON"": 3}","{""SHEEP"": 2, ""COW"": 3}",0,0
21,0,21,1,7.0,4,4,1,"{""WHEAT"": 8, ""MELON"": 6}","{""COW"": 2, ""SHEEP"": 3}",0,0
22,0,22,0,177.0,4,4,1,"{""WHEAT"": 11, ""CARROT"": 4, ""MELON"": 4}","{""SHEEP"": 2, ""COW"": 3}",0,0
22,0,22,1,7.0,4,4,1,"{""WHEAT"": 9, ""MELON"": 6}","{""COW"": 2, ""SHEEP"": 3}",0,0
23,0,23,0,177.0,4,4,1,"{""WHEAT"": 11, ""CARROT"": 4, ""MELON"": 5}","{""SHEEP"": 2, ""COW"": 3}",0,0
23,0,23,1,7.0,4,4,1,"{""WHEAT"": 10, ""MELON"": 6}","{""COW"": 2, ""SHEEP"": 3}",0,0
24,1,0,0,177.0,0,0,1,"{""WHEAT"": 11, ""CARROT"": 4, ""MELON"": 5}","{""SHEEP"": 2, ""COW"": 3}",0,0
24,1,0,1,7.0,0,0,1,"{""WHEAT"": 10, ""MELON"": 6}","{""COW"": 2, ""SHEEP"": 3}",0,0
25,1,1,0,35.0,2,2,1,"{""WHEAT"": 11, ""CARROT"": 4, ""MELON"": 5}","{""SHEEP"": 2, ""COW"": 3}",0,5
25,1,1,1,0.0,4,4,1,"{""WHEAT"": 10, ""MELON"": 6}","{""COW"": 2, ""SHEEP"": 3}",0,0
26,1,2,0,35.0,2,2,1,"{""WHEAT"": 11, ""CARROT"": 4, ""MELON"": 5}","{""SHEEP"": 2, ""COW"": 3}",0,0
26,1,2,1,0.0,4,4,1,"{""WHEAT"": 10, ""MELON"": 6}","{""COW"": 2, ""SHEEP"": 3}",0,1
27,1,3,0,35.0,2,2,1,"{""WHEAT"": 11, ""CARROT"": 4, ""MELON"": 5}","{""SHEEP"": 2, ""COW"": 3}",0,0
27,1,3,1,42.0,4,4,1,"{""WHEAT"": 10, ""MELON"": 6}","{""COW"": 2, ""SHEEP"": 3}",0,2
28,1,4,0,35.0,2,2,1,"{""WHEAT"": 11, ""CARROT"": 4, ""MELON"": 5}","{""SHEEP"": 2, ""COW"": 3}",0,0
28,1,4,1,42.0,4,4,1,"{""WHEAT"": 10, ""MELON"": 6}","{""COW"": 2, ""SHEEP"": 3}",0,2
29,1,5,0,35.0,2,2,1,"{""WHEAT"": 11, ""CARROT"": 4, ""MELON"": 5}","{""SHEEP"": 2, ""COW"": 3}",0,0
29,1,5,1,42.0,4,4,1,"{""WHEAT"": 10, ""MELON"": 6}","{""COW"": 2, ""SHEEP"": 3}",0,3
30,1,6,0,35.0,2,2,1,"{""WHEAT"": 11, ""CARROT"": 4, ""MELON"": 5}","{""SHEEP"": 2, ""COW"": 3}",0,0
30,1,6,1,142.0,4,4,1,"{""WHEAT"": 10, ""MELON"": 6}","{""COW"": 2, ""SHEEP"": 3}",0,1
31,1,7,0,135.0,2,2,1,"{""WHEAT"": 11, ""CARROT"": 4, ""MELON"": 5}","{""SHEEP"": 2, ""COW"": 3}",0,0
31,1,7,1,184.0,4,4,1,"{""WHEAT"": 10, ""MELON"": 6}","{""COW"": 2, ""SHEEP"": 3}",0,2
32,1,8,0,135.0,2,2,1,"{""WHEAT"": 11, ""CARROT"": 4, ""MELON"": 5}","{""SHEEP"": 2, ""COW"": 3}",0,0
32,1,8,1,184.0,4,4,1,"{""WHEAT"": 10, ""MELON"": 6}","{""COW"": 2, ""SHEEP"": 3}",0,2
33,1,9,0,234.0,2,2,1,"{""WHEAT"": 11, ""CARROT"": 4, ""MELON"": 5}","{""SHEEP"": 2, ""COW"": 3}",0,0
33,1,9,1,193.0,4,4,1,"{""WHEAT"": 10, ""MELON"": 6}","{""COW"": 2, ""SHEEP"": 3}",0,1
34,1,10,0,234.0,2,2,1,"{""WHEAT"": 11, ""CARROT"": 4, ""MELON"": 5}","{""SHEEP"": 2, ""COW"": 3}",0,0
34,1,10,1,193.0,4,4,1,"{""WHEAT"": 10, ""MELON"": 6}","{""COW"": 2, ""SHEEP"": 3}",0,1
35,1,11,0,234.0,2,2,1,"{""WHEAT"": 11, ""CARROT"": 4, ""MELON"": 5}","{""SHEEP"": 2, ""COW"": 3}",0,0
35,1,11,1,33.0,4,4,1,"{""WHEAT"": 10, ""MELON"": 7}","{""COW"": 2, ""SHEEP"": 3}",0,1
36,1,12,0,234.0,2,2,1,"{""WHEAT"": 11, ""CARROT"": 4, ""MELON"": 5}","{""SHEEP"": 2, ""COW"": 3}",0,0
36,1,12,1,33.0,4,4,1,"{""WHEAT"": 10, ""MELON"": 9}","{""COW"": 2, ""SHEEP"": 3}",0,1
37,1,13,0,234.0,2,2,1,"{""WHEAT"": 11, ""CARROT"": 4, ""MELON"": 5}","{""SHEEP"": 2, ""COW"": 3}",0,0
37,1,13,1,33.0,4,4,1,"{""WHEAT"": 10, ""MELON"": 9}","{""COW"": 2, ""SHEEP"": 3}",0,1
38,1,14,0,234.0,2,2,1,"{""WHEAT"": 11, ""CARROT"": 4, ""MELON"": 5}","{""SHEEP"": 2, ""COW"": 3}",0,0
38,1,14,1,33.0,4,4,1,"{""WHEAT"": 10, ""MELON"": 9}","{""COW"": 2, ""SHEEP"": 3}",0,1
39,1,15,0,234.0,2,2,1,"{""WHEAT"": 11, ""CARROT"": 4, ""MELON"": 5}","{""SHEEP"": 2, ""COW"": 3}",0,0
39,1,15,1,33.0,4,4,1,"{""WHEAT"": 10, ""MELON"": 10}","{""COW"": 2, ""SHEEP"": 3}",0,1
40,1,16,0,234.0,2,2,1,"{""WHEAT"": 11, ""CARROT"": 4, ""MELON"": 5}","{""SHEEP"": 2, ""COW"": 3}",0,0
40,1,16,1,33.0,4,4,1,"{""WHEAT"": 10, ""MELON"": 10}","{""COW"": 2, ""SHEEP"": 3}",0,1
41,1,17,0,234.0,2,2,1,"{""WHEAT"": 11, ""CARROT"": 4, ""MELON"": 5}","{""SHEEP"": 2, ""COW"": 3}",0,0
41,1,17,1,33.0,4,4,1,"{""WHEAT"": 10, ""MELON"": 10}","{""COW"": 2, ""SHEEP"": 3}",0,1
42,1,18,0,234.0,2,2,1,"{""WHEAT"": 11, ""CARROT"": 4, ""MELON"": 5}","{""SHEEP"": 2, ""COW"": 3}",0,0
42,1,18,1,33.0,4,4,1,"{""WHEAT"": 10, ""MELON"": 10}","{""COW"": 2, ""SHEEP"": 3}",0,1
43,1,19,0,234.0,2,2,1,"{""WHEAT"": 11, ""CARROT"": 4, ""MELON"": 5}","{""SHEEP"": 2, ""COW"": 3}",0,0
43,1,19,1,33.0,4,4,1,"{""WHEAT"": 10, ""MELON"": 10}","{""COW"": 2, ""SHEEP"": 3}",0,1
44,1,20,0,234.0,2,2,1,"{""WHEAT"": 11, ""CARROT"": 4, ""MELON"": 5}","{""SHEEP"": 2, ""COW"": 3}",0,0
44,1,20,1,33.0,4,4,1,"{""WHEAT"": 10, ""MELON"": 10}","{""COW"": 2, ""SHEEP"": 3}",0,1
45,1,21,0,234.0,2,2,1,"{""WHEAT"": 11, ""CARROT"": 4, ""MELON"": 5}","{""SHEEP"": 2, ""COW"": 3}",0,0
45,1,21,1,33.0,4,4,1,"{""WHEAT"": 10, ""MELON"": 10}","{""COW"": 2, ""SHEEP"": 3}",0,1
46,1,22,0,234.0,2,2,1,"{""WHEAT"": 11, ""CARROT"": 4, ""MELON"": 5}","{""SHEEP"": 2, ""COW"": 3}",0,0
46,1,22,1,33.0,4,4,1,"{""WHEAT"": 10, ""MELON"": 10}","{""COW"": 2, ""SHEEP"": 3}",0,1
47,1,23,0,234.0,2,2,1,"{""WHEAT"": 11, ""CARROT"": 4, ""MELON"": 5}","{""SHEEP"": 2, ""COW"": 3}",0,0
47,1,23,1,33.0,4,4,1,"{""WHEAT"": 10, ""MELON"": 10}","{""COW"": 2, ""SHEEP"": 3}",0,1
48,2,0,0,529.0,0,0,1,"{""WHEAT"": 11, ""CARROT"": 4, ""MELON"": 5}","{""SHEEP"": 2, ""COW"": 3}",0,0
48,2,0,1,33.0,0,0,1,"{""WHEAT"": 10, ""MELON"": 10}","{""COW"": 2, ""SHEEP"": 3}",0,1
49,2,1,0,215.0,3,3,1,"{""WHEAT"": 11, ""CARROT"": 4, ""MELON"": 5}","{""SHEEP"": 2, ""COW"": 3}",0,1
49,2,1,1,13.0,6,6,1,"{""WHEAT"": 10, ""MELON"": 10}","{""COW"": 2, ""SHEEP"": 3}",0,1
50,2,2,0,215.0,3,3,1,"{""WHEAT"": 11, ""CARROT"": 4, ""MELON"": 5}","{""SHEEP"": 2, ""COW"": 3}",0,0
50,2,2,1,13.0,6,6,1,"{""WHEAT"": 10, ""MELON"": 10}","{""COW"": 2, ""SHEEP"": 3}",0,1
51,2,3,0,215.0,3,3,1,"{""WHEAT"": 11, ""CARROT"": 4, ""MELON"": 5}","{""SHEEP"": 2, ""COW"": 3}",0,0
51,2,3,1,111.0,6,6,1,"{""WHEAT"": 10, ""MELON"": 10}","{""COW"": 2, ""SHEEP"": 3}",0,0
52,2,4,0,215.0,3,3,1,"{""WHEAT"": 11, ""CARROT"": 4, ""MELON"": 5}","{""SHEEP"": 2, ""COW"": 3}",0,0
52,2,4,1,111.0,6,6,1,"{""WHEAT"": 10, ""MELON"": 10}","{""COW"": 2, ""SHEEP"": 3}",0,0
53,2,5,0,313.0,3,3,1,"{""WHEAT"": 11, ""CARROT"": 4, ""MELON"": 5}","{""SHEEP"": 2, ""COW"": 3}",0,0
53,2,5,1,111.0,6,6,1,"{""WHEAT"": 10, ""MELON"": 10}","{""COW"": 2, ""SHEEP"": 3}",0,1
54,2,6,0,313.0,3,3,1,"{""WHEAT"": 11, ""CARROT"": 4, ""MELON"": 5}","{""SHEEP"": 2, ""COW"": 3}",0,0
54,2,6,1,151.0,6,6,1,"{""WHEAT"": 10, ""MELON"": 10}","{""COW"": 2, ""SHEEP"": 3}",0,3
55,2,7,0,313.0,3,3,1,"{""WHEAT"": 11, ""CARROT"": 4, ""MELON"": 5}","{""SHEEP"": 2, ""COW"": 3}",0,0
55,2,7,1,248.0,6,6,1,"{""WHEAT"": 10, ""MELON"": 10}","{""COW"": 2, ""SHEEP"": 3}",0,0
56,2,8,0,313.0,3,3,1,"{""WHEAT"": 10, ""CARROT"": 4, ""MELON"": 5}","{""SHEEP"": 2, ""COW"": 3}",0,0
56,2,8,1,188.0,6,6,1,"{""WHEAT"": 10, ""MELON"": 10}","{""COW"": 2, ""SHEEP"": 3}",0,3
57,2,9,0,313.0,3,3,1,"{""WHEAT"": 11, ""CARROT"": 4, ""MELON"": 5}","{""SHEEP"": 2, ""COW"": 3}",0,0
57,2,9,1,285.0,6,6,1,"{""WHEAT"": 10, ""MELON"": 10}","{""COW"": 2, ""SHEEP"": 3}",0,0
58,2,10,0,313.0,3,3,1,"{""WHEAT"": 11, ""CARROT"": 4, ""MELON"": 5}","{""SHEEP"": 2, ""COW"": 3}",0,0
58,2,10,1,205.0,6,6,1,"{""WHEAT"": 10, ""MELON"": 10}","{""COW"": 2, ""SHEEP"": 3}",0,0
59,2,11,0,313.0,3,3,1,"{""WHEAT"": 11, ""CARROT"": 4, ""MELON"": 5}","{""SHEEP"": 2, ""COW"": 3}",0,0
59,2,11,1,205.0,6,6,1,"{""WHEAT"": 10, ""MELON"": 10}","{""COW"": 2, ""SHEEP"": 3}",0,1
60,2,12,0,313.0,3,3,1,"{""WHEAT"": 10, ""CARROT"": 4, ""MELON"": 5}","{""SHEEP"": 2, ""COW"": 3}",0,0
60,2,12,1,302.0,6,6,1,"{""WHEAT"": 9, ""MELON"": 10}","{""COW"": 2, ""SHEEP"": 3}",0,0
61,2,13,0,313.0,3,3,1,"{""WHEAT"": 10, ""CARROT"": 4, ""MELON"": 5}","{""SHEEP"": 2, ""COW"": 3}",0,0
61,2,13,1,122.0,6,6,1,"{""WHEAT"": 8, ""MELON"": 11}","{""COW"": 2, ""SHEEP"": 3}",0,0
62,2,14,0,313.0,3,3,1,"{""WHEAT"": 10, ""CARROT"": 4, ""MELON"": 5}","{""SHEEP"": 2, ""COW"": 3, ""GOOSE"": 1}",0,0
62,2,14,1,22.0,6,6,1,"{""WHEAT"": 8, ""MELON"": 12}","{""COW"": 2, ""SHEEP"": 3}",0,0
63,2,15,0,313.0,3,3,1,"{""WHEAT"": 10, ""CARROT"": 4, ""MELON"": 5}","{""SHEEP"": 2, ""COW"": 3, ""GOOSE"": 1}",0,0
63,2,15,1,22.0,6,6,1,"{""WHEAT"": 7, ""MELON"": 12}","{""COW"": 2, ""SHEEP"": 3}",0,0
64,2,16,0,313.0,3,3,1,"{""WHEAT"": 10, ""CARROT"": 4, ""MELON"": 5}","{""SHEEP"": 2, ""COW"": 3, ""GOOSE"": 1}",0,0
64,2,16,1,22.0,6,6,1,"{""MELON"": 12, ""WHEAT"": 6, ""STRAWBERRY"": 1}","{""COW"": 2, ""SHEEP"": 3}",0,0
65,2,17,0,313.0,3,3,1,"{""WHEAT"": 10, ""CARROT"": 4, ""MELON"": 5}","{""SHEEP"": 2, ""COW"": 3, ""GOOSE"": 1}",0,0
65,2,17,1,22.0,6,6,1,"{""STRAWBERRY"": 2, ""MELON"": 12, ""WHEAT"": 6}","{""COW"": 2, ""SHEEP"": 3}",0,0
66,2,18,0,313.0,3,3,1,"{""WHEAT"": 10, ""CARROT"": 4, ""MELON"": 5}","{""SHEEP"": 2, ""COW"": 3, ""GOOSE"": 1}",0,0
66,2,18,1,22.0,6,6,1,"{""STRAWBERRY"": 2, ""MELON"": 12, ""WHEAT"": 6}","{""COW"": 2, ""SHEEP"": 3}",0,0
67,2,19,0,313.0,3,3,1,"{""WHEAT"": 10, ""CARROT"": 4, ""MELON"": 5}","{""SHEEP"": 2, ""COW"": 3, ""GOOSE"": 1}",0,0
67,2,19,1,22.0,6,6,1,"{""STRAWBERRY"": 2, ""MELON"": 12, ""WHEAT"": 6}","{""COW"": 2, ""SHEEP"": 3}",0,0
68,2,20,0,313.0,3,3,1,"{""WHEAT"": 10, ""CARROT"": 4, ""MELON"": 5}","{""SHEEP"": 2, ""COW"": 3, ""GOOSE"": 1}",0,0
68,2,20,1,22.0,6,6,1,"{""STRAWBERRY"": 2, ""MELON"": 12, ""WHEAT"": 6}","{""COW"": 2, ""SHEEP"": 3}",0,0
69,2,21,0,313.0,3,3,1,"{""WHEAT"": 10, ""CARROT"": 4, ""MELON"": 5}","{""SHEEP"": 2, ""COW"": 3, ""GOOSE"": 1}",0,0
69,2,21,1,22.0,6,6,1,"{""STRAWBERRY"": 2, ""MELON"": 12, ""WHEAT"": 6}","{""COW"": 2, ""SHEEP"": 3}",0,0
70,2,22,0,507.0,3,3,1,"{""WHEAT"": 10, ""CARROT"": 4, ""MELON"": 5}","{""SHEEP"": 2, ""COW"": 3, ""GOOSE"": 1}",0,0
70,2,22,1,22.0,6,6,1,"{""STRAWBERRY"": 2, ""MELON"": 12, ""WHEAT"": 6}","{""COW"": 2, ""SHEEP"": 3}",0,0
71,2,23,0,507.0,3,3,1,"{""WHEAT"": 10, ""CARROT"": 4, ""MELON"": 5}","{""SHEEP"": 2, ""COW"": 3, ""GOOSE"": 1}",0,0
71,2,23,1,22.0,6,6,1,"{""STRAWBERRY"": 2, ""MELON"": 12, ""WHEAT"": 6}","{""COW"": 2, ""SHEEP"": 3}",0,0
72,3,0,0,729.0,0,0,1,"{""WHEAT"": 10, ""CARROT"": 4, ""MELON"": 5}","{""SHEEP"": 2, ""COW"": 3, ""GOOSE"": 1}",0,0
72,3,0,1,22.0,0,0,1,"{""STRAWBERRY"": 2, ""MELON"": 12, ""WHEAT"": 6}","{""COW"": 2, ""SHEEP"": 3}",0,8
73,3,1,0,252.0,4,4,1,"{""WHEAT"": 10, ""CARROT"": 4, ""MELON"": 5}","{""SHEEP"": 2, ""COW"": 3, ""GOOSE"": 1}",0,1
73,3,1,1,2.0,6,6,1,"{""STRAWBERRY"": 2, ""MELON"": 12, ""WHEAT"": 6}","{""COW"": 2, ""SHEEP"": 3}",0,8
74,3,2,0,252.0,4,4,1,"{""WHEAT"": 10, ""CARROT"": 4, ""MELON"": 5}","{""SHEEP"": 2, ""COW"": 3, ""GOOSE"": 1}",0,0
74,3,2,1,2.0,6,6,1,"{""STRAWBERRY"": 2, ""MELON"": 12, ""WHEAT"": 6}","{""COW"": 2, ""SHEEP"": 3}",0,1
75,3,3,0,252.0,4,4,1,"{""WHEAT"": 10, ""CARROT"": 4, ""MELON"": 5}","{""SHEEP"": 2, ""COW"": 3, ""GOOSE"": 1}",0,0
75,3,3,1,98.0,6,6,1,"{""STRAWBERRY"": 2, ""MELON"": 12, ""WHEAT"": 6}","{""COW"": 2, ""SHEEP"": 3}",0,0
76,3,4,0,252.0,4,4,1,"{""WHEAT"": 10, ""CARROT"": 4, ""MELON"": 5}","{""SHEEP"": 2, ""COW"": 3, ""GOOSE"": 1}",0,0
76,3,4,1,98.0,6,6,1,"{""STRAWBERRY"": 2, ""MELON"": 12, ""WHEAT"": 6}","{""COW"": 2, ""SHEEP"": 3}",0,0
77,3,5,0,252.0,4,4,1,"{""WHEAT"": 10, ""CARROT"": 4, ""MELON"": 5}","{""SHEEP"": 2, ""COW"": 3, ""GOOSE"": 1}",0,0
77,3,5,1,98.0,6,6,1,"{""STRAWBERRY"": 2, ""MELON"": 12, ""WHEAT"": 6}","{""COW"": 2, ""SHEEP"": 3}",0,1
78,3,6,0,252.0,4,4,1,"{""WHEAT"": 9, ""CARROT"": 4, ""MELON"": 5}","{""SHEEP"": 2, ""COW"": 3, ""GOOSE"": 1}",0,0
78,3,6,1,194.0,6,6,1,"{""STRAWBERRY"": 2, ""MELON"": 12, ""WHEAT"": 6}","{""COW"": 2, ""SHEEP"": 3}",0,1
79,3,7,0,252.0,4,4,1,"{""WHEAT"": 8, ""CARROT"": 4, ""MELON"": 5}","{""SHEEP"": 2, ""COW"": 3, ""GOOSE"": 1}",0,0
79,3,7,1,290.0,6,6,1,"{""STRAWBERRY"": 2, ""MELON"": 12, ""WHEAT"": 6}","{""COW"": 2, ""SHEEP"": 3}",0,0
80,3,8,0,252.0,4,4,1,"{""WHEAT"": 7, ""CARROT"": 4, ""MELON"": 5}","{""SHEEP"": 2, ""COW"": 4, ""GOOSE"": 1}",0,0
80,3,8,1,290.0,6,6,1,"{""STRAWBERRY"": 2, ""MELON"": 12, ""WHEAT"": 5}","{""COW"": 2, ""SHEEP"": 3}",0,1
81,3,9,0,252.0,4,4,1,"{""WHEAT"": 9, ""CARROT"": 4, ""MELON"": 5}","{""SHEEP"": 2, ""COW"": 4, ""GOOSE"": 1}",0,0
81,3,9,1,385.0,6,6,1,"{""STRAWBERRY"": 2, ""MELON"": 12, ""WHEAT"": 5}","{""COW"": 2, ""SHEEP"": 3}",0,0
82,3,10,0,252.0,4,4,1,"{""WHEAT"": 9, ""CARROT"": 4, ""MELON"": 5}","{""SHEEP"": 2, ""COW"": 4, ""GOOSE"": 1}",0,0
82,3,10,1,385.0,6,6,1,"{""STRAWBERRY"": 2, ""MELON"": 12, ""WHEAT"": 5}","{""COW"": 2, ""SHEEP"": 3}",0,0
83,3,11,0,252.0,4,4,1,"{""WHEAT"": 9, ""CARROT"": 4, ""MELON"": 5}","{""SHEEP"": 2, ""COW"": 4, ""GOOSE"": 1}",0,0
83,3,11,1,385.0,6,6,1,"{""STRAWBERRY"": 2, ""MELON"": 12, ""WHEAT"": 5}","{""COW"": 2, ""SHEEP"": 3}",0,1
84,3,12,0,252.0,4,4,1,"{""WHEAT"": 9, ""CARROT"": 4, ""MELON"": 5}","{""SHEEP"": 2, ""COW"": 4, ""GOOSE"": 1}",0,0
84,3,12,1,380.0,6,6,1,"{""STRAWBERRY"": 2, ""MELON"": 12, ""WHEAT"": 5}","{""COW"": 2, ""SHEEP"": 3}",0,0
85,3,13,0,252.0,4,4,1,"{""WHEAT"": 9, ""CARROT"": 2, ""MELON"": 5}","{""SHEEP"": 2, ""COW"": 4, ""GOOSE"": 1}",0,0
85,3,13,1,380.0,6,6,1,"{""STRAWBERRY"": 2, ""MELON"": 12, ""WHEAT"": 5}","{""COW"": 2, ""SHEEP"": 3}",0,0
86,3,14,0,252.0,4,4,1,"{""WHEAT"": 11, ""CARROT"": 2, ""MELON"": 5}","{""SHEEP"": 2, ""COW"": 4, ""GOOSE"": 1}",0,0
86,3,14,1,280.0,6,6,1,"{""STRAWBERRY"": 2, ""MELON"": 12, ""WHEAT"": 5}","{""COW"": 2, ""SHEEP"": 3}",0,1
87,3,15,0,252.0,4,4,1,"{""WHEAT"": 11, ""CARROT"": 2, ""MELON"": 5}","{""SHEEP"": 2, ""COW"": 4, ""GOOSE"": 1}",0,0
87,3,15,1,280.0,6,6,1,"{""STRAWBERRY"": 2, ""MELON"": 12, ""WHEAT"": 5}","{""COW"": 2, ""SHEEP"": 3}",0,0
88,3,16,0,252.0,4,4,1,"{""WHEAT"": 11, ""CARROT"": 2, ""MELON"": 5}","{""SHEEP"": 2, ""COW"": 4, ""GOOSE"": 1}",0,0
88,3,16,1,280.0,6,6,1,"{""STRAWBERRY"": 3, ""MELON"": 12, ""WHEAT"": 5}","{""COW"": 2, ""SHEEP"": 3}",0,0
89,3,17,0,252.0,4,4,1,"{""WHEAT"": 11, ""CARROT"": 2, ""MELON"": 5}","{""SHEEP"": 2, ""COW"": 4, ""GOOSE"": 1}",0,0
89,3,17,1,180.0,6,6,1,"{""STRAWBERRY"": 3, ""MELON"": 12, ""WHEAT"": 4}","{""COW"": 2, ""SHEEP"": 3}",0,0
90,3,18,0,252.0,4,4,1,"{""WHEAT"": 11, ""MELON"": 5, ""CARROT"": 1}","{""SHEEP"": 2, ""COW"": 4, ""GOOSE"": 1}",0,0
90,3,18,1,80.0,6,6,1,"{""STRAWBERRY"": 4, ""MELON"": 12, ""WHEAT"": 4}","{""COW"": 2, ""SHEEP"": 3}",0,1
91,3,19,0,472.0,4,4,1,"{""WHEAT"": 12, ""MELON"": 5, ""CARROT"": 1}","{""SHEEP"": 2, ""COW"": 4, ""GOOSE"": 1}",0,0
91,3,19,1,80.0,6,6,1,"{""STRAWBERRY"": 4, ""MELON"": 12, ""WHEAT"": 4}","{""COW"": 2, ""SHEEP"": 3}",0,0
92,3,20,0,472.0,4,4,1,"{""WHEAT"": 12, ""MELON"": 5, ""CARROT"": 1}","{""SHEEP"": 2, ""COW"": 4, ""GOOSE"": 1}",0,0
92,3,20,1,80.0,6,6,1,"{""STRAWBERRY"": 4, ""MELON"": 12, ""WHEAT"": 4}","{""COW"": 2, ""SHEEP"": 3}",0,1
93,3,21,0,472.0,4,4,1,"{""WHEAT"": 12, ""MELON"": 5, ""CARROT"": 1}","{""SHEEP"": 2, ""COW"": 4, ""GOOSE"": 1}",0,0
93,3,21,1,80.0,6,6,1,"{""STRAWBERRY"": 4, ""MELON"": 12, ""WHEAT"": 4}","{""COW"": 2, ""SHEEP"": 3}",0,0
94,3,22,0,472.0,4,4,1,"{""WHEAT"": 12, ""MELON"": 5, ""CARROT"": 1}","{""SHEEP"": 2, ""COW"": 4, ""GOOSE"": 1}",0,0
94,3,22,1,80.0,6,6,1,"{""STRAWBERRY"": 4, ""MELON"": 12, ""WHEAT"": 4}","{""COW"": 2, ""SHEEP"": 3}",0,1
95,3,23,0,472.0,4,4,1,"{""WHEAT"": 12, ""MELON"": 5, ""CARROT"": 1}","{""SHEEP"": 2, ""COW"": 4, ""GOOSE"": 1}",0,0
95,3,23,1,80.0,6,6,1,"{""STRAWBERRY"": 4, ""MELON"": 12, ""WHEAT"": 4}","{""COW"": 2, ""SHEEP"": 3}",0,1
96,4,0,0,1029.0,0,0,1,"{""WHEAT"": 12, ""MELON"": 5, ""CARROT"": 1}","{""SHEEP"": 2, ""COW"": 4, ""GOOSE"": 1}",0,5
96,4,0,1,80.0,0,0,1,"{""STRAWBERRY"": 4, ""MELON"": 12, ""WHEAT"": 4}","{""COW"": 2, ""SHEEP"": 3}",0,9
97,4,1,0,57.0,5,5,1,"{""WHEAT"": 12, ""MELON"": 5, ""CARROT"": 1}","{""SHEEP"": 2, ""COW"": 4, ""GOOSE"": 1}",0,8
97,4,1,1,0.0,6,6,1,"{""STRAWBERRY"": 4, ""MELON"": 12, ""WHEAT"": 4}","{""COW"": 2, ""SHEEP"": 3}",0,11
98,4,2,0,57.0,5,5,1,"{""WHEAT"": 12, ""MELON"": 5, ""CARROT"": 1}","{""SHEEP"": 2, ""COW"": 4, ""GOOSE"": 1}",0,5
98,4,2,1,0.0,6,6,1,"{""STRAWBERRY"": 4, ""MELON"": 12, ""WHEAT"": 4}","{""COW"": 2, ""SHEEP"": 3}",0,3
99,4,3,0,57.0,5,5,1,"{""WHEAT"": 12, ""MELON"": 5, ""CARROT"": 1}","{""SHEEP"": 2, ""COW"": 4, ""GOOSE"": 1}",0,5
99,4,3,1,94.0,6,6,1,"{""STRAWBERRY"": 4, ""MELON"": 12, ""WHEAT"": 4}","{""COW"": 2, ""SHEEP"": 3}",0,0
100,4,4,0,57.0,5,5,1,"{""WHEAT"": 12, ""MELON"": 5, ""CARROT"": 1}","{""SHEEP"": 2, ""COW"": 4, ""GOOSE"": 1}",0,5
100,4,4,1,94.0,6,6,1,"{""STRAWBERRY"": 4, ""MELON"": 12, ""WHEAT"": 4}","{""COW"": 2, ""SHEEP"": 3}",0,0
101,4,5,0,57.0,5,5,1,"{""WHEAT"": 12, ""MELON"": 5, ""CARROT"": 1}","{""SHEEP"": 2, ""COW"": 4, ""GOOSE"": 1}",0,5
101,4,5,1,94.0,6,6,1,"{""STRAWBERRY"": 4, ""MELON"": 12, ""WHEAT"": 4}","{""COW"": 2, ""SHEEP"": 3}",0,1
102,4,6,0,154.0,5,5,1,"{""WHEAT"": 12, ""MELON"": 5, ""CARROT"": 1}","{""SHEEP"": 2, ""COW"": 4, ""GOOSE"": 1}",0,2
102,4,6,1,188.0,6,6,1,"{""STRAWBERRY"": 4, ""MELON"": 12, ""WHEAT"": 4}","{""COW"": 2, ""SHEEP"": 3}",0,0
103,4,7,0,154.0,5,5,1,"{""WHEAT"": 11, ""MELON"": 5, ""CARROT"": 1}","{""SHEEP"": 2, ""COW"": 4, ""GOOSE"": 1}",0,2
103,4,7,1,188.0,6,6,1,"{""STRAWBERRY"": 4, ""MELON"": 12, ""WHEAT"": 4}","{""COW"": 2, ""SHEEP"": 3}",0,0
104,4,8,0,154.0,5,5,1,"{""WHEAT"": 12, ""MELON"": 5, ""CARROT"": 1}","{""SHEEP"": 2, ""COW"": 4, ""GOOSE"": 1}",0,2
104,4,8,1,188.0,6,6,1,"{""STRAWBERRY"": 4, ""MELON"": 12, ""WHEAT"": 4}","{""COW"": 2, ""SHEEP"": 3}",0,2
105,4,9,0,154.0,5,5,1,"{""WHEAT"": 10, ""MELON"": 5, ""CARROT"": 1}","{""SHEEP"": 2, ""COW"": 4, ""GOOSE"": 1}",0,2
105,4,9,1,376.0,6,6,1,"{""STRAWBERRY"": 4, ""MELON"": 12, ""WHEAT"": 3}","{""COW"": 2, ""SHEEP"": 3}",0,0
106,4,10,0,340.0,5,5,1,"{""WHEAT"": 11, ""MELON"": 5, ""STRAWBERRY"": 1, ""CARROT"": 1}","{""SHEEP"": 2, ""COW"": 4, ""GOOSE"": 1}",0,0
106,4,10,1,376.0,6,6,1,"{""STRAWBERRY"": 5, ""MELON"": 12, ""WHEAT"": 3}","{""COW"": 2, ""SHEEP"": 3}",0,0
107,4,11,0,340.0,5,5,1,"{""WHEAT"": 11, ""MELON"": 5, ""STRAWBERRY"": 1, ""CARROT"": 1}","{""SHEEP"": 2, ""COW"": 4, ""GOOSE"": 1}",0,0
107,4,11,1,376.0,6,6,1,"{""STRAWBERRY"": 5, ""MELON"": 12, ""WHEAT"": 3}","{""COW"": 2, ""SHEEP"": 3}",0,1
108,4,12,0,340.0,5,5,1,"{""WHEAT"": 11, ""MELON"": 5, ""STRAWBERRY"": 1, ""CARROT"": 1}","{""SHEEP"": 2, ""COW"": 4, ""GOOSE"": 1}",0,0
108,4,12,1,469.0,6,6,1,"{""STRAWBERRY"": 5, ""MELON"": 12, ""WHEAT"": 3}","{""COW"": 2, ""SHEEP"": 3}",0,0
109,4,13,0,340.0,5,5,1,"{""WHEAT"": 11, ""MELON"": 5, ""STRAWBERRY"": 1, ""CARROT"": 1}","{""SHEEP"": 2, ""COW"": 4, ""GOOSE"": 1}",0,0
109,4,13,1,469.0,6,6,1,"{""STRAWBERRY"": 5, ""MELON"": 12, ""WHEAT"": 3}","{""COW"": 2, ""SHEEP"": 3}",0,0
110,4,14,0,340.0,5,5,1,"{""WHEAT"": 11, ""MELON"": 5, ""STRAWBERRY"": 1, ""CARROT"": 1}","{""SHEEP"": 2, ""COW"": 4, ""GOOSE"": 1}",0,0
110,4,14,1,469.0,6,6,1,"{""STRAWBERRY"": 5, ""MELON"": 12, ""WHEAT"": 1}","{""COW"": 2, ""SHEEP"": 3}",0,0
111,4,15,0,340.0,5,5,1,"{""WHEAT"": 9, ""MELON"": 5, ""STRAWBERRY"": 1, ""CARROT"": 1}","{""SHEEP"": 2, ""COW"": 4, ""GOOSE"": 1}",0,0
111,4,15,1,369.0,6,6,1,"{""STRAWBERRY"": 6, ""MELON"": 12, ""WHEAT"": 1}","{""COW"": 2, ""SHEEP"": 3}",0,3
112,4,16,0,462.0,5,5,1,"{""WHEAT"": 10, ""MELON"": 5, ""STRAWBERRY"": 1, ""CARROT"": 1}","{""SHEEP"": 2, ""COW"": 4, ""GOOSE"": 1}",0,0
112,4,16,1,331.0,6,6,1,"{""STRAWBERRY"": 7, ""MELON"": 12, ""WHEAT"": 1}","{""COW"": 2, ""SHEEP"": 3}",0,0
113,4,17,0,462.0,5,5,1,"{""WHEAT"": 10, ""MELON"": 5, ""STRAWBERRY"": 1, ""CARROT"": 1}","{""SHEEP"": 3, ""COW"": 4, ""GOOSE"": 1}",0,0
113,4,17,1,331.0,6,6,1,"{""STRAWBERRY"": 7, ""MELON"": 12, ""WHEAT"": 1}","{""COW"": 2, ""SHEEP"": 3}",0,1
114,4,18,0,462.0,5,5,1,"{""WHEAT"": 10, ""MELON"": 5, ""STRAWBERRY"": 1, ""CARROT"": 1}","{""SHEEP"": 3, ""COW"": 4, ""GOOSE"": 1}",0,0
114,4,18,1,331.0,6,6,1,"{""STRAWBERRY"": 7, ""MELON"": 12, ""WHEAT"": 1}","{""COW"": 2, ""SHEEP"": 3}",0,0
115,4,19,0,462.0,5,5,1,"{""WHEAT"": 10, ""MELON"": 5, ""STRAWBERRY"": 1, ""CARROT"": 1}","{""SHEEP"": 3, ""COW"": 4, ""GOOSE"": 1}",0,0
115,4,19,1,331.0,6,6,1,"{""STRAWBERRY"": 7, ""MELON"": 12, ""WHEAT"": 1}","{""COW"": 2, ""SHEEP"": 3}",0,1
116,4,20,0,462.0,5,5,1,"{""WHEAT"": 9, ""MELON"": 5, ""STRAWBERRY"": 1, ""CARROT"": 1}","{""SHEEP"": 3, ""COW"": 4, ""GOOSE"": 1}",0,0
116,4,20,1,331.0,6,6,1,"{""STRAWBERRY"": 7, ""MELON"": 12, ""WHEAT"": 1}","{""COW"": 2, ""SHEEP"": 3}",0,0
117,4,21,0,462.0,5,5,1,"{""WHEAT"": 9, ""MELON"": 5, ""STRAWBERRY"": 1, ""CARROT"": 1}","{""SHEEP"": 3, ""COW"": 4, ""GOOSE"": 1}",0,0
117,4,21,1,331.0,6,6,1,"{""STRAWBERRY"": 7, ""MELON"": 12, ""WHEAT"": 1}","{""COW"": 2, ""SHEEP"": 3}",0,1
118,4,22,0,954.0,5,5,1,"{""WHEAT"": 9, ""MELON"": 5, ""STRAWBERRY"": 1, ""CARROT"": 1}","{""GOOSE"": 2, ""SHEEP"": 3, ""COW"": 4}",0,0
118,4,22,1,361.0,6,6,1,"{""STRAWBERRY"": 7, ""MELON"": 12}","{""COW"": 2, ""SHEEP"": 3}",0,0
119,4,23,0,1198.0,5,5,1,"{""WHEAT"": 9, ""MELON"": 5, ""STRAWBERRY"": 1, ""CARROT"": 1}","{""GOOSE"": 2, ""SHEEP"": 3, ""COW"": 4}",0,0
119,4,23,1,361.0,6,6,1,"{""STRAWBERRY"": 8, ""MELON"": 12}","{""COW"": 2, ""SHEEP"": 3}",0,0
120,5,0,0,1198.0,0,0,1,"{""WHEAT"": 9, ""MELON"": 5, ""STRAWBERRY"": 1, ""CARROT"": 1}","{""GOOSE"": 2, ""SHEEP"": 3, ""COW"": 4}",0,10
120,5,0,1,361.0,0,0,1,"{""STRAWBERRY"": 8, ""MELON"": 12}","{""COW"": 2, ""SHEEP"": 3}",0,19
121,5,1,0,326.0,4,4,2,"{""WHEAT"": 9, ""MELON"": 5, ""STRAWBERRY"": 1, ""CARROT"": 1}","{""GOOSE"": 2, ""SHEEP"": 3, ""COW"": 4}",0,0
121,5,1,1,341.0,6,6,1,"{""STRAWBERRY"": 8, ""MELON"": 12}","{""COW"": 2, ""SHEEP"": 3}",0,19
122,5,2,0,326.0,4,4,2,"{""WHEAT"": 10, ""MELON"": 5, ""STRAWBERRY"": 1, ""CARROT"": 1}","{""GOOSE"": 2, ""SHEEP"": 3, ""COW"": 4}",0,0
122,5,2,1,341.0,6,6,1,"{""STRAWBERRY"": 8, ""MELON"": 12}","{""COW"": 2, ""SHEEP"": 3}",0,6
123,5,3,0,326.0,4,4,2,"{""WHEAT"": 10, ""MELON"": 5, ""STRAWBERRY"": 1, ""CARROT"": 1}","{""GOOSE"": 2, ""SHEEP"": 3, ""COW"": 4}",0,0
123,5,3,1,432.0,6,6,1,"{""STRAWBERRY"": 8, ""MELON"": 12}","{""COW"": 2, ""SHEEP"": 3}",0,0
124,5,4,0,326.0,4,4,2,"{""WHEAT"": 11, ""MELON"": 5, ""STRAWBERRY"": 1, ""CARROT"": 1}","{""GOOSE"": 2, ""SHEEP"": 3, ""COW"": 4}",0,0
124,5,4,1,419.0,7,7,1,"{""STRAWBERRY"": 8, ""MELON"": 12}","{""COW"": 2, ""SHEEP"": 3}",0,0
125,5,5,0,326.0,4,4,2,"{""WHEAT"": 12, ""MELON"": 5, ""STRAWBERRY"": 1, ""CARROT"": 1}","{""GOOSE"": 2, ""SHEEP"": 3, ""COW"": 4}",0,0
125,5,5,1,419.0,7,7,1,"{""STRAWBERRY"": 8, ""MELON"": 12}","{""COW"": 2, ""SHEEP"": 3}",0,0
126,5,6,0,326.0,4,4,2,"{""WHEAT"": 12, ""MELON"": 5, ""STRAWBERRY"": 1, ""CARROT"": 1}","{""GOOSE"": 2, ""SHEEP"": 3, ""COW"": 4}",0,0
126,5,6,1,419.0,7,7,1,"{""STRAWBERRY"": 8, ""MELON"": 12}","{""COW"": 2, ""SHEEP"": 3}",0,0
127,5,7,0,326.0,4,4,2,"{""WHEAT"": 13, ""MELON"": 5, ""STRAWBERRY"": 1, ""CARROT"": 1}","{""GOOSE"": 2, ""SHEEP"": 3, ""COW"": 4}",0,0
127,5,7,1,419.0,7,7,1,"{""STRAWBERRY"": 8, ""MELON"": 12}","{""COW"": 2, ""SHEEP"": 3}",0,0
128,5,8,0,326.0,4,4,2,"{""WHEAT"": 13, ""MELON"": 5, ""STRAWBERRY"": 1, ""CARROT"": 1}","{""GOOSE"": 2, ""SHEEP"": 3, ""COW"": 4}",0,0
128,5,8,1,419.0,7,7,1,"{""STRAWBERRY"": 8, ""MELON"": 12}","{""COW"": 2, ""SHEEP"": 3}",0,2
129,5,9,0,326.0,4,4,2,"{""WHEAT"": 13, ""MELON"": 5, ""STRAWBERRY"": 1, ""CARROT"": 2}","{""GOOSE"": 2, ""SHEEP"": 3, ""COW"": 4}",0,0
129,5,9,1,601.0,7,7,1,"{""STRAWBERRY"": 8, ""MELON"": 12}","{""COW"": 2, ""SHEEP"": 3}",0,0
130,5,10,0,326.0,4,4,2,"{""WHEAT"": 14, ""MELON"": 5, ""STRAWBERRY"": 1, ""CARROT"": 2}","{""GOOSE"": 2, ""SHEEP"": 3, ""COW"": 4}",0,0
130,5,10,1,601.0,7,7,1,"{""STRAWBERRY"": 8, ""MELON"": 12}","{""COW"": 2, ""SHEEP"": 3}",0,1
131,5,11,0,326.0,4,4,2,"{""WHEAT"": 15, ""MELON"": 5, ""STRAWBERRY"": 1, ""CARROT"": 2}","{""GOOSE"": 2, ""SHEEP"": 3, ""COW"": 4}",0,0
131,5,11,1,692.0,7,7,1,"{""STRAWBERRY"": 8, ""MELON"": 12}","{""COW"": 2, ""SHEEP"": 3}",0,0
132,5,12,0,326.0,4,4,2,"{""WHEAT"": 15, ""MELON"": 5, ""STRAWBERRY"": 1, ""CARROT"": 2}","{""GOOSE"": 2, ""SHEEP"": 3, ""COW"": 4}",0,0
132,5,12,1,692.0,7,7,1,"{""STRAWBERRY"": 8, ""MELON"": 12}","{""COW"": 2, ""SHEEP"": 3}",0,0
133,5,13,0,326.0,4,4,2,"{""WHEAT"": 14, ""MELON"": 5, ""STRAWBERRY"": 1, ""CARROT"": 3}","{""GOOSE"": 2, ""SHEEP"": 3, ""COW"": 4}",0,0
133,5,13,1,692.0,7,7,1,"{""STRAWBERRY"": 8, ""MELON"": 12}","{""COW"": 2, ""SHEEP"": 3}",0,1
134,5,14,0,326.0,4,4,2,"{""WHEAT"": 15, ""MELON"": 5, ""STRAWBERRY"": 1, ""CARROT"": 3}","{""GOOSE"": 2, ""SHEEP"": 3, ""COW"": 4}",0,0
134,5,14,1,683.0,7,7,1,"{""STRAWBERRY"": 8, ""MELON"": 12}","{""COW"": 2, ""SHEEP"": 3}",0,3
135,5,15,0,326.0,4,4,2,"{""WHEAT"": 15, ""MELON"": 5, ""STRAWBERRY"": 1, ""CARROT"": 3}","{""GOOSE"": 2, ""SHEEP"": 3, ""COW"": 4}",0,0
135,5,15,1,683.0,7,7,1,"{""STRAWBERRY"": 8, ""MELON"": 12}","{""COW"": 2, ""SHEEP"": 3}",0,1
136,5,16,0,326.0,4,4,2,"{""WHEAT"": 16, ""MELON"": 5, ""STRAWBERRY"": 1, ""CARROT"": 3}","{""GOOSE"": 2, ""SHEEP"": 3, ""COW"": 4}",0,0
136,5,16,1,683.0,7,7,1,"{""STRAWBERRY"": 8, ""MELON"": 12}","{""COW"": 2, ""SHEEP"": 3}",0,0
137,5,17,0,326.0,4,4,2,"{""WHEAT"": 17, ""MELON"": 5, ""STRAWBERRY"": 1, ""CARROT"": 3}","{""GOOSE"": 2, ""SHEEP"": 3, ""COW"": 4}",0,0
137,5,17,1,683.0,7,7,1,"{""STRAWBERRY"": 8, ""MELON"": 12}","{""COW"": 2, ""SHEEP"": 3}",0,5
138,5,18,0,326.0,4,4,2,"{""WHEAT"": 17, ""MELON"": 5, ""STRAWBERRY"": 1, ""CARROT"": 3}","{""GOOSE"": 2, ""SHEEP"": 3, ""COW"": 4}",0,0
138,5,18,1,683.0,7,7,1,"{""STRAWBERRY"": 8, ""MELON"": 12}","{""COW"": 2, ""SHEEP"": 3}",0,3
139,5,19,0,326.0,4,4,2,"{""WHEAT"": 17, ""MELON"": 5, ""STRAWBERRY"": 1, ""CARROT"": 3}","{""GOOSE"": 2, ""SHEEP"": 3, ""COW"": 4}",0,0
139,5,19,1,683.0,7,7,1,"{""STRAWBERRY"": 8, ""MELON"": 12}","{""COW"": 2, ""SHEEP"": 3}",0,1
140,5,20,0,326.0,4,4,2,"{""WHEAT"": 18, ""MELON"": 5, ""STRAWBERRY"": 1, ""CARROT"": 3}","{""GOOSE"": 2, ""SHEEP"": 3, ""COW"": 4}",0,0
140,5,20,1,683.0,7,7,1,"{""STRAWBERRY"": 8, ""MELON"": 12}","{""COW"": 2, ""SHEEP"": 3}",0,0
141,5,21,0,326.0,4,4,2,"{""WHEAT"": 18, ""MELON"": 5, ""STRAWBERRY"": 1, ""CARROT"": 3}","{""GOOSE"": 2, ""SHEEP"": 3, ""COW"": 4}",0,0
141,5,21,1,683.0,7,7,1,"{""STRAWBERRY"": 8, ""MELON"": 12}","{""COW"": 2, ""SHEEP"": 3}",0,5
142,5,22,0,326.0,4,4,2,"{""WHEAT"": 18, ""MELON"": 5, ""STRAWBERRY"": 1, ""CARROT"": 3}","{""GOOSE"": 2, ""SHEEP"": 3, ""COW"": 4}",0,0
142,5,22,1,683.0,7,7,1,"{""STRAWBERRY"": 8, ""MELON"": 12}","{""COW"": 2, ""SHEEP"": 3}",0,3
143,5,23,0,326.0,4,4,2,"{""WHEAT"": 19, ""MELON"": 5, ""STRAWBERRY"": 1, ""CARROT"": 3}","{""GOOSE"": 2, ""SHEEP"": 3, ""COW"": 4}",0,0
143,5,23,1,683.0,7,7,1,"{""STRAWBERRY"": 8, ""MELON"": 12}","{""COW"": 2, ""SHEEP"": 3}",0,1
144,6,0,0,865.0,0,0,2,"{""WHEAT"": 19, ""MELON"": 5, ""STRAWBERRY"": 1, ""CARROT"": 3}","{""GOOSE"": 2, ""SHEEP"": 3, ""COW"": 4}",0,2
144,6,0,1,683.0,0,0,1,"{""STRAWBERRY"": 8, ""MELON"": 12}","{""COW"": 2, ""SHEEP"": 3}",0,14
145,6,1,0,321.0,5,5,2,"{""WHEAT"": 19, ""MELON"": 5, ""STRAWBERRY"": 1, ""CARROT"": 3}","{""GOOSE"": 2, ""SHEEP"": 3, ""COW"": 4}",0,3
145,6,1,1,569.0,8,8,1,"{""STRAWBERRY"": 8, ""MELON"": 12}","{""COW"": 2, ""SHEEP"": 3}",0,2
146,6,2,0,321.0,5,5,2,"{""WHEAT"": 19, ""MELON"": 5, ""STRAWBERRY"": 1, ""CARROT"": 3}","{""GOOSE"": 2, ""SHEEP"": 3, ""COW"": 4}",0,0
146,6,2,1,535.0,9,9,1,"{""STRAWBERRY"": 8, ""MELON"": 12}","{""COW"": 2, ""SHEEP"": 3}",0,0
147,6,3,0,321.0,5,5,2,"{""WHEAT"": 19, ""MELON"": 5, ""STRAWBERRY"": 1, ""CARROT"": 3}","{""GOOSE"": 2, ""SHEEP"": 3, ""COW"": 4}",0,0
147,6,3,1,535.0,9,9,1,"{""STRAWBERRY"": 8, ""MELON"": 12}","{""COW"": 2, ""SHEEP"": 3}",0,0
148,6,4,0,321.0,5,5,2,"{""WHEAT"": 19, ""MELON"": 5, ""STRAWBERRY"": 1, ""CARROT"": 4}","{""GOOSE"": 2, ""SHEEP"": 3, ""COW"": 4}",0,0
148,6,4,1,535.0,9,9,1,"{""STRAWBERRY"": 8, ""MELON"": 12}","{""COW"": 2, ""SHEEP"": 3}",0,0
149,6,5,0,321.0,5,5,2,"{""WHEAT"": 19, ""MELON"": 5, ""STRAWBERRY"": 1, ""CARROT"": 4}","{""GOOSE"": 2, ""SHEEP"": 3, ""COW"": 4}",0,0
149,6,5,1,535.0,9,9,1,"{""STRAWBERRY"": 8, ""MELON"": 12}","{""COW"": 2, ""SHEEP"": 3}",0,6
150,6,6,0,321.0,5,5,2,"{""WHEAT"": 19, ""MELON"": 5, ""STRAWBERRY"": 1, ""CARROT"": 4}","{""GOOSE"": 2, ""SHEEP"": 3, ""COW"": 4}",0,0
150,6,6,1,820.0,9,9,2,"{""STRAWBERRY"": 8, ""MELON"": 12}","{""COW"": 2, ""SHEEP"": 3}",0,1
151,6,7,0,1415.0,5,5,2,"{""WHEAT"": 18, ""MELON"": 5, ""STRAWBERRY"": 1, ""CARROT"": 6}","{""GOOSE"": 2, ""SHEEP"": 3, ""COW"": 4}",0,0
151,6,7,1,909.0,9,9,2,"{""STRAWBERRY"": 8, ""MELON"": 12}","{""COW"": 2, ""SHEEP"": 3}",0,1
152,6,8,0,1415.0,5,5,2,"{""WHEAT"": 18, ""MELON"": 5, ""STRAWBERRY"": 2, ""CARROT"": 6}","{""GOOSE"": 2, ""SHEEP"": 3, ""COW"": 4}",0,0
152,6,8,1,897.0,9,9,2,"{""STRAWBERRY"": 8, ""MELON"": 12}","{""COW"": 2, ""SHEEP"": 3}",0,0
153,6,9,0,1415.0,5,5,2,"{""WHEAT"": 17, ""MELON"": 5, ""STRAWBERRY"": 2, ""CARROT"": 6}","{""GOOSE"": 2, ""SHEEP"": 3, ""COW"": 4}",0,0
153,6,9,1,797.0,9,9,2,"{""STRAWBERRY"": 9, ""MELON"": 12}","{""COW"": 2, ""SHEEP"": 3}",0,0
154,6,10,0,1415.0,5,5,2,"{""WHEAT"": 17, ""CARROT"": 8, ""MELON"": 5, ""STRAWBERRY"": 3}","{""GOOSE"": 2, ""SHEEP"": 3, ""COW"": 4}",0,0
154,6,10,1,687.0,9,9,2,"{""STRAWBERRY"": 9, ""MELON"": 12}","{""COW"": 2, ""SHEEP"": 3}",0,1
155,6,11,0,1415.0,5,5,2,"{""WHEAT"": 17, ""CARROT"": 8, ""MELON"": 5, ""STRAWBERRY"": 3}","{""GOOSE"": 2, ""SHEEP"": 3, ""COW"": 4}",0,0
155,6,11,1,775.0,9,9,2,"{""STRAWBERRY"": 9, ""MELON"": 12}","{""COW"": 2, ""SHEEP"": 3}",0,2
156,6,12,0,1415.0,5,5,2,"{""WHEAT"": 17, ""CARROT"": 8, ""MELON"": 5, ""STRAWBERRY"": 3}","{""GOOSE"": 2, ""SHEEP"": 3, ""COW"": 4}",0,0
156,6,12,1,851.0,9,9,2,"{""STRAWBERRY"": 10, ""MELON"": 12}","{""COW"": 2, ""SHEEP"": 3}",0,6
157,6,13,0,1415.0,5,5,2,"{""WHEAT"": 17, ""CARROT"": 9, ""MELON"": 5, ""STRAWBERRY"": 4}","{""GOOSE"": 2, ""SHEEP"": 3, ""COW"": 4}",0,0
157,6,13,1,1535.0,9,9,2,"{""STRAWBERRY"": 11, ""MELON"": 12}","{""COW"": 2, ""SHEEP"": 3}",0,1
158,6,14,0,1415.0,5,5,2,"{""WHEAT"": 17, ""CARROT"": 9, ""MELON"": 5, ""STRAWBERRY"": 4}","{""GOOSE"": 2, ""SHEEP"": 3, ""COW"": 4}",0,0
158,6,14,1,1435.0,9,9,2,"{""STRAWBERRY"": 11, ""MELON"": 12}","{""COW"": 2, ""SHEEP"": 3}",0,1
159,6,15,0,1415.0,5,5,2,"{""WHEAT"": 17, ""CARROT"": 9, ""MELON"": 5, ""STRAWBERRY"": 4}","{""GOOSE"": 2, ""SHEEP"": 3, ""COW"": 4}",0,0
159,6,15,1,1335.0,9,9,2,"{""STRAWBERRY"": 12, ""MELON"": 12}","{""COW"": 2, ""SHEEP"": 3}",0,1
160,6,16,0,1415.0,5,5,2,"{""WHEAT"": 18, ""CARROT"": 10, ""MELON"": 5, ""STRAWBERRY"": 4}","{""GOOSE"": 2, ""SHEEP"": 3, ""COW"": 4}",0,0
160,6,16,1,1235.0,9,9,2,"{""STRAWBERRY"": 13, ""MELON"": 12, ""WHEAT"": 1}","{""COW"": 2, ""SHEEP"": 3}",0,0
161,6,17,0,1415.0,5,5,2,"{""WHEAT"": 18, ""CARROT"": 10, ""MELON"": 5, ""STRAWBERRY"": 4}","{""GOOSE"": 2, ""SHEEP"": 3, ""COW"": 4}",0,0
161,6,17,1,725.0,9,9,2,"{""STRAWBERRY"": 13, ""MELON"": 12, ""WHEAT"": 1}","{""COW"": 2, ""SHEEP"": 3}",0,1
162,6,18,0,1415.0,5,5,2,"{""WHEAT"": 18, ""CARROT"": 10, ""MELON"": 5, ""STRAWBERRY"": 4}","{""GOOSE"": 2, ""SHEEP"": 3, ""COW"": 4}",0,0
162,6,18,1,625.0,9,9,2,"{""STRAWBERRY"": 13, ""MELON"": 12, ""WHEAT"": 1}","{""COW"": 2, ""SHEEP"": 3}",0,17
163,6,19,0,1415.0,5,5,2,"{""WHEAT"": 18, ""CARROT"": 10, ""MELON"": 5, ""STRAWBERRY"": 4}","{""GOOSE"": 2, ""SHEEP"": 3, ""COW"": 4}",0,0
163,6,19,1,1670.0,9,9,2,"{""STRAWBERRY"": 14, ""MELON"": 12, ""WHEAT"": 2}","{""COW"": 3, ""SHEEP"": 3}",0,9
164,6,20,0,1415.0,5,5,2,"{""WHEAT"": 18, ""CARROT"": 10, ""MELON"": 5, ""STRAWBERRY"": 4}","{""GOOSE"": 2, ""SHEEP"": 3, ""COW"": 4}",0,0
164,6,20,1,1670.0,9,9,2,"{""STRAWBERRY"": 16, ""MELON"": 12, ""WHEAT"": 2}","{""COW"": 3, ""SHEEP"": 3}",0,8
165,6,21,0,1415.0,5,5,2,"{""WHEAT"": 18, ""CARROT"": 11, ""MELON"": 5, ""STRAWBERRY"": 5}","{""GOOSE"": 2, ""SHEEP"": 3, ""COW"": 4}",0,0
165,6,21,1,1670.0,9,9,2,"{""STRAWBERRY"": 16, ""MELON"": 12, ""WHEAT"": 2}","{""COW"": 3, ""SHEEP"": 3}",0,8
166,6,22,0,1415.0,5,5,2,"{""WHEAT"": 18, ""CARROT"": 11, ""MELON"": 5, ""STRAWBERRY"": 5}","{""GOOSE"": 2, ""SHEEP"": 3, ""COW"": 4}",0,0
166,6,22,1,1670.0,9,9,2,"{""STRAWBERRY"": 18, ""MELON"": 12, ""WHEAT"": 2}","{""COW"": 3, ""SHEEP"": 3}",0,8
167,6,23,0,1415.0,5,5,2,"{""WHEAT"": 19, ""CARROT"": 12, ""MELON"": 5, ""STRAWBERRY"": 5}","{""GOOSE"": 2, ""SHEEP"": 3, ""COW"": 4}",0,0
167,6,23,1,1670.0,9,9,2,"{""STRAWBERRY"": 19, ""MELON"": 12, ""WHEAT"": 2}","{""COW"": 4, ""SHEEP"": 3}",0,7
168,7,0,0,2582.0,0,0,2,"{""WHEAT"": 19, ""CARROT"": 12, ""MELON"": 5, ""STRAWBERRY"": 5}","{""GOOSE"": 2, ""SHEEP"": 3, ""COW"": 4}",0,13
168,7,0,1,1670.0,0,0,2,"{""STRAWBERRY"": 19, ""MELON"": 12, ""WHEAT"": 2}","{""COW"": 4, ""SHEEP"": 3}",0,9
169,7,1,0,510.0,4,4,2,"{""WHEAT"": 19, ""CARROT"": 12, ""MELON"": 5, ""STRAWBERRY"": 5}","{""GOOSE"": 2, ""SHEEP"": 3, ""COW"": 4}",0,14
169,7,1,1,1616.0,8,8,2,"{""STRAWBERRY"": 19, ""MELON"": 12, ""WHEAT"": 2}","{""COW"": 4, ""SHEEP"": 3}",0,0
170,7,2,0,537.0,9,9,2,"{""WHEAT"": 19, ""CARROT"": 12, ""MELON"": 5, ""STRAWBERRY"": 5}","{""GOOSE"": 2, ""SHEEP"": 3, ""COW"": 4}",0,11
170,7,2,1,1582.0,9,9,2,"{""STRAWBERRY"": 19, ""MELON"": 12, ""WHEAT"": 2}","{""COW"": 4, ""SHEEP"": 3}",0,0
171,7,3,0,537.0,9,9,2,"{""WHEAT"": 19, ""CARROT"": 12, ""MELON"": 5, ""STRAWBERRY"": 5}","{""GOOSE"": 2, ""SHEEP"": 3, ""COW"": 4}",0,0
171,7,3,1,1582.0,9,9,2,"{""STRAWBERRY"": 19, ""MELON"": 12, ""WHEAT"": 2}","{""COW"": 4, ""SHEEP"": 3}",0,2
172,7,4,0,537.0,9,9,2,"{""WHEAT"": 19, ""CARROT"": 12, ""MELON"": 5, ""STRAWBERRY"": 5}","{""GOOSE"": 2, ""SHEEP"": 3, ""COW"": 4}",0,0
172,7,4,1,1754.0,9,9,2,"{""STRAWBERRY"": 19, ""MELON"": 12, ""WHEAT"": 2}","{""COW"": 4, ""SHEEP"": 3}",0,0
173,7,5,0,537.0,9,9,2,"{""WHEAT"": 18, ""CARROT"": 12, ""MELON"": 5, ""STRAWBERRY"": 5}","{""GOOSE"": 2, ""SHEEP"": 3, ""COW"": 4}",0,0
173,7,5,1,1754.0,9,9,2,"{""STRAWBERRY"": 19, ""MELON"": 12, ""WHEAT"": 2}","{""COW"": 4, ""SHEEP"": 3}",0,0
174,7,6,0,537.0,9,9,2,"{""WHEAT"": 17, ""CARROT"": 12, ""MELON"": 5, ""STRAWBERRY"": 6}","{""GOOSE"": 2, ""SHEEP"": 3, ""COW"": 4}",0,0
174,7,6,1,1654.0,9,9,2,"{""STRAWBERRY"": 19, ""MELON"": 12, ""WHEAT"": 2}","{""COW"": 4, ""SHEEP"": 3}",0,1
175,7,7,0,537.0,9,9,2,"{""WHEAT"": 17, ""CARROT"": 11, ""MELON"": 5, ""STRAWBERRY"": 6}","{""GOOSE"": 2, ""SHEEP"": 3, ""COW"": 4}",0,0
175,7,7,1,1615.0,9,9,2,"{""STRAWBERRY"": 19, ""MELON"": 12, ""WHEAT"": 2}","{""COW"": 4, ""SHEEP"": 3}",0,6
176,7,8,0,537.0,9,9,2,"{""WHEAT"": 16, ""CARROT"": 11, ""MELON"": 5, ""STRAWBERRY"": 7}","{""GOOSE"": 2, ""SHEEP"": 3, ""COW"": 5}",0,0
176,7,8,1,1785.0,9,9,2,"{""STRAWBERRY"": 19, ""MELON"": 12, ""WHEAT"": 2}","{""COW"": 4, ""SHEEP"": 3}",0,0
177,7,9,0,537.0,9,9,2,"{""WHEAT"": 15, ""CARROT"": 11, ""MELON"": 5, ""STRAWBERRY"": 8}","{""GOOSE"": 2, ""SHEEP"": 3, ""COW"": 5}",0,0
177,7,9,1,1689.0,9,9,2,"{""STRAWBERRY"": 20, ""MELON"": 12, ""WHEAT"": 2}","{""COW"": 4, ""SHEEP"": 3}",0,3
178,7,10,0,537.0,9,9,2,"{""WHEAT"": 15, ""CARROT"": 11, ""MELON"": 5, ""STRAWBERRY"": 8}","{""GOOSE"": 2, ""SHEEP"": 3, ""COW"": 5}",0,0
178,7,10,1,1589.0,9,9,2,"{""STRAWBERRY"": 20, ""MELON"": 12, ""WHEAT"": 2}","{""COW"": 4, ""SHEEP"": 3}",0,4
179,7,11,0,537.0,9,9,2,"{""WHEAT"": 13, ""CARROT"": 11, ""MELON"": 5, ""STRAWBERRY"": 8}","{""GOOSE"": 3, ""SHEEP"": 3, ""COW"": 5}",0,0
179,7,11,1,1674.0,9,9,2,"{""STRAWBERRY"": 20, ""MELON"": 12, ""WHEAT"": 2}","{""COW"": 4, ""SHEEP"": 3}",0,1
180,7,12,0,537.0,9,9,2,"{""WHEAT"": 13, ""CARROT"": 11, ""MELON"": 5, ""STRAWBERRY"": 8}","{""GOOSE"": 3, ""SHEEP"": 3, ""COW"": 5}",0,0
180,7,12,1,1563.0,9,9,2,"{""STRAWBERRY"": 21, ""MELON"": 12, ""WHEAT"": 2}","{""COW"": 4, ""SHEEP"": 3}",0,3
181,7,13,0,537.0,9,9,2,"{""WHEAT"": 12, ""CARROT"": 11, ""MELON"": 5, ""STRAWBERRY"": 9}","{""GOOSE"": 4, ""SHEEP"": 3, ""COW"": 5}",0,0
181,7,13,1,1163.0,9,9,2,"{""STRAWBERRY"": 21, ""MELON"": 12, ""WHEAT"": 2}","{""COW"": 4, ""SHEEP"": 3}",0,4
182,7,14,0,537.0,9,9,2,"{""WHEAT"": 12, ""CARROT"": 11, ""MELON"": 5, ""STRAWBERRY"": 9}","{""GOOSE"": 4, ""SHEEP"": 3, ""COW"": 5}",0,0
182,7,14,1,1163.0,9,9,2,"{""STRAWBERRY"": 22, ""MELON"": 12, ""WHEAT"": 2}","{""COW"": 4, ""SHEEP"": 3}",0,4
183,7,15,0,537.0,9,9,2,"{""WHEAT"": 12, ""CARROT"": 11, ""MELON"": 5, ""STRAWBERRY"": 9}","{""GOOSE"": 5, ""SHEEP"": 3, ""COW"": 5}",0,0
183,7,15,1,1063.0,9,9,2,"{""STRAWBERRY"": 23, ""MELON"": 12, ""WHEAT"": 2}","{""COW"": 4, ""SHEEP"": 3}",0,4
184,7,16,0,537.0,9,9,2,"{""WHEAT"": 10, ""CARROT"": 11, ""MELON"": 5, ""STRAWBERRY"": 9}","{""GOOSE"": 5, ""SHEEP"": 3, ""COW"": 5}",0,0
184,7,16,1,1063.0,9,9,2,"{""STRAWBERRY"": 23, ""MELON"": 12, ""WHEAT"": 2}","{""COW"": 4, ""SHEEP"": 3}",0,4
185,7,17,0,537.0,9,9,2,"{""WHEAT"": 9, ""CARROT"": 11, ""MELON"": 5, ""STRAWBERRY"": 11}","{""GOOSE"": 5, ""SHEEP"": 3, ""COW"": 5}",0,0
185,7,17,1,1063.0,9,9,2,"{""STRAWBERRY"": 24, ""MELON"": 12, ""WHEAT"": 2}","{""COW"": 4, ""SHEEP"": 3}",0,4
186,7,18,0,537.0,9,9,2,"{""WHEAT"": 9, ""CARROT"": 11, ""MELON"": 5, ""STRAWBERRY"": 11}","{""GOOSE"": 5, ""SHEEP"": 3, ""COW"": 5}",0,0
186,7,18,1,1063.0,9,9,2,"{""STRAWBERRY"": 24, ""MELON"": 12, ""WHEAT"": 2}","{""COW"": 4, ""SHEEP"": 3}",0,3
187,7,19,0,537.0,9,9,2,"{""WHEAT"": 9, ""CARROT"": 11, ""MELON"": 5, ""STRAWBERRY"": 11}","{""GOOSE"": 6, ""SHEEP"": 3, ""COW"": 5}",0,0
187,7,19,1,1063.0,9,9,2,"{""STRAWBERRY"": 24, ""MELON"": 12, ""WHEAT"": 2}","{""COW"": 4, ""SHEEP"": 3}",0,3
188,7,20,0,537.0,9,9,2,"{""WHEAT"": 9, ""CARROT"": 11, ""MELON"": 5, ""STRAWBERRY"": 11}","{""GOOSE"": 6, ""SHEEP"": 3, ""COW"": 5}",0,0
188,7,20,1,1063.0,9,9,2,"{""STRAWBERRY"": 24, ""MELON"": 12, ""WHEAT"": 2}","{""COW"": 4, ""SHEEP"": 3}",0,3
189,7,21,0,537.0,9,9,2,"{""WHEAT"": 9, ""CARROT"": 10, ""MELON"": 5, ""STRAWBERRY"": 11}","{""GOOSE"": 6, ""SHEEP"": 3, ""COW"": 5}",0,0
189,7,21,1,1063.0,9,9,2,"{""STRAWBERRY"": 24, ""MELON"": 12, ""WHEAT"": 2}","{""COW"": 4, ""SHEEP"": 3}",0,3
190,7,22,0,1094.0,9,9,2,"{""WHEAT"": 8, ""CARROT"": 10, ""MELON"": 5, ""STRAWBERRY"": 12}","{""GOOSE"": 6, ""SHEEP"": 3, ""COW"": 5}",0,0
190,7,22,1,1063.0,9,9,2,"{""STRAWBERRY"": 24, ""MELON"": 12, ""WHEAT"": 2}","{""COW"": 5, ""SHEEP"": 3}",0,3
191,7,23,0,1094.0,9,9,2,"{""WHEAT"": 8, ""CARROT"": 10, ""MELON"": 5, ""STRAWBERRY"": 12}","{""GOOSE"": 6, ""SHEEP"": 3, ""COW"": 5}",0,0
191,7,23,1,1063.0,9,9,2,"{""STRAWBERRY"": 24, ""MELON"": 12, ""WHEAT"": 2}","{""COW"": 5, ""SHEEP"": 3}",0,3
192,8,0,0,1358.0,0,0,2,"{""WHEAT"": 8, ""CARROT"": 10, ""MELON"": 5, ""STRAWBERRY"": 12}","{""GOOSE"": 7, ""SHEEP"": 3, ""COW"": 5}",0,21
192,8,0,1,1063.0,0,0,2,"{""STRAWBERRY"": 24, ""MELON"": 12, ""WHEAT"": 2}","{""COW"": 5, ""SHEEP"": 3}",0,12
193,8,1,0,485.0,7,7,2,"{""WHEAT"": 8, ""CARROT"": 10, ""MELON"": 5, ""STRAWBERRY"": 12}","{""GOOSE"": 7, ""SHEEP"": 3, ""COW"": 5}",0,22
193,8,1,1,913.0,8,8,2,"{""STRAWBERRY"": 24, ""MELON"": 12, ""WHEAT"": 2}","{""COW"": 5, ""SHEEP"": 3}",0,15
194,8,2,0,485.0,7,7,2,"{""WHEAT"": 8, ""CARROT"": 10, ""MELON"": 5, ""STRAWBERRY"": 12}","{""GOOSE"": 7, ""SHEEP"": 3, ""COW"": 5}",0,8
194,8,2,1,19.0,9,9,2,"{""STRAWBERRY"": 24, ""MELON"": 12, ""WHEAT"": 2}","{""COW"": 5, ""SHEEP"": 3}",0,39
195,8,3,0,485.0,7,7,2,"{""WHEAT"": 8, ""CARROT"": 10, ""MELON"": 5, ""STRAWBERRY"": 12}","{""GOOSE"": 7, ""SHEEP"": 3, ""COW"": 5}",0,8
195,8,3,1,1110.0,9,9,2,"{""STRAWBERRY"": 24, ""MELON"": 12, ""WHEAT"": 2}","{""COW"": 5, ""SHEEP"": 3}",0,34
196,8,4,0,485.0,7,7,2,"{""WHEAT"": 8, ""CARROT"": 10, ""MELON"": 5, ""STRAWBERRY"": 12}","{""GOOSE"": 7, ""SHEEP"": 3, ""COW"": 5}",0,8
196,8,4,1,1194.0,9,9,2,"{""STRAWBERRY"": 24, ""MELON"": 12, ""WHEAT"": 2}","{""COW"": 5, ""SHEEP"": 3}",0,29
197,8,5,0,485.0,7,7,2,"{""WHEAT"": 8, ""CARROT"": 10, ""MELON"": 5, ""STRAWBERRY"": 12}","{""GOOSE"": 7, ""SHEEP"": 3, ""COW"": 5}",0,8
197,8,5,1,1277.0,9,9,2,"{""STRAWBERRY"": 24, ""MELON"": 12, ""WHEAT"": 2}","{""COW"": 5, ""SHEEP"": 3}",0,0
198,8,6,0,817.0,7,7,2,"{""WHEAT"": 8, ""CARROT"": 10, ""MELON"": 5, ""STRAWBERRY"": 12}","{""GOOSE"": 7, ""SHEEP"": 3, ""COW"": 5}",0,4
198,8,6,1,1277.0,9,9,2,"{""STRAWBERRY"": 24, ""MELON"": 12, ""WHEAT"": 2}","{""COW"": 5, ""SHEEP"": 3}",0,0
199,8,7,0,817.0,7,7,2,"{""WHEAT"": 8, ""CARROT"": 10, ""MELON"": 5, ""STRAWBERRY"": 12}","{""GOOSE"": 7, ""SHEEP"": 3, ""COW"": 5}",0,4
199,8,7,1,1177.0,9,9,2,"{""STRAWBERRY"": 24, ""MELON"": 12, ""WHEAT"": 2}","{""COW"": 5, ""SHEEP"": 3}",0,6
200,8,8,0,817.0,7,7,2,"{""WHEAT"": 8, ""CARROT"": 9, ""MELON"": 5, ""STRAWBERRY"": 12}","{""GOOSE"": 7, ""SHEEP"": 3, ""COW"": 5}",0,4
200,8,8,1,1767.0,9,9,2,"{""STRAWBERRY"": 24, ""MELON"": 12, ""WHEAT"": 2}","{""COW"": 5, ""SHEEP"": 3}",0,2
201,8,9,0,817.0,7,7,2,"{""WHEAT"": 9, ""CARROT"": 8, ""MELON"": 5, ""STRAWBERRY"": 12}","{""GOOSE"": 7, ""SHEEP"": 3, ""COW"": 5}",0,4
201,8,9,1,1781.0,9,9,2,"{""STRAWBERRY"": 24, ""MELON"": 12, ""WHEAT"": 2}","{""COW"": 5, ""SHEEP"": 3}",0,2
202,8,10,0,817.0,7,7,2,"{""WHEAT"": 9, ""CARROT"": 8, ""MELON"": 5, ""STRAWBERRY"": 13}","{""GOOSE"": 7, ""SHEEP"": 3, ""COW"": 5}",0,4
202,8,10,1,1781.0,9,9,2,"{""STRAWBERRY"": 25, ""MELON"": 12, ""WHEAT"": 2}","{""COW"": 5, ""SHEEP"": 3}",0,2
203,8,11,0,817.0,7,7,2,"{""WHEAT"": 9, ""CARROT"": 8, ""MELON"": 5, ""STRAWBERRY"": 13}","{""GOOSE"": 7, ""SHEEP"": 3, ""COW"": 5}",0,4
203,8,11,1,1681.0,9,9,2,"{""STRAWBERRY"": 25, ""MELON"": 12, ""WHEAT"": 2}","{""COW"": 5, ""SHEEP"": 3}",0,3
204,8,12,0,817.0,7,7,2,"{""WHEAT"": 9, ""CARROT"": 8, ""MELON"": 5, ""STRAWBERRY"": 13}","{""GOOSE"": 7, ""SHEEP"": 3, ""COW"": 5}",0,4
204,8,12,1,1763.0,9,9,2,"{""STRAWBERRY"": 25, ""MELON"": 12, ""WHEAT"": 2}","{""COW"": 5, ""SHEEP"": 3}",0,0
205,8,13,0,817.0,7,7,2,"{""WHEAT"": 9, ""CARROT"": 7, ""MELON"": 5, ""STRAWBERRY"": 13}","{""GOOSE"": 7, ""SHEEP"": 3, ""COW"": 5}",0,4
205,8,13,1,1363.0,9,9,2,"{""STRAWBERRY"": 25, ""MELON"": 12, ""WHEAT"": 2}","{""COW"": 5, ""SHEEP"": 3}",0,2
206,8,14,0,817.0,7,7,2,"{""WHEAT"": 9, ""STRAWBERRY"": 14, ""CARROT"": 6, ""MELON"": 5}","{""GOOSE"": 7, ""SHEEP"": 3, ""COW"": 5}",0,4
206,8,14,1,1445.0,9,9,2,"{""STRAWBERRY"": 25, ""MELON"": 12, ""WHEAT"": 2}","{""COW"": 6, ""SHEEP"": 3}",0,1
207,8,15,0,817.0,7,7,2,"{""WHEAT"": 10, ""STRAWBERRY"": 14, ""CARROT"": 6, ""MELON"": 5}","{""GOOSE"": 7, ""SHEEP"": 3, ""COW"": 5}",0,4
207,8,15,1,1527.0,9,9,2,"{""STRAWBERRY"": 25, ""MELON"": 12, ""WHEAT"": 2}","{""COW"": 6, ""SHEEP"": 3}",0,25
208,8,16,0,817.0,7,7,2,"{""WHEAT"": 10, ""STRAWBERRY"": 14, ""CARROT"": 6, ""MELON"": 5}","{""GOOSE"": 7, ""SHEEP"": 3, ""COW"": 5}",0,4
208,8,16,1,1527.0,9,9,2,"{""STRAWBERRY"": 25, ""MELON"": 12, ""WHEAT"": 2}","{""COW"": 6, ""SHEEP"": 3}",0,23
209,8,17,0,817.0,7,7,2,"{""WHEAT"": 10, ""STRAWBERRY"": 14, ""CARROT"": 6, ""MELON"": 5}","{""GOOSE"": 7, ""SHEEP"": 3, ""COW"": 5}",0,4
209,8,17,1,1609.0,9,9,2,"{""STRAWBERRY"": 25, ""MELON"": 12, ""WHEAT"": 1}","{""COW"": 6, ""SHEEP"": 3}",0,0
210,8,18,0,817.0,7,7,2,"{""WHEAT"": 10, ""STRAWBERRY"": 14, ""CARROT"": 4, ""MELON"": 5}","{""GOOSE"": 7, ""SHEEP"": 3, ""COW"": 5}",0,4
210,8,18,1,1609.0,9,9,2,"{""STRAWBERRY"": 26, ""MELON"": 12, ""WHEAT"": 1}","{""COW"": 6, ""SHEEP"": 3}",0,27
211,8,19,0,817.0,7,7,2,"{""WHEAT"": 10, ""STRAWBERRY"": 15, ""CARROT"": 4, ""MELON"": 5}","{""GOOSE"": 7, ""SHEEP"": 3, ""COW"": 5}",0,4
211,8,19,1,1609.0,9,9,2,"{""STRAWBERRY"": 26, ""MELON"": 12, ""WHEAT"": 1}","{""COW"": 6, ""SHEEP"": 3}",0,21
212,8,20,0,817.0,7,7,2,"{""WHEAT"": 10, ""STRAWBERRY"": 15, ""CARROT"": 3, ""MELON"": 5}","{""GOOSE"": 7, ""SHEEP"": 3, ""COW"": 5}",0,4
212,8,20,1,1609.0,9,9,2,"{""STRAWBERRY"": 26, ""MELON"": 12, ""WHEAT"": 1}","{""COW"": 7, ""SHEEP"": 3}",0,19
213,8,21,0,817.0,7,7,2,"{""WHEAT"": 11, ""STRAWBERRY"": 15, ""CARROT"": 3, ""MELON"": 5}","{""GOOSE"": 7, ""SHEEP"": 4, ""COW"": 5}",0,4
213,8,21,1,1609.0,9,9,2,"{""STRAWBERRY"": 26, ""MELON"": 12, ""WHEAT"": 1}","{""COW"": 7, ""SHEEP"": 3}",0,19
214,8,22,0,3146.0,7,7,2,"{""WHEAT"": 11, ""STRAWBERRY"": 15, ""CARROT"": 3, ""MELON"": 5}","{""GOOSE"": 7, ""SHEEP"": 4, ""COW"": 5}",0,4
214,8,22,1,1609.0,9,9,2,"{""STRAWBERRY"": 26, ""MELON"": 12, ""WHEAT"": 1}","{""COW"": 7, ""SHEEP"": 3}",0,19
215,8,23,0,3146.0,7,7,2,"{""WHEAT"": 11, ""STRAWBERRY"": 15, ""CARROT"": 3, ""MELON"": 5}","{""GOOSE"": 7, ""SHEEP"": 4, ""COW"": 5}",0,4
215,8,23,1,1609.0,9,9,2,"{""STRAWBERRY"": 26, ""MELON"": 12, ""WHEAT"": 1}","{""COW"": 7, ""SHEEP"": 3}",0,19
216,9,0,0,3146.0,0,0,2,"{""WHEAT"": 11, ""STRAWBERRY"": 15, ""CARROT"": 3, ""MELON"": 5}","{""GOOSE"": 7, ""SHEEP"": 4, ""COW"": 5}",0,34
216,9,0,1,1609.0,0,0,2,"{""STRAWBERRY"": 26, ""MELON"": 12, ""WHEAT"": 1}","{""COW"": 7, ""SHEEP"": 3}",0,36
217,9,1,0,653.0,1,1,3,"{""WHEAT"": 11, ""STRAWBERRY"": 15, ""CARROT"": 3, ""MELON"": 5}","{""GOOSE"": 7, ""SHEEP"": 4, ""COW"": 5}",0,17
217,9,1,1,1085.0,8,8,2,"{""STRAWBERRY"": 26, ""MELON"": 12, ""WHEAT"": 1}","{""COW"": 7, ""SHEEP"": 3}",0,39
218,9,2,0,511.0,10,10,3,"{""WHEAT"": 11, ""STRAWBERRY"": 15, ""CARROT"": 3, ""MELON"": 5}","{""GOOSE"": 7, ""SHEEP"": 4, ""COW"": 5}",0,16
218,9,2,1,830.0,10,10,2,"{""STRAWBERRY"": 26, ""MELON"": 12, ""WHEAT"": 1}","{""COW"": 7, ""SHEEP"": 3}",0,33
219,9,3,0,511.0,10,10,3,"{""WHEAT"": 11, ""STRAWBERRY"": 15, ""CARROT"": 3, ""MELON"": 5}","{""GOOSE"": 7, ""SHEEP"": 4, ""COW"": 5}",0,7
219,9,3,1,830.0,10,10,2,"{""STRAWBERRY"": 26, ""MELON"": 12, ""WHEAT"": 1}","{""COW"": 7, ""SHEEP"": 3}",0,28
220,9,4,0,511.0,10,10,3,"{""WHEAT"": 12, ""STRAWBERRY"": 15, ""CARROT"": 3, ""MELON"": 5}","{""GOOSE"": 7, ""SHEEP"": 4, ""COW"": 5}",0,6
220,9,4,1,830.0,10,10,2,"{""STRAWBERRY"": 26, ""MELON"": 12, ""WHEAT"": 1}","{""COW"": 8, ""SHEEP"": 3}",0,33
221,9,5,0,511.0,10,10,3,"{""WHEAT"": 13, ""STRAWBERRY"": 15, ""CARROT"": 3, ""MELON"": 5}","{""GOOSE"": 7, ""SHEEP"": 4, ""COW"": 5}",0,6
221,9,5,1,1611.0,10,10,2,"{""STRAWBERRY"": 26, ""MELON"": 12, ""WHEAT"": 1}","{""COW"": 8, ""SHEEP"": 3}",0,24
222,9,6,0,511.0,10,10,3,"{""WHEAT"": 12, ""STRAWBERRY"": 15, ""CARROT"": 2, ""MELON"": 6}","{""GOOSE"": 7, ""SHEEP"": 4, ""COW"": 5}",0,6
222,9,6,1,2272.0,10,10,2,"{""STRAWBERRY"": 26, ""MELON"": 12, ""WHEAT"": 1}","{""COW"": 8, ""SHEEP"": 3}",0,20
223,9,7,0,1052.0,10,10,3,"{""WHEAT"": 12, ""STRAWBERRY"": 16, ""CARROT"": 2, ""MELON"": 7}","{""GOOSE"": 7, ""SHEEP"": 4, ""COW"": 5}",0,6
223,9,7,1,2272.0,10,10,2,"{""STRAWBERRY"": 26, ""MELON"": 12, ""WHEAT"": 1}","{""COW"": 8, ""SHEEP"": 3}",0,21
224,9,8,0,1052.0,10,10,3,"{""WHEAT"": 13, ""STRAWBERRY"": 16, ""CARROT"": 2, ""MELON"": 8}","{""GOOSE"": 7, ""SHEEP"": 4, ""COW"": 5}",0,6
224,9,8,1,2350.0,10,10,2,"{""STRAWBERRY"": 26, ""MELON"": 12, ""WHEAT"": 1}","{""COW"": 8, ""SHEEP"": 3}",0,4
225,9,9,0,1052.0,10,10,3,"{""WHEAT"": 13, ""STRAWBERRY"": 16, ""CARROT"": 2, ""MELON"": 8}","{""GOOSE"": 7, ""SHEEP"": 4, ""COW"": 5}",0,6
225,9,9,1,378.0,10,10,3,"{""STRAWBERRY"": 26, ""MELON"": 12, ""WHEAT"": 1}","{""COW"": 8, ""SHEEP"": 3}",0,6
226,9,10,0,1052.0,10,10,3,"{""WHEAT"": 13, ""STRAWBERRY"": 16, ""CARROT"": 3, ""MELON"": 8}","{""GOOSE"": 8, ""SHEEP"": 4, ""COW"": 5}",0,6
226,9,10,1,446.0,10,10,3,"{""STRAWBERRY"": 26, ""MELON"": 12, ""WHEAT"": 1}","{""COW"": 8, ""SHEEP"": 3}",0,4
227,9,11,0,1052.0,10,10,3,"{""WHEAT"": 14, ""STRAWBERRY"": 16, ""CARROT"": 3, ""MELON"": 9}","{""GOOSE"": 8, ""SHEEP"": 4, ""COW"": 5}",0,6
227,9,11,1,446.0,10,10,3,"{""STRAWBERRY"": 26, ""MELON"": 12, ""WHEAT"": 1}","{""COW"": 8, ""SHEEP"": 3}",0,4
228,9,12,0,1052.0,10,10,3,"{""WHEAT"": 14, ""STRAWBERRY"": 16, ""CARROT"": 3, ""MELON"": 9}","{""GOOSE"": 8, ""SHEEP"": 4, ""COW"": 5}",0,6
228,9,12,1,436.0,10,10,3,"{""STRAWBERRY"": 26, ""MELON"": 12, ""WHEAT"": 2}","{""COW"": 8, ""SHEEP"": 3}",0,5
229,9,13,0,1052.0,10,10,3,"{""WHEAT"": 13, ""STRAWBERRY"": 16, ""CARROT"": 3, ""MELON"": 10}","{""GOOSE"": 8, ""SHEEP"": 4, ""COW"": 5}",0,6
229,9,13,1,504.0,10,10,3,"{""STRAWBERRY"": 26, ""MELON"": 12, ""WHEAT"": 2}","{""COW"": 8, ""SHEEP"": 3}",0,0
230,9,14,0,1052.0,10,10,3,"{""WHEAT"": 15, ""STRAWBERRY"": 16, ""CARROT"": 4, ""MELON"": 11}","{""GOOSE"": 8, ""SHEEP"": 4, ""COW"": 5}",0,6
230,9,14,1,494.0,10,10,3,"{""STRAWBERRY"": 26, ""MELON"": 12, ""WHEAT"": 3}","{""COW"": 8, ""SHEEP"": 3}",0,0
231,9,15,0,1052.0,10,10,3,"{""WHEAT"": 14, ""STRAWBERRY"": 16, ""CARROT"": 4, ""MELON"": 11}","{""GOOSE"": 8, ""SHEEP"": 4, ""COW"": 5}",0,6
231,9,15,1,484.0,10,10,3,"{""STRAWBERRY"": 26, ""MELON"": 12, ""WHEAT"": 3}","{""COW"": 9, ""SHEEP"": 3}",0,0
232,9,16,0,1052.0,10,10,3,"{""WHEAT"": 14, ""STRAWBERRY"": 16, ""CARROT"": 4, ""MELON"": 11}","{""GOOSE"": 8, ""SHEEP"": 4, ""COW"": 5}",0,6
232,9,16,1,474.0,10,10,3,"{""STRAWBERRY"": 26, ""MELON"": 12, ""WHEAT"": 4}","{""COW"": 9, ""SHEEP"": 3}",0,2
233,9,17,0,1052.0,10,10,3,"{""WHEAT"": 17, ""STRAWBERRY"": 16, ""CARROT"": 5, ""MELON"": 11}","{""GOOSE"": 9, ""SHEEP"": 4, ""COW"": 5}",0,6
233,9,17,1,619.0,10,10,3,"{""STRAWBERRY"": 26, ""MELON"": 12, ""WHEAT"": 6}","{""COW"": 9, ""SHEEP"": 3}",0,0
234,9,18,0,1317.0,10,10,3,"{""WHEAT"": 17, ""STRAWBERRY"": 16, ""MELON"": 11, ""CARROT"": 4}","{""GOOSE"": 9, ""SHEEP"": 4, ""COW"": 5}",0,1
234,9,18,1,609.0,10,10,3,"{""STRAWBERRY"": 26, ""MELON"": 12, ""WHEAT"": 5}","{""COW"": 9, ""SHEEP"": 3}",0,0
235,9,19,0,1317.0,10,10,3,"{""WHEAT"": 17, ""STRAWBERRY"": 16, ""CARROT"": 6, ""MELON"": 11}","{""GOOSE"": 9, ""SHEEP"": 4, ""COW"": 5}",0,1
235,9,19,1,599.0,10,10,3,"{""STRAWBERRY"": 26, ""MELON"": 12, ""WHEAT"": 7}","{""COW"": 9, ""SHEEP"": 3}",0,0
236,9,20,0,1317.0,10,10,3,"{""WHEAT"": 16, ""STRAWBERRY"": 16, ""CARROT"": 8, ""MELON"": 12}","{""GOOSE"": 9, ""SHEEP"": 4, ""COW"": 5}",0,1
236,9,20,1,569.0,10,10,3,"{""STRAWBERRY"": 26, ""MELON"": 12, ""WHEAT"": 9}","{""COW"": 9, ""SHEEP"": 3}",0,0
237,9,21,0,1317.0,10,10,3,"{""WHEAT"": 17, ""STRAWBERRY"": 16, ""CARROT"": 8, ""MELON"": 12}","{""GOOSE"": 9, ""SHEEP"": 4, ""COW"": 5}",0,1
237,9,21,1,559.0,10,10,3,"{""STRAWBERRY"": 26, ""MELON"": 12, ""WHEAT"": 9}","{""COW"": 9, ""SHEEP"": 3}",0,19
238,9,22,0,1317.0,10,10,3,"{""WHEAT"": 16, ""STRAWBERRY"": 16, ""CARROT"": 8, ""MELON"": 12}","{""GOOSE"": 9, ""SHEEP"": 4, ""COW"": 5}",0,1
238,9,22,1,636.0,10,10,3,"{""STRAWBERRY"": 26, ""MELON"": 12, ""WHEAT"": 10}","{""COW"": 9, ""SHEEP"": 3}",0,18
239,9,23,0,1317.0,10,10,3,"{""WHEAT"": 18, ""STRAWBERRY"": 16, ""CARROT"": 9, ""MELON"": 13}","{""GOOSE"": 9, ""SHEEP"": 4, ""COW"": 5}",0,1
239,9,23,1,636.0,10,10,3,"{""STRAWBERRY"": 26, ""MELON"": 12, ""WHEAT"": 13}","{""COW"": 9, ""SHEEP"": 3}",0,18
240,10,0,0,1538.0,0,0,3,"{""WHEAT"": 18, ""STRAWBERRY"": 16, ""CARROT"": 9, ""MELON"": 13}","{""GOOSE"": 9, ""SHEEP"": 4, ""COW"": 5}",0,37
240,10,0,1,636.0,0,0,3,"{""STRAWBERRY"": 26, ""MELON"": 12, ""WHEAT"": 13}","{""COW"": 9, ""SHEEP"": 3}",0,43
241,10,1,0,724.0,8,8,3,"{""WHEAT"": 18, ""STRAWBERRY"": 16, ""CARROT"": 9, ""MELON"": 13}","{""GOOSE"": 9, ""SHEEP"": 4, ""COW"": 5}",0,39
241,10,1,1,560.0,8,8,3,"{""STRAWBERRY"": 26, ""MELON"": 12, ""WHEAT"": 13}","{""COW"": 9, ""SHEEP"": 3}",0,47
242,10,2,0,1123.0,8,8,3,"{""WHEAT"": 18, ""STRAWBERRY"": 16, ""CARROT"": 9, ""MELON"": 13}","{""GOOSE"": 9, ""SHEEP"": 4, ""COW"": 5}",0,23
242,10,2,1,18.0,11,11,3,"{""STRAWBERRY"": 26, ""MELON"": 12, ""WHEAT"": 13}","{""COW"": 9, ""SHEEP"": 3}",0,38
243,10,3,0,1123.0,8,8,3,"{""WHEAT"": 18, ""STRAWBERRY"": 16, ""CARROT"": 9, ""MELON"": 13}","{""GOOSE"": 9, ""SHEEP"": 4, ""COW"": 5}",0,22
243,10,3,1,18.0,11,11,3,"{""STRAWBERRY"": 26, ""MELON"": 12, ""WHEAT"": 13}","{""COW"": 9, ""SHEEP"": 3}",0,34
244,10,4,0,1123.0,8,8,3,"{""WHEAT"": 18, ""STRAWBERRY"": 16, ""CARROT"": 9, ""MELON"": 14}","{""GOOSE"": 9, ""SHEEP"": 4, ""COW"": 5}",0,22
244,10,4,1,18.0,11,11,3,"{""STRAWBERRY"": 26, ""MELON"": 12, ""WHEAT"": 13}","{""COW"": 9, ""SHEEP"": 3}",0,34
245,10,5,0,1123.0,8,8,3,"{""WHEAT"": 18, ""STRAWBERRY"": 16, ""CARROT"": 9, ""MELON"": 14}","{""GOOSE"": 9, ""SHEEP"": 4, ""COW"": 5}",0,22
245,10,5,1,18.0,11,11,3,"{""STRAWBERRY"": 26, ""MELON"": 12, ""WHEAT"": 13}","{""COW"": 9, ""SHEEP"": 3}",0,34
246,10,6,0,2098.0,8,8,3,"{""WHEAT"": 18, ""STRAWBERRY"": 16, ""CARROT"": 9, ""MELON"": 14}","{""GOOSE"": 9, ""SHEEP"": 4, ""COW"": 5}",0,9
246,10,6,1,18.0,11,11,3,"{""STRAWBERRY"": 26, ""MELON"": 11, ""WHEAT"": 13}","{""COW"": 9, ""SHEEP"": 3}",0,35
247,10,7,0,2098.0,8,8,3,"{""WHEAT"": 17, ""STRAWBERRY"": 16, ""CARROT"": 9, ""MELON"": 14}","{""GOOSE"": 9, ""SHEEP"": 4, ""COW"": 5}",0,9
247,10,7,1,454.0,11,11,3,"{""STRAWBERRY"": 26, ""MELON"": 10, ""WHEAT"": 13}","{""COW"": 9, ""SHEEP"": 3}",0,31
248,10,8,0,2098.0,8,8,3,"{""WHEAT"": 17, ""STRAWBERRY"": 16, ""CARROT"": 9, ""MELON"": 13}","{""GOOSE"": 9, ""SHEEP"": 4, ""COW"": 5}",0,9
248,10,8,1,454.0,11,11,3,"{""STRAWBERRY"": 26, ""MELON"": 7, ""WHEAT"": 13}","{""COW"": 9, ""SHEEP"": 3}",0,31
249,10,9,0,2098.0,8,8,3,"{""WHEAT"": 17, ""STRAWBERRY"": 16, ""CARROT"": 9, ""MELON"": 14}","{""GOOSE"": 10, ""SHEEP"": 4, ""COW"": 5}",0,9
249,10,9,1,444.0,11,11,3,"{""STRAWBERRY"": 26, ""MELON"": 7, ""WHEAT"": 13}","{""COW"": 9, ""SHEEP"": 3}",0,31
250,10,10,0,2098.0,8,8,3,"{""WHEAT"": 17, ""STRAWBERRY"": 16, ""CARROT"": 9, ""MELON"": 14}","{""GOOSE"": 10, ""SHEEP"": 4, ""COW"": 5}",0,9
250,10,10,1,434.0,11,11,3,"{""STRAWBERRY"": 26, ""MELON"": 7, ""WHEAT"": 13}","{""COW"": 9, ""SHEEP"": 3}",0,37
251,10,11,0,2098.0,8,8,3,"{""WHEAT"": 17, ""STRAWBERRY"": 16, ""CARROT"": 9, ""MELON"": 14}","{""GOOSE"": 10, ""SHEEP"": 4, ""COW"": 5}",0,9
251,10,11,1,1651.0,11,11,3,"{""STRAWBERRY"": 26, ""MELON"": 6, ""WHEAT"": 14}","{""COW"": 9, ""SHEEP"": 3}",0,38
252,10,12,0,2098.0,8,8,3,"{""WHEAT"": 17, ""STRAWBERRY"": 16, ""CARROT"": 9, ""MELON"": 14}","{""GOOSE"": 10, ""SHEEP"": 4, ""COW"": 5}",0,9
252,10,12,1,3199.0,11,11,3,"{""STRAWBERRY"": 26, ""MELON"": 6, ""WHEAT"": 15}","{""COW"": 9, ""SHEEP"": 3}",0,38
253,10,13,0,3596.0,8,8,3,"{""WHEAT"": 17, ""STRAWBERRY"": 16, ""CARROT"": 9, ""MELON"": 13}","{""GOOSE"": 10, ""SHEEP"": 4, ""COW"": 5}",0,9
253,10,13,1,4770.0,11,11,3,"{""STRAWBERRY"": 26, ""MELON"": 6, ""WHEAT"": 15}","{""COW"": 9, ""SHEEP"": 3}",0,39
254,10,14,0,3596.0,8,8,3,"{""WHEAT"": 16, ""STRAWBERRY"": 16, ""CARROT"": 9, ""MELON"": 12}","{""GOOSE"": 10, ""SHEEP"": 4, ""COW"": 5}",0,9
254,10,14,1,7717.0,11,11,3,"{""STRAWBERRY"": 26, ""MELON"": 6, ""WHEAT"": 16}","{""COW"": 9, ""SHEEP"": 3}",0,23
255,10,15,0,3596.0,8,8,3,"{""WHEAT"": 16, ""STRAWBERRY"": 16, ""CARROT"": 9, ""MELON"": 12}","{""GOOSE"": 10, ""SHEEP"": 4, ""COW"": 5}",0,9
255,10,15,1,7707.0,11,11,3,"{""STRAWBERRY"": 26, ""MELON"": 6, ""WHEAT"": 16}","{""COW"": 10, ""SHEEP"": 3}",0,31
256,10,16,0,3596.0,8,8,3,"{""WHEAT"": 16, ""STRAWBERRY"": 16, ""CARROT"": 9, ""MELON"": 11}","{""GOOSE"": 10, ""SHEEP"": 4, ""COW"": 5}",0,9
256,10,16,1,8270.0,11,11,3,"{""STRAWBERRY"": 26, ""MELON"": 6, ""WHEAT"": 16}","{""COW"": 10, ""SHEEP"": 3}",0,19
257,10,17,0,3596.0,8,8,3,"{""WHEAT"": 14, ""STRAWBERRY"": 16, ""CARROT"": 9, ""MELON"": 10}","{""GOOSE"": 10, ""SHEEP"": 4, ""COW"": 5}",0,9
257,10,17,1,8260.0,11,11,3,"{""STRAWBERRY"": 26, ""MELON"": 6, ""WHEAT"": 19}","{""COW"": 10, ""SHEEP"": 3}",0,19
258,10,18,0,3596.0,8,8,3,"{""WHEAT"": 14, ""STRAWBERRY"": 16, ""CARROT"": 9, ""MELON"": 10}","{""GOOSE"": 10, ""SHEEP"": 4, ""COW"": 5}",0,9
258,10,18,1,8250.0,11,11,3,"{""STRAWBERRY"": 26, ""MELON"": 6, ""WHEAT"": 19}","{""COW"": 10, ""SHEEP"": 3}",0,19
259,10,19,0,3596.0,8,8,3,"{""WHEAT"": 14, ""STRAWBERRY"": 16, ""CARROT"": 9, ""MELON"": 10}","{""GOOSE"": 11, ""SHEEP"": 4, ""COW"": 5}",0,9
259,10,19,1,8240.0,11,11,3,"{""STRAWBERRY"": 26, ""MELON"": 6, ""WHEAT"": 20}","{""COW"": 10, ""SHEEP"": 3}",0,19
260,10,20,0,3596.0,8,8,3,"{""WHEAT"": 14, ""STRAWBERRY"": 16, ""CARROT"": 9, ""MELON"": 10}","{""GOOSE"": 11, ""SHEEP"": 4, ""COW"": 5}",0,9
260,10,20,1,8230.0,11,11,3,"{""STRAWBERRY"": 26, ""MELON"": 6, ""WHEAT"": 21}","{""COW"": 10, ""SHEEP"": 3}",0,18
261,10,21,0,3596.0,8,8,3,"{""WHEAT"": 14, ""STRAWBERRY"": 16, ""CARROT"": 9, ""MELON"": 10}","{""GOOSE"": 11, ""SHEEP"": 4, ""COW"": 5}",0,9
261,10,21,1,8220.0,11,11,3,"{""STRAWBERRY"": 26, ""MELON"": 6, ""WHEAT"": 23}","{""COW"": 10, ""SHEEP"": 3}",0,17
262,10,22,0,3596.0,8,8,3,"{""WHEAT"": 14, ""STRAWBERRY"": 16, ""CARROT"": 9, ""MELON"": 10}","{""GOOSE"": 11, ""SHEEP"": 4, ""COW"": 5}",0,9
262,10,22,1,8210.0,11,11,3,"{""STRAWBERRY"": 26, ""MELON"": 6, ""WHEAT"": 23}","{""COW"": 10, ""SHEEP"": 3}",0,16
263,10,23,0,6483.0,8,8,3,"{""WHEAT"": 14, ""STRAWBERRY"": 16, ""CARROT"": 9, ""MELON"": 10}","{""GOOSE"": 11, ""SHEEP"": 4, ""COW"": 5}",0,9
263,10,23,1,8210.0,11,11,3,"{""STRAWBERRY"": 26, ""MELON"": 6, ""WHEAT"": 23}","{""COW"": 10, ""SHEEP"": 3}",0,15
264,11,0,0,10107.0,0,0,3,"{""WHEAT"": 14, ""STRAWBERRY"": 16, ""CARROT"": 9, ""MELON"": 10}","{""GOOSE"": 11, ""SHEEP"": 4, ""COW"": 5}",0,42
264,11,0,1,8210.0,0,0,3,"{""STRAWBERRY"": 26, ""MELON"": 6, ""WHEAT"": 23}","{""COW"": 10, ""SHEEP"": 3}",0,57
265,11,1,0,9313.0,4,4,3,"{""WHEAT"": 14, ""STRAWBERRY"": 16, ""CARROT"": 9, ""MELON"": 10}","{""GOOSE"": 11, ""SHEEP"": 4, ""COW"": 5}",0,44
265,11,1,1,8655.0,8,8,3,"{""STRAWBERRY"": 26, ""MELON"": 6, ""WHEAT"": 23}","{""COW"": 10, ""SHEEP"": 3}",0,50
266,11,2,0,10179.0,11,11,3,"{""WHEAT"": 14, ""STRAWBERRY"": 16, ""CARROT"": 9, ""MELON"": 10}","{""GOOSE"": 11, ""SHEEP"": 4, ""COW"": 5}",0,32
266,11,2,1,8477.0,11,11,3,"{""STRAWBERRY"": 26, ""MELON"": 6, ""WHEAT"": 23}","{""COW"": 10, ""SHEEP"": 3}",0,30
267,11,3,0,10179.0,11,11,3,"{""WHEAT"": 14, ""STRAWBERRY"": 16, ""CARROT"": 9, ""MELON"": 10}","{""GOOSE"": 11, ""SHEEP"": 4, ""COW"": 5}",0,18
267,11,3,1,8477.0,11,11,3,"{""STRAWBERRY"": 26, ""MELON"": 5, ""WHEAT"": 23}","{""COW"": 10, ""SHEEP"": 3}",0,27
268,11,4,0,10179.0,11,11,3,"{""WHEAT"": 14, ""STRAWBERRY"": 16, ""CARROT"": 9, ""MELON"": 10}","{""GOOSE"": 11, ""SHEEP"": 4, ""COW"": 5}",0,17
268,11,4,1,8477.0,11,11,3,"{""STRAWBERRY"": 26, ""MELON"": 5, ""WHEAT"": 23}","{""COW"": 10, ""SHEEP"": 3}",0,27
269,11,5,0,10179.0,11,11,3,"{""WHEAT"": 14, ""STRAWBERRY"": 16, ""CARROT"": 9, ""MELON"": 10}","{""GOOSE"": 11, ""SHEEP"": 4, ""COW"": 5}",0,17
269,11,5,1,8477.0,11,11,3,"{""STRAWBERRY"": 26, ""MELON"": 5, ""WHEAT"": 23}","{""COW"": 10, ""SHEEP"": 3}",0,27
270,11,6,0,10179.0,11,11,3,"{""WHEAT"": 14, ""STRAWBERRY"": 16, ""CARROT"": 9, ""MELON"": 10}","{""GOOSE"": 11, ""SHEEP"": 4, ""COW"": 5}",0,17
270,11,6,1,8477.0,11,11,3,"{""STRAWBERRY"": 26, ""MELON"": 4, ""WHEAT"": 23}","{""COW"": 10, ""SHEEP"": 3}",0,32
271,11,7,0,10179.0,11,11,3,"{""WHEAT"": 14, ""STRAWBERRY"": 16, ""CARROT"": 9, ""MELON"": 10}","{""GOOSE"": 11, ""SHEEP"": 4, ""COW"": 5}",0,17
271,11,7,1,10908.0,11,11,3,"{""STRAWBERRY"": 26, ""MELON"": 4, ""WHEAT"": 24}","{""COW"": 10, ""SHEEP"": 3}",0,18
272,11,8,0,10179.0,11,11,3,"{""WHEAT"": 14, ""STRAWBERRY"": 16, ""CARROT"": 9, ""MELON"": 10}","{""GOOSE"": 11, ""SHEEP"": 4, ""COW"": 5}",0,17
272,11,8,1,10898.0,11,11,3,"{""STRAWBERRY"": 26, ""MELON"": 4, ""WHEAT"": 24}","{""COW"": 10, ""SHEEP"": 3}",0,18
273,11,9,0,10179.0,11,11,3,"{""WHEAT"": 14, ""STRAWBERRY"": 16, ""CARROT"": 9, ""MELON"": 10}","{""GOOSE"": 11, ""SHEEP"": 4, ""COW"": 5}",0,17
273,11,9,1,10898.0,11,11,3,"{""STRAWBERRY"": 26, ""MELON"": 4, ""WHEAT"": 24}","{""COW"": 10, ""SHEEP"": 3}",0,18
274,11,10,0,10179.0,11,11,3,"{""WHEAT"": 14, ""STRAWBERRY"": 16, ""CARROT"": 9, ""MELON"": 10, ""TOMATO"": 1}","{""GOOSE"": 11, ""SHEEP"": 4, ""COW"": 5}",0,17
274,11,10,1,10898.0,11,11,3,"{""STRAWBERRY"": 26, ""MELON"": 4, ""WHEAT"": 24}","{""COW"": 10, ""SHEEP"": 3}",0,24
275,11,11,0,10179.0,11,11,3,"{""WHEAT"": 14, ""STRAWBERRY"": 16, ""CARROT"": 9, ""MELON"": 10, ""TOMATO"": 1}","{""GOOSE"": 11, ""SHEEP"": 4, ""COW"": 5}",0,17
275,11,11,1,10898.0,11,11,3,"{""STRAWBERRY"": 26, ""MELON"": 4, ""WHEAT"": 25}","{""COW"": 10, ""SHEEP"": 3}",0,24
276,11,12,0,10179.0,11,11,3,"{""WHEAT"": 14, ""STRAWBERRY"": 16, ""CARROT"": 8, ""MELON"": 10, ""TOMATO"": 1}","{""GOOSE"": 11, ""SHEEP"": 4, ""COW"": 5}",0,17
276,11,12,1,10888.0,11,11,3,"{""STRAWBERRY"": 26, ""MELON"": 4, ""WHEAT"": 26}","{""COW"": 10, ""SHEEP"": 3}",0,24
277,11,13,0,10179.0,11,11,3,"{""STRAWBERRY"": 17, ""CARROT"": 8, ""MELON"": 10, ""WHEAT"": 13, ""TOMATO"": 1}","{""GOOSE"": 11, ""SHEEP"": 4, ""COW"": 5}",0,17
277,11,13,1,10878.0,11,11,3,"{""STRAWBERRY"": 26, ""MELON"": 4, ""WHEAT"": 26}","{""COW"": 10, ""SHEEP"": 3}",0,24
278,11,14,0,10179.0,11,11,3,"{""WHEAT"": 15, ""STRAWBERRY"": 17, ""CARROT"": 7, ""MELON"": 10, ""TOMATO"": 1}","{""GOOSE"": 11, ""SHEEP"": 4, ""COW"": 5}",0,17
278,11,14,1,10868.0,11,11,3,"{""STRAWBERRY"": 26, ""MELON"": 4, ""WHEAT"": 28}","{""COW"": 10, ""SHEEP"": 3}",0,24
279,11,15,0,10179.0,11,11,3,"{""WHEAT"": 16, ""STRAWBERRY"": 17, ""CARROT"": 7, ""MELON"": 10, ""TOMATO"": 1}","{""GOOSE"": 11, ""SHEEP"": 4, ""COW"": 5}",0,17
279,11,15,1,10858.0,11,11,3,"{""STRAWBERRY"": 26, ""MELON"": 3, ""WHEAT"": 28}","{""COW"": 10, ""SHEEP"": 3}",0,24
280,11,16,0,10179.0,11,11,3,"{""WHEAT"": 16, ""STRAWBERRY"": 17, ""CARROT"": 7, ""MELON"": 10, ""TOMATO"": 1}","{""GOOSE"": 11, ""SHEEP"": 4, ""COW"": 5}",0,17
280,11,16,1,10748.0,11,11,3,"{""STRAWBERRY"": 26, ""MELON"": 3, ""WHEAT"": 29}","{""COW"": 10, ""SHEEP"": 3}",0,29
281,11,17,0,10179.0,11,11,3,"{""WHEAT"": 16, ""STRAWBERRY"": 18, ""CARROT"": 6, ""MELON"": 10, ""TOMATO"": 1}","{""GOOSE"": 12, ""SHEEP"": 4, ""COW"": 5}",0,17
281,11,17,1,10945.0,11,11,3,"{""STRAWBERRY"": 26, ""MELON"": 3, ""WHEAT"": 30}","{""COW"": 10, ""SHEEP"": 3}",0,26
282,11,18,0,10805.0,11,11,3,"{""WHEAT"": 16, ""STRAWBERRY"": 18, ""CARROT"": 6, ""MELON"": 10, ""TOMATO"": 1}","{""GOOSE"": 12, ""SHEEP"": 4, ""COW"": 5}",0,11
282,11,18,1,10945.0,11,11,3,"{""STRAWBERRY"": 26, ""MELON"": 3, ""WHEAT"": 30}","{""COW"": 10, ""SHEEP"": 3}",0,26
283,11,19,0,10805.0,11,11,3,"{""WHEAT"": 16, ""STRAWBERRY"": 18, ""CARROT"": 5, ""MELON"": 10, ""TOMATO"": 2}","{""GOOSE"": 12, ""SHEEP"": 4, ""COW"": 5}",0,11
283,11,19,1,10945.0,11,11,3,"{""STRAWBERRY"": 26, ""MELON"": 2, ""WHEAT"": 29}","{""COW"": 10, ""SHEEP"": 3}",0,26
284,11,20,0,10805.0,11,11,3,"{""WHEAT"": 16, ""STRAWBERRY"": 19, ""CARROT"": 5, ""MELON"": 10, ""TOMATO"": 2}","{""GOOSE"": 12, ""SHEEP"": 4, ""COW"": 5}",0,11
284,11,20,1,10935.0,11,11,3,"{""STRAWBERRY"": 27, ""MELON"": 2, ""WHEAT"": 30}","{""COW"": 10, ""SHEEP"": 3}",0,26
285,11,21,0,10805.0,11,11,3,"{""WHEAT"": 15, ""STRAWBERRY"": 19, ""CARROT"": 5, ""MELON"": 10, ""TOMATO"": 2}","{""GOOSE"": 12, ""SHEEP"": 4, ""COW"": 5}",0,11
285,11,21,1,10935.0,11,11,3,"{""STRAWBERRY"": 27, ""MELON"": 2, ""WHEAT"": 30}","{""COW"": 10, ""SHEEP"": 3}",0,26
286,11,22,0,10805.0,11,11,3,"{""WHEAT"": 15, ""STRAWBERRY"": 19, ""CARROT"": 5, ""MELON"": 10, ""TOMATO"": 2}","{""GOOSE"": 12, ""SHEEP"": 4, ""COW"": 5}",0,11
286,11,22,1,10935.0,11,11,3,"{""STRAWBERRY"": 27, ""MELON"": 2, ""WHEAT"": 30}","{""COW"": 10, ""SHEEP"": 3}",0,26
287,11,23,0,10805.0,11,11,3,"{""WHEAT"": 15, ""STRAWBERRY"": 19, ""CARROT"": 5, ""MELON"": 10, ""TOMATO"": 2}","{""GOOSE"": 12, ""SHEEP"": 4, ""COW"": 5}",0,11
287,11,23,1,10935.0,11,11,3,"{""STRAWBERRY"": 27, ""MELON"": 2, ""WHEAT"": 30}","{""COW"": 10, ""SHEEP"": 3}",0,28
288,12,0,0,11316.0,0,0,3,"{""WHEAT"": 15, ""STRAWBERRY"": 19, ""CARROT"": 5, ""MELON"": 10, ""TOMATO"": 2}","{""GOOSE"": 12, ""SHEEP"": 4, ""COW"": 5}",0,55
288,12,0,1,11071.0,0,0,3,"{""STRAWBERRY"": 27, ""MELON"": 2, ""WHEAT"": 30}","{""COW"": 10, ""SHEEP"": 3}",0,58
289,12,1,0,11814.0,4,4,3,"{""WHEAT"": 15, ""STRAWBERRY"": 19, ""CARROT"": 5, ""MELON"": 10, ""TOMATO"": 2}","{""GOOSE"": 12, ""SHEEP"": 4, ""COW"": 5}",0,46
289,12,1,1,11482.0,8,8,3,"{""STRAWBERRY"": 27, ""MELON"": 2, ""WHEAT"": 30}","{""COW"": 10, ""SHEEP"": 3}",0,51
290,12,2,0,11589.0,11,11,3,"{""WHEAT"": 15, ""STRAWBERRY"": 19, ""CARROT"": 5, ""MELON"": 10, ""TOMATO"": 2}","{""GOOSE"": 12, ""SHEEP"": 4, ""COW"": 5}",0,41
290,12,2,1,11204.0,11,11,3,"{""STRAWBERRY"": 27, ""MELON"": 2, ""WHEAT"": 30}","{""COW"": 10, ""SHEEP"": 3}",0,42
291,12,3,0,11589.0,11,11,3,"{""WHEAT"": 15, ""STRAWBERRY"": 19, ""CARROT"": 5, ""MELON"": 10, ""TOMATO"": 2}","{""GOOSE"": 12, ""SHEEP"": 4, ""COW"": 5}",0,35
291,12,3,1,11204.0,11,11,3,"{""STRAWBERRY"": 27, ""MELON"": 2, ""WHEAT"": 30}","{""COW"": 10, ""SHEEP"": 3}",0,39
292,12,4,0,11589.0,11,11,3,"{""WHEAT"": 15, ""STRAWBERRY"": 19, ""CARROT"": 5, ""MELON"": 10, ""TOMATO"": 2}","{""GOOSE"": 12, ""SHEEP"": 4, ""COW"": 5}",0,35
292,12,4,1,11204.0,11,11,3,"{""STRAWBERRY"": 27, ""MELON"": 2, ""WHEAT"": 30}","{""COW"": 10, ""SHEEP"": 3}",0,39
293,12,5,0,11589.0,11,11,3,"{""WHEAT"": 14, ""STRAWBERRY"": 19, ""CARROT"": 5, ""MELON"": 10, ""TOMATO"": 2}","{""GOOSE"": 12, ""SHEEP"": 4, ""COW"": 5}",0,35
293,12,5,1,11204.0,11,11,3,"{""STRAWBERRY"": 27, ""MELON"": 2, ""WHEAT"": 29}","{""COW"": 10, ""SHEEP"": 3}",0,43
294,12,6,0,11589.0,11,11,3,"{""WHEAT"": 14, ""STRAWBERRY"": 19, ""CARROT"": 4, ""MELON"": 10, ""TOMATO"": 2}","{""GOOSE"": 12, ""SHEEP"": 4, ""COW"": 5}",0,35
294,12,6,1,11623.0,11,11,3,"{""STRAWBERRY"": 27, ""MELON"": 2, ""WHEAT"": 30}","{""COW"": 10, ""SHEEP"": 3}",0,36
295,12,7,0,11589.0,11,11,3,"{""WHEAT"": 15, ""STRAWBERRY"": 20, ""CARROT"": 4, ""MELON"": 10, ""TOMATO"": 2}","{""GOOSE"": 12, ""SHEEP"": 4, ""COW"": 5}",0,35
295,12,7,1,11623.0,11,11,3,"{""STRAWBERRY"": 27, ""MELON"": 1, ""WHEAT"": 31}","{""COW"": 10, ""SHEEP"": 3}",0,36
296,12,8,0,11589.0,11,11,3,"{""WHEAT"": 15, ""STRAWBERRY"": 20, ""CARROT"": 4, ""MELON"": 10, ""TOMATO"": 2}","{""GOOSE"": 12, ""SHEEP"": 4, ""COW"": 5}",0,35
296,12,8,1,11523.0,11,11,3,"{""STRAWBERRY"": 27, ""MELON"": 1, ""WHEAT"": 31}","{""COW"": 10, ""SHEEP"": 3}",0,39
297,12,9,0,11589.0,11,11,3,"{""WHEAT"": 15, ""STRAWBERRY"": 20, ""CARROT"": 4, ""MELON"": 10, ""TOMATO"": 2}","{""GOOSE"": 12, ""SHEEP"": 4, ""COW"": 5}",0,35
297,12,9,1,11523.0,11,11,3,"{""STRAWBERRY"": 27, ""MELON"": 1, ""WHEAT"": 31}","{""COW"": 10, ""SHEEP"": 3}",0,39
298,12,10,0,11589.0,11,11,3,"{""WHEAT"": 16, ""STRAWBERRY"": 20, ""CARROT"": 4, ""MELON"": 10, ""TOMATO"": 2}","{""GOOSE"": 12, ""SHEEP"": 4, ""COW"": 5}",0,35
298,12,10,1,11523.0,11,11,3,"{""STRAWBERRY"": 27, ""MELON"": 1, ""WHEAT"": 30}","{""COW"": 10, ""SHEEP"": 3}",0,39
299,12,11,0,11589.0,11,11,3,"{""WHEAT"": 15, ""STRAWBERRY"": 20, ""CARROT"": 4, ""MELON"": 10, ""TOMATO"": 2}","{""GOOSE"": 12, ""SHEEP"": 4, ""COW"": 5}",0,35
299,12,11,1,11779.0,11,11,3,"{""STRAWBERRY"": 27, ""WHEAT"": 31}","{""COW"": 10, ""SHEEP"": 3}",0,37
300,12,12,0,11589.0,11,11,3,"{""WHEAT"": 15, ""STRAWBERRY"": 20, ""CARROT"": 3, ""MELON"": 10, ""TOMATO"": 2}","{""GOOSE"": 12, ""SHEEP"": 4, ""COW"": 5}",0,35
300,12,12,1,11826.0,11,11,3,"{""STRAWBERRY"": 28, ""WHEAT"": 31}","{""COW"": 10, ""SHEEP"": 3}",0,41
301,12,13,0,11589.0,11,11,3,"{""WHEAT"": 15, ""STRAWBERRY"": 20, ""MELON"": 10, ""TOMATO"": 2, ""CARROT"": 3}","{""GOOSE"": 12, ""SHEEP"": 4, ""COW"": 5}",0,35
301,12,13,1,11826.0,11,11,3,"{""STRAWBERRY"": 28, ""WHEAT"": 31}","{""COW"": 10, ""SHEEP"": 3}",0,41
302,12,14,0,11589.0,11,11,3,"{""WHEAT"": 15, ""STRAWBERRY"": 20, ""CARROT"": 5, ""MELON"": 10, ""TOMATO"": 2}","{""GOOSE"": 12, ""SHEEP"": 4, ""COW"": 5}",0,35
302,12,14,1,11826.0,11,11,3,"{""STRAWBERRY"": 28, ""WHEAT"": 31}","{""COW"": 10, ""SHEEP"": 3}",0,41
303,12,15,0,11589.0,11,11,3,"{""WHEAT"": 15, ""STRAWBERRY"": 20, ""CARROT"": 5, ""MELON"": 10, ""TOMATO"": 2}","{""GOOSE"": 12, ""SHEEP"": 4, ""COW"": 5}",0,35
303,12,15,1,11826.0,11,11,3,"{""STRAWBERRY"": 28, ""WHEAT"": 29}","{""COW"": 10, ""SHEEP"": 3}",0,41
304,12,16,0,11589.0,11,11,3,"{""WHEAT"": 14, ""STRAWBERRY"": 20, ""CARROT"": 5, ""MELON"": 10, ""TOMATO"": 2}","{""GOOSE"": 12, ""SHEEP"": 4, ""COW"": 5}",0,35
304,12,16,1,12006.0,11,11,3,"{""STRAWBERRY"": 28, ""WHEAT"": 31}","{""COW"": 10, ""SHEEP"": 3}",0,40
305,12,17,0,11589.0,11,11,3,"{""WHEAT"": 15, ""STRAWBERRY"": 20, ""CARROT"": 5, ""MELON"": 10, ""TOMATO"": 2}","{""GOOSE"": 12, ""SHEEP"": 4, ""COW"": 5}",0,35
305,12,17,1,12185.0,11,11,3,"{""STRAWBERRY"": 29, ""WHEAT"": 31}","{""COW"": 10, ""SHEEP"": 3}",0,37
306,12,18,0,11589.0,11,11,3,"{""WHEAT"": 14, ""STRAWBERRY"": 21, ""CARROT"": 4, ""MELON"": 10, ""TOMATO"": 2}","{""GOOSE"": 12, ""SHEEP"": 4, ""COW"": 5}",0,35
306,12,18,1,12381.0,11,11,3,"{""STRAWBERRY"": 29, ""WHEAT"": 30}","{""COW"": 10, ""SHEEP"": 3}",0,35
307,12,19,0,11589.0,11,11,3,"{""WHEAT"": 15, ""STRAWBERRY"": 21, ""CARROT"": 5, ""MELON"": 10, ""TOMATO"": 2}","{""GOOSE"": 12, ""SHEEP"": 4, ""COW"": 5}",0,35
307,12,19,1,12371.0,11,11,3,"{""STRAWBERRY"": 29, ""WHEAT"": 31}","{""COW"": 10, ""SHEEP"": 3}",0,35
308,12,20,0,11589.0,11,11,3,"{""WHEAT"": 15, ""STRAWBERRY"": 21, ""CARROT"": 5, ""MELON"": 10, ""TOMATO"": 2}","{""GOOSE"": 12, ""SHEEP"": 4, ""COW"": 5}",0,35
308,12,20,1,12361.0,11,11,3,"{""STRAWBERRY"": 29, ""WHEAT"": 30}","{""COW"": 10, ""SHEEP"": 3}",0,35
309,12,21,0,11589.0,11,11,3,"{""WHEAT"": 15, ""STRAWBERRY"": 21, ""CARROT"": 5, ""MELON"": 10, ""TOMATO"": 2}","{""GOOSE"": 12, ""SHEEP"": 4, ""COW"": 5}",0,35
309,12,21,1,12351.0,11,11,3,"{""STRAWBERRY"": 29, ""WHEAT"": 31}","{""COW"": 10, ""SHEEP"": 3}",0,35
310,12,22,0,11589.0,11,11,3,"{""WHEAT"": 14, ""STRAWBERRY"": 21, ""CARROT"": 5, ""MELON"": 10, ""TOMATO"": 2}","{""GOOSE"": 12, ""SHEEP"": 4, ""COW"": 5}",0,35
310,12,22,1,12636.0,11,11,3,"{""STRAWBERRY"": 29, ""WHEAT"": 31}","{""COW"": 10, ""SHEEP"": 3}",0,32
311,12,23,0,12497.0,11,11,3,"{""WHEAT"": 14, ""STRAWBERRY"": 22, ""CARROT"": 6, ""MELON"": 10, ""TOMATO"": 2}","{""GOOSE"": 12, ""SHEEP"": 4, ""COW"": 5}",0,35
311,12,23,1,12636.0,11,11,3,"{""STRAWBERRY"": 29, ""WHEAT"": 31}","{""COW"": 10, ""SHEEP"": 3}",0,32
312,13,0,0,13879.0,0,0,3,"{""WHEAT"": 14, ""STRAWBERRY"": 22, ""CARROT"": 6, ""MELON"": 10, ""TOMATO"": 2}","{""GOOSE"": 12, ""SHEEP"": 4, ""COW"": 5}",0,79
312,13,0,1,12636.0,0,0,3,"{""STRAWBERRY"": 29, ""WHEAT"": 31}","{""COW"": 10, ""SHEEP"": 3}",0,74
313,13,1,0,14098.0,7,7,3,"{""WHEAT"": 14, ""STRAWBERRY"": 22, ""CARROT"": 6, ""MELON"": 10, ""TOMATO"": 2}","{""GOOSE"": 12, ""SHEEP"": 4, ""COW"": 5}",0,63
313,13,1,1,12884.0,8,8,3,"{""STRAWBERRY"": 29, ""WHEAT"": 31}","{""COW"": 10, ""SHEEP"": 3}",0,66
314,13,2,0,15017.0,7,7,3,"{""WHEAT"": 14, ""STRAWBERRY"": 22, ""CARROT"": 6, ""MELON"": 10, ""TOMATO"": 2}","{""GOOSE"": 12, ""SHEEP"": 4, ""COW"": 5}",0,40
314,13,2,1,12706.0,11,11,3,"{""STRAWBERRY"": 29, ""WHEAT"": 31}","{""COW"": 10, ""SHEEP"": 3}",0,53
315,13,3,0,15017.0,7,7,3,"{""WHEAT"": 14, ""STRAWBERRY"": 22, ""CARROT"": 6, ""MELON"": 10, ""TOMATO"": 2}","{""GOOSE"": 12, ""SHEEP"": 4, ""COW"": 5}",0,40
315,13,3,1,12706.0,11,11,3,"{""STRAWBERRY"": 29, ""WHEAT"": 31}","{""COW"": 10, ""SHEEP"": 3}",0,50
316,13,4,0,15017.0,7,7,3,"{""WHEAT"": 14, ""STRAWBERRY"": 22, ""CARROT"": 6, ""MELON"": 10, ""TOMATO"": 2}","{""GOOSE"": 12, ""SHEEP"": 4, ""COW"": 5}",0,40
316,13,4,1,12706.0,11,11,3,"{""STRAWBERRY"": 29, ""WHEAT"": 31}","{""COW"": 10, ""SHEEP"": 3}",0,50
317,13,5,0,15017.0,7,7,3,"{""WHEAT"": 14, ""STRAWBERRY"": 22, ""CARROT"": 6, ""MELON"": 10, ""TOMATO"": 2}","{""GOOSE"": 12, ""SHEEP"": 4, ""COW"": 5}",0,40
317,13,5,1,12706.0,11,11,3,"{""STRAWBERRY"": 29, ""WHEAT"": 30}","{""COW"": 10, ""SHEEP"": 3}",0,50
318,13,6,0,15017.0,7,7,3,"{""WHEAT"": 14, ""STRAWBERRY"": 22, ""CARROT"": 6, ""MELON"": 10, ""TOMATO"": 2}","{""GOOSE"": 12, ""SHEEP"": 4, ""COW"": 5}",0,40
318,13,6,1,12706.0,11,11,3,"{""STRAWBERRY"": 29, ""WHEAT"": 30}","{""COW"": 10, ""SHEEP"": 3}",0,50
319,13,7,0,15017.0,7,7,3,"{""WHEAT"": 14, ""STRAWBERRY"": 22, ""CARROT"": 6, ""MELON"": 10, ""TOMATO"": 2}","{""GOOSE"": 12, ""SHEEP"": 4, ""COW"": 5}",0,40
319,13,7,1,12706.0,11,11,3,"{""STRAWBERRY"": 29, ""WHEAT"": 30}","{""COW"": 10, ""SHEEP"": 3}",0,50
320,13,8,0,15017.0,7,7,3,"{""WHEAT"": 14, ""STRAWBERRY"": 22, ""CARROT"": 6, ""MELON"": 10, ""TOMATO"": 2}","{""GOOSE"": 12, ""SHEEP"": 4, ""COW"": 5}",0,40
320,13,8,1,12696.0,11,11,3,"{""STRAWBERRY"": 29, ""WHEAT"": 31}","{""COW"": 10, ""SHEEP"": 3}",0,50
321,13,9,0,15017.0,7,7,3,"{""WHEAT"": 14, ""STRAWBERRY"": 22, ""CARROT"": 6, ""MELON"": 10, ""TOMATO"": 2}","{""GOOSE"": 12, ""SHEEP"": 4, ""COW"": 5}",0,40
321,13,9,1,12696.0,11,11,3,"{""STRAWBERRY"": 29, ""WHEAT"": 30}","{""COW"": 10, ""SHEEP"": 3}",0,50
322,13,10,0,15017.0,7,7,3,"{""WHEAT"": 14, ""STRAWBERRY"": 22, ""CARROT"": 6, ""MELON"": 10, ""TOMATO"": 2}","{""GOOSE"": 12, ""SHEEP"": 4, ""COW"": 5}",0,40
322,13,10,1,12871.0,11,11,3,"{""STRAWBERRY"": 29, ""WHEAT"": 31}","{""COW"": 10, ""SHEEP"": 3}",0,45
323,13,11,0,15017.0,7,7,3,"{""WHEAT"": 13, ""STRAWBERRY"": 22, ""CARROT"": 6, ""MELON"": 10, ""TOMATO"": 2}","{""GOOSE"": 12, ""SHEEP"": 4, ""COW"": 5}",0,40
323,13,11,1,12861.0,11,11,3,"{""STRAWBERRY"": 29, ""WHEAT"": 29}","{""COW"": 10, ""SHEEP"": 3}",0,45
324,13,12,0,15017.0,7,7,3,"{""WHEAT"": 13, ""STRAWBERRY"": 23, ""CARROT"": 6, ""MELON"": 10, ""TOMATO"": 2}","{""GOOSE"": 12, ""SHEEP"": 4, ""COW"": 5}",0,40
324,13,12,1,12962.0,11,11,3,"{""STRAWBERRY"": 29, ""WHEAT"": 30}","{""COW"": 10, ""SHEEP"": 3}",0,42
325,13,13,0,15422.0,7,7,3,"{""WHEAT"": 13, ""STRAWBERRY"": 23, ""CARROT"": 6, ""MELON"": 10, ""TOMATO"": 2}","{""GOOSE"": 12, ""SHEEP"": 4, ""COW"": 5}",0,40
325,13,13,1,12902.0,11,11,3,"{""STRAWBERRY"": 29, ""WHEAT"": 30}","{""COW"": 10, ""SHEEP"": 3}",0,46
326,13,14,0,15422.0,7,7,3,"{""WHEAT"": 13, ""STRAWBERRY"": 23, ""CARROT"": 6, ""MELON"": 10, ""TOMATO"": 2}","{""GOOSE"": 12, ""SHEEP"": 4, ""COW"": 5}",0,40
326,13,14,1,13006.0,11,11,3,"{""STRAWBERRY"": 29, ""WHEAT"": 30}","{""COW"": 10, ""SHEEP"": 3}",0,44
327,13,15,0,15422.0,7,7,3,"{""WHEAT"": 13, ""STRAWBERRY"": 23, ""CARROT"": 6, ""MELON"": 10, ""TOMATO"": 2}","{""GOOSE"": 12, ""SHEEP"": 4, ""COW"": 5}",0,40
327,13,15,1,12996.0,11,11,3,"{""STRAWBERRY"": 30, ""WHEAT"": 29}","{""COW"": 10, ""SHEEP"": 3}",0,44
328,13,16,0,15422.0,7,7,3,"{""WHEAT"": 12, ""STRAWBERRY"": 23, ""CARROT"": 6, ""MELON"": 10, ""TOMATO"": 2}","{""GOOSE"": 12, ""SHEEP"": 4, ""COW"": 5}",0,40
328,13,16,1,12986.0,11,11,3,"{""STRAWBERRY"": 30, ""WHEAT"": 30}","{""COW"": 10, ""SHEEP"": 3}",0,44
329,13,17,0,15422.0,7,7,3,"{""WHEAT"": 12, ""STRAWBERRY"": 24, ""CARROT"": 6, ""MELON"": 10, ""TOMATO"": 2}","{""GOOSE"": 12, ""SHEEP"": 4, ""COW"": 5}",0,40
329,13,17,1,12976.0,11,11,3,"{""STRAWBERRY"": 30, ""WHEAT"": 28}","{""COW"": 10, ""SHEEP"": 3}",0,44
330,13,18,0,15422.0,7,7,3,"{""WHEAT"": 11, ""STRAWBERRY"": 24, ""CARROT"": 6, ""MELON"": 10, ""TOMATO"": 2}","{""GOOSE"": 12, ""SHEEP"": 4, ""COW"": 5}",0,40
330,13,18,1,12966.0,11,11,3,"{""STRAWBERRY"": 30, ""WHEAT"": 29}","{""COW"": 10, ""SHEEP"": 3}",0,47
331,13,19,0,15422.0,7,7,3,"{""WHEAT"": 11, ""STRAWBERRY"": 24, ""CARROT"": 7, ""MELON"": 10, ""TOMATO"": 2}","{""GOOSE"": 12, ""SHEEP"": 4, ""COW"": 5}",0,40
331,13,19,1,13013.0,11,11,3,"{""STRAWBERRY"": 30, ""WHEAT"": 29, ""TOMATO"": 1}","{""COW"": 10, ""SHEEP"": 3}",0,45
332,13,20,0,15422.0,7,7,3,"{""WHEAT"": 11, ""STRAWBERRY"": 24, ""CARROT"": 7, ""MELON"": 10, ""TOMATO"": 2}","{""GOOSE"": 12, ""SHEEP"": 4, ""COW"": 5}",0,40
332,13,20,1,13013.0,11,11,3,"{""STRAWBERRY"": 30, ""WHEAT"": 28, ""TOMATO"": 1}","{""COW"": 10, ""SHEEP"": 3}",0,44
333,13,21,0,15422.0,7,7,3,"{""WHEAT"": 11, ""STRAWBERRY"": 24, ""CARROT"": 7, ""MELON"": 10, ""TOMATO"": 2}","{""GOOSE"": 12, ""SHEEP"": 4, ""COW"": 5}",0,40
333,13,21,1,13003.0,11,11,3,"{""STRAWBERRY"": 30, ""WHEAT"": 28, ""TOMATO"": 1}","{""COW"": 10, ""SHEEP"": 3}",0,43
334,13,22,0,15422.0,7,7,3,"{""WHEAT"": 9, ""STRAWBERRY"": 24, ""CARROT"": 7, ""MELON"": 10, ""TOMATO"": 2}","{""GOOSE"": 12, ""SHEEP"": 4, ""COW"": 5}",0,40
334,13,22,1,13083.0,11,11,3,"{""STRAWBERRY"": 30, ""WHEAT"": 28, ""TOMATO"": 1}","{""COW"": 10, ""SHEEP"": 3}",0,45
335,13,23,0,15422.0,7,7,3,"{""WHEAT"": 9, ""STRAWBERRY"": 25, ""CARROT"": 8, ""MELON"": 10, ""TOMATO"": 2}","{""GOOSE"": 12, ""SHEEP"": 4, ""COW"": 5}",0,40
335,13,23,1,13194.0,11,11,3,"{""STRAWBERRY"": 30, ""WHEAT"": 29, ""TOMATO"": 1}","{""COW"": 10, ""SHEEP"": 3}",0,42
336,14,0,0,15422.0,0,0,3,"{""WHEAT"": 9, ""STRAWBERRY"": 25, ""CARROT"": 8, ""MELON"": 10, ""TOMATO"": 2}","{""GOOSE"": 12, ""SHEEP"": 4, ""COW"": 5}",0,99
336,14,0,1,13194.0,0,0,3,"{""STRAWBERRY"": 30, ""WHEAT"": 29, ""TOMATO"": 1}","{""COW"": 10, ""SHEEP"": 3}",0,100
337,14,1,0,15688.0,8,8,3,"{""WHEAT"": 9, ""STRAWBERRY"": 25, ""CARROT"": 8, ""MELON"": 10, ""TOMATO"": 2}","{""GOOSE"": 12, ""SHEEP"": 4, ""COW"": 5}",0,93
337,14,1,1,14205.0,8,8,3,"{""STRAWBERRY"": 30, ""WHEAT"": 29, ""TOMATO"": 1}","{""COW"": 10, ""SHEEP"": 3}",0,74
338,14,2,0,17353.0,8,8,3,"{""WHEAT"": 9, ""STRAWBERRY"": 25, ""CARROT"": 8, ""MELON"": 10, ""TOMATO"": 2}","{""GOOSE"": 12, ""SHEEP"": 4, ""COW"": 5}",0,40
338,14,2,1,14398.0,11,11,3,"{""STRAWBERRY"": 30, ""WHEAT"": 29, ""TOMATO"": 1}","{""COW"": 10, ""SHEEP"": 3}",0,57
339,14,3,0,17353.0,8,8,3,"{""WHEAT"": 9, ""STRAWBERRY"": 25, ""CARROT"": 8, ""MELON"": 10, ""TOMATO"": 2}","{""GOOSE"": 12, ""SHEEP"": 4, ""COW"": 5}",0,40
339,14,3,1,14638.0,11,11,3,"{""STRAWBERRY"": 30, ""WHEAT"": 29, ""TOMATO"": 1}","{""COW"": 10, ""SHEEP"": 3}",0,56
340,14,4,0,17353.0,8,8,3,"{""WHEAT"": 9, ""STRAWBERRY"": 25, ""CARROT"": 8, ""MELON"": 10, ""TOMATO"": 2}","{""GOOSE"": 12, ""SHEEP"": 4, ""COW"": 5}",0,40
340,14,4,1,14714.0,11,11,3,"{""STRAWBERRY"": 30, ""WHEAT"": 29, ""TOMATO"": 1}","{""COW"": 10, ""SHEEP"": 3}",0,53
341,14,5,0,17353.0,8,8,3,"{""WHEAT"": 8, ""STRAWBERRY"": 25, ""CARROT"": 8, ""MELON"": 10, ""TOMATO"": 2}","{""GOOSE"": 12, ""SHEEP"": 4, ""COW"": 5}",0,40
341,14,5,1,14714.0,11,11,3,"{""STRAWBERRY"": 30, ""WHEAT"": 29, ""TOMATO"": 1}","{""COW"": 10, ""SHEEP"": 3}",0,59
342,14,6,0,17353.0,8,8,3,"{""WHEAT"": 9, ""STRAWBERRY"": 25, ""CARROT"": 8, ""MELON"": 10, ""TOMATO"": 2}","{""GOOSE"": 12, ""SHEEP"": 4, ""COW"": 5}",0,40
342,14,6,1,14714.0,11,11,3,"{""STRAWBERRY"": 30, ""WHEAT"": 28, ""TOMATO"": 1}","{""COW"": 10, ""SHEEP"": 3}",0,57
343,14,7,0,17353.0,8,8,3,"{""WHEAT"": 8, ""STRAWBERRY"": 25, ""CARROT"": 8, ""MELON"": 10, ""TOMATO"": 2}","{""GOOSE"": 12, ""SHEEP"": 4, ""COW"": 5}",0,40
343,14,7,1,14704.0,11,11,3,"{""STRAWBERRY"": 30, ""WHEAT"": 28, ""TOMATO"": 1}","{""COW"": 10, ""SHEEP"": 3}",0,60
344,14,8,0,17353.0,8,8,3,"{""WHEAT"": 9, ""STRAWBERRY"": 25, ""CARROT"": 8, ""MELON"": 10, ""TOMATO"": 2}","{""GOOSE"": 12, ""SHEEP"": 4, ""COW"": 5}",0,40
344,14,8,1,15120.0,11,11,3,"{""STRAWBERRY"": 30, ""WHEAT"": 29, ""TOMATO"": 1}","{""COW"": 10, ""SHEEP"": 3}",0,53
345,14,9,0,17353.0,8,8,3,"{""WHEAT"": 9, ""STRAWBERRY"": 25, ""CARROT"": 8, ""MELON"": 10, ""TOMATO"": 2}","{""GOOSE"": 12, ""SHEEP"": 4, ""COW"": 5}",0,40
345,14,9,1,15110.0,11,11,3,"{""STRAWBERRY"": 30, ""WHEAT"": 29, ""TOMATO"": 1}","{""COW"": 10, ""SHEEP"": 3}",0,53
346,14,10,0,17353.0,8,8,3,"{""WHEAT"": 9, ""STRAWBERRY"": 25, ""CARROT"": 8, ""MELON"": 10, ""TOMATO"": 2}","{""GOOSE"": 12, ""SHEEP"": 4, ""COW"": 5}",0,40
346,14,10,1,15110.0,11,11,3,"{""STRAWBERRY"": 30, ""WHEAT"": 28, ""TOMATO"": 1}","{""COW"": 10, ""SHEEP"": 3}",0,54
347,14,11,0,17353.0,8,8,3,"{""WHEAT"": 9, ""STRAWBERRY"": 25, ""CARROT"": 8, ""MELON"": 10, ""TOMATO"": 2}","{""GOOSE"": 12, ""SHEEP"": 4, ""COW"": 5}",0,40
347,14,11,1,15154.0,11,11,3,"{""STRAWBERRY"": 30, ""WHEAT"": 28, ""TOMATO"": 1, ""CARROT"": 1}","{""COW"": 10, ""SHEEP"": 3}",0,53
348,14,12,0,17353.0,8,8,3,"{""WHEAT"": 9, ""STRAWBERRY"": 25, ""CARROT"": 8, ""MELON"": 10, ""TOMATO"": 2}","{""GOOSE"": 12, ""SHEEP"": 4, ""COW"": 5}",0,40
348,14,12,1,15154.0,11,11,3,"{""STRAWBERRY"": 30, ""WHEAT"": 27, ""TOMATO"": 1, ""CARROT"": 1}","{""COW"": 10, ""SHEEP"": 3}",0,53
349,14,13,0,17353.0,8,8,3,"{""WHEAT"": 9, ""STRAWBERRY"": 25, ""CARROT"": 8, ""MELON"": 10, ""TOMATO"": 2}","{""GOOSE"": 12, ""SHEEP"": 4, ""COW"": 5}",0,40
349,14,13,1,15179.0,11,11,3,"{""STRAWBERRY"": 30, ""WHEAT"": 28, ""TOMATO"": 1, ""CARROT"": 1}","{""COW"": 10, ""SHEEP"": 3}",0,52
350,14,14,0,17353.0,8,8,3,"{""WHEAT"": 9, ""STRAWBERRY"": 25, ""CARROT"": 7, ""MELON"": 10, ""TOMATO"": 2}","{""GOOSE"": 12, ""SHEEP"": 4, ""COW"": 5}",0,40
350,14,14,1,14999.0,11,11,3,"{""STRAWBERRY"": 30, ""WHEAT"": 28, ""TOMATO"": 1, ""CARROT"": 1}","{""COW"": 10, ""SHEEP"": 3}",0,52
351,14,15,0,17353.0,8,8,3,"{""WHEAT"": 9, ""STRAWBERRY"": 25, ""CARROT"": 7, ""MELON"": 10, ""TOMATO"": 2}","{""GOOSE"": 12, ""SHEEP"": 4, ""COW"": 5}",0,40
351,14,15,1,14999.0,11,11,3,"{""STRAWBERRY"": 30, ""WHEAT"": 28, ""TOMATO"": 1, ""CARROT"": 1}","{""COW"": 10, ""SHEEP"": 3}",0,52
352,14,16,0,17353.0,8,8,3,"{""WHEAT"": 10, ""STRAWBERRY"": 25, ""CARROT"": 7, ""MELON"": 10, ""TOMATO"": 2}","{""GOOSE"": 12, ""SHEEP"": 4, ""COW"": 5}",0,40
352,14,16,1,14999.0,11,11,3,"{""STRAWBERRY"": 30, ""WHEAT"": 27, ""TOMATO"": 1, ""CARROT"": 1}","{""COW"": 10, ""SHEEP"": 3}",0,52
353,14,17,0,17353.0,8,8,3,"{""WHEAT"": 9, ""STRAWBERRY"": 25, ""CARROT"": 7, ""MELON"": 10, ""TOMATO"": 2}","{""GOOSE"": 12, ""SHEEP"": 4, ""COW"": 5}",0,40
353,14,17,1,14989.0,11,11,3,"{""STRAWBERRY"": 30, ""WHEAT"": 27, ""TOMATO"": 1, ""CARROT"": 2}","{""COW"": 10, ""SHEEP"": 3}",0,55
354,14,18,0,17353.0,8,8,3,"{""WHEAT"": 10, ""STRAWBERRY"": 25, ""CARROT"": 7, ""MELON"": 10, ""TOMATO"": 2}","{""GOOSE"": 12, ""SHEEP"": 4, ""COW"": 5}",0,40
354,14,18,1,15150.0,11,11,3,"{""STRAWBERRY"": 30, ""WHEAT"": 26, ""TOMATO"": 1, ""CARROT"": 2}","{""COW"": 10, ""SHEEP"": 3}",0,52
355,14,19,0,17353.0,8,8,3,"{""WHEAT"": 10, ""STRAWBERRY"": 25, ""CARROT"": 7, ""MELON"": 10, ""TOMATO"": 2}","{""GOOSE"": 12, ""SHEEP"": 4, ""COW"": 5}",0,40
355,14,19,1,15140.0,11,11,3,"{""STRAWBERRY"": 30, ""WHEAT"": 26, ""TOMATO"": 1, ""CARROT"": 2}","{""COW"": 10, ""SHEEP"": 3}",0,52
356,14,20,0,17353.0,8,8,3,"{""WHEAT"": 10, ""STRAWBERRY"": 25, ""CARROT"": 7, ""MELON"": 10, ""TOMATO"": 2}","{""GOOSE"": 12, ""SHEEP"": 4, ""COW"": 5}",0,40
356,14,20,1,15130.0,11,11,3,"{""STRAWBERRY"": 30, ""WHEAT"": 26, ""TOMATO"": 1, ""CARROT"": 3}","{""COW"": 10, ""SHEEP"": 3}",0,52
357,14,21,0,17353.0,8,8,3,"{""WHEAT"": 10, ""STRAWBERRY"": 25, ""MELON"": 10, ""TOMATO"": 2, ""CARROT"": 6}","{""GOOSE"": 12, ""SHEEP"": 4, ""COW"": 5}",0,40
357,14,21,1,15130.0,11,11,3,"{""STRAWBERRY"": 30, ""WHEAT"": 26, ""TOMATO"": 1, ""CARROT"": 3}","{""COW"": 10, ""SHEEP"": 3}",0,52
358,14,22,0,17353.0,8,8,3,"{""WHEAT"": 11, ""STRAWBERRY"": 25, ""MELON"": 10, ""TOMATO"": 2, ""CARROT"": 6}","{""GOOSE"": 12, ""SHEEP"": 4, ""COW"": 5}",0,40
358,14,22,1,15202.0,11,11,3,"{""STRAWBERRY"": 30, ""WHEAT"": 26, ""TOMATO"": 1, ""CARROT"": 3}","{""COW"": 10, ""SHEEP"": 3}",0,51
359,14,23,0,17353.0,8,8,3,"{""WHEAT"": 11, ""STRAWBERRY"": 25, ""MELON"": 10, ""TOMATO"": 2, ""CARROT"": 6}","{""GOOSE"": 12, ""SHEEP"": 4, ""COW"": 5}",0,40
359,14,23,1,15202.0,11,11,3,"{""STRAWBERRY"": 30, ""WHEAT"": 26, ""TOMATO"": 1, ""CARROT"": 3}","{""COW"": 10, ""SHEEP"": 3}",0,51
360,15,0,0,17353.0,0,0,3,"{""WHEAT"": 11, ""STRAWBERRY"": 25, ""MELON"": 10, ""TOMATO"": 2, ""CARROT"": 6}","{""GOOSE"": 12, ""SHEEP"": 4, ""COW"": 4}",0,79
360,15,0,1,15202.0,0,0,3,"{""STRAWBERRY"": 30, ""WHEAT"": 26, ""TOMATO"": 1, ""CARROT"": 3}","{""COW"": 10, ""SHEEP"": 3}",0,89
361,15,1,0,17124.0,6,6,3,"{""WHEAT"": 11, ""STRAWBERRY"": 25, ""MELON"": 10, ""TOMATO"": 2, ""CARROT"": 6}","{""GOOSE"": 12, ""SHEEP"": 4, ""COW"": 4}",0,76
361,15,1,1,15303.0,8,8,3,"{""STRAWBERRY"": 30, ""WHEAT"": 26, ""TOMATO"": 1, ""CARROT"": 3}","{""COW"": 10, ""SHEEP"": 3}",0,86
362,15,2,0,18569.0,6,6,3,"{""WHEAT"": 11, ""STRAWBERRY"": 25, ""MELON"": 10, ""TOMATO"": 2, ""CARROT"": 6}","{""GOOSE"": 12, ""SHEEP"": 4, ""COW"": 4}",0,40
362,15,2,1,15269.0,11,11,3,"{""STRAWBERRY"": 30, ""WHEAT"": 26, ""TOMATO"": 1, ""CARROT"": 3}","{""COW"": 10, ""SHEEP"": 3}",0,72
363,15,3,0,18569.0,6,6,3,"{""WHEAT"": 11, ""STRAWBERRY"": 25, ""MELON"": 10, ""TOMATO"": 2, ""CARROT"": 6}","{""GOOSE"": 12, ""SHEEP"": 4, ""COW"": 4}",0,40
363,15,3,1,15564.0,11,11,3,"{""STRAWBERRY"": 30, ""WHEAT"": 26, ""TOMATO"": 1, ""CARROT"": 3}","{""COW"": 10, ""SHEEP"": 3}",0,67
364,15,4,0,18569.0,6,6,3,"{""WHEAT"": 12, ""STRAWBERRY"": 25, ""MELON"": 10, ""TOMATO"": 2, ""CARROT"": 6}","{""GOOSE"": 12, ""SHEEP"": 4, ""COW"": 4}",0,40
364,15,4,1,15564.0,11,11,3,"{""STRAWBERRY"": 30, ""WHEAT"": 26, ""TOMATO"": 2, ""CARROT"": 3}","{""COW"": 10, ""SHEEP"": 3}",0,71
365,15,5,0,18569.0,6,6,3,"{""WHEAT"": 12, ""STRAWBERRY"": 25, ""MELON"": 10, ""TOMATO"": 2, ""CARROT"": 6}","{""GOOSE"": 12, ""SHEEP"": 4, ""COW"": 4}",0,40
365,15,5,1,15564.0,11,11,3,"{""STRAWBERRY"": 30, ""WHEAT"": 24, ""TOMATO"": 2, ""CARROT"": 3}","{""COW"": 10, ""SHEEP"": 3}",0,69
366,15,6,0,18569.0,6,6,3,"{""WHEAT"": 12, ""STRAWBERRY"": 25, ""MELON"": 10, ""TOMATO"": 2, ""CARROT"": 6}","{""GOOSE"": 12, ""SHEEP"": 4, ""COW"": 4}",0,40
366,15,6,1,15464.0,11,11,3,"{""STRAWBERRY"": 30, ""WHEAT"": 26, ""TOMATO"": 2, ""CARROT"": 3}","{""COW"": 10, ""SHEEP"": 3}",0,69
367,15,7,0,18569.0,6,6,3,"{""WHEAT"": 11, ""STRAWBERRY"": 25, ""MELON"": 10, ""TOMATO"": 2, ""CARROT"": 6}","{""GOOSE"": 12, ""SHEEP"": 4, ""COW"": 4}",0,40
367,15,7,1,15464.0,11,11,3,"{""STRAWBERRY"": 30, ""WHEAT"": 26, ""TOMATO"": 2, ""CARROT"": 3}","{""COW"": 10, ""SHEEP"": 3}",0,75
368,15,8,0,18569.0,6,6,3,"{""WHEAT"": 12, ""STRAWBERRY"": 25, ""MELON"": 10, ""TOMATO"": 2, ""CARROT"": 6}","{""GOOSE"": 12, ""SHEEP"": 4, ""COW"": 4}",0,40
368,15,8,1,15623.0,11,11,3,"{""STRAWBERRY"": 30, ""WHEAT"": 26, ""TOMATO"": 2, ""CARROT"": 3}","{""COW"": 10, ""SHEEP"": 3}",0,70
369,15,9,0,18569.0,6,6,3,"{""WHEAT"": 12, ""STRAWBERRY"": 25, ""MELON"": 10, ""TOMATO"": 2, ""CARROT"": 5}","{""GOOSE"": 12, ""SHEEP"": 4, ""COW"": 4}",0,40
369,15,9,1,15672.0,11,11,3,"{""STRAWBERRY"": 30, ""WHEAT"": 26, ""TOMATO"": 2, ""CARROT"": 3}","{""COW"": 10, ""SHEEP"": 3}",0,69
370,15,10,0,18569.0,6,6,3,"{""WHEAT"": 12, ""STRAWBERRY"": 26, ""MELON"": 10, ""TOMATO"": 2, ""CARROT"": 5}","{""GOOSE"": 12, ""SHEEP"": 4, ""COW"": 4}",0,40
370,15,10,1,15721.0,11,11,3,"{""STRAWBERRY"": 30, ""WHEAT"": 24, ""TOMATO"": 2, ""CARROT"": 3}","{""COW"": 10, ""SHEEP"": 3}",0,68
371,15,11,0,18569.0,6,6,3,"{""WHEAT"": 12, ""STRAWBERRY"": 26, ""MELON"": 10, ""TOMATO"": 2, ""CARROT"": 5}","{""GOOSE"": 12, ""SHEEP"": 4, ""COW"": 4}",0,40
371,15,11,1,15921.0,11,11,3,"{""STRAWBERRY"": 30, ""WHEAT"": 24, ""TOMATO"": 2, ""CARROT"": 4}","{""COW"": 10, ""SHEEP"": 3}",0,62
372,15,12,0,18569.0,6,6,3,"{""WHEAT"": 12, ""STRAWBERRY"": 26, ""MELON"": 10, ""TOMATO"": 2, ""CARROT"": 5}","{""GOOSE"": 12, ""SHEEP"": 4, ""COW"": 4}",0,40
372,15,12,1,15811.0,11,11,3,"{""STRAWBERRY"": 31, ""WHEAT"": 24, ""TOMATO"": 2, ""CARROT"": 4}","{""COW"": 10, ""SHEEP"": 3}",0,62
373,15,13,0,18569.0,6,6,3,"{""WHEAT"": 12, ""STRAWBERRY"": 26, ""MELON"": 10, ""TOMATO"": 2, ""CARROT"": 5}","{""GOOSE"": 12, ""SHEEP"": 4, ""COW"": 4}",0,40
373,15,13,1,15811.0,11,11,3,"{""STRAWBERRY"": 31, ""WHEAT"": 24, ""TOMATO"": 2, ""CARROT"": 4}","{""COW"": 10, ""SHEEP"": 3}",0,62
374,15,14,0,18569.0,6,6,3,"{""WHEAT"": 12, ""STRAWBERRY"": 26, ""MELON"": 10, ""TOMATO"": 2, ""CARROT"": 3}","{""GOOSE"": 12, ""SHEEP"": 4, ""COW"": 4}",0,40
374,15,14,1,15860.0,11,11,3,"{""STRAWBERRY"": 31, ""WHEAT"": 24, ""TOMATO"": 2, ""CARROT"": 4}","{""COW"": 10, ""SHEEP"": 3}",0,61
375,15,15,0,18569.0,6,6,3,"{""WHEAT"": 13, ""STRAWBERRY"": 26, ""MELON"": 10, ""TOMATO"": 2, ""CARROT"": 4}","{""GOOSE"": 12, ""SHEEP"": 4, ""COW"": 4}",0,40
375,15,15,1,15860.0,11,11,3,"{""STRAWBERRY"": 31, ""WHEAT"": 23, ""TOMATO"": 2, ""CARROT"": 4}","{""COW"": 10, ""SHEEP"": 3}",0,61
376,15,16,0,18569.0,6,6,3,"{""STRAWBERRY"": 26, ""WHEAT"": 12, ""MELON"": 10, ""TOMATO"": 2, ""CARROT"": 4}","{""GOOSE"": 12, ""SHEEP"": 4, ""COW"": 4}",0,40
376,15,16,1,15850.0,11,11,3,"{""STRAWBERRY"": 31, ""WHEAT"": 22, ""CARROT"": 5, ""TOMATO"": 2}","{""COW"": 10, ""SHEEP"": 3}",0,61
377,15,17,0,18569.0,6,6,3,"{""STRAWBERRY"": 27, ""WHEAT"": 11, ""MELON"": 10, ""TOMATO"": 2, ""CARROT"": 4}","{""GOOSE"": 12, ""SHEEP"": 4, ""COW"": 4}",0,40
377,15,17,1,15840.0,11,11,3,"{""STRAWBERRY"": 32, ""WHEAT"": 20, ""CARROT"": 5, ""TOMATO"": 2}","{""COW"": 10, ""SHEEP"": 3}",0,61
378,15,18,0,18569.0,6,6,3,"{""STRAWBERRY"": 27, ""WHEAT"": 11, ""MELON"": 10, ""TOMATO"": 2, ""CARROT"": 5}","{""GOOSE"": 12, ""SHEEP"": 4, ""COW"": 4}",0,40
378,15,18,1,15780.0,11,11,3,"{""STRAWBERRY"": 32, ""WHEAT"": 21, ""CARROT"": 6, ""TOMATO"": 2}","{""COW"": 10, ""SHEEP"": 3}",0,61
379,15,19,0,18569.0,6,6,3,"{""STRAWBERRY"": 27, ""WHEAT"": 11, ""MELON"": 10, ""TOMATO"": 2, ""CARROT"": 5}","{""GOOSE"": 12, ""SHEEP"": 4, ""COW"": 4}",0,40
379,15,19,1,15780.0,11,11,3,"{""STRAWBERRY"": 32, ""WHEAT"": 20, ""CARROT"": 6, ""TOMATO"": 2}","{""COW"": 10, ""SHEEP"": 3}",0,61
380,15,20,0,18569.0,6,6,3,"{""STRAWBERRY"": 27, ""WHEAT"": 11, ""MELON"": 10, ""TOMATO"": 2, ""CARROT"": 5}","{""GOOSE"": 12, ""SHEEP"": 4, ""COW"": 4}",0,40
380,15,20,1,15770.0,11,11,3,"{""STRAWBERRY"": 32, ""WHEAT"": 20, ""CARROT"": 7, ""TOMATO"": 2}","{""COW"": 10, ""SHEEP"": 3}",0,61
381,15,21,0,18569.0,6,6,3,"{""STRAWBERRY"": 27, ""WHEAT"": 11, ""MELON"": 10, ""TOMATO"": 2, ""CARROT"": 5}","{""GOOSE"": 12, ""SHEEP"": 4, ""COW"": 4}",0,40
381,15,21,1,15770.0,11,11,3,"{""STRAWBERRY"": 32, ""WHEAT"": 20, ""CARROT"": 7, ""TOMATO"": 2}","{""COW"": 10, ""SHEEP"": 3}",0,61
382,15,22,0,18569.0,6,6,3,"{""STRAWBERRY"": 27, ""WHEAT"": 10, ""MELON"": 10, ""TOMATO"": 2, ""CARROT"": 3}","{""GOOSE"": 12, ""SHEEP"": 4, ""COW"": 4}",0,40
382,15,22,1,15770.0,11,11,3,"{""STRAWBERRY"": 32, ""WHEAT"": 19, ""CARROT"": 7, ""TOMATO"": 2}","{""COW"": 10, ""SHEEP"": 3}",0,61
383,15,23,0,18569.0,6,6,3,"{""STRAWBERRY"": 27, ""WHEAT"": 11, ""MELON"": 10, ""TOMATO"": 2, ""CARROT"": 5}","{""GOOSE"": 12, ""SHEEP"": 4, ""COW"": 4}",0,40
383,15,23,1,18058.0,11,11,3,"{""STRAWBERRY"": 32, ""WHEAT"": 20, ""CARROT"": 7, ""TOMATO"": 2}","{""COW"": 10, ""SHEEP"": 3}",0,47
384,16,0,0,18569.0,0,0,3,"{""STRAWBERRY"": 27, ""WHEAT"": 11, ""MELON"": 10, ""TOMATO"": 2, ""CARROT"": 5}","{""GOOSE"": 12, ""SHEEP"": 4, ""COW"": 3}",0,99
384,16,0,1,18058.0,0,0,3,"{""STRAWBERRY"": 32, ""WHEAT"": 20, ""CARROT"": 7, ""TOMATO"": 2}","{""COW"": 10, ""SHEEP"": 3}",0,100
385,16,1,0,18735.0,8,8,3,"{""STRAWBERRY"": 27, ""WHEAT"": 11, ""MELON"": 10, ""TOMATO"": 2, ""CARROT"": 5}","{""GOOSE"": 12, ""SHEEP"": 4, ""COW"": 3}",0,88
385,16,1,1,18004.0,8,8,3,"{""STRAWBERRY"": 32, ""WHEAT"": 20, ""CARROT"": 7, ""TOMATO"": 2}","{""COW"": 10, ""SHEEP"": 3}",0,100
386,16,2,0,20137.0,8,8,3,"{""STRAWBERRY"": 27, ""WHEAT"": 11, ""MELON"": 10, ""TOMATO"": 2, ""CARROT"": 5}","{""GOOSE"": 12, ""SHEEP"": 4, ""COW"": 3}",0,41
386,16,2,1,17806.0,11,11,3,"{""STRAWBERRY"": 32, ""WHEAT"": 20, ""CARROT"": 7, ""TOMATO"": 2}","{""COW"": 10, ""SHEEP"": 3}",0,93
387,16,3,0,20137.0,8,8,3,"{""STRAWBERRY"": 27, ""WHEAT"": 11, ""MELON"": 10, ""TOMATO"": 2, ""CARROT"": 5}","{""GOOSE"": 12, ""SHEEP"": 4, ""COW"": 3}",0,40
387,16,3,1,19362.0,11,11,3,"{""STRAWBERRY"": 32, ""WHEAT"": 20, ""CARROT"": 7, ""TOMATO"": 2}","{""COW"": 10, ""SHEEP"": 3}",0,79
388,16,4,0,20137.0,8,8,3,"{""STRAWBERRY"": 27, ""WHEAT"": 11, ""MELON"": 10, ""TOMATO"": 2, ""CARROT"": 5}","{""GOOSE"": 12, ""SHEEP"": 4, ""COW"": 3}",0,40
388,16,4,1,19432.0,11,11,3,"{""STRAWBERRY"": 32, ""WHEAT"": 20, ""CARROT"": 7, ""TOMATO"": 2}","{""COW"": 10, ""SHEEP"": 3}",0,77
389,16,5,0,20137.0,8,8,3,"{""STRAWBERRY"": 27, ""WHEAT"": 11, ""MELON"": 10, ""TOMATO"": 2, ""CARROT"": 5}","{""GOOSE"": 12, ""SHEEP"": 4, ""COW"": 3}",0,40
389,16,5,1,19738.0,11,11,3,"{""STRAWBERRY"": 32, ""WHEAT"": 19, ""CARROT"": 7, ""TOMATO"": 2}","{""COW"": 10, ""SHEEP"": 3}",0,68
390,16,6,0,20137.0,8,8,3,"{""STRAWBERRY"": 27, ""WHEAT"": 11, ""MELON"": 10, ""TOMATO"": 2, ""CARROT"": 6}","{""GOOSE"": 12, ""SHEEP"": 4, ""COW"": 3}",0,40
390,16,6,1,20815.0,11,11,3,"{""STRAWBERRY"": 32, ""WHEAT"": 18, ""CARROT"": 7, ""TOMATO"": 2}","{""COW"": 10, ""SHEEP"": 3}",0,63
391,16,7,0,20137.0,8,8,3,"{""STRAWBERRY"": 27, ""WHEAT"": 11, ""MELON"": 10, ""TOMATO"": 2, ""CARROT"": 6}","{""GOOSE"": 12, ""SHEEP"": 4, ""COW"": 3}",0,40
391,16,7,1,20975.0,11,11,3,"{""STRAWBERRY"": 32, ""WHEAT"": 19, ""CARROT"": 8, ""TOMATO"": 2}","{""COW"": 10, ""SHEEP"": 3}",0,61
392,16,8,0,20137.0,8,8,3,"{""STRAWBERRY"": 27, ""WHEAT"": 11, ""MELON"": 10, ""TOMATO"": 2, ""CARROT"": 6}","{""GOOSE"": 12, ""SHEEP"": 4, ""COW"": 3}",0,40
392,16,8,1,20975.0,11,11,3,"{""STRAWBERRY"": 32, ""CARROT"": 8, ""WHEAT"": 18, ""TOMATO"": 2}","{""COW"": 10, ""SHEEP"": 3}",0,61
393,16,9,0,20137.0,8,8,3,"{""STRAWBERRY"": 27, ""WHEAT"": 11, ""MELON"": 10, ""TOMATO"": 2, ""CARROT"": 6}","{""GOOSE"": 12, ""SHEEP"": 4, ""COW"": 3}",0,40
393,16,9,1,20975.0,11,11,3,"{""STRAWBERRY"": 32, ""WHEAT"": 19, ""CARROT"": 8, ""TOMATO"": 2}","{""COW"": 10, ""SHEEP"": 3}",0,61
394,16,10,0,20137.0,8,8,3,"{""STRAWBERRY"": 27, ""WHEAT"": 11, ""MELON"": 10, ""TOMATO"": 2, ""CARROT"": 6}","{""GOOSE"": 12, ""SHEEP"": 4, ""COW"": 3}",0,40
394,16,10,1,21834.0,11,11,3,"{""STRAWBERRY"": 32, ""WHEAT"": 18, ""CARROT"": 8, ""TOMATO"": 2}","{""COW"": 10, ""SHEEP"": 3}",0,57
395,16,11,0,20137.0,8,8,3,"{""STRAWBERRY"": 27, ""WHEAT"": 11, ""MELON"": 10, ""TOMATO"": 2, ""CARROT"": 6}","{""GOOSE"": 12, ""SHEEP"": 4, ""COW"": 3}",0,40
395,16,11,1,22678.0,11,11,3,"{""STRAWBERRY"": 32, ""WHEAT"": 19, ""CARROT"": 8, ""TOMATO"": 2}","{""COW"": 10, ""SHEEP"": 3}",0,53
396,16,12,0,20137.0,8,8,3,"{""STRAWBERRY"": 27, ""WHEAT"": 11, ""MELON"": 10, ""TOMATO"": 2, ""CARROT"": 6}","{""GOOSE"": 12, ""SHEEP"": 4, ""COW"": 3}",0,40
396,16,12,1,22508.0,11,11,3,"{""STRAWBERRY"": 32, ""WHEAT"": 19, ""CARROT"": 8, ""TOMATO"": 2}","{""COW"": 10, ""SHEEP"": 3}",0,53
397,16,13,0,20137.0,8,8,3,"{""STRAWBERRY"": 27, ""WHEAT"": 11, ""MELON"": 10, ""TOMATO"": 2, ""CARROT"": 6}","{""GOOSE"": 12, ""SHEEP"": 4, ""COW"": 3}",0,40
397,16,13,1,22508.0,11,11,3,"{""STRAWBERRY"": 32, ""WHEAT"": 19, ""CARROT"": 8, ""TOMATO"": 2}","{""COW"": 10, ""SHEEP"": 3}",0,59
398,16,14,0,20137.0,8,8,3,"{""STRAWBERRY"": 27, ""WHEAT"": 11, ""MELON"": 10, ""TOMATO"": 2, ""CARROT"": 6}","{""GOOSE"": 12, ""SHEEP"": 4, ""COW"": 3}",0,40
398,16,14,1,22616.0,11,11,3,"{""STRAWBERRY"": 32, ""WHEAT"": 19, ""CARROT"": 8, ""TOMATO"": 2}","{""COW"": 10, ""SHEEP"": 3}",0,64
399,16,15,0,20137.0,8,8,3,"{""STRAWBERRY"": 27, ""WHEAT"": 11, ""MELON"": 10, ""TOMATO"": 2, ""CARROT"": 6}","{""GOOSE"": 12, ""SHEEP"": 4, ""COW"": 3}",0,40
399,16,15,1,25362.0,11,11,3,"{""STRAWBERRY"": 32, ""WHEAT"": 18, ""CARROT"": 8, ""TOMATO"": 2}","{""COW"": 10, ""SHEEP"": 3}",0,51
400,16,16,0,20137.0,8,8,3,"{""STRAWBERRY"": 27, ""WHEAT"": 11, ""MELON"": 10, ""TOMATO"": 2, ""CARROT"": 6}","{""GOOSE"": 12, ""SHEEP"": 4, ""COW"": 3}",0,40
400,16,16,1,25302.0,11,11,3,"{""STRAWBERRY"": 32, ""WHEAT"": 18, ""CARROT"": 9, ""TOMATO"": 2}","{""COW"": 10, ""SHEEP"": 3}",0,51
401,16,17,0,20137.0,8,8,3,"{""STRAWBERRY"": 27, ""WHEAT"": 11, ""MELON"": 10, ""TOMATO"": 2, ""CARROT"": 6}","{""GOOSE"": 12, ""SHEEP"": 4, ""COW"": 3}",0,40
401,16,17,1,25302.0,11,11,3,"{""STRAWBERRY"": 32, ""WHEAT"": 18, ""CARROT"": 9, ""TOMATO"": 2}","{""COW"": 10, ""SHEEP"": 3}",0,51
402,16,18,0,20137.0,8,8,3,"{""STRAWBERRY"": 27, ""WHEAT"": 11, ""MELON"": 10, ""TOMATO"": 2, ""CARROT"": 6}","{""GOOSE"": 12, ""SHEEP"": 4, ""COW"": 3}",0,40
402,16,18,1,25302.0,11,11,3,"{""STRAWBERRY"": 32, ""WHEAT"": 18, ""CARROT"": 9, ""TOMATO"": 2}","{""COW"": 10, ""SHEEP"": 3}",0,51
403,16,19,0,20137.0,8,8,3,"{""STRAWBERRY"": 27, ""WHEAT"": 11, ""MELON"": 10, ""TOMATO"": 2, ""CARROT"": 6}","{""GOOSE"": 12, ""SHEEP"": 4, ""COW"": 3}",0,40
403,16,19,1,25302.0,11,11,3,"{""STRAWBERRY"": 32, ""WHEAT"": 17, ""CARROT"": 9, ""TOMATO"": 2}","{""COW"": 10, ""SHEEP"": 3}",0,51
404,16,20,0,20137.0,8,8,3,"{""STRAWBERRY"": 27, ""WHEAT"": 11, ""MELON"": 10, ""TOMATO"": 2, ""CARROT"": 5}","{""GOOSE"": 12, ""SHEEP"": 4, ""COW"": 3}",0,40
404,16,20,1,25426.0,11,11,3,"{""STRAWBERRY"": 32, ""WHEAT"": 15, ""CARROT"": 10, ""TOMATO"": 2}","{""COW"": 10, ""SHEEP"": 3}",0,47
405,16,21,0,20137.0,8,8,3,"{""STRAWBERRY"": 27, ""WHEAT"": 10, ""MELON"": 10, ""TOMATO"": 2, ""CARROT"": 6}","{""GOOSE"": 12, ""SHEEP"": 4, ""COW"": 3}",0,40
405,16,21,1,25416.0,11,11,3,"{""STRAWBERRY"": 32, ""WHEAT"": 16, ""CARROT"": 11, ""TOMATO"": 2}","{""COW"": 10, ""SHEEP"": 3}",0,47
406,16,22,0,20137.0,8,8,3,"{""STRAWBERRY"": 27, ""WHEAT"": 10, ""MELON"": 10, ""TOMATO"": 2, ""CARROT"": 7}","{""GOOSE"": 12, ""SHEEP"": 4, ""COW"": 3}",0,40
406,16,22,1,25591.0,11,11,3,"{""STRAWBERRY"": 32, ""WHEAT"": 16, ""CARROT"": 11, ""TOMATO"": 2}","{""COW"": 10, ""SHEEP"": 3}",0,45
407,16,23,0,20137.0,8,8,3,"{""STRAWBERRY"": 27, ""WHEAT"": 10, ""MELON"": 10, ""TOMATO"": 2, ""CARROT"": 7}","{""GOOSE"": 12, ""SHEEP"": 4, ""COW"": 3}",0,40
407,16,23,1,25845.0,11,11,3,"{""STRAWBERRY"": 32, ""WHEAT"": 16, ""CARROT"": 11, ""TOMATO"": 2}","{""COW"": 10, ""SHEEP"": 3}",0,38
408,17,0,0,20137.0,0,0,3,"{""STRAWBERRY"": 27, ""WHEAT"": 10, ""MELON"": 10, ""TOMATO"": 2, ""CARROT"": 7}","{""GOOSE"": 12, ""SHEEP"": 4, ""COW"": 3}",0,98
408,17,0,1,25845.0,0,0,3,"{""STRAWBERRY"": 32, ""WHEAT"": 16, ""CARROT"": 11, ""TOMATO"": 2}","{""COW"": 10, ""SHEEP"": 3}",0,100
409,17,1,0,16357.0,2,2,4,"{""STRAWBERRY"": 27, ""WHEAT"": 10, ""MELON"": 10, ""TOMATO"": 2, ""CARROT"": 7}","{""GOOSE"": 12, ""SHEEP"": 4, ""COW"": 3}",0,94
409,17,1,1,25890.0,8,8,3,"{""STRAWBERRY"": 32, ""WHEAT"": 16, ""CARROT"": 11, ""TOMATO"": 2}","{""COW"": 10, ""SHEEP"": 3}",0,95
410,17,2,0,16154.0,11,11,4,"{""STRAWBERRY"": 27, ""WHEAT"": 10, ""MELON"": 10, ""TOMATO"": 2, ""CARROT"": 7}","{""GOOSE"": 12, ""SHEEP"": 4, ""COW"": 3}",0,88
410,17,2,1,25725.0,11,11,3,"{""STRAWBERRY"": 32, ""WHEAT"": 16, ""CARROT"": 11, ""TOMATO"": 2}","{""COW"": 10, ""SHEEP"": 3}",0,77
411,17,3,0,17910.0,11,11,4,"{""STRAWBERRY"": 27, ""WHEAT"": 11, ""MELON"": 10, ""TOMATO"": 2, ""CARROT"": 7}","{""GOOSE"": 12, ""SHEEP"": 4, ""COW"": 3}",0,40
411,17,3,1,26707.0,11,11,3,"{""STRAWBERRY"": 32, ""WHEAT"": 16, ""CARROT"": 11, ""TOMATO"": 2}","{""COW"": 10, ""SHEEP"": 3}",0,68
412,17,4,0,17910.0,11,11,4,"{""STRAWBERRY"": 27, ""WHEAT"": 12, ""MELON"": 10, ""TOMATO"": 2, ""CARROT"": 7}","{""GOOSE"": 12, ""SHEEP"": 4, ""COW"": 3}",0,40
412,17,4,1,26707.0,11,11,3,"{""STRAWBERRY"": 32, ""WHEAT"": 16, ""CARROT"": 11, ""TOMATO"": 2}","{""COW"": 10, ""SHEEP"": 3}",0,68
413,17,5,0,17910.0,11,11,4,"{""STRAWBERRY"": 27, ""WHEAT"": 12, ""MELON"": 10, ""TOMATO"": 2, ""CARROT"": 7}","{""GOOSE"": 12, ""SHEEP"": 4, ""COW"": 3}",0,40
413,17,5,1,26707.0,11,11,3,"{""STRAWBERRY"": 32, ""WHEAT"": 16, ""CARROT"": 11, ""TOMATO"": 2}","{""COW"": 10, ""SHEEP"": 3}",0,68
414,17,6,0,18033.0,11,11,4,"{""STRAWBERRY"": 27, ""WHEAT"": 13, ""MELON"": 10, ""TOMATO"": 3, ""CARROT"": 7}","{""GOOSE"": 12, ""SHEEP"": 4, ""COW"": 3}",0,37
414,17,6,1,26714.0,11,11,3,"{""STRAWBERRY"": 32, ""WHEAT"": 14, ""CARROT"": 11, ""TOMATO"": 2}","{""COW"": 10, ""SHEEP"": 3}",0,67
415,17,7,0,18033.0,11,11,4,"{""STRAWBERRY"": 27, ""WHEAT"": 13, ""MELON"": 10, ""TOMATO"": 4, ""CARROT"": 7}","{""GOOSE"": 12, ""SHEEP"": 4, ""COW"": 3}",0,37
415,17,7,1,26877.0,11,11,3,"{""STRAWBERRY"": 32, ""WHEAT"": 16, ""CARROT"": 11, ""TOMATO"": 2}","{""COW"": 10, ""SHEEP"": 3}",0,62
416,17,8,0,18033.0,11,11,4,"{""STRAWBERRY"": 27, ""WHEAT"": 13, ""MELON"": 10, ""TOMATO"": 5, ""CARROT"": 7}","{""GOOSE"": 12, ""SHEEP"": 4, ""COW"": 3}",0,37
416,17,8,1,26877.0,11,11,3,"{""STRAWBERRY"": 32, ""WHEAT"": 16, ""CARROT"": 11, ""TOMATO"": 2}","{""COW"": 10, ""SHEEP"": 3}",0,62
417,17,9,0,18033.0,11,11,4,"{""STRAWBERRY"": 27, ""WHEAT"": 13, ""MELON"": 10, ""TOMATO"": 5, ""CARROT"": 7}","{""GOOSE"": 12, ""SHEEP"": 4, ""COW"": 3}",0,37
417,17,9,1,26877.0,11,11,3,"{""STRAWBERRY"": 32, ""WHEAT"": 16, ""CARROT"": 11, ""TOMATO"": 2}","{""COW"": 10, ""SHEEP"": 3}",0,62
418,17,10,0,18033.0,11,11,4,"{""STRAWBERRY"": 27, ""WHEAT"": 13, ""MELON"": 10, ""TOMATO"": 6, ""CARROT"": 7}","{""GOOSE"": 12, ""SHEEP"": 4, ""COW"": 3}",0,37
418,17,10,1,27731.0,11,11,3,"{""STRAWBERRY"": 32, ""WHEAT"": 14, ""CARROT"": 11, ""TOMATO"": 2}","{""COW"": 10, ""SHEEP"": 3}",0,57
419,17,11,0,18033.0,11,11,4,"{""STRAWBERRY"": 27, ""WHEAT"": 14, ""MELON"": 10, ""TOMATO"": 7, ""CARROT"": 7}","{""GOOSE"": 12, ""SHEEP"": 4, ""COW"": 3}",0,37
419,17,11,1,28771.0,11,11,3,"{""STRAWBERRY"": 32, ""WHEAT"": 14, ""CARROT"": 11, ""TOMATO"": 2}","{""COW"": 10, ""SHEEP"": 3}",0,52
420,17,12,0,18033.0,11,11,4,"{""STRAWBERRY"": 27, ""WHEAT"": 14, ""MELON"": 10, ""TOMATO"": 7, ""CARROT"": 7}","{""GOOSE"": 12, ""SHEEP"": 4, ""COW"": 3}",0,37
420,17,12,1,29489.0,11,11,3,"{""STRAWBERRY"": 32, ""WHEAT"": 15, ""CARROT"": 11, ""TOMATO"": 3}","{""COW"": 10, ""SHEEP"": 3}",0,46
421,17,13,0,18033.0,11,11,4,"{""STRAWBERRY"": 27, ""WHEAT"": 15, ""MELON"": 10, ""TOMATO"": 7, ""CARROT"": 7}","{""GOOSE"": 12, ""SHEEP"": 4, ""COW"": 3}",0,37
421,17,13,1,29724.0,11,11,3,"{""STRAWBERRY"": 32, ""WHEAT"": 15, ""CARROT"": 11, ""TOMATO"": 3}","{""COW"": 10, ""SHEEP"": 3}",0,44
422,17,14,0,18033.0,11,11,4,"{""STRAWBERRY"": 27, ""WHEAT"": 15, ""MELON"": 10, ""TOMATO"": 9, ""CARROT"": 7}","{""GOOSE"": 12, ""SHEEP"": 4, ""COW"": 3}",0,37
422,17,14,1,30140.0,11,11,3,"{""STRAWBERRY"": 32, ""WHEAT"": 15, ""CARROT"": 11, ""TOMATO"": 3}","{""COW"": 10, ""SHEEP"": 3}",0,42
423,17,15,0,18033.0,11,11,4,"{""STRAWBERRY"": 27, ""WHEAT"": 15, ""MELON"": 10, ""TOMATO"": 9, ""CARROT"": 7}","{""GOOSE"": 12, ""SHEEP"": 4, ""COW"": 3}",0,37
423,17,15,1,30140.0,11,11,3,"{""STRAWBERRY"": 32, ""WHEAT"": 15, ""CARROT"": 11, ""TOMATO"": 3}","{""COW"": 10, ""SHEEP"": 3}",0,42
424,17,16,0,18033.0,11,11,4,"{""STRAWBERRY"": 27, ""WHEAT"": 15, ""MELON"": 10, ""TOMATO"": 9, ""CARROT"": 8}","{""GOOSE"": 12, ""SHEEP"": 4, ""COW"": 3}",0,37
424,17,16,1,30140.0,11,11,3,"{""STRAWBERRY"": 32, ""WHEAT"": 15, ""CARROT"": 10, ""TOMATO"": 3}","{""COW"": 10, ""SHEEP"": 3}",0,42
425,17,17,0,18033.0,11,11,4,"{""STRAWBERRY"": 27, ""WHEAT"": 15, ""MELON"": 10, ""TOMATO"": 11, ""CARROT"": 8}","{""GOOSE"": 12, ""SHEEP"": 4, ""COW"": 3}",0,37
425,17,17,1,30130.0,11,11,3,"{""STRAWBERRY"": 32, ""WHEAT"": 15, ""CARROT"": 11, ""TOMATO"": 3}","{""COW"": 10, ""SHEEP"": 3}",0,42
426,17,18,0,18033.0,11,11,4,"{""STRAWBERRY"": 27, ""WHEAT"": 15, ""MELON"": 10, ""TOMATO"": 11, ""CARROT"": 8}","{""GOOSE"": 12, ""SHEEP"": 4, ""COW"": 3}",0,37
426,17,18,1,31991.0,11,11,3,"{""STRAWBERRY"": 32, ""WHEAT"": 15, ""CARROT"": 11, ""TOMATO"": 3}","{""COW"": 10, ""SHEEP"": 3}",0,42
427,17,19,0,18033.0,11,11,4,"{""STRAWBERRY"": 27, ""WHEAT"": 15, ""MELON"": 11, ""TOMATO"": 11, ""CARROT"": 8}","{""GOOSE"": 12, ""SHEEP"": 4, ""COW"": 3}",0,37
427,17,19,1,32448.0,11,11,3,"{""STRAWBERRY"": 32, ""WHEAT"": 15, ""CARROT"": 9, ""TOMATO"": 3}","{""COW"": 10, ""SHEEP"": 3}",0,39
428,17,20,0,18033.0,11,11,4,"{""STRAWBERRY"": 27, ""WHEAT"": 15, ""MELON"": 12, ""TOMATO"": 12, ""CARROT"": 8}","{""GOOSE"": 12, ""SHEEP"": 4, ""COW"": 3}",0,37
428,17,20,1,32438.0,11,11,3,"{""STRAWBERRY"": 32, ""WHEAT"": 15, ""CARROT"": 11, ""TOMATO"": 3}","{""COW"": 10, ""SHEEP"": 3}",0,39
429,17,21,0,18033.0,11,11,4,"{""STRAWBERRY"": 27, ""WHEAT"": 15, ""MELON"": 12, ""TOMATO"": 12, ""CARROT"": 8}","{""GOOSE"": 12, ""SHEEP"": 4, ""COW"": 3}",0,37
429,17,21,1,32438.0,11,11,3,"{""STRAWBERRY"": 32, ""WHEAT"": 15, ""CARROT"": 11, ""TOMATO"": 3}","{""COW"": 10, ""SHEEP"": 3}",0,39
430,17,22,0,18033.0,11,11,4,"{""STRAWBERRY"": 27, ""WHEAT"": 15, ""MELON"": 12, ""TOMATO"": 12, ""CARROT"": 8}","{""GOOSE"": 12, ""SHEEP"": 4, ""COW"": 3}",0,37
430,17,22,1,32508.0,11,11,3,"{""STRAWBERRY"": 32, ""WHEAT"": 15, ""CARROT"": 10, ""TOMATO"": 3}","{""COW"": 10, ""SHEEP"": 3}",0,37
431,17,23,0,18033.0,11,11,4,"{""STRAWBERRY"": 27, ""WHEAT"": 15, ""MELON"": 12, ""TOMATO"": 15, ""CARROT"": 8}","{""GOOSE"": 12, ""SHEEP"": 4, ""COW"": 3}",0,37
431,17,23,1,33098.0,11,11,3,"{""STRAWBERRY"": 32, ""WHEAT"": 15, ""CARROT"": 11, ""TOMATO"": 3}","{""COW"": 10, ""SHEEP"": 3}",0,34
432,18,0,0,19162.0,0,0,4,"{""STRAWBERRY"": 27, ""WHEAT"": 14, ""MELON"": 12, ""TOMATO"": 15, ""CARROT"": 8}","{""GOOSE"": 12, ""SHEEP"": 4, ""COW"": 3}",0,85
432,18,0,1,33098.0,0,0,3,"{""STRAWBERRY"": 32, ""WHEAT"": 15, ""CARROT"": 11, ""TOMATO"": 3}","{""COW"": 10, ""SHEEP"": 3}",0,94
433,18,1,0,25048.0,4,4,4,"{""STRAWBERRY"": 27, ""WHEAT"": 14, ""MELON"": 12, ""TOMATO"": 15, ""CARROT"": 8}","{""GOOSE"": 12, ""SHEEP"": 4, ""COW"": 3}",0,11
433,18,1,1,33996.0,8,8,3,"{""STRAWBERRY"": 32, ""WHEAT"": 15, ""CARROT"": 11, ""TOMATO"": 3}","{""COW"": 10, ""SHEEP"": 3}",0,85
434,18,2,0,24823.0,11,11,4,"{""STRAWBERRY"": 27, ""WHEAT"": 14, ""MELON"": 12, ""TOMATO"": 15, ""CARROT"": 8}","{""GOOSE"": 12, ""SHEEP"": 4, ""COW"": 3}",0,11
434,18,2,1,33750.0,11,11,3,"{""STRAWBERRY"": 32, ""WHEAT"": 15, ""CARROT"": 11, ""TOMATO"": 3}","{""COW"": 10, ""SHEEP"": 3}",0,73
435,18,3,0,24823.0,11,11,4,"{""STRAWBERRY"": 27, ""WHEAT"": 14, ""MELON"": 12, ""TOMATO"": 15, ""CARROT"": 8}","{""GOOSE"": 12, ""SHEEP"": 4, ""COW"": 3}",0,4
435,18,3,1,34064.0,11,11,3,"{""STRAWBERRY"": 32, ""WHEAT"": 15, ""CARROT"": 11, ""TOMATO"": 3}","{""COW"": 10, ""SHEEP"": 3}",0,70
436,18,4,0,24823.0,11,11,4,"{""STRAWBERRY"": 27, ""WHEAT"": 14, ""MELON"": 12, ""TOMATO"": 15, ""CARROT"": 8}","{""GOOSE"": 12, ""SHEEP"": 4, ""COW"": 3}",0,4
436,18,4,1,34064.0,11,11,3,"{""STRAWBERRY"": 32, ""WHEAT"": 15, ""CARROT"": 11, ""TOMATO"": 3}","{""COW"": 10, ""SHEEP"": 3}",0,70
437,18,5,0,24823.0,11,11,4,"{""STRAWBERRY"": 27, ""WHEAT"": 12, ""MELON"": 12, ""TOMATO"": 15, ""CARROT"": 8}","{""GOOSE"": 12, ""SHEEP"": 4, ""COW"": 3}",0,4
437,18,5,1,34064.0,11,11,3,"{""STRAWBERRY"": 32, ""WHEAT"": 14, ""CARROT"": 11, ""TOMATO"": 3}","{""COW"": 10, ""SHEEP"": 3}",0,70
438,18,6,0,24823.0,11,11,4,"{""STRAWBERRY"": 27, ""WHEAT"": 13, ""MELON"": 12, ""TOMATO"": 15, ""CARROT"": 9}","{""GOOSE"": 12, ""SHEEP"": 4, ""COW"": 3}",0,4
438,18,6,1,34096.0,11,11,3,"{""STRAWBERRY"": 32, ""WHEAT"": 14, ""CARROT"": 11, ""TOMATO"": 3}","{""COW"": 10, ""SHEEP"": 3}",0,68
439,18,7,0,24823.0,11,11,4,"{""STRAWBERRY"": 27, ""WHEAT"": 13, ""MELON"": 12, ""TOMATO"": 15, ""CARROT"": 9}","{""GOOSE"": 12, ""SHEEP"": 4, ""COW"": 3}",0,4
439,18,7,1,34316.0,11,11,3,"{""STRAWBERRY"": 32, ""WHEAT"": 15, ""CARROT"": 11, ""TOMATO"": 3}","{""COW"": 10, ""SHEEP"": 3}",0,61
440,18,8,0,24823.0,11,11,4,"{""STRAWBERRY"": 27, ""WHEAT"": 13, ""MELON"": 12, ""TOMATO"": 15, ""CARROT"": 9}","{""GOOSE"": 12, ""SHEEP"": 4, ""COW"": 3}",0,4
440,18,8,1,34316.0,11,11,3,"{""STRAWBERRY"": 32, ""WHEAT"": 15, ""CARROT"": 11, ""TOMATO"": 3}","{""COW"": 10, ""SHEEP"": 3}",0,61
441,18,9,0,24823.0,11,11,4,"{""STRAWBERRY"": 27, ""WHEAT"": 12, ""MELON"": 12, ""TOMATO"": 15, ""CARROT"": 9}","{""GOOSE"": 12, ""SHEEP"": 4, ""COW"": 3}",0,4
441,18,9,1,34316.0,11,11,3,"{""STRAWBERRY"": 32, ""WHEAT"": 15, ""CARROT"": 10, ""TOMATO"": 3}","{""COW"": 10, ""SHEEP"": 3}",0,61
442,18,10,0,24823.0,11,11,4,"{""STRAWBERRY"": 27, ""WHEAT"": 12, ""MELON"": 12, ""TOMATO"": 15, ""CARROT"": 9}","{""GOOSE"": 12, ""SHEEP"": 4, ""COW"": 3}",0,4
442,18,10,1,34331.0,11,11,3,"{""STRAWBERRY"": 32, ""WHEAT"": 15, ""CARROT"": 11, ""TOMATO"": 3}","{""COW"": 10, ""SHEEP"": 3}",0,60
443,18,11,0,24823.0,11,11,4,"{""STRAWBERRY"": 27, ""WHEAT"": 12, ""MELON"": 12, ""TOMATO"": 15, ""CARROT"": 8}","{""GOOSE"": 12, ""SHEEP"": 4, ""COW"": 3}",0,4
443,18,11,1,34344.0,11,11,3,"{""STRAWBERRY"": 32, ""WHEAT"": 14, ""CARROT"": 11, ""TOMATO"": 3}","{""COW"": 10, ""SHEEP"": 3}",0,59
444,18,12,0,24823.0,11,11,4,"{""STRAWBERRY"": 27, ""WHEAT"": 13, ""MELON"": 12, ""TOMATO"": 15, ""CARROT"": 9}","{""GOOSE"": 12, ""SHEEP"": 4, ""COW"": 3}",0,4
444,18,12,1,34505.0,11,11,3,"{""STRAWBERRY"": 32, ""WHEAT"": 15, ""CARROT"": 11, ""TOMATO"": 3}","{""COW"": 10, ""SHEEP"": 3}",0,54
445,18,13,0,24823.0,11,11,4,"{""STRAWBERRY"": 27, ""WHEAT"": 13, ""MELON"": 12, ""TOMATO"": 15, ""CARROT"": 9}","{""GOOSE"": 12, ""SHEEP"": 4, ""COW"": 3}",0,4
445,18,13,1,34505.0,11,11,3,"{""STRAWBERRY"": 32, ""WHEAT"": 15, ""CARROT"": 11, ""TOMATO"": 3}","{""COW"": 10, ""SHEEP"": 3}",0,54
446,18,14,0,24823.0,11,11,4,"{""STRAWBERRY"": 27, ""WHEAT"": 13, ""MELON"": 12, ""TOMATO"": 15, ""CARROT"": 9}","{""GOOSE"": 12, ""SHEEP"": 4, ""COW"": 3}",0,4
446,18,14,1,35933.0,11,11,3,"{""STRAWBERRY"": 32, ""WHEAT"": 15, ""CARROT"": 11, ""TOMATO"": 3}","{""COW"": 10, ""SHEEP"": 3}",0,46
447,18,15,0,24823.0,11,11,4,"{""STRAWBERRY"": 27, ""WHEAT"": 13, ""MELON"": 12, ""TOMATO"": 15, ""CARROT"": 9}","{""GOOSE"": 12, ""SHEEP"": 4, ""COW"": 3}",0,4
447,18,15,1,35933.0,11,11,3,"{""STRAWBERRY"": 32, ""WHEAT"": 15, ""CARROT"": 11, ""TOMATO"": 3}","{""COW"": 10, ""SHEEP"": 3}",0,50
448,18,16,0,24823.0,11,11,4,"{""STRAWBERRY"": 27, ""MELON"": 12, ""TOMATO"": 15, ""CARROT"": 8, ""WHEAT"": 12}","{""GOOSE"": 12, ""SHEEP"": 4, ""COW"": 3}",0,4
448,18,16,1,36731.0,11,11,3,"{""STRAWBERRY"": 32, ""WHEAT"": 15, ""TOMATO"": 3, ""CARROT"": 9}","{""COW"": 10, ""SHEEP"": 3}",0,46
449,18,17,0,24823.0,11,11,4,"{""STRAWBERRY"": 27, ""CARROT"": 8, ""MELON"": 12, ""TOMATO"": 15, ""WHEAT"": 13}","{""GOOSE"": 12, ""SHEEP"": 4, ""COW"": 3}",0,4
449,18,17,1,36721.0,11,11,3,"{""STRAWBERRY"": 32, ""WHEAT"": 14, ""CARROT"": 10, ""TOMATO"": 3}","{""COW"": 10, ""SHEEP"": 3}",0,46
450,18,18,0,24823.0,11,11,4,"{""STRAWBERRY"": 27, ""CARROT"": 8, ""MELON"": 12, ""TOMATO"": 15, ""WHEAT"": 14}","{""GOOSE"": 12, ""SHEEP"": 4, ""COW"": 3}",0,4
450,18,18,1,36711.0,11,11,3,"{""STRAWBERRY"": 32, ""TOMATO"": 4, ""WHEAT"": 14, ""CARROT"": 11}","{""COW"": 10, ""SHEEP"": 3}",0,46
451,18,19,0,24823.0,11,11,4,"{""STRAWBERRY"": 27, ""CARROT"": 9, ""MELON"": 12, ""TOMATO"": 15, ""WHEAT"": 14}","{""GOOSE"": 12, ""SHEEP"": 4, ""COW"": 3}",0,4
451,18,19,1,36711.0,11,11,3,"{""STRAWBERRY"": 32, ""TOMATO"": 4, ""WHEAT"": 14, ""CARROT"": 11}","{""COW"": 10, ""SHEEP"": 3}",0,46
452,18,20,0,24823.0,11,11,4,"{""STRAWBERRY"": 27, ""CARROT"": 9, ""MELON"": 12, ""TOMATO"": 15, ""WHEAT"": 13}","{""GOOSE"": 12, ""SHEEP"": 4, ""COW"": 3}",0,4
452,18,20,1,36711.0,11,11,3,"{""STRAWBERRY"": 32, ""TOMATO"": 4, ""WHEAT"": 14, ""CARROT"": 10}","{""COW"": 10, ""SHEEP"": 3}",0,53
453,18,21,0,24823.0,11,11,4,"{""STRAWBERRY"": 27, ""CARROT"": 10, ""MELON"": 12, ""TOMATO"": 15, ""WHEAT"": 14}","{""GOOSE"": 12, ""SHEEP"": 4, ""COW"": 3}",0,4
453,18,21,1,38092.0,11,11,3,"{""STRAWBERRY"": 31, ""TOMATO"": 4, ""WHEAT"": 14, ""CARROT"": 11}","{""COW"": 10, ""SHEEP"": 3}",0,46
454,18,22,0,24823.0,11,11,4,"{""STRAWBERRY"": 27, ""CARROT"": 10, ""MELON"": 12, ""TOMATO"": 15, ""WHEAT"": 14}","{""GOOSE"": 12, ""SHEEP"": 4, ""COW"": 3}",0,4
454,18,22,1,38238.0,11,11,3,"{""TOMATO"": 5, ""STRAWBERRY"": 31, ""WHEAT"": 14, ""CARROT"": 10}","{""COW"": 10, ""SHEEP"": 3}",0,50
455,18,23,0,24823.0,11,11,4,"{""STRAWBERRY"": 27, ""CARROT"": 10, ""MELON"": 12, ""TOMATO"": 15, ""WHEAT"": 14}","{""GOOSE"": 12, ""SHEEP"": 4, ""COW"": 3}",0,4
455,18,23,1,39582.0,11,11,3,"{""TOMATO"": 5, ""STRAWBERRY"": 31, ""WHEAT"": 14, ""CARROT"": 11}","{""COW"": 10, ""SHEEP"": 3}",0,33
456,19,0,0,24823.0,0,0,4,"{""STRAWBERRY"": 27, ""CARROT"": 9, ""MELON"": 12, ""TOMATO"": 15, ""WHEAT"": 14}","{""GOOSE"": 12, ""SHEEP"": 3, ""COW"": 3}",0,97
456,19,0,1,39582.0,0,0,3,"{""TOMATO"": 5, ""STRAWBERRY"": 31, ""WHEAT"": 14, ""CARROT"": 11}","{""COW"": 10, ""SHEEP"": 3}",0,95
457,19,1,0,29339.0,2,2,4,"{""STRAWBERRY"": 27, ""CARROT"": 9, ""MELON"": 12, ""TOMATO"": 15, ""WHEAT"": 14}","{""GOOSE"": 12, ""SHEEP"": 3, ""COW"": 3}",0,40
457,19,1,1,40442.0,8,8,3,"{""TOMATO"": 5, ""STRAWBERRY"": 31, ""WHEAT"": 14, ""CARROT"": 11}","{""COW"": 10, ""SHEEP"": 3}",0,86
458,19,2,0,29109.0,11,11,4,"{""STRAWBERRY"": 27, ""CARROT"": 9, ""MELON"": 12, ""TOMATO"": 15, ""WHEAT"": 14}","{""GOOSE"": 12, ""SHEEP"": 3, ""COW"": 3}",0,40
458,19,2,1,40090.0,11,11,3,"{""TOMATO"": 5, ""STRAWBERRY"": 31, ""WHEAT"": 14, ""CARROT"": 11}","{""COW"": 10, ""SHEEP"": 3}",0,72
459,19,3,0,29109.0,11,11,4,"{""STRAWBERRY"": 27, ""CARROT"": 9, ""MELON"": 12, ""TOMATO"": 15, ""WHEAT"": 14}","{""GOOSE"": 12, ""SHEEP"": 3, ""COW"": 3}",0,26
459,19,3,1,40090.0,11,11,3,"{""TOMATO"": 5, ""STRAWBERRY"": 31, ""WHEAT"": 14, ""CARROT"": 11}","{""COW"": 10, ""SHEEP"": 3}",0,72
460,19,4,0,29109.0,11,11,4,"{""STRAWBERRY"": 27, ""CARROT"": 9, ""MELON"": 11, ""TOMATO"": 15, ""WHEAT"": 15}","{""GOOSE"": 12, ""SHEEP"": 3, ""COW"": 3}",0,26
460,19,4,1,40090.0,11,11,3,"{""TOMATO"": 5, ""STRAWBERRY"": 31, ""WHEAT"": 14, ""CARROT"": 11}","{""COW"": 10, ""SHEEP"": 3}",0,72
461,19,5,0,29109.0,11,11,4,"{""STRAWBERRY"": 27, ""CARROT"": 9, ""MELON"": 10, ""TOMATO"": 15, ""WHEAT"": 15}","{""GOOSE"": 12, ""SHEEP"": 3, ""COW"": 3}",0,26
461,19,5,1,40090.0,11,11,3,"{""TOMATO"": 5, ""STRAWBERRY"": 31, ""WHEAT"": 13, ""CARROT"": 11}","{""COW"": 10, ""SHEEP"": 3}",0,72
462,19,6,0,29109.0,11,11,4,"{""STRAWBERRY"": 27, ""CARROT"": 9, ""MELON"": 10, ""TOMATO"": 15, ""WHEAT"": 16}","{""GOOSE"": 12, ""SHEEP"": 3, ""COW"": 3}",0,26
462,19,6,1,40136.0,11,11,3,"{""TOMATO"": 5, ""STRAWBERRY"": 31, ""WHEAT"": 13, ""CARROT"": 11}","{""COW"": 10, ""SHEEP"": 3}",0,70
463,19,7,0,29109.0,11,11,4,"{""STRAWBERRY"": 27, ""CARROT"": 9, ""MELON"": 10, ""TOMATO"": 15, ""WHEAT"": 15}","{""GOOSE"": 12, ""SHEEP"": 3, ""COW"": 3}",0,26
463,19,7,1,40265.0,11,11,3,"{""TOMATO"": 5, ""STRAWBERRY"": 31, ""WHEAT"": 14, ""CARROT"": 10}","{""COW"": 10, ""SHEEP"": 3}",0,66
464,19,8,0,29109.0,11,11,4,"{""STRAWBERRY"": 27, ""CARROT"": 8, ""MELON"": 9, ""TOMATO"": 15, ""WHEAT"": 15}","{""GOOSE"": 12, ""SHEEP"": 3, ""COW"": 3}",0,26
464,19,8,1,40265.0,11,11,3,"{""TOMATO"": 5, ""STRAWBERRY"": 31, ""WHEAT"": 14, ""CARROT"": 11}","{""COW"": 10, ""SHEEP"": 3}",0,66
465,19,9,0,29109.0,11,11,4,"{""STRAWBERRY"": 28, ""CARROT"": 8, ""MELON"": 9, ""TOMATO"": 15, ""WHEAT"": 16}","{""GOOSE"": 12, ""SHEEP"": 3, ""COW"": 3}",0,26
465,19,9,1,40657.0,11,11,3,"{""TOMATO"": 5, ""STRAWBERRY"": 31, ""WHEAT"": 14, ""CARROT"": 11}","{""COW"": 10, ""SHEEP"": 3}",0,64
466,19,10,0,29109.0,11,11,4,"{""STRAWBERRY"": 28, ""CARROT"": 7, ""MELON"": 9, ""TOMATO"": 15, ""WHEAT"": 16}","{""GOOSE"": 12, ""SHEEP"": 3, ""COW"": 3}",0,26
466,19,10,1,41258.0,11,11,3,"{""TOMATO"": 5, ""STRAWBERRY"": 31, ""WHEAT"": 13, ""CARROT"": 11}","{""COW"": 10, ""SHEEP"": 3}",0,60
467,19,11,0,29109.0,11,11,4,"{""STRAWBERRY"": 28, ""CARROT"": 7, ""MELON"": 8, ""TOMATO"": 15, ""WHEAT"": 16}","{""GOOSE"": 12, ""SHEEP"": 3, ""COW"": 3}",0,26
467,19,11,1,42038.0,11,11,3,"{""TOMATO"": 5, ""STRAWBERRY"": 31, ""WHEAT"": 14, ""CARROT"": 11}","{""COW"": 10, ""SHEEP"": 3}",0,55
468,19,12,0,29109.0,11,11,4,"{""STRAWBERRY"": 29, ""CARROT"": 7, ""MELON"": 8, ""TOMATO"": 15, ""WHEAT"": 16}","{""GOOSE"": 12, ""SHEEP"": 3, ""COW"": 3}",0,26
468,19,12,1,42782.0,11,11,3,"{""TOMATO"": 5, ""STRAWBERRY"": 30, ""WHEAT"": 14, ""CARROT"": 11}","{""COW"": 10, ""SHEEP"": 3}",0,51
469,19,13,0,29109.0,11,11,4,"{""STRAWBERRY"": 29, ""CARROT"": 7, ""MELON"": 8, ""TOMATO"": 15, ""WHEAT"": 16}","{""GOOSE"": 12, ""SHEEP"": 3, ""COW"": 3}",0,26
469,19,13,1,43360.0,11,11,3,"{""TOMATO"": 5, ""STRAWBERRY"": 30, ""WHEAT"": 14, ""CARROT"": 12}","{""COW"": 10, ""SHEEP"": 3}",0,47
470,19,14,0,29109.0,11,11,4,"{""STRAWBERRY"": 29, ""CARROT"": 7, ""MELON"": 7, ""TOMATO"": 15, ""WHEAT"": 16}","{""GOOSE"": 12, ""SHEEP"": 3, ""COW"": 3}",0,26
470,19,14,1,43753.0,11,11,3,"{""TOMATO"": 5, ""STRAWBERRY"": 30, ""WHEAT"": 14, ""CARROT"": 12}","{""COW"": 10, ""SHEEP"": 3}",0,44
471,19,15,0,29109.0,11,11,4,"{""STRAWBERRY"": 30, ""CARROT"": 7, ""MELON"": 7, ""TOMATO"": 15, ""WHEAT"": 16}","{""GOOSE"": 12, ""SHEEP"": 3, ""COW"": 3}",0,26
471,19,15,1,43753.0,11,11,3,"{""TOMATO"": 5, ""STRAWBERRY"": 29, ""CARROT"": 11, ""WHEAT"": 12}","{""COW"": 10, ""SHEEP"": 3}",0,44
472,19,16,0,29109.0,11,11,4,"{""STRAWBERRY"": 30, ""CARROT"": 7, ""MELON"": 7, ""TOMATO"": 15, ""WHEAT"": 16}","{""GOOSE"": 12, ""SHEEP"": 3, ""COW"": 3}",0,26
472,19,16,1,43743.0,11,11,3,"{""TOMATO"": 5, ""STRAWBERRY"": 30, ""CARROT"": 14, ""WHEAT"": 12}","{""COW"": 10, ""SHEEP"": 3}",0,44
473,19,17,0,29109.0,11,11,4,"{""STRAWBERRY"": 30, ""CARROT"": 7, ""MELON"": 7, ""TOMATO"": 15, ""WHEAT"": 16}","{""GOOSE"": 12, ""SHEEP"": 3, ""COW"": 3}",0,26
473,19,17,1,43613.0,11,11,3,"{""TOMATO"": 5, ""STRAWBERRY"": 30, ""CARROT"": 14, ""WHEAT"": 12}","{""COW"": 10, ""SHEEP"": 3}",0,44
474,19,18,0,29109.0,11,11,4,"{""STRAWBERRY"": 30, ""CARROT"": 7, ""MELON"": 7, ""TOMATO"": 15, ""WHEAT"": 16}","{""GOOSE"": 12, ""SHEEP"": 3, ""COW"": 3}",0,26
474,19,18,1,43613.0,11,11,3,"{""TOMATO"": 5, ""STRAWBERRY"": 30, ""CARROT"": 14, ""WHEAT"": 12}","{""COW"": 10, ""SHEEP"": 3}",0,44
475,19,19,0,29109.0,11,11,4,"{""STRAWBERRY"": 30, ""CARROT"": 7, ""MELON"": 7, ""TOMATO"": 15, ""WHEAT"": 14}","{""GOOSE"": 12, ""SHEEP"": 3, ""COW"": 3}",0,26
475,19,19,1,43613.0,11,11,3,"{""TOMATO"": 5, ""STRAWBERRY"": 30, ""CARROT"": 14, ""WHEAT"": 12}","{""COW"": 10, ""SHEEP"": 3}",0,51
476,19,20,0,29109.0,11,11,4,"{""STRAWBERRY"": 31, ""CARROT"": 7, ""TOMATO"": 15, ""MELON"": 5, ""WHEAT"": 14}","{""GOOSE"": 12, ""SHEEP"": 3, ""COW"": 3}",0,26
476,19,20,1,43613.0,11,11,3,"{""TOMATO"": 5, ""STRAWBERRY"": 30, ""CARROT"": 14, ""WHEAT"": 11}","{""COW"": 10, ""SHEEP"": 3}",0,51
477,19,21,0,29109.0,11,11,4,"{""STRAWBERRY"": 31, ""CARROT"": 7, ""TOMATO"": 15, ""MELON"": 5, ""WHEAT"": 15}","{""GOOSE"": 12, ""SHEEP"": 3, ""COW"": 3}",0,26
477,19,21,1,43603.0,11,11,3,"{""TOMATO"": 5, ""STRAWBERRY"": 30, ""CARROT"": 15, ""WHEAT"": 11}","{""COW"": 10, ""SHEEP"": 3}",0,51
478,19,22,0,29109.0,11,11,4,"{""STRAWBERRY"": 31, ""CARROT"": 7, ""TOMATO"": 15, ""MELON"": 5, ""WHEAT"": 15}","{""GOOSE"": 12, ""SHEEP"": 3, ""COW"": 3}",0,26
478,19,22,1,43851.0,11,11,3,"{""TOMATO"": 5, ""STRAWBERRY"": 30, ""CARROT"": 15, ""WHEAT"": 11}","{""COW"": 10, ""SHEEP"": 3}",0,48
479,19,23,0,29109.0,11,11,4,"{""STRAWBERRY"": 31, ""CARROT"": 8, ""TOMATO"": 15, ""MELON"": 5, ""WHEAT"": 15}","{""GOOSE"": 12, ""SHEEP"": 3, ""COW"": 3}",0,26
479,19,23,1,44682.0,11,11,3,"{""TOMATO"": 5, ""STRAWBERRY"": 30, ""CARROT"": 15, ""WHEAT"": 11}","{""COW"": 10, ""SHEEP"": 3}",0,27
480,20,0,0,31302.0,0,0,4,"{""STRAWBERRY"": 31, ""CARROT"": 8, ""TOMATO"": 15, ""MELON"": 5, ""WHEAT"": 15}","{""GOOSE"": 12, ""SHEEP"": 2, ""COW"": 3}",0,100
480,20,0,1,44682.0,0,0,3,"{""TOMATO"": 5, ""STRAWBERRY"": 30, ""CARROT"": 15, ""WHEAT"": 11}","{""COW"": 9, ""SHEEP"": 3}",0,71
481,20,1,0,32665.0,6,6,4,"{""STRAWBERRY"": 31, ""CARROT"": 8, ""TOMATO"": 15, ""MELON"": 5, ""WHEAT"": 15}","{""GOOSE"": 12, ""SHEEP"": 2, ""COW"": 3}",0,93
481,20,1,1,45427.0,8,8,3,"{""TOMATO"": 5, ""STRAWBERRY"": 30, ""CARROT"": 15, ""WHEAT"": 11}","{""COW"": 9, ""SHEEP"": 3}",0,66
482,20,2,0,33993.0,11,11,4,"{""STRAWBERRY"": 31, ""CARROT"": 8, ""TOMATO"": 15, ""MELON"": 5, ""WHEAT"": 15}","{""GOOSE"": 12, ""SHEEP"": 2, ""COW"": 3}",0,60
482,20,2,1,45316.0,11,11,3,"{""TOMATO"": 5, ""STRAWBERRY"": 30, ""CARROT"": 15, ""WHEAT"": 11}","{""COW"": 9, ""SHEEP"": 3}",0,60
483,20,3,0,34169.0,11,11,4,"{""STRAWBERRY"": 31, ""CARROT"": 8, ""TOMATO"": 15, ""MELON"": 5, ""WHEAT"": 15}","{""GOOSE"": 12, ""SHEEP"": 2, ""COW"": 3}",0,43
483,20,3,1,45592.0,11,11,3,"{""TOMATO"": 5, ""STRAWBERRY"": 30, ""CARROT"": 15, ""WHEAT"": 11}","{""COW"": 9, ""SHEEP"": 3}",0,57
484,20,4,0,34169.0,11,11,4,"{""STRAWBERRY"": 31, ""CARROT"": 8, ""TOMATO"": 15, ""MELON"": 5, ""WHEAT"": 15}","{""GOOSE"": 12, ""SHEEP"": 2, ""COW"": 3}",0,40
484,20,4,1,45592.0,11,11,3,"{""TOMATO"": 5, ""STRAWBERRY"": 30, ""CARROT"": 15, ""WHEAT"": 11}","{""COW"": 9, ""SHEEP"": 3}",0,57
485,20,5,0,34169.0,11,11,4,"{""STRAWBERRY"": 31, ""CARROT"": 8, ""TOMATO"": 15, ""MELON"": 5, ""WHEAT"": 16}","{""GOOSE"": 12, ""SHEEP"": 2, ""COW"": 3}",0,40
485,20,5,1,45592.0,11,11,3,"{""TOMATO"": 5, ""STRAWBERRY"": 30, ""CARROT"": 15, ""WHEAT"": 11}","{""COW"": 9, ""SHEEP"": 3}",0,57
486,20,6,0,34169.0,11,11,4,"{""STRAWBERRY"": 31, ""CARROT"": 8, ""TOMATO"": 15, ""MELON"": 5, ""WHEAT"": 16}","{""GOOSE"": 12, ""SHEEP"": 2, ""COW"": 3}",0,40
486,20,6,1,45609.0,11,11,3,"{""TOMATO"": 5, ""STRAWBERRY"": 30, ""CARROT"": 15, ""WHEAT"": 9}","{""COW"": 9, ""SHEEP"": 3}",0,56
487,20,7,0,34169.0,11,11,4,"{""STRAWBERRY"": 31, ""CARROT"": 8, ""TOMATO"": 15, ""WHEAT"": 17, ""MELON"": 3}","{""GOOSE"": 12, ""SHEEP"": 2, ""COW"": 3}",0,40
487,20,7,1,45735.0,11,11,3,"{""TOMATO"": 5, ""STRAWBERRY"": 30, ""CARROT"": 15, ""WHEAT"": 11}","{""COW"": 9, ""SHEEP"": 3}",0,52
488,20,8,0,34169.0,11,11,4,"{""STRAWBERRY"": 31, ""CARROT"": 9, ""TOMATO"": 15, ""WHEAT"": 17, ""MELON"": 3}","{""GOOSE"": 12, ""SHEEP"": 2, ""COW"": 3}",0,40
488,20,8,1,45735.0,11,11,3,"{""TOMATO"": 5, ""STRAWBERRY"": 30, ""CARROT"": 15, ""WHEAT"": 11}","{""COW"": 9, ""SHEEP"": 3}",0,52
489,20,9,0,34169.0,11,11,4,"{""STRAWBERRY"": 31, ""CARROT"": 9, ""TOMATO"": 15, ""WHEAT"": 18, ""MELON"": 3}","{""GOOSE"": 12, ""SHEEP"": 2, ""COW"": 3}",0,40
489,20,9,1,45735.0,11,11,3,"{""TOMATO"": 5, ""STRAWBERRY"": 30, ""CARROT"": 15, ""WHEAT"": 10}","{""COW"": 9, ""SHEEP"": 3}",0,52
490,20,10,0,34169.0,11,11,4,"{""STRAWBERRY"": 31, ""CARROT"": 9, ""TOMATO"": 15, ""WHEAT"": 18, ""MELON"": 3}","{""GOOSE"": 12, ""SHEEP"": 2, ""COW"": 3}",0,40
490,20,10,1,45744.0,11,11,3,"{""TOMATO"": 5, ""STRAWBERRY"": 31, ""CARROT"": 15, ""WHEAT"": 9}","{""COW"": 9, ""SHEEP"": 3}",0,51
491,20,11,0,34169.0,11,11,4,"{""STRAWBERRY"": 31, ""CARROT"": 9, ""TOMATO"": 15, ""WHEAT"": 18, ""MELON"": 3}","{""GOOSE"": 12, ""SHEEP"": 2, ""COW"": 3}",0,40
491,20,11,1,45734.0,11,11,3,"{""TOMATO"": 5, ""STRAWBERRY"": 31, ""CARROT"": 16, ""WHEAT"": 8}","{""COW"": 9, ""SHEEP"": 3}",0,51
492,20,12,0,34169.0,11,11,4,"{""STRAWBERRY"": 30, ""CARROT"": 9, ""TOMATO"": 15, ""WHEAT"": 18, ""MELON"": 3}","{""GOOSE"": 12, ""SHEEP"": 2, ""COW"": 3}",0,40
492,20,12,1,45826.0,11,11,3,"{""TOMATO"": 5, ""STRAWBERRY"": 30, ""CARROT"": 16, ""WHEAT"": 9}","{""COW"": 9, ""SHEEP"": 3}",0,48
493,20,13,0,34169.0,11,11,4,"{""STRAWBERRY"": 30, ""CARROT"": 9, ""TOMATO"": 15, ""WHEAT"": 18, ""MELON"": 3}","{""GOOSE"": 12, ""SHEEP"": 2, ""COW"": 3}",0,40
493,20,13,1,45696.0,11,11,3,"{""TOMATO"": 5, ""STRAWBERRY"": 30, ""CARROT"": 17, ""WHEAT"": 9}","{""COW"": 9, ""SHEEP"": 3}",0,54
494,20,14,0,34169.0,11,11,4,"{""STRAWBERRY"": 30, ""CARROT"": 9, ""TOMATO"": 15, ""WHEAT"": 18, ""MELON"": 3}","{""GOOSE"": 12, ""SHEEP"": 2, ""COW"": 3}",0,40
494,20,14,1,45737.0,11,11,3,"{""TOMATO"": 5, ""STRAWBERRY"": 30, ""CARROT"": 17, ""WHEAT"": 9}","{""COW"": 9, ""SHEEP"": 3}",0,52
495,20,15,0,34169.0,11,11,4,"{""STRAWBERRY"": 30, ""CARROT"": 9, ""TOMATO"": 15, ""WHEAT"": 17, ""MELON"": 3}","{""GOOSE"": 12, ""SHEEP"": 2, ""COW"": 3}",0,40
495,20,15,1,45737.0,11,11,3,"{""TOMATO"": 5, ""STRAWBERRY"": 30, ""CARROT"": 16, ""WHEAT"": 9}","{""COW"": 9, ""SHEEP"": 3}",0,52
496,20,16,0,34169.0,11,11,4,"{""STRAWBERRY"": 30, ""CARROT"": 8, ""TOMATO"": 15, ""WHEAT"": 17, ""MELON"": 3}","{""GOOSE"": 12, ""SHEEP"": 2, ""COW"": 3}",0,40
496,20,16,1,45727.0,11,11,3,"{""TOMATO"": 5, ""STRAWBERRY"": 29, ""CARROT"": 15, ""WHEAT"": 9}","{""COW"": 9, ""SHEEP"": 3}",0,52
497,20,17,0,34169.0,11,11,4,"{""STRAWBERRY"": 30, ""CARROT"": 8, ""TOMATO"": 15, ""WHEAT"": 17, ""MELON"": 2}","{""GOOSE"": 12, ""SHEEP"": 2, ""COW"": 3}",0,40
497,20,17,1,45717.0,11,11,3,"{""TOMATO"": 5, ""STRAWBERRY"": 29, ""CARROT"": 17, ""WHEAT"": 9}","{""COW"": 9, ""SHEEP"": 3}",0,52
498,20,18,0,34169.0,11,11,4,"{""STRAWBERRY"": 30, ""CARROT"": 7, ""TOMATO"": 15, ""WHEAT"": 17, ""MELON"": 2}","{""GOOSE"": 12, ""SHEEP"": 2, ""COW"": 3}",0,40
498,20,18,1,45707.0,11,11,3,"{""TOMATO"": 5, ""STRAWBERRY"": 28, ""CARROT"": 18, ""WHEAT"": 9}","{""COW"": 9, ""SHEEP"": 3}",0,52
499,20,19,0,34169.0,11,11,4,"{""STRAWBERRY"": 30, ""CARROT"": 8, ""TOMATO"": 15, ""WHEAT"": 17, ""MELON"": 2}","{""GOOSE"": 12, ""SHEEP"": 2, ""COW"": 3}",0,40
499,20,19,1,45697.0,11,11,3,"{""TOMATO"": 5, ""STRAWBERRY"": 28, ""CARROT"": 19, ""WHEAT"": 9}","{""COW"": 9, ""SHEEP"": 3}",0,61
500,20,20,0,34169.0,11,11,4,"{""STRAWBERRY"": 30, ""CARROT"": 8, ""TOMATO"": 15, ""WHEAT"": 17, ""MELON"": 2}","{""GOOSE"": 12, ""SHEEP"": 2, ""COW"": 3}",0,40
500,20,20,1,45738.0,11,11,3,"{""TOMATO"": 5, ""STRAWBERRY"": 28, ""CARROT"": 18, ""WHEAT"": 9}","{""COW"": 9, ""SHEEP"": 3}",0,60
501,20,21,0,34169.0,11,11,4,"{""STRAWBERRY"": 30, ""CARROT"": 8, ""TOMATO"": 15, ""WHEAT"": 16, ""MELON"": 2}","{""GOOSE"": 12, ""SHEEP"": 2, ""COW"": 3}",0,40
501,20,21,1,45738.0,11,11,3,"{""TOMATO"": 5, ""STRAWBERRY"": 28, ""CARROT"": 18, ""WHEAT"": 9}","{""COW"": 9, ""SHEEP"": 3}",0,60
502,20,22,0,34169.0,11,11,4,"{""STRAWBERRY"": 30, ""CARROT"": 7, ""TOMATO"": 15, ""WHEAT"": 16, ""MELON"": 2}","{""GOOSE"": 12, ""SHEEP"": 2, ""COW"": 3}",0,40
502,20,22,1,47473.0,11,11,3,"{""TOMATO"": 5, ""STRAWBERRY"": 28, ""CARROT"": 18, ""WHEAT"": 9}","{""COW"": 9, ""SHEEP"": 3}",0,42
503,20,23,0,34169.0,11,11,4,"{""STRAWBERRY"": 30, ""CARROT"": 7, ""TOMATO"": 15, ""WHEAT"": 17, ""MELON"": 2}","{""GOOSE"": 12, ""SHEEP"": 2, ""COW"": 3}",0,40
503,20,23,1,47543.0,11,11,3,"{""TOMATO"": 5, ""STRAWBERRY"": 28, ""CARROT"": 19, ""WHEAT"": 9}","{""COW"": 9, ""SHEEP"": 3}",0,40
504,21,0,0,36298.0,0,0,4,"{""STRAWBERRY"": 30, ""CARROT"": 7, ""TOMATO"": 15, ""WHEAT"": 17, ""MELON"": 2}","{""GOOSE"": 12, ""SHEEP"": 2, ""COW"": 3}",0,100
504,21,0,1,48219.0,0,0,3,"{""TOMATO"": 5, ""STRAWBERRY"": 28, ""CARROT"": 19, ""WHEAT"": 9}","{""COW"": 9, ""SHEEP"": 3}",0,96
505,21,1,0,36174.0,6,6,4,"{""STRAWBERRY"": 30, ""CARROT"": 7, ""TOMATO"": 15, ""WHEAT"": 17, ""MELON"": 2}","{""GOOSE"": 12, ""SHEEP"": 2, ""COW"": 3}",0,100
505,21,1,1,48165.0,8,8,3,"{""TOMATO"": 5, ""STRAWBERRY"": 27, ""CARROT"": 19, ""WHEAT"": 9}","{""COW"": 9, ""SHEEP"": 3}",1,94
506,21,2,0,39919.0,12,12,4,"{""STRAWBERRY"": 30, ""CARROT"": 7, ""TOMATO"": 15, ""WHEAT"": 17, ""MELON"": 2}","{""GOOSE"": 12, ""SHEEP"": 2, ""COW"": 3}",0,57
506,21,2,1,47987.0,11,11,3,"{""TOMATO"": 5, ""STRAWBERRY"": 27, ""CARROT"": 19, ""WHEAT"": 9}","{""COW"": 9, ""SHEEP"": 3}",1,84
507,21,3,0,39959.0,12,12,4,"{""STRAWBERRY"": 30, ""CARROT"": 7, ""TOMATO"": 15, ""WHEAT"": 17, ""MELON"": 2}","{""GOOSE"": 12, ""SHEEP"": 2, ""COW"": 3}",0,40
507,21,3,1,47987.0,11,11,3,"{""TOMATO"": 5, ""STRAWBERRY"": 27, ""CARROT"": 18, ""WHEAT"": 9}","{""COW"": 9, ""SHEEP"": 3}",2,84
508,21,4,0,39959.0,12,12,4,"{""STRAWBERRY"": 30, ""CARROT"": 7, ""TOMATO"": 15, ""WHEAT"": 16, ""MELON"": 2}","{""GOOSE"": 12, ""SHEEP"": 2, ""COW"": 3}",0,40
508,21,4,1,47987.0,11,11,3,"{""TOMATO"": 5, ""STRAWBERRY"": 27, ""CARROT"": 18, ""WHEAT"": 9}","{""COW"": 9, ""SHEEP"": 3}",2,84
509,21,5,0,39959.0,12,12,4,"{""STRAWBERRY"": 30, ""CARROT"": 7, ""TOMATO"": 15, ""WHEAT"": 14, ""MELON"": 2}","{""GOOSE"": 12, ""SHEEP"": 2, ""COW"": 3}",0,40
509,21,5,1,47987.0,11,11,3,"{""TOMATO"": 5, ""STRAWBERRY"": 27, ""CARROT"": 18, ""WHEAT"": 7}","{""COW"": 9, ""SHEEP"": 3}",2,84
510,21,6,0,39959.0,12,12,4,"{""STRAWBERRY"": 30, ""CARROT"": 7, ""TOMATO"": 15, ""WHEAT"": 13, ""MELON"": 2}","{""GOOSE"": 12, ""SHEEP"": 2, ""COW"": 3}",0,40
510,21,6,1,47987.0,11,11,3,"{""TOMATO"": 5, ""STRAWBERRY"": 27, ""CARROT"": 18, ""WHEAT"": 9}","{""COW"": 9, ""SHEEP"": 3}",2,84
511,21,7,0,39959.0,12,12,4,"{""STRAWBERRY"": 30, ""CARROT"": 7, ""TOMATO"": 15, ""WHEAT"": 13, ""MELON"": 2}","{""GOOSE"": 12, ""SHEEP"": 2, ""COW"": 3}",0,40
511,21,7,1,47987.0,11,11,3,"{""TOMATO"": 5, ""STRAWBERRY"": 27, ""CARROT"": 18, ""WHEAT"": 9}","{""COW"": 9, ""SHEEP"": 3}",2,84
512,21,8,0,39959.0,12,12,4,"{""STRAWBERRY"": 30, ""CARROT"": 7, ""TOMATO"": 15, ""WHEAT"": 13, ""MELON"": 2}","{""GOOSE"": 12, ""SHEEP"": 2, ""COW"": 3}",0,40
512,21,8,1,47987.0,11,11,3,"{""TOMATO"": 5, ""STRAWBERRY"": 27, ""CARROT"": 18, ""WHEAT"": 9}","{""COW"": 9, ""SHEEP"": 3}",2,84
513,21,9,0,39959.0,12,12,4,"{""STRAWBERRY"": 30, ""CARROT"": 7, ""TOMATO"": 15, ""WHEAT"": 13, ""MELON"": 2}","{""GOOSE"": 12, ""SHEEP"": 2, ""COW"": 3}",0,40
513,21,9,1,47987.0,11,11,3,"{""TOMATO"": 5, ""STRAWBERRY"": 27, ""CARROT"": 17, ""WHEAT"": 9}","{""COW"": 9, ""SHEEP"": 3}",2,84
514,21,10,0,39959.0,12,12,4,"{""STRAWBERRY"": 30, ""CARROT"": 7, ""TOMATO"": 15, ""WHEAT"": 14, ""MELON"": 2}","{""GOOSE"": 12, ""SHEEP"": 2, ""COW"": 3}",0,40
514,21,10,1,48015.0,11,11,3,"{""TOMATO"": 5, ""STRAWBERRY"": 27, ""CARROT"": 18, ""WHEAT"": 8}","{""COW"": 9, ""SHEEP"": 3}",2,83
515,21,11,0,39959.0,12,12,4,"{""STRAWBERRY"": 30, ""CARROT"": 7, ""TOMATO"": 15, ""WHEAT"": 15, ""MELON"": 2}","{""GOOSE"": 12, ""SHEEP"": 2, ""COW"": 3}",0,40
515,21,11,1,48814.0,11,11,3,"{""TOMATO"": 5, ""STRAWBERRY"": 27, ""CARROT"": 17, ""WHEAT"": 9}","{""COW"": 9, ""SHEEP"": 3}",2,74
516,21,12,0,39959.0,12,12,4,"{""STRAWBERRY"": 30, ""CARROT"": 7, ""TOMATO"": 15, ""WHEAT"": 14, ""MELON"": 2}","{""GOOSE"": 12, ""SHEEP"": 2, ""COW"": 3}",0,40
516,21,12,1,48911.0,11,11,3,"{""TOMATO"": 5, ""STRAWBERRY"": 27, ""CARROT"": 17, ""WHEAT"": 10}","{""COW"": 9, ""SHEEP"": 3}",2,71
517,21,13,0,39959.0,12,12,4,"{""STRAWBERRY"": 30, ""CARROT"": 7, ""TOMATO"": 15, ""WHEAT"": 14, ""MELON"": 2}","{""GOOSE"": 12, ""SHEEP"": 2, ""COW"": 3}",0,40
517,21,13,1,48911.0,11,11,3,"{""TOMATO"": 5, ""STRAWBERRY"": 27, ""CARROT"": 17, ""WHEAT"": 10}","{""COW"": 9, ""SHEEP"": 3}",2,71
518,21,14,0,39959.0,12,12,4,"{""STRAWBERRY"": 30, ""CARROT"": 7, ""TOMATO"": 15, ""WHEAT"": 14, ""MELON"": 2}","{""GOOSE"": 12, ""SHEEP"": 2, ""COW"": 3}",0,40
518,21,14,1,49309.0,11,11,3,"{""TOMATO"": 5, ""STRAWBERRY"": 27, ""CARROT"": 17, ""WHEAT"": 10}","{""COW"": 9, ""SHEEP"": 3}",2,69
519,21,15,0,39959.0,12,12,4,"{""STRAWBERRY"": 30, ""CARROT"": 9, ""TOMATO"": 15, ""WHEAT"": 15, ""MELON"": 2}","{""GOOSE"": 12, ""SHEEP"": 2, ""COW"": 3}",0,40
519,21,15,1,49309.0,11,11,3,"{""TOMATO"": 5, ""STRAWBERRY"": 27, ""CARROT"": 15, ""WHEAT"": 10}","{""COW"": 9, ""SHEEP"": 3}",2,69
520,21,16,0,39959.0,12,12,4,"{""STRAWBERRY"": 30, ""CARROT"": 9, ""TOMATO"": 15, ""WHEAT"": 15, ""MELON"": 2}","{""GOOSE"": 12, ""SHEEP"": 2, ""COW"": 3}",0,40
520,21,16,1,49299.0,11,11,3,"{""TOMATO"": 5, ""STRAWBERRY"": 27, ""WHEAT"": 12, ""CARROT"": 15}","{""COW"": 9, ""SHEEP"": 3}",2,69
521,21,17,0,39959.0,12,12,4,"{""STRAWBERRY"": 30, ""CARROT"": 9, ""TOMATO"": 15, ""WHEAT"": 16, ""MELON"": 2}","{""GOOSE"": 12, ""SHEEP"": 2, ""COW"": 3}",0,40
521,21,17,1,49299.0,11,11,3,"{""TOMATO"": 5, ""STRAWBERRY"": 27, ""WHEAT"": 12, ""CARROT"": 15}","{""COW"": 9, ""SHEEP"": 3}",2,75
522,21,18,0,39959.0,12,12,4,"{""STRAWBERRY"": 30, ""CARROT"": 9, ""TOMATO"": 15, ""WHEAT"": 15, ""MELON"": 2}","{""GOOSE"": 12, ""SHEEP"": 2, ""COW"": 3}",0,40
522,21,18,1,49299.0,11,11,3,"{""TOMATO"": 5, ""STRAWBERRY"": 27, ""WHEAT"": 12, ""CARROT"": 15}","{""COW"": 9, ""SHEEP"": 3}",2,75
523,21,19,0,39959.0,12,12,4,"{""STRAWBERRY"": 30, ""CARROT"": 8, ""TOMATO"": 15, ""WHEAT"": 15, ""MELON"": 2}","{""GOOSE"": 12, ""SHEEP"": 2, ""COW"": 3}",0,40
523,21,19,1,49299.0,11,11,3,"{""TOMATO"": 5, ""STRAWBERRY"": 27, ""WHEAT"": 12, ""CARROT"": 15}","{""COW"": 9, ""SHEEP"": 3}",1,75
524,21,20,0,39959.0,12,12,4,"{""STRAWBERRY"": 30, ""CARROT"": 7, ""TOMATO"": 15, ""WHEAT"": 17, ""MELON"": 2}","{""GOOSE"": 12, ""SHEEP"": 2, ""COW"": 3}",0,40
524,21,20,1,49289.0,11,11,3,"{""TOMATO"": 5, ""STRAWBERRY"": 27, ""WHEAT"": 13, ""CARROT"": 14}","{""COW"": 9, ""SHEEP"": 3}",0,87
525,21,21,0,39959.0,12,12,4,"{""STRAWBERRY"": 30, ""CARROT"": 8, ""TOMATO"": 15, ""WHEAT"": 18, ""MELON"": 2}","{""GOOSE"": 12, ""SHEEP"": 2, ""COW"": 3}",0,40
525,21,21,1,49706.0,11,11,3,"{""TOMATO"": 5, ""STRAWBERRY"": 27, ""WHEAT"": 15, ""CARROT"": 14}","{""COW"": 9, ""SHEEP"": 3}",0,75
526,21,22,0,39959.0,12,12,4,"{""STRAWBERRY"": 30, ""CARROT"": 8, ""TOMATO"": 15, ""WHEAT"": 18, ""MELON"": 2}","{""GOOSE"": 12, ""SHEEP"": 2, ""COW"": 3}",0,40
526,21,22,1,50440.0,11,11,3,"{""TOMATO"": 5, ""STRAWBERRY"": 27, ""WHEAT"": 15, ""CARROT"": 14}","{""COW"": 9, ""SHEEP"": 3}",0,71
527,21,23,0,40968.0,12,12,4,"{""STRAWBERRY"": 30, ""CARROT"": 6, ""TOMATO"": 15, ""WHEAT"": 19, ""MELON"": 2}","{""GOOSE"": 12, ""SHEEP"": 2, ""COW"": 3}",0,40
527,21,23,1,51295.0,11,11,3,"{""TOMATO"": 5, ""STRAWBERRY"": 27, ""WHEAT"": 15, ""CARROT"": 14}","{""COW"": 9, ""SHEEP"": 3}",0,52
528,22,0,0,46075.0,0,0,4,"{""STRAWBERRY"": 30, ""CARROT"": 6, ""TOMATO"": 15, ""WHEAT"": 19, ""MELON"": 2}","{""GOOSE"": 12, ""SHEEP"": 2, ""COW"": 3}",0,98
528,22,0,1,51295.0,0,0,3,"{""TOMATO"": 5, ""STRAWBERRY"": 27, ""WHEAT"": 15, ""CARROT"": 14}","{""COW"": 8, ""SHEEP"": 3}",0,78
529,22,1,0,47042.0,5,5,4,"{""STRAWBERRY"": 30, ""CARROT"": 6, ""TOMATO"": 15, ""WHEAT"": 19, ""MELON"": 2}","{""GOOSE"": 12, ""SHEEP"": 2, ""COW"": 3}",0,93
529,22,1,1,50870.0,8,8,3,"{""TOMATO"": 5, ""STRAWBERRY"": 27, ""WHEAT"": 15, ""CARROT"": 14}","{""COW"": 8, ""SHEEP"": 3}",0,89
530,22,2,0,47932.0,12,12,4,"{""STRAWBERRY"": 30, ""CARROT"": 6, ""TOMATO"": 15, ""WHEAT"": 19, ""MELON"": 2}","{""GOOSE"": 12, ""SHEEP"": 2, ""COW"": 3}",0,58
530,22,2,1,50583.0,11,11,3,"{""TOMATO"": 5, ""STRAWBERRY"": 27, ""WHEAT"": 15, ""CARROT"": 14}","{""COW"": 8, ""SHEEP"": 3}",0,86
531,22,3,0,47932.0,12,12,4,"{""STRAWBERRY"": 30, ""CARROT"": 6, ""TOMATO"": 15, ""WHEAT"": 19, ""MELON"": 2}","{""GOOSE"": 12, ""SHEEP"": 2, ""COW"": 3}",0,40
531,22,3,1,50898.0,11,11,3,"{""TOMATO"": 5, ""STRAWBERRY"": 27, ""WHEAT"": 15, ""CARROT"": 14}","{""COW"": 8, ""SHEEP"": 3}",0,79
532,22,4,0,47932.0,12,12,4,"{""STRAWBERRY"": 30, ""CARROT"": 8, ""TOMATO"": 15, ""WHEAT"": 19, ""MELON"": 2}","{""GOOSE"": 12, ""SHEEP"": 2, ""COW"": 3}",0,40
532,22,4,1,50898.0,11,11,3,"{""TOMATO"": 5, ""STRAWBERRY"": 27, ""WHEAT"": 15, ""CARROT"": 14}","{""COW"": 8, ""SHEEP"": 3}",0,82
533,22,5,0,47932.0,12,12,4,"{""STRAWBERRY"": 30, ""CARROT"": 9, ""TOMATO"": 15, ""WHEAT"": 18, ""MELON"": 2}","{""GOOSE"": 12, ""SHEEP"": 2, ""COW"": 3}",0,40
533,22,5,1,50898.0,11,11,3,"{""TOMATO"": 5, ""STRAWBERRY"": 27, ""WHEAT"": 14, ""CARROT"": 14}","{""COW"": 8, ""SHEEP"": 3}",0,82
534,22,6,0,47932.0,12,12,4,"{""STRAWBERRY"": 30, ""CARROT"": 9, ""TOMATO"": 15, ""WHEAT"": 18, ""MELON"": 2}","{""GOOSE"": 12, ""SHEEP"": 2, ""COW"": 3}",0,40
534,22,6,1,50972.0,11,11,3,"{""TOMATO"": 5, ""STRAWBERRY"": 26, ""WHEAT"": 14, ""CARROT"": 14}","{""COW"": 8, ""SHEEP"": 3}",0,80
535,22,7,0,47932.0,12,12,4,"{""STRAWBERRY"": 29, ""CARROT"": 9, ""TOMATO"": 15, ""WHEAT"": 17, ""MELON"": 2}","{""GOOSE"": 12, ""SHEEP"": 2, ""COW"": 3}",0,40
535,22,7,1,51102.0,11,11,3,"{""TOMATO"": 5, ""STRAWBERRY"": 26, ""WHEAT"": 16, ""CARROT"": 14}","{""COW"": 8, ""SHEEP"": 3}",0,76
536,22,8,0,47932.0,12,12,4,"{""STRAWBERRY"": 29, ""CARROT"": 9, ""TOMATO"": 15, ""WHEAT"": 17, ""MELON"": 2}","{""GOOSE"": 12, ""SHEEP"": 2, ""COW"": 3}",0,40
536,22,8,1,51102.0,11,11,3,"{""TOMATO"": 5, ""STRAWBERRY"": 26, ""WHEAT"": 16, ""CARROT"": 14}","{""COW"": 8, ""SHEEP"": 3}",0,76
537,22,9,0,47932.0,12,12,4,"{""STRAWBERRY"": 29, ""CARROT"": 9, ""TOMATO"": 15, ""WHEAT"": 17, ""MELON"": 2}","{""GOOSE"": 12, ""SHEEP"": 2, ""COW"": 3}",0,40
537,22,9,1,51102.0,11,11,3,"{""TOMATO"": 5, ""STRAWBERRY"": 26, ""WHEAT"": 16, ""CARROT"": 13}","{""COW"": 8, ""SHEEP"": 3}",0,76
538,22,10,0,48177.0,12,12,4,"{""STRAWBERRY"": 29, ""CARROT"": 9, ""TOMATO"": 14, ""WHEAT"": 17, ""MELON"": 2}","{""GOOSE"": 12, ""SHEEP"": 2, ""COW"": 3}",0,33
538,22,10,1,51180.0,11,11,3,"{""TOMATO"": 5, ""STRAWBERRY"": 26, ""WHEAT"": 16, ""CARROT"": 14}","{""COW"": 8, ""SHEEP"": 3}",0,74
539,22,11,0,48177.0,12,12,4,"{""STRAWBERRY"": 29, ""CARROT"": 9, ""TOMATO"": 14, ""WHEAT"": 16, ""MELON"": 2}","{""GOOSE"": 12, ""SHEEP"": 2, ""COW"": 3}",0,33
539,22,11,1,51170.0,11,11,3,"{""TOMATO"": 5, ""STRAWBERRY"": 25, ""WHEAT"": 17, ""CARROT"": 14}","{""COW"": 8, ""SHEEP"": 3}",0,74
540,22,12,0,48177.0,12,12,4,"{""STRAWBERRY"": 29, ""CARROT"": 9, ""TOMATO"": 14, ""WHEAT"": 16, ""MELON"": 2}","{""GOOSE"": 12, ""SHEEP"": 2, ""COW"": 3}",0,33
540,22,12,1,51050.0,11,11,3,"{""TOMATO"": 5, ""STRAWBERRY"": 25, ""WHEAT"": 18, ""CARROT"": 13}","{""COW"": 8, ""SHEEP"": 3}",0,74
541,22,13,0,48177.0,12,12,4,"{""STRAWBERRY"": 29, ""CARROT"": 8, ""WHEAT"": 16, ""TOMATO"": 13, ""MELON"": 2}","{""GOOSE"": 12, ""SHEEP"": 2, ""COW"": 3}",0,33
541,22,13,1,51040.0,11,11,3,"{""TOMATO"": 5, ""STRAWBERRY"": 24, ""WHEAT"": 18, ""CARROT"": 14}","{""COW"": 8, ""SHEEP"": 3}",0,74
542,22,14,0,48177.0,12,12,4,"{""STRAWBERRY"": 29, ""CARROT"": 8, ""WHEAT"": 16, ""TOMATO"": 13, ""MELON"": 2}","{""GOOSE"": 12, ""SHEEP"": 2, ""COW"": 3}",0,33
542,22,14,1,51122.0,11,11,3,"{""TOMATO"": 5, ""STRAWBERRY"": 24, ""WHEAT"": 18, ""CARROT"": 15}","{""COW"": 8, ""SHEEP"": 3}",0,72
543,22,15,0,48177.0,12,12,4,"{""STRAWBERRY"": 29, ""CARROT"": 8, ""WHEAT"": 16, ""TOMATO"": 13, ""MELON"": 2}","{""GOOSE"": 12, ""SHEEP"": 2, ""COW"": 3}",0,33
543,22,15,1,51122.0,11,11,3,"{""TOMATO"": 5, ""STRAWBERRY"": 22, ""WHEAT"": 18, ""CARROT"": 14}","{""COW"": 8, ""SHEEP"": 3}",0,72
544,22,16,0,48177.0,12,12,4,"{""STRAWBERRY"": 28, ""CARROT"": 7, ""WHEAT"": 16, ""TOMATO"": 13, ""MELON"": 2}","{""GOOSE"": 12, ""SHEEP"": 2, ""COW"": 3}",0,33
544,22,16,1,51182.0,11,11,3,"{""TOMATO"": 5, ""STRAWBERRY"": 20, ""WHEAT"": 20, ""CARROT"": 14}","{""COW"": 8, ""SHEEP"": 3}",0,70
545,22,17,0,48177.0,12,12,4,"{""STRAWBERRY"": 28, ""CARROT"": 7, ""WHEAT"": 16, ""TOMATO"": 13, ""MELON"": 2}","{""GOOSE"": 12, ""SHEEP"": 2, ""COW"": 3}",0,33
545,22,17,1,51172.0,11,11,3,"{""TOMATO"": 5, ""STRAWBERRY"": 20, ""WHEAT"": 20, ""CARROT"": 16}","{""COW"": 8, ""SHEEP"": 3}",0,70
546,22,18,0,48177.0,12,12,4,"{""STRAWBERRY"": 28, ""CARROT"": 7, ""WHEAT"": 16, ""TOMATO"": 13, ""MELON"": 2}","{""GOOSE"": 12, ""SHEEP"": 2, ""COW"": 3}",0,33
546,22,18,1,51162.0,11,11,3,"{""TOMATO"": 5, ""STRAWBERRY"": 19, ""WHEAT"": 20, ""CARROT"": 17}","{""COW"": 8, ""SHEEP"": 3}",0,70
547,22,19,0,48177.0,12,12,4,"{""STRAWBERRY"": 28, ""CARROT"": 7, ""WHEAT"": 16, ""TOMATO"": 13, ""MELON"": 2}","{""GOOSE"": 12, ""SHEEP"": 2, ""COW"": 3}",0,33
547,22,19,1,51162.0,11,11,3,"{""TOMATO"": 5, ""STRAWBERRY"": 19, ""WHEAT"": 20, ""CARROT"": 18}","{""COW"": 8, ""SHEEP"": 3}",0,70
548,22,20,0,48177.0,12,12,4,"{""STRAWBERRY"": 28, ""CARROT"": 7, ""WHEAT"": 16, ""TOMATO"": 13, ""MELON"": 2}","{""GOOSE"": 12, ""SHEEP"": 2, ""COW"": 3}",0,33
548,22,20,1,51162.0,11,11,3,"{""TOMATO"": 5, ""STRAWBERRY"": 18, ""WHEAT"": 20, ""CARROT"": 18}","{""COW"": 8, ""SHEEP"": 3}",0,76
549,22,21,0,48177.0,12,12,4,"{""STRAWBERRY"": 28, ""CARROT"": 7, ""WHEAT"": 16, ""TOMATO"": 13, ""MELON"": 2}","{""GOOSE"": 12, ""SHEEP"": 2, ""COW"": 3}",0,33
549,22,21,1,51244.0,11,11,3,"{""TOMATO"": 5, ""STRAWBERRY"": 18, ""WHEAT"": 20, ""CARROT"": 19}","{""COW"": 8, ""SHEEP"": 3}",0,74
550,22,22,0,48177.0,12,12,4,"{""STRAWBERRY"": 28, ""CARROT"": 7, ""WHEAT"": 16, ""TOMATO"": 13, ""MELON"": 2}","{""GOOSE"": 12, ""SHEEP"": 2, ""COW"": 3}",0,33
550,22,22,1,51450.0,11,11,3,"{""TOMATO"": 5, ""STRAWBERRY"": 18, ""WHEAT"": 20, ""CARROT"": 18}","{""COW"": 8, ""SHEEP"": 3}",0,73
551,22,23,0,48177.0,12,12,4,"{""STRAWBERRY"": 28, ""CARROT"": 7, ""WHEAT"": 16, ""TOMATO"": 13, ""MELON"": 2}","{""GOOSE"": 12, ""SHEEP"": 2, ""COW"": 3}",0,33
551,22,23,1,52418.0,11,11,3,"{""TOMATO"": 5, ""STRAWBERRY"": 18, ""WHEAT"": 20, ""CARROT"": 19}","{""COW"": 8, ""SHEEP"": 3}",0,53
552,23,0,0,48974.0,0,0,4,"{""STRAWBERRY"": 28, ""CARROT"": 7, ""WHEAT"": 15, ""TOMATO"": 13, ""MELON"": 2}","{""GOOSE"": 12, ""SHEEP"": 2, ""COW"": 3}",2,98
552,23,0,1,53063.0,0,0,3,"{""TOMATO"": 5, ""STRAWBERRY"": 18, ""WHEAT"": 20, ""CARROT"": 18}","{""COW"": 8, ""SHEEP"": 3}",1,95
553,23,1,0,53374.0,1,1,4,"{""STRAWBERRY"": 26, ""CARROT"": 7, ""WHEAT"": 15, ""TOMATO"": 13, ""MELON"": 2}","{""GOOSE"": 12, ""SHEEP"": 2, ""COW"": 3}",4,43
553,23,1,1,52830.0,8,8,3,"{""TOMATO"": 5, ""STRAWBERRY"": 16, ""WHEAT"": 20, ""CARROT"": 18}","{""COW"": 8, ""SHEEP"": 3}",3,100
554,23,2,0,53287.0,9,9,4,"{""STRAWBERRY"": 26, ""CARROT"": 7, ""WHEAT"": 15, ""TOMATO"": 13, ""MELON"": 2}","{""GOOSE"": 12, ""SHEEP"": 2, ""COW"": 3}",4,43
554,23,2,1,52652.0,11,11,3,"{""TOMATO"": 5, ""STRAWBERRY"": 16, ""WHEAT"": 20, ""CARROT"": 18}","{""COW"": 8, ""SHEEP"": 3}",3,90
555,23,3,0,53287.0,9,9,4,"{""STRAWBERRY"": 26, ""CARROT"": 7, ""WHEAT"": 15, ""TOMATO"": 13, ""MELON"": 2}","{""GOOSE"": 12, ""SHEEP"": 2, ""COW"": 3}",4,28
555,23,3,1,52933.0,11,11,3,"{""TOMATO"": 5, ""STRAWBERRY"": 16, ""WHEAT"": 20, ""CARROT"": 18}","{""COW"": 8, ""SHEEP"": 3}",3,83
556,23,4,0,53287.0,9,9,4,"{""STRAWBERRY"": 26, ""CARROT"": 7, ""WHEAT"": 16, ""TOMATO"": 13, ""MELON"": 2}","{""GOOSE"": 12, ""SHEEP"": 2, ""COW"": 3}",4,28
556,23,4,1,52933.0,11,11,3,"{""TOMATO"": 5, ""STRAWBERRY"": 15, ""WHEAT"": 20, ""CARROT"": 18}","{""COW"": 8, ""SHEEP"": 3}",3,83
557,23,5,0,53287.0,9,9,4,"{""STRAWBERRY"": 26, ""CARROT"": 7, ""WHEAT"": 16, ""TOMATO"": 13, ""MELON"": 2}","{""GOOSE"": 12, ""SHEEP"": 2, ""COW"": 3}",4,28
557,23,5,1,52933.0,11,11,3,"{""TOMATO"": 5, ""STRAWBERRY"": 15, ""WHEAT"": 21, ""CARROT"": 18}","{""COW"": 8, ""SHEEP"": 3}",3,83
558,23,6,0,53287.0,9,9,4,"{""STRAWBERRY"": 26, ""CARROT"": 7, ""WHEAT"": 16, ""TOMATO"": 13, ""MELON"": 2}","{""GOOSE"": 12, ""SHEEP"": 2, ""COW"": 3}",4,28
558,23,6,1,52933.0,11,11,3,"{""TOMATO"": 5, ""STRAWBERRY"": 15, ""WHEAT"": 19, ""CARROT"": 18}","{""COW"": 8, ""SHEEP"": 3}",3,83
559,23,7,0,53287.0,9,9,4,"{""STRAWBERRY"": 26, ""CARROT"": 7, ""WHEAT"": 17, ""TOMATO"": 13, ""MELON"": 2}","{""GOOSE"": 12, ""SHEEP"": 2, ""COW"": 3}",4,28
559,23,7,1,52958.0,11,11,3,"{""TOMATO"": 5, ""STRAWBERRY"": 15, ""WHEAT"": 21, ""CARROT"": 18}","{""COW"": 8, ""SHEEP"": 3}",3,82
560,23,8,0,53287.0,9,9,4,"{""STRAWBERRY"": 26, ""CARROT"": 7, ""WHEAT"": 17, ""TOMATO"": 13, ""MELON"": 2}","{""GOOSE"": 12, ""SHEEP"": 2, ""COW"": 3}",4,28
560,23,8,1,52958.0,11,11,3,"{""TOMATO"": 5, ""STRAWBERRY"": 15, ""WHEAT"": 21, ""CARROT"": 18}","{""COW"": 8, ""SHEEP"": 3}",3,82
561,23,9,0,53287.0,9,9,4,"{""STRAWBERRY"": 26, ""CARROT"": 7, ""WHEAT"": 17, ""TOMATO"": 13, ""MELON"": 2}","{""GOOSE"": 12, ""SHEEP"": 2, ""COW"": 3}",4,28
561,23,9,1,52958.0,11,11,3,"{""TOMATO"": 5, ""STRAWBERRY"": 15, ""WHEAT"": 21, ""CARROT"": 18}","{""COW"": 8, ""SHEEP"": 3}",3,82
562,23,10,0,53287.0,9,9,4,"{""STRAWBERRY"": 25, ""CARROT"": 7, ""WHEAT"": 18, ""TOMATO"": 13, ""MELON"": 2}","{""GOOSE"": 12, ""SHEEP"": 2, ""COW"": 3}",4,28
562,23,10,1,53007.0,11,11,3,"{""TOMATO"": 5, ""STRAWBERRY"": 15, ""WHEAT"": 21, ""CARROT"": 17}","{""COW"": 8, ""SHEEP"": 3}",3,81
563,23,11,0,53287.0,9,9,4,"{""STRAWBERRY"": 24, ""CARROT"": 7, ""WHEAT"": 18, ""TOMATO"": 13, ""MELON"": 2}","{""GOOSE"": 12, ""SHEEP"": 2, ""COW"": 3}",4,28
563,23,11,1,53007.0,11,11,3,"{""TOMATO"": 5, ""STRAWBERRY"": 15, ""WHEAT"": 20, ""CARROT"": 18}","{""COW"": 8, ""SHEEP"": 3}",3,81
564,23,12,0,53287.0,9,9,4,"{""STRAWBERRY"": 24, ""CARROT"": 7, ""WHEAT"": 17, ""TOMATO"": 13, ""MELON"": 2}","{""GOOSE"": 12, ""SHEEP"": 2, ""COW"": 3}",4,28
564,23,12,1,53032.0,11,11,3,"{""TOMATO"": 5, ""STRAWBERRY"": 13, ""WHEAT"": 21, ""CARROT"": 18}","{""COW"": 8, ""SHEEP"": 3}",3,80
565,23,13,0,53287.0,9,9,4,"{""STRAWBERRY"": 23, ""CARROT"": 7, ""WHEAT"": 17, ""TOMATO"": 13, ""MELON"": 2}","{""GOOSE"": 12, ""SHEEP"": 2, ""COW"": 3}",4,28
565,23,13,1,52902.0,11,11,3,"{""TOMATO"": 5, ""STRAWBERRY"": 13, ""WHEAT"": 23, ""CARROT"": 18}","{""COW"": 8, ""SHEEP"": 3}",3,80
566,23,14,0,53287.0,9,9,4,"{""STRAWBERRY"": 22, ""CARROT"": 7, ""WHEAT"": 18, ""TOMATO"": 13, ""MELON"": 2}","{""GOOSE"": 12, ""SHEEP"": 2, ""COW"": 3}",4,28
566,23,14,1,53616.0,11,11,3,"{""TOMATO"": 5, ""STRAWBERRY"": 13, ""WHEAT"": 22, ""CARROT"": 17}","{""COW"": 8, ""SHEEP"": 3}",3,75
567,23,15,0,53287.0,9,9,4,"{""STRAWBERRY"": 21, ""CARROT"": 7, ""WHEAT"": 18, ""TOMATO"": 13, ""MELON"": 2}","{""GOOSE"": 12, ""SHEEP"": 2, ""COW"": 3}",4,28
567,23,15,1,53606.0,11,11,3,"{""TOMATO"": 5, ""STRAWBERRY"": 13, ""WHEAT"": 22, ""CARROT"": 19}","{""COW"": 8, ""SHEEP"": 3}",3,75
568,23,16,0,53287.0,9,9,4,"{""STRAWBERRY"": 21, ""WHEAT"": 19, ""CARROT"": 8, ""TOMATO"": 13, ""MELON"": 2}","{""GOOSE"": 12, ""SHEEP"": 2, ""COW"": 3}",4,28
568,23,16,1,53606.0,11,11,3,"{""TOMATO"": 5, ""STRAWBERRY"": 12, ""WHEAT"": 22, ""CARROT"": 18}","{""COW"": 8, ""SHEEP"": 3}",3,75
569,23,17,0,53287.0,9,9,4,"{""STRAWBERRY"": 21, ""WHEAT"": 19, ""CARROT"": 7, ""TOMATO"": 13, ""MELON"": 2}","{""GOOSE"": 12, ""SHEEP"": 2, ""COW"": 3}",4,28
569,23,17,1,53596.0,11,11,3,"{""TOMATO"": 5, ""STRAWBERRY"": 11, ""WHEAT"": 22, ""CARROT"": 19}","{""COW"": 8, ""SHEEP"": 3}",3,75
570,23,18,0,53287.0,9,9,4,"{""STRAWBERRY"": 21, ""WHEAT"": 19, ""CARROT"": 8, ""TOMATO"": 13, ""MELON"": 2}","{""GOOSE"": 12, ""SHEEP"": 2, ""COW"": 3}",4,28
570,23,18,1,54367.0,11,11,3,"{""TOMATO"": 5, ""STRAWBERRY"": 11, ""WHEAT"": 23, ""CARROT"": 20}","{""COW"": 8, ""SHEEP"": 3}",2,69
571,23,19,0,53287.0,9,9,4,"{""STRAWBERRY"": 21, ""WHEAT"": 18, ""CARROT"": 7, ""TOMATO"": 13, ""MELON"": 2}","{""GOOSE"": 12, ""SHEEP"": 2, ""COW"": 3}",4,28
571,23,19,1,54367.0,11,11,3,"{""TOMATO"": 5, ""STRAWBERRY"": 11, ""WHEAT"": 22, ""CARROT"": 21}","{""COW"": 8, ""SHEEP"": 3}",2,69
572,23,20,0,53287.0,9,9,4,"{""STRAWBERRY"": 21, ""WHEAT"": 19, ""CARROT"": 6, ""TOMATO"": 13, ""MELON"": 2}","{""GOOSE"": 12, ""SHEEP"": 2, ""COW"": 3}",4,28
572,23,20,1,54367.0,11,11,3,"{""TOMATO"": 5, ""STRAWBERRY"": 11, ""WHEAT"": 23, ""CARROT"": 21}","{""COW"": 8, ""SHEEP"": 3}",1,69
573,23,21,0,53287.0,9,9,4,"{""STRAWBERRY"": 21, ""WHEAT"": 19, ""CARROT"": 6, ""TOMATO"": 13, ""MELON"": 2}","{""GOOSE"": 12, ""SHEEP"": 2, ""COW"": 3}",4,28
573,23,21,1,54367.0,11,11,3,"{""TOMATO"": 6, ""STRAWBERRY"": 11, ""WHEAT"": 23, ""CARROT"": 20}","{""COW"": 8, ""SHEEP"": 3}",1,76
574,23,22,0,53287.0,9,9,4,"{""STRAWBERRY"": 21, ""WHEAT"": 19, ""CARROT"": 6, ""TOMATO"": 13, ""MELON"": 2}","{""GOOSE"": 12, ""SHEEP"": 2, ""COW"": 3}",4,28
574,23,22,1,55954.0,11,11,3,"{""TOMATO"": 6, ""STRAWBERRY"": 11, ""WHEAT"": 24, ""CARROT"": 19}","{""COW"": 8, ""SHEEP"": 3}",1,66
575,23,23,0,53287.0,9,9,4,"{""STRAWBERRY"": 21, ""WHEAT"": 19, ""CARROT"": 6, ""TOMATO"": 13, ""MELON"": 2}","{""GOOSE"": 12, ""SHEEP"": 2, ""COW"": 3}",4,28
575,23,23,1,56455.0,11,11,3,"{""TOMATO"": 6, ""STRAWBERRY"": 11, ""WHEAT"": 25, ""CARROT"": 19}","{""COW"": 8, ""SHEEP"": 3}",1,53
576,24,0,0,53287.0,0,0,4,"{""STRAWBERRY"": 21, ""WHEAT"": 19, ""CARROT"": 6, ""TOMATO"": 13, ""MELON"": 2}","{""GOOSE"": 12, ""COW"": 3, ""SHEEP"": 1}",4,100
576,24,0,1,56455.0,0,0,3,"{""TOMATO"": 6, ""STRAWBERRY"": 11, ""WHEAT"": 25, ""CARROT"": 19}","{""COW"": 8, ""SHEEP"": 3}",1,98
577,24,1,0,58242.0,1,1,4,"{""STRAWBERRY"": 19, ""WHEAT"": 19, ""CARROT"": 6, ""TOMATO"": 13, ""MELON"": 2}","{""GOOSE"": 12, ""COW"": 3, ""SHEEP"": 1}",6,48
577,24,1,1,56904.0,8,8,3,"{""TOMATO"": 6, ""STRAWBERRY"": 11, ""WHEAT"": 25, ""CARROT"": 19}","{""COW"": 8, ""SHEEP"": 3}",1,87
578,24,2,0,58011.0,11,11,4,"{""STRAWBERRY"": 19, ""WHEAT"": 19, ""CARROT"": 6, ""TOMATO"": 13, ""MELON"": 2}","{""GOOSE"": 12, ""COW"": 3, ""SHEEP"": 1}",6,48
578,24,2,1,56786.0,11,11,3,"{""TOMATO"": 6, ""STRAWBERRY"": 11, ""WHEAT"": 25, ""CARROT"": 19}","{""COW"": 8, ""SHEEP"": 3}",1,81
579,24,3,0,58011.0,11,11,4,"{""STRAWBERRY"": 19, ""WHEAT"": 19, ""CARROT"": 6, ""TOMATO"": 13, ""MELON"": 2}","{""GOOSE"": 12, ""COW"": 3, ""SHEEP"": 1}",6,29
579,24,3,1,56823.0,11,11,3,"{""TOMATO"": 6, ""STRAWBERRY"": 11, ""WHEAT"": 25, ""CARROT"": 19}","{""COW"": 8, ""SHEEP"": 3}",1,82
580,24,4,0,58011.0,11,11,4,"{""STRAWBERRY"": 19, ""WHEAT"": 19, ""CARROT"": 6, ""TOMATO"": 13, ""MELON"": 2}","{""GOOSE"": 12, ""COW"": 3, ""SHEEP"": 1}",6,29
580,24,4,1,56823.0,11,11,3,"{""TOMATO"": 6, ""STRAWBERRY"": 11, ""WHEAT"": 25, ""CARROT"": 19}","{""COW"": 8, ""SHEEP"": 3}",1,85
581,24,5,0,58011.0,11,11,4,"{""STRAWBERRY"": 19, ""WHEAT"": 20, ""CARROT"": 7, ""TOMATO"": 13, ""MELON"": 2}","{""GOOSE"": 12, ""COW"": 3, ""SHEEP"": 1}",6,29
581,24,5,1,56823.0,11,11,3,"{""TOMATO"": 6, ""STRAWBERRY"": 11, ""WHEAT"": 24, ""CARROT"": 19}","{""COW"": 8, ""SHEEP"": 3}",1,85
582,24,6,0,58011.0,11,11,4,"{""STRAWBERRY"": 19, ""WHEAT"": 20, ""CARROT"": 5, ""TOMATO"": 13, ""MELON"": 2}","{""GOOSE"": 12, ""COW"": 3, ""SHEEP"": 1}",6,29
582,24,6,1,56823.0,11,11,3,"{""TOMATO"": 6, ""STRAWBERRY"": 11, ""WHEAT"": 24, ""CARROT"": 19}","{""COW"": 8, ""SHEEP"": 3}",1,85
583,24,7,0,58011.0,11,11,4,"{""STRAWBERRY"": 19, ""WHEAT"": 20, ""CARROT"": 5, ""TOMATO"": 13, ""MELON"": 2}","{""GOOSE"": 12, ""COW"": 3, ""SHEEP"": 1}",6,29
583,24,7,1,56823.0,11,11,3,"{""TOMATO"": 6, ""STRAWBERRY"": 10, ""WHEAT"": 25, ""CARROT"": 19}","{""COW"": 8, ""SHEEP"": 3}",1,85
584,24,8,0,58011.0,11,11,4,"{""STRAWBERRY"": 19, ""WHEAT"": 20, ""CARROT"": 5, ""TOMATO"": 13, ""MELON"": 2}","{""GOOSE"": 12, ""COW"": 3, ""SHEEP"": 1}",6,29
584,24,8,1,56813.0,11,11,3,"{""TOMATO"": 6, ""STRAWBERRY"": 10, ""WHEAT"": 26, ""CARROT"": 19}","{""COW"": 8, ""SHEEP"": 3}",1,85
585,24,9,0,58011.0,11,11,4,"{""STRAWBERRY"": 19, ""WHEAT"": 20, ""CARROT"": 4, ""TOMATO"": 13, ""MELON"": 2}","{""GOOSE"": 12, ""COW"": 3, ""SHEEP"": 1}",6,29
585,24,9,1,56813.0,11,11,3,"{""TOMATO"": 6, ""STRAWBERRY"": 10, ""WHEAT"": 26, ""CARROT"": 18}","{""COW"": 8, ""SHEEP"": 3}",1,85
586,24,10,0,58011.0,11,11,4,"{""STRAWBERRY"": 19, ""WHEAT"": 20, ""CARROT"": 5, ""TOMATO"": 13, ""MELON"": 2}","{""GOOSE"": 12, ""COW"": 3, ""SHEEP"": 1}",6,29
586,24,10,1,56813.0,11,11,3,"{""TOMATO"": 6, ""STRAWBERRY"": 10, ""WHEAT"": 26, ""CARROT"": 19}","{""COW"": 8, ""SHEEP"": 3}",1,85
587,24,11,0,58011.0,11,11,4,"{""STRAWBERRY"": 19, ""WHEAT"": 21, ""CARROT"": 5, ""TOMATO"": 13, ""MELON"": 2}","{""GOOSE"": 12, ""COW"": 3, ""SHEEP"": 1}",6,29
587,24,11,1,56813.0,11,11,3,"{""TOMATO"": 6, ""STRAWBERRY"": 10, ""WHEAT"": 25, ""CARROT"": 18}","{""COW"": 8, ""SHEEP"": 3}",1,92
588,24,12,0,58011.0,11,11,4,"{""STRAWBERRY"": 19, ""WHEAT"": 21, ""CARROT"": 5, ""TOMATO"": 13, ""MELON"": 2}","{""GOOSE"": 12, ""COW"": 3, ""SHEEP"": 1}",6,29
588,24,12,1,57019.0,11,11,3,"{""TOMATO"": 5, ""STRAWBERRY"": 10, ""WHEAT"": 26, ""CARROT"": 18}","{""COW"": 8, ""SHEEP"": 3}",1,86
589,24,13,0,58011.0,11,11,4,"{""STRAWBERRY"": 19, ""WHEAT"": 21, ""CARROT"": 6, ""TOMATO"": 13, ""MELON"": 2}","{""GOOSE"": 12, ""COW"": 3, ""SHEEP"": 1}",6,29
589,24,13,1,57117.0,11,11,3,"{""TOMATO"": 5, ""STRAWBERRY"": 9, ""WHEAT"": 26, ""CARROT"": 20}","{""COW"": 8, ""SHEEP"": 3}",1,83
590,24,14,0,58011.0,11,11,4,"{""STRAWBERRY"": 19, ""WHEAT"": 22, ""CARROT"": 6, ""TOMATO"": 13, ""MELON"": 2}","{""GOOSE"": 12, ""COW"": 3, ""SHEEP"": 1}",6,29
590,24,14,1,57117.0,11,11,3,"{""TOMATO"": 5, ""STRAWBERRY"": 9, ""WHEAT"": 26, ""CARROT"": 19}","{""COW"": 8, ""SHEEP"": 3}",1,83
591,24,15,0,58011.0,11,11,4,"{""STRAWBERRY"": 19, ""WHEAT"": 21, ""CARROT"": 6, ""TOMATO"": 13, ""MELON"": 2}","{""GOOSE"": 12, ""COW"": 3, ""SHEEP"": 1}",6,29
591,24,15,1,57107.0,11,11,3,"{""TOMATO"": 5, ""STRAWBERRY"": 9, ""WHEAT"": 27, ""CARROT"": 20}","{""COW"": 8, ""SHEEP"": 3}",1,83
592,24,16,0,58011.0,11,11,4,"{""STRAWBERRY"": 19, ""WHEAT"": 21, ""CARROT"": 6, ""TOMATO"": 13, ""MELON"": 2}","{""GOOSE"": 12, ""COW"": 3, ""SHEEP"": 1}",6,29
592,24,16,1,57107.0,11,11,3,"{""TOMATO"": 5, ""STRAWBERRY"": 9, ""WHEAT"": 27, ""CARROT"": 18}","{""COW"": 8, ""SHEEP"": 3}",1,83
593,24,17,0,58011.0,11,11,4,"{""STRAWBERRY"": 19, ""WHEAT"": 21, ""CARROT"": 7, ""TOMATO"": 13, ""MELON"": 2}","{""GOOSE"": 12, ""COW"": 3, ""SHEEP"": 1}",6,29
593,24,17,1,57107.0,11,11,3,"{""TOMATO"": 5, ""STRAWBERRY"": 9, ""WHEAT"": 26, ""CARROT"": 19}","{""COW"": 8, ""SHEEP"": 3}",1,90
594,24,18,0,58011.0,11,11,4,"{""STRAWBERRY"": 19, ""WHEAT"": 20, ""CARROT"": 7, ""TOMATO"": 13, ""MELON"": 2}","{""GOOSE"": 12, ""COW"": 3, ""SHEEP"": 1}",6,29
594,24,18,1,58271.0,11,11,3,"{""TOMATO"": 5, ""STRAWBERRY"": 9, ""CARROT"": 19, ""WHEAT"": 27}","{""COW"": 8, ""SHEEP"": 3}",1,78
595,24,19,0,58011.0,11,11,4,"{""STRAWBERRY"": 19, ""WHEAT"": 21, ""CARROT"": 7, ""TOMATO"": 13, ""MELON"": 2}","{""GOOSE"": 12, ""COW"": 3, ""SHEEP"": 1}",6,29
595,24,19,1,58271.0,11,11,3,"{""TOMATO"": 5, ""STRAWBERRY"": 9, ""WHEAT"": 26, ""CARROT"": 18}","{""COW"": 8, ""SHEEP"": 3}",1,78
596,24,20,0,58011.0,11,11,4,"{""STRAWBERRY"": 19, ""WHEAT"": 21, ""CARROT"": 7, ""TOMATO"": 13, ""MELON"": 2}","{""GOOSE"": 12, ""COW"": 3, ""SHEEP"": 1}",6,29
596,24,20,1,58271.0,11,11,3,"{""TOMATO"": 5, ""STRAWBERRY"": 9, ""WHEAT"": 28, ""CARROT"": 18}","{""COW"": 8, ""SHEEP"": 3}",1,94
597,24,21,0,58011.0,11,11,4,"{""STRAWBERRY"": 19, ""WHEAT"": 21, ""CARROT"": 7, ""TOMATO"": 13, ""MELON"": 2}","{""GOOSE"": 12, ""COW"": 3, ""SHEEP"": 1}",6,29
597,24,21,1,60642.0,11,11,3,"{""TOMATO"": 5, ""STRAWBERRY"": 9, ""WHEAT"": 29, ""CARROT"": 17}","{""COW"": 8, ""SHEEP"": 3}",1,74
598,24,22,0,58011.0,11,11,4,"{""STRAWBERRY"": 19, ""WHEAT"": 21, ""CARROT"": 7, ""TOMATO"": 13, ""MELON"": 2}","{""GOOSE"": 12, ""COW"": 3, ""SHEEP"": 1}",6,29
598,24,22,1,60918.0,11,11,3,"{""TOMATO"": 5, ""STRAWBERRY"": 9, ""WHEAT"": 30, ""CARROT"": 16}","{""COW"": 8, ""SHEEP"": 3}",1,70
599,24,23,0,58011.0,11,11,4,"{""STRAWBERRY"": 19, ""WHEAT"": 21, ""CARROT"": 7, ""TOMATO"": 13, ""MELON"": 2}","{""GOOSE"": 12, ""COW"": 3, ""SHEEP"": 1}",6,29
599,24,23,1,62931.0,11,11,3,"{""TOMATO"": 5, ""STRAWBERRY"": 9, ""WHEAT"": 31, ""CARROT"": 16}","{""COW"": 8, ""SHEEP"": 3}",1,50
600,25,0,0,58642.0,0,0,4,"{""STRAWBERRY"": 19, ""WHEAT"": 21, ""CARROT"": 7, ""TOMATO"": 13, ""MELON"": 2}","{""GOOSE"": 12, ""COW"": 3, ""SHEEP"": 1}",6,100
600,25,0,1,63526.0,0,0,3,"{""TOMATO"": 5, ""STRAWBERRY"": 9, ""WHEAT"": 31, ""CARROT"": 16}","{""COW"": 8, ""SHEEP"": 3}",1,100
601,25,1,0,62584.0,6,6,4,"{""STRAWBERRY"": 16, ""WHEAT"": 21, ""CARROT"": 7, ""TOMATO"": 13, ""MELON"": 2}","{""GOOSE"": 12, ""COW"": 3, ""SHEEP"": 1}",9,88
601,25,1,1,63576.0,8,8,3,"{""TOMATO"": 5, ""STRAWBERRY"": 9, ""WHEAT"": 31, ""CARROT"": 16}","{""COW"": 8, ""SHEEP"": 3}",1,96
602,25,2,0,65335.0,11,11,4,"{""STRAWBERRY"": 16, ""WHEAT"": 21, ""CARROT"": 7, ""TOMATO"": 13, ""MELON"": 2}","{""GOOSE"": 12, ""COW"": 3, ""SHEEP"": 1}",9,53
602,25,2,1,63332.0,11,11,3,"{""TOMATO"": 5, ""STRAWBERRY"": 9, ""WHEAT"": 31, ""CARROT"": 16}","{""COW"": 8, ""SHEEP"": 3}",1,84
603,25,3,0,65335.0,11,11,4,"{""STRAWBERRY"": 16, ""WHEAT"": 22, ""CARROT"": 7, ""TOMATO"": 13, ""MELON"": 2}","{""GOOSE"": 12, ""COW"": 3, ""SHEEP"": 1}",9,37
603,25,3,1,63332.0,11,11,3,"{""TOMATO"": 5, ""STRAWBERRY"": 9, ""WHEAT"": 31, ""CARROT"": 16}","{""COW"": 8, ""SHEEP"": 3}",1,84
604,25,4,0,65335.0,11,11,4,"{""STRAWBERRY"": 16, ""WHEAT"": 22, ""CARROT"": 8, ""TOMATO"": 13, ""MELON"": 2}","{""GOOSE"": 12, ""COW"": 3, ""SHEEP"": 1}",9,37
604,25,4,1,63332.0,11,11,3,"{""TOMATO"": 5, ""STRAWBERRY"": 9, ""WHEAT"": 31, ""CARROT"": 16}","{""COW"": 8, ""SHEEP"": 3}",1,84
605,25,5,0,65335.0,11,11,4,"{""STRAWBERRY"": 16, ""WHEAT"": 20, ""CARROT"": 8, ""TOMATO"": 13, ""MELON"": 2}","{""GOOSE"": 12, ""COW"": 3, ""SHEEP"": 1}",9,37
605,25,5,1,63332.0,11,11,3,"{""TOMATO"": 5, ""STRAWBERRY"": 9, ""WHEAT"": 31, ""CARROT"": 16}","{""COW"": 8, ""SHEEP"": 3}",1,84
606,25,6,0,65457.0,11,11,4,"{""STRAWBERRY"": 16, ""WHEAT"": 19, ""CARROT"": 8, ""TOMATO"": 13, ""MELON"": 2}","{""GOOSE"": 12, ""COW"": 3, ""SHEEP"": 1}",9,34
606,25,6,1,63461.0,11,11,3,"{""TOMATO"": 5, ""STRAWBERRY"": 9, ""WHEAT"": 29, ""CARROT"": 16}","{""COW"": 8, ""SHEEP"": 3}",1,82
607,25,7,0,65457.0,11,11,4,"{""STRAWBERRY"": 16, ""WHEAT"": 20, ""CARROT"": 8, ""TOMATO"": 13, ""MELON"": 2}","{""GOOSE"": 12, ""COW"": 3, ""SHEEP"": 1}",9,34
607,25,7,1,63559.0,11,11,3,"{""TOMATO"": 5, ""STRAWBERRY"": 9, ""WHEAT"": 29, ""CARROT"": 16}","{""COW"": 8, ""SHEEP"": 3}",1,79
608,25,8,0,65457.0,11,11,4,"{""STRAWBERRY"": 16, ""WHEAT"": 20, ""CARROT"": 8, ""TOMATO"": 13, ""MELON"": 2}","{""GOOSE"": 12, ""COW"": 3, ""SHEEP"": 1}",9,34
608,25,8,1,63549.0,11,11,3,"{""TOMATO"": 5, ""STRAWBERRY"": 9, ""WHEAT"": 31, ""CARROT"": 16}","{""COW"": 8, ""SHEEP"": 3}",1,79
609,25,9,0,65457.0,11,11,4,"{""STRAWBERRY"": 16, ""WHEAT"": 21, ""CARROT"": 8, ""TOMATO"": 13, ""MELON"": 2}","{""GOOSE"": 12, ""COW"": 3, ""SHEEP"": 1}",9,34
609,25,9,1,63539.0,11,11,3,"{""TOMATO"": 5, ""STRAWBERRY"": 9, ""WHEAT"": 31, ""CARROT"": 16}","{""COW"": 8, ""SHEEP"": 3}",1,79
610,25,10,0,65457.0,11,11,4,"{""STRAWBERRY"": 16, ""WHEAT"": 20, ""CARROT"": 8, ""TOMATO"": 13, ""MELON"": 2}","{""GOOSE"": 12, ""COW"": 3, ""SHEEP"": 1}",8,34
610,25,10,1,63673.0,11,11,3,"{""TOMATO"": 5, ""STRAWBERRY"": 9, ""WHEAT"": 31, ""CARROT"": 16}","{""COW"": 8, ""SHEEP"": 3}",1,77
611,25,11,0,65457.0,11,11,4,"{""STRAWBERRY"": 16, ""WHEAT"": 20, ""CARROT"": 8, ""TOMATO"": 13, ""MELON"": 2}","{""GOOSE"": 12, ""COW"": 3, ""SHEEP"": 1}",8,34
611,25,11,1,63673.0,11,11,3,"{""TOMATO"": 5, ""STRAWBERRY"": 9, ""WHEAT"": 30, ""CARROT"": 15}","{""COW"": 8, ""SHEEP"": 3}",1,77
612,25,12,0,65457.0,11,11,4,"{""STRAWBERRY"": 16, ""WHEAT"": 19, ""CARROT"": 8, ""TOMATO"": 13, ""MELON"": 2}","{""GOOSE"": 12, ""COW"": 3, ""SHEEP"": 1}",8,34
612,25,12,1,63735.0,11,11,3,"{""TOMATO"": 5, ""STRAWBERRY"": 9, ""WHEAT"": 29, ""CARROT"": 15}","{""COW"": 8, ""SHEEP"": 3}",1,75
613,25,13,0,65457.0,11,11,4,"{""STRAWBERRY"": 16, ""WHEAT"": 19, ""CARROT"": 8, ""TOMATO"": 13, ""MELON"": 2}","{""GOOSE"": 12, ""COW"": 3, ""SHEEP"": 1}",8,34
613,25,13,1,63761.0,11,11,3,"{""TOMATO"": 5, ""STRAWBERRY"": 9, ""WHEAT"": 30, ""CARROT"": 16}","{""COW"": 8, ""SHEEP"": 3}",1,74
614,25,14,0,65457.0,11,11,4,"{""STRAWBERRY"": 16, ""WHEAT"": 19, ""CARROT"": 8, ""TOMATO"": 13, ""MELON"": 2}","{""GOOSE"": 12, ""COW"": 3, ""SHEEP"": 1}",8,34
614,25,14,1,63769.0,11,11,3,"{""TOMATO"": 5, ""STRAWBERRY"": 9, ""WHEAT"": 30, ""CARROT"": 17}","{""COW"": 8, ""SHEEP"": 3}",1,72
615,25,15,0,65457.0,11,11,4,"{""STRAWBERRY"": 16, ""WHEAT"": 20, ""CARROT"": 8, ""TOMATO"": 13, ""MELON"": 2}","{""GOOSE"": 12, ""COW"": 3, ""SHEEP"": 1}",8,34
615,25,15,1,63769.0,11,11,3,"{""TOMATO"": 5, ""STRAWBERRY"": 9, ""WHEAT"": 30, ""CARROT"": 17}","{""COW"": 8, ""SHEEP"": 3}",1,72
616,25,16,0,65457.0,11,11,4,"{""STRAWBERRY"": 16, ""WHEAT"": 19, ""CARROT"": 8, ""TOMATO"": 13, ""MELON"": 2}","{""GOOSE"": 12, ""COW"": 3, ""SHEEP"": 1}",8,34
616,25,16,1,63769.0,11,11,3,"{""TOMATO"": 5, ""STRAWBERRY"": 9, ""WHEAT"": 30, ""CARROT"": 16}","{""COW"": 8, ""SHEEP"": 3}",1,72
617,25,17,0,65457.0,11,11,4,"{""STRAWBERRY"": 16, ""WHEAT"": 19, ""CARROT"": 8, ""TOMATO"": 13, ""MELON"": 2}","{""GOOSE"": 12, ""COW"": 3, ""SHEEP"": 1}",8,34
617,25,17,1,63769.0,11,11,3,"{""TOMATO"": 5, ""STRAWBERRY"": 9, ""WHEAT"": 29, ""CARROT"": 16}","{""COW"": 8, ""SHEEP"": 3}",1,72
618,25,18,0,65457.0,11,11,4,"{""STRAWBERRY"": 16, ""WHEAT"": 19, ""CARROT"": 8, ""TOMATO"": 13, ""MELON"": 2}","{""GOOSE"": 12, ""COW"": 3, ""SHEEP"": 1}",8,34
618,25,18,1,64045.0,11,11,3,"{""TOMATO"": 5, ""STRAWBERRY"": 9, ""WHEAT"": 30, ""CARROT"": 16}","{""COW"": 8, ""SHEEP"": 3}",1,68
619,25,19,0,65457.0,11,11,4,"{""STRAWBERRY"": 16, ""CARROT"": 8, ""WHEAT"": 16, ""TOMATO"": 13, ""MELON"": 2}","{""GOOSE"": 12, ""COW"": 3, ""SHEEP"": 1}",8,34
619,25,19,1,64045.0,11,11,3,"{""TOMATO"": 5, ""STRAWBERRY"": 9, ""WHEAT"": 30, ""CARROT"": 17}","{""COW"": 8, ""SHEEP"": 3}",1,79
620,25,20,0,65457.0,11,11,4,"{""STRAWBERRY"": 16, ""CARROT"": 8, ""WHEAT"": 17, ""TOMATO"": 13, ""MELON"": 2}","{""GOOSE"": 12, ""COW"": 3, ""SHEEP"": 1}",8,34
620,25,20,1,64225.0,11,11,3,"{""TOMATO"": 5, ""STRAWBERRY"": 9, ""WHEAT"": 29, ""CARROT"": 16}","{""COW"": 8, ""SHEEP"": 3}",1,74
621,25,21,0,65457.0,11,11,4,"{""STRAWBERRY"": 16, ""CARROT"": 8, ""WHEAT"": 17, ""TOMATO"": 13, ""MELON"": 2}","{""GOOSE"": 12, ""COW"": 3, ""SHEEP"": 1}",8,34
621,25,21,1,64225.0,11,11,3,"{""TOMATO"": 5, ""STRAWBERRY"": 9, ""WHEAT"": 29, ""CARROT"": 18}","{""COW"": 8, ""SHEEP"": 3}",1,74
622,25,22,0,67335.0,11,11,4,"{""WHEAT"": 17, ""STRAWBERRY"": 16, ""CARROT"": 8, ""TOMATO"": 13, ""MELON"": 2}","{""GOOSE"": 12, ""COW"": 3, ""SHEEP"": 1}",8,0
622,25,22,1,64479.0,11,11,3,"{""TOMATO"": 5, ""STRAWBERRY"": 9, ""WHEAT"": 29, ""CARROT"": 18}","{""COW"": 8, ""SHEEP"": 3}",1,79
623,25,23,0,67335.0,11,11,4,"{""WHEAT"": 19, ""STRAWBERRY"": 16, ""CARROT"": 8, ""TOMATO"": 13, ""MELON"": 2}","{""GOOSE"": 12, ""COW"": 3, ""SHEEP"": 1}",8,0
623,25,23,1,65922.0,11,11,3,"{""TOMATO"": 5, ""STRAWBERRY"": 9, ""WHEAT"": 29, ""CARROT"": 18}","{""COW"": 8, ""SHEEP"": 3}",1,57
624,26,0,0,67335.0,0,0,4,"{""WHEAT"": 18, ""STRAWBERRY"": 16, ""CARROT"": 8, ""TOMATO"": 13, ""MELON"": 2}","{""GOOSE"": 12, ""COW"": 3}",8,99
624,26,0,1,66390.0,0,0,3,"{""TOMATO"": 5, ""STRAWBERRY"": 9, ""WHEAT"": 29, ""CARROT"": 18}","{""COW"": 8, ""SHEEP"": 3}",1,79
625,26,1,0,72207.0,4,4,4,"{""WHEAT"": 18, ""STRAWBERRY"": 15, ""CARROT"": 8, ""TOMATO"": 13, ""MELON"": 2}","{""GOOSE"": 12, ""COW"": 3}",9,17
625,26,1,1,66680.0,8,8,3,"{""TOMATO"": 5, ""STRAWBERRY"": 9, ""WHEAT"": 29, ""CARROT"": 18}","{""COW"": 8, ""SHEEP"": 3}",1,72
626,26,2,0,71982.0,11,11,4,"{""WHEAT"": 18, ""STRAWBERRY"": 15, ""CARROT"": 8, ""TOMATO"": 13, ""MELON"": 2}","{""GOOSE"": 12, ""COW"": 3}",9,6
626,26,2,1,66090.0,11,11,3,"{""TOMATO"": 5, ""STRAWBERRY"": 9, ""WHEAT"": 29, ""CARROT"": 18}","{""COW"": 8, ""SHEEP"": 3}",1,80
627,26,3,0,71982.0,11,11,4,"{""WHEAT"": 18, ""STRAWBERRY"": 15, ""CARROT"": 8, ""TOMATO"": 13, ""MELON"": 2}","{""GOOSE"": 12, ""COW"": 3}",9,0
627,26,3,1,66332.0,11,11,3,"{""TOMATO"": 5, ""STRAWBERRY"": 9, ""WHEAT"": 29, ""CARROT"": 18}","{""COW"": 8, ""SHEEP"": 3}",1,75
628,26,4,0,71982.0,11,11,4,"{""WHEAT"": 19, ""STRAWBERRY"": 15, ""CARROT"": 8, ""TOMATO"": 13, ""MELON"": 2}","{""GOOSE"": 12, ""COW"": 3}",9,0
628,26,4,1,66332.0,11,11,3,"{""TOMATO"": 5, ""STRAWBERRY"": 9, ""WHEAT"": 29, ""CARROT"": 18}","{""COW"": 8, ""SHEEP"": 3}",1,75
629,26,5,0,71982.0,11,11,4,"{""WHEAT"": 19, ""STRAWBERRY"": 15, ""CARROT"": 9, ""TOMATO"": 13, ""MELON"": 2}","{""GOOSE"": 12, ""COW"": 3}",9,0
629,26,5,1,66332.0,11,11,3,"{""TOMATO"": 5, ""STRAWBERRY"": 9, ""WHEAT"": 29, ""CARROT"": 18}","{""COW"": 8, ""SHEEP"": 3}",1,75
630,26,6,0,71982.0,11,11,4,"{""WHEAT"": 19, ""STRAWBERRY"": 15, ""CARROT"": 9, ""TOMATO"": 13, ""MELON"": 2}","{""GOOSE"": 12, ""COW"": 3}",9,0
630,26,6,1,66391.0,11,11,3,"{""TOMATO"": 5, ""STRAWBERRY"": 9, ""WHEAT"": 27, ""CARROT"": 18}","{""COW"": 8, ""SHEEP"": 3}",1,74
631,26,7,0,71982.0,11,11,4,"{""WHEAT"": 19, ""STRAWBERRY"": 15, ""CARROT"": 9, ""TOMATO"": 13, ""MELON"": 2}","{""GOOSE"": 12, ""COW"": 3}",9,0
631,26,7,1,66517.0,11,11,3,"{""TOMATO"": 5, ""STRAWBERRY"": 9, ""WHEAT"": 28, ""CARROT"": 17}","{""COW"": 8, ""SHEEP"": 3}",1,77
632,26,8,0,71982.0,11,11,4,"{""WHEAT"": 20, ""STRAWBERRY"": 15, ""CARROT"": 9, ""TOMATO"": 13, ""MELON"": 2}","{""GOOSE"": 12, ""COW"": 3}",8,0
632,26,8,1,66642.0,11,11,3,"{""TOMATO"": 5, ""STRAWBERRY"": 9, ""WHEAT"": 29, ""CARROT"": 18}","{""COW"": 8, ""SHEEP"": 3}",1,73
633,26,9,0,71982.0,11,11,4,"{""WHEAT"": 21, ""STRAWBERRY"": 15, ""CARROT"": 10, ""TOMATO"": 13, ""MELON"": 2}","{""GOOSE"": 12, ""COW"": 3}",7,0
633,26,9,1,66642.0,11,11,3,"{""TOMATO"": 5, ""STRAWBERRY"": 9, ""WHEAT"": 29, ""CARROT"": 17}","{""COW"": 8, ""SHEEP"": 3}",1,73
634,26,10,0,71982.0,11,11,4,"{""WHEAT"": 21, ""STRAWBERRY"": 15, ""CARROT"": 11, ""TOMATO"": 13, ""MELON"": 2}","{""GOOSE"": 12, ""COW"": 3}",7,0
634,26,10,1,66642.0,11,11,3,"{""TOMATO"": 5, ""STRAWBERRY"": 9, ""WHEAT"": 29, ""CARROT"": 18}","{""COW"": 8, ""SHEEP"": 3}",1,73
635,26,11,0,71982.0,11,11,4,"{""WHEAT"": 21, ""STRAWBERRY"": 15, ""CARROT"": 10, ""TOMATO"": 13, ""MELON"": 2}","{""GOOSE"": 12, ""COW"": 3}",7,0
635,26,11,1,66642.0,11,11,3,"{""TOMATO"": 5, ""STRAWBERRY"": 9, ""WHEAT"": 28, ""CARROT"": 18}","{""COW"": 8, ""SHEEP"": 3}",1,80
636,26,12,0,71982.0,11,11,4,"{""WHEAT"": 21, ""STRAWBERRY"": 15, ""CARROT"": 10, ""TOMATO"": 13, ""MELON"": 2}","{""GOOSE"": 12, ""COW"": 3}",7,0
636,26,12,1,66632.0,11,11,3,"{""TOMATO"": 5, ""STRAWBERRY"": 9, ""WHEAT"": 29, ""CARROT"": 18}","{""COW"": 8, ""SHEEP"": 3}",1,80
637,26,13,0,71982.0,11,11,4,"{""WHEAT"": 21, ""STRAWBERRY"": 15, ""CARROT"": 11, ""TOMATO"": 13, ""MELON"": 2}","{""GOOSE"": 12, ""COW"": 3}",7,0
637,26,13,1,66502.0,11,11,3,"{""TOMATO"": 5, ""STRAWBERRY"": 9, ""WHEAT"": 28, ""CARROT"": 18}","{""COW"": 8, ""SHEEP"": 3}",1,80
638,26,14,0,71982.0,11,11,4,"{""WHEAT"": 21, ""STRAWBERRY"": 15, ""CARROT"": 11, ""TOMATO"": 13, ""MELON"": 2}","{""GOOSE"": 12, ""COW"": 3}",7,0
638,26,14,1,66502.0,11,11,3,"{""TOMATO"": 5, ""STRAWBERRY"": 9, ""WHEAT"": 28, ""CARROT"": 18}","{""COW"": 8, ""SHEEP"": 3}",1,80
639,26,15,0,71982.0,11,11,4,"{""WHEAT"": 21, ""STRAWBERRY"": 15, ""CARROT"": 11, ""TOMATO"": 13, ""MELON"": 2}","{""GOOSE"": 12, ""COW"": 3}",7,0
639,26,15,1,66502.0,11,11,3,"{""TOMATO"": 5, ""STRAWBERRY"": 9, ""WHEAT"": 28, ""CARROT"": 19}","{""COW"": 8, ""SHEEP"": 3}",1,80
640,26,16,0,71982.0,11,11,4,"{""WHEAT"": 21, ""STRAWBERRY"": 15, ""CARROT"": 12, ""TOMATO"": 13, ""MELON"": 2}","{""GOOSE"": 12, ""COW"": 3}",7,0
640,26,16,1,66502.0,11,11,3,"{""TOMATO"": 5, ""STRAWBERRY"": 9, ""WHEAT"": 26, ""CARROT"": 18}","{""COW"": 8, ""SHEEP"": 3}",1,80
641,26,17,0,71982.0,11,11,4,"{""WHEAT"": 22, ""STRAWBERRY"": 15, ""CARROT"": 12, ""TOMATO"": 13, ""MELON"": 2}","{""GOOSE"": 12, ""COW"": 3}",7,0
641,26,17,1,66502.0,11,11,3,"{""TOMATO"": 5, ""STRAWBERRY"": 9, ""WHEAT"": 26, ""CARROT"": 19}","{""COW"": 8, ""SHEEP"": 3}",1,80
642,26,18,0,71982.0,11,11,4,"{""WHEAT"": 22, ""STRAWBERRY"": 15, ""CARROT"": 12, ""TOMATO"": 13, ""MELON"": 2}","{""GOOSE"": 12, ""COW"": 3}",7,0
642,26,18,1,66502.0,11,11,3,"{""TOMATO"": 5, ""STRAWBERRY"": 9, ""WHEAT"": 26, ""CARROT"": 21}","{""COW"": 8, ""SHEEP"": 3}",1,80
643,26,19,0,71982.0,11,11,4,"{""WHEAT"": 23, ""STRAWBERRY"": 15, ""CARROT"": 12, ""TOMATO"": 13, ""MELON"": 2}","{""GOOSE"": 12, ""COW"": 3}",7,0
643,26,19,1,66502.0,11,11,3,"{""TOMATO"": 5, ""STRAWBERRY"": 9, ""CARROT"": 21, ""WHEAT"": 25}","{""COW"": 8, ""SHEEP"": 3}",1,80
644,26,20,0,71982.0,11,11,4,"{""WHEAT"": 24, ""STRAWBERRY"": 15, ""CARROT"": 11, ""TOMATO"": 13, ""MELON"": 2}","{""GOOSE"": 12, ""COW"": 3}",7,0
644,26,20,1,66578.0,11,11,3,"{""TOMATO"": 5, ""STRAWBERRY"": 9, ""CARROT"": 22, ""WHEAT"": 24}","{""COW"": 8, ""SHEEP"": 3}",1,78
645,26,21,0,71982.0,11,11,4,"{""WHEAT"": 24, ""STRAWBERRY"": 15, ""CARROT"": 11, ""TOMATO"": 13, ""MELON"": 2}","{""GOOSE"": 12, ""COW"": 3}",7,0
645,26,21,1,66578.0,11,11,3,"{""TOMATO"": 5, ""STRAWBERRY"": 9, ""CARROT"": 23, ""WHEAT"": 23}","{""COW"": 8, ""SHEEP"": 3}",1,88
646,26,22,0,71982.0,11,11,4,"{""WHEAT"": 24, ""STRAWBERRY"": 15, ""CARROT"": 11, ""TOMATO"": 13, ""MELON"": 2}","{""GOOSE"": 12, ""COW"": 3}",7,0
646,26,22,1,67255.0,11,11,3,"{""TOMATO"": 5, ""STRAWBERRY"": 9, ""CARROT"": 24, ""WHEAT"": 23}","{""COW"": 8, ""SHEEP"": 3}",1,78
647,26,23,0,71982.0,11,11,4,"{""WHEAT"": 25, ""STRAWBERRY"": 15, ""CARROT"": 11, ""TOMATO"": 13, ""MELON"": 2}","{""GOOSE"": 12, ""COW"": 3}",7,0
647,26,23,1,69362.0,11,11,3,"{""TOMATO"": 5, ""STRAWBERRY"": 9, ""CARROT"": 24, ""WHEAT"": 23}","{""COW"": 8, ""SHEEP"": 3}",1,49
648,27,0,0,71982.0,0,0,4,"{""WHEAT"": 25, ""STRAWBERRY"": 15, ""CARROT"": 11, ""TOMATO"": 13, ""MELON"": 2}","{""GOOSE"": 12, ""COW"": 3}",7,100
648,27,0,1,69985.0,0,0,3,"{""TOMATO"": 5, ""STRAWBERRY"": 9, ""CARROT"": 24, ""WHEAT"": 23}","{""COW"": 8, ""SHEEP"": 3}",1,96
649,27,1,0,75794.0,5,5,4,"{""WHEAT"": 25, ""STRAWBERRY"": 15, ""CARROT"": 11, ""TOMATO"": 13, ""MELON"": 2}","{""GOOSE"": 12, ""COW"": 3}",7,49
649,27,1,1,70340.0,8,8,3,"{""TOMATO"": 5, ""STRAWBERRY"": 9, ""CARROT"": 24, ""WHEAT"": 23}","{""COW"": 8, ""SHEEP"": 3}",1,90
650,27,2,0,75795.0,11,11,4,"{""WHEAT"": 25, ""STRAWBERRY"": 15, ""CARROT"": 11, ""TOMATO"": 13, ""MELON"": 2}","{""GOOSE"": 12, ""COW"": 3}",7,40
650,27,2,1,70219.0,11,11,3,"{""TOMATO"": 5, ""STRAWBERRY"": 9, ""CARROT"": 24, ""WHEAT"": 23}","{""COW"": 8, ""SHEEP"": 3}",1,81
651,27,3,0,75795.0,11,11,4,"{""WHEAT"": 25, ""STRAWBERRY"": 15, ""CARROT"": 11, ""TOMATO"": 13, ""MELON"": 2}","{""GOOSE"": 12, ""COW"": 3}",7,38
651,27,3,1,70767.0,11,11,3,"{""TOMATO"": 4, ""STRAWBERRY"": 9, ""CARROT"": 24, ""WHEAT"": 23}","{""COW"": 8, ""SHEEP"": 3}",2,66
652,27,4,0,75795.0,11,11,4,"{""WHEAT"": 24, ""STRAWBERRY"": 15, ""CARROT"": 11, ""TOMATO"": 13, ""MELON"": 2}","{""GOOSE"": 12, ""COW"": 3}",7,38
652,27,4,1,70767.0,11,11,3,"{""TOMATO"": 4, ""STRAWBERRY"": 9, ""CARROT"": 24, ""WHEAT"": 23}","{""COW"": 8, ""SHEEP"": 3}",2,72
653,27,5,0,75795.0,11,11,4,"{""WHEAT"": 24, ""STRAWBERRY"": 15, ""CARROT"": 9, ""TOMATO"": 13, ""MELON"": 2}","{""GOOSE"": 12, ""COW"": 3}",7,38
653,27,5,1,70767.0,11,11,3,"{""TOMATO"": 4, ""STRAWBERRY"": 9, ""CARROT"": 24, ""WHEAT"": 21}","{""COW"": 8, ""SHEEP"": 3}",2,70
654,27,6,0,75795.0,11,11,4,"{""WHEAT"": 26, ""STRAWBERRY"": 15, ""CARROT"": 9, ""TOMATO"": 13, ""MELON"": 2}","{""GOOSE"": 12, ""COW"": 3}",6,38
654,27,6,1,70843.0,11,11,3,"{""TOMATO"": 4, ""STRAWBERRY"": 9, ""CARROT"": 26, ""WHEAT"": 20}","{""COW"": 8, ""SHEEP"": 3}",2,69
655,27,7,0,75795.0,11,11,4,"{""WHEAT"": 26, ""STRAWBERRY"": 15, ""CARROT"": 9, ""TOMATO"": 13, ""MELON"": 2}","{""GOOSE"": 12, ""COW"": 3}",6,38
655,27,7,1,70843.0,11,11,3,"{""TOMATO"": 4, ""STRAWBERRY"": 9, ""CARROT"": 26, ""WHEAT"": 21}","{""COW"": 8, ""SHEEP"": 3}",2,69
656,27,8,0,75795.0,11,11,4,"{""WHEAT"": 27, ""STRAWBERRY"": 15, ""CARROT"": 9, ""TOMATO"": 13, ""MELON"": 2}","{""GOOSE"": 12, ""COW"": 3}",6,38
656,27,8,1,70843.0,11,11,3,"{""TOMATO"": 4, ""STRAWBERRY"": 9, ""CARROT"": 26, ""WHEAT"": 21}","{""COW"": 8, ""SHEEP"": 3}",2,69
657,27,9,0,75795.0,11,11,4,"{""WHEAT"": 25, ""STRAWBERRY"": 15, ""CARROT"": 9, ""TOMATO"": 13, ""MELON"": 2}","{""GOOSE"": 12, ""COW"": 3}",6,38
657,27,9,1,70843.0,11,11,3,"{""TOMATO"": 4, ""STRAWBERRY"": 9, ""CARROT"": 26, ""WHEAT"": 21}","{""COW"": 8, ""SHEEP"": 3}",2,69
658,27,10,0,75795.0,11,11,4,"{""WHEAT"": 24, ""STRAWBERRY"": 15, ""CARROT"": 10, ""TOMATO"": 13, ""MELON"": 2}","{""GOOSE"": 12, ""COW"": 3}",6,38
658,27,10,1,71001.0,11,11,3,"{""TOMATO"": 4, ""STRAWBERRY"": 9, ""CARROT"": 26, ""WHEAT"": 21}","{""COW"": 8, ""SHEEP"": 3}",2,67
659,27,11,0,75795.0,11,11,4,"{""WHEAT"": 25, ""STRAWBERRY"": 15, ""CARROT"": 10, ""TOMATO"": 13, ""MELON"": 2}","{""GOOSE"": 12, ""COW"": 3}",6,38
659,27,11,1,71510.0,11,11,3,"{""TOMATO"": 4, ""STRAWBERRY"": 9, ""CARROT"": 25, ""WHEAT"": 20}","{""COW"": 8, ""SHEEP"": 3}",2,53
660,27,12,0,75795.0,11,11,4,"{""WHEAT"": 25, ""STRAWBERRY"": 15, ""CARROT"": 10, ""TOMATO"": 13, ""MELON"": 2}","{""GOOSE"": 12, ""COW"": 3}",6,38
660,27,12,1,71510.0,11,11,3,"{""TOMATO"": 4, ""STRAWBERRY"": 9, ""CARROT"": 26, ""WHEAT"": 20}","{""COW"": 8, ""SHEEP"": 3}",2,53
661,27,13,0,75795.0,11,11,4,"{""WHEAT"": 24, ""STRAWBERRY"": 15, ""CARROT"": 10, ""TOMATO"": 13, ""MELON"": 2}","{""GOOSE"": 12, ""COW"": 3}",6,38
661,27,13,1,71510.0,11,11,3,"{""TOMATO"": 4, ""STRAWBERRY"": 9, ""CARROT"": 25, ""WHEAT"": 21}","{""COW"": 8, ""SHEEP"": 3}",2,53
662,27,14,0,76345.0,11,11,4,"{""WHEAT"": 26, ""STRAWBERRY"": 15, ""CARROT"": 10, ""TOMATO"": 13, ""MELON"": 2}","{""GOOSE"": 12, ""COW"": 3}",5,24
662,27,14,1,71500.0,11,11,3,"{""TOMATO"": 4, ""STRAWBERRY"": 9, ""CARROT"": 26, ""WHEAT"": 19}","{""COW"": 8, ""SHEEP"": 3}",2,53
663,27,15,0,76345.0,11,11,4,"{""WHEAT"": 26, ""STRAWBERRY"": 15, ""CARROT"": 9, ""TOMATO"": 13, ""MELON"": 2}","{""GOOSE"": 12, ""COW"": 3}",5,24
663,27,15,1,71500.0,11,11,3,"{""TOMATO"": 4, ""STRAWBERRY"": 9, ""CARROT"": 26, ""WHEAT"": 20}","{""COW"": 8, ""SHEEP"": 3}",2,53
664,27,16,0,76345.0,11,11,4,"{""WHEAT"": 26, ""STRAWBERRY"": 15, ""CARROT"": 9, ""TOMATO"": 13, ""MELON"": 2}","{""GOOSE"": 12, ""COW"": 3}",5,24
664,27,16,1,71500.0,11,11,3,"{""TOMATO"": 4, ""STRAWBERRY"": 9, ""CARROT"": 26, ""WHEAT"": 21}","{""COW"": 8, ""SHEEP"": 3}",2,53
665,27,17,0,76345.0,11,11,4,"{""WHEAT"": 28, ""STRAWBERRY"": 15, ""CARROT"": 9, ""TOMATO"": 13, ""MELON"": 2}","{""GOOSE"": 12, ""COW"": 3}",5,24
665,27,17,1,71500.0,11,11,3,"{""TOMATO"": 4, ""STRAWBERRY"": 9, ""CARROT"": 26, ""WHEAT"": 21}","{""COW"": 8, ""SHEEP"": 3}",2,66
666,27,18,0,76345.0,11,11,4,"{""WHEAT"": 29, ""STRAWBERRY"": 15, ""CARROT"": 9, ""TOMATO"": 13, ""MELON"": 2}","{""GOOSE"": 12, ""COW"": 3}",4,24
666,27,18,1,72104.0,11,11,3,"{""TOMATO"": 4, ""STRAWBERRY"": 9, ""CARROT"": 26, ""WHEAT"": 21}","{""COW"": 8, ""SHEEP"": 3}",2,53
667,27,19,0,76345.0,11,11,4,"{""WHEAT"": 30, ""STRAWBERRY"": 15, ""CARROT"": 9, ""TOMATO"": 13, ""MELON"": 2}","{""GOOSE"": 12, ""COW"": 3}",4,24
667,27,19,1,72104.0,11,11,3,"{""TOMATO"": 4, ""STRAWBERRY"": 8, ""CARROT"": 25, ""WHEAT"": 20}","{""COW"": 8, ""SHEEP"": 3}",2,56
668,27,20,0,76345.0,11,11,4,"{""WHEAT"": 31, ""STRAWBERRY"": 15, ""CARROT"": 9, ""TOMATO"": 13, ""MELON"": 2}","{""GOOSE"": 12, ""COW"": 3}",4,24
668,27,20,1,72104.0,11,11,3,"{""TOMATO"": 4, ""STRAWBERRY"": 8, ""CARROT"": 23, ""WHEAT"": 19}","{""COW"": 8, ""SHEEP"": 3}",2,56
669,27,21,0,76345.0,11,11,4,"{""WHEAT"": 31, ""STRAWBERRY"": 15, ""CARROT"": 9, ""TOMATO"": 13, ""MELON"": 2}","{""GOOSE"": 12, ""COW"": 3}",4,24
669,27,21,1,72104.0,11,11,3,"{""TOMATO"": 4, ""STRAWBERRY"": 8, ""CARROT"": 23, ""WHEAT"": 19}","{""COW"": 8, ""SHEEP"": 3}",2,56
670,27,22,0,77689.0,11,11,4,"{""WHEAT"": 32, ""STRAWBERRY"": 15, ""CARROT"": 9, ""TOMATO"": 13, ""MELON"": 2}","{""GOOSE"": 12, ""COW"": 3}",4,0
670,27,22,1,72366.0,11,11,3,"{""TOMATO"": 4, ""STRAWBERRY"": 8, ""CARROT"": 22, ""WHEAT"": 19}","{""COW"": 8, ""SHEEP"": 3}",2,56
671,27,23,0,77689.0,11,11,4,"{""WHEAT"": 33, ""STRAWBERRY"": 15, ""CARROT"": 9, ""TOMATO"": 13, ""MELON"": 2}","{""GOOSE"": 12, ""COW"": 3}",4,0
671,27,23,1,73894.0,11,11,3,"{""TOMATO"": 4, ""STRAWBERRY"": 8, ""CARROT"": 22, ""WHEAT"": 19}","{""COW"": 8, ""SHEEP"": 3}",2,45
672,28,0,0,78705.0,0,0,4,"{""WHEAT"": 33, ""STRAWBERRY"": 15, ""CARROT"": 9, ""TOMATO"": 13, ""MELON"": 2}","{""GOOSE"": 12, ""COW"": 3}",4,96
672,28,0,1,74958.0,0,0,3,"{""TOMATO"": 4, ""STRAWBERRY"": 8, ""CARROT"": 22, ""WHEAT"": 19}","{""COW"": 8, ""SHEEP"": 1}",2,99
673,28,1,0,81896.0,7,7,4,"{""WHEAT"": 33, ""STRAWBERRY"": 12, ""CARROT"": 9, ""TOMATO"": 13, ""MELON"": 2}","{""GOOSE"": 12, ""COW"": 3}",7,53
673,28,1,1,76047.0,8,8,3,"{""TOMATO"": 4, ""STRAWBERRY"": 8, ""CARROT"": 22, ""WHEAT"": 19}","{""COW"": 8, ""SHEEP"": 1}",2,67
674,28,2,0,82208.0,7,7,4,"{""WHEAT"": 33, ""STRAWBERRY"": 12, ""CARROT"": 9, ""TOMATO"": 13, ""MELON"": 2}","{""GOOSE"": 12, ""COW"": 3}",7,39
674,28,2,1,76034.0,10,10,3,"{""TOMATO"": 4, ""STRAWBERRY"": 8, ""CARROT"": 22, ""WHEAT"": 19}","{""COW"": 8, ""SHEEP"": 1}",2,64
675,28,3,0,82208.0,7,7,4,"{""WHEAT"": 32, ""STRAWBERRY"": 12, ""CARROT"": 9, ""TOMATO"": 13, ""MELON"": 2}","{""GOOSE"": 12, ""COW"": 3}",7,39
675,28,3,1,76601.0,10,10,3,"{""TOMATO"": 4, ""STRAWBERRY"": 8, ""CARROT"": 22, ""WHEAT"": 19}","{""COW"": 8, ""SHEEP"": 1}",2,51
676,28,4,0,82208.0,7,7,4,"{""WHEAT"": 31, ""STRAWBERRY"": 12, ""CARROT"": 8, ""TOMATO"": 13, ""MELON"": 2}","{""GOOSE"": 12, ""COW"": 3}",7,39
676,28,4,1,76601.0,10,10,3,"{""TOMATO"": 4, ""STRAWBERRY"": 8, ""CARROT"": 22, ""WHEAT"": 19}","{""COW"": 8, ""SHEEP"": 1}",2,51
677,28,5,0,82208.0,7,7,4,"{""WHEAT"": 31, ""STRAWBERRY"": 12, ""CARROT"": 8, ""TOMATO"": 13, ""MELON"": 2}","{""GOOSE"": 12, ""COW"": 3}",7,39
677,28,5,1,76601.0,10,10,3,"{""TOMATO"": 4, ""STRAWBERRY"": 8, ""CARROT"": 22, ""WHEAT"": 18}","{""COW"": 8, ""SHEEP"": 1}",2,52
678,28,6,0,82574.0,7,7,4,"{""WHEAT"": 31, ""STRAWBERRY"": 12, ""CARROT"": 8, ""TOMATO"": 13, ""MELON"": 2}","{""GOOSE"": 12, ""COW"": 3}",7,34
678,28,6,1,76757.0,10,10,3,"{""TOMATO"": 4, ""STRAWBERRY"": 8, ""CARROT"": 22, ""WHEAT"": 17}","{""COW"": 8, ""SHEEP"": 1}",2,50
679,28,7,0,82574.0,7,7,4,"{""WHEAT"": 31, ""STRAWBERRY"": 12, ""CARROT"": 8, ""TOMATO"": 13, ""MELON"": 2}","{""GOOSE"": 12, ""COW"": 3}",7,34
679,28,7,1,76757.0,10,10,3,"{""TOMATO"": 4, ""STRAWBERRY"": 8, ""CARROT"": 22, ""WHEAT"": 17}","{""COW"": 8, ""SHEEP"": 1}",2,50
680,28,8,0,82574.0,7,7,4,"{""WHEAT"": 30, ""STRAWBERRY"": 12, ""CARROT"": 8, ""TOMATO"": 13, ""MELON"": 2}","{""GOOSE"": 12, ""COW"": 3}",7,34
680,28,8,1,76757.0,10,10,3,"{""TOMATO"": 4, ""STRAWBERRY"": 8, ""CARROT"": 22, ""WHEAT"": 15}","{""COW"": 8, ""SHEEP"": 1}",2,50
681,28,9,0,82574.0,7,7,4,"{""WHEAT"": 29, ""STRAWBERRY"": 12, ""CARROT"": 8, ""TOMATO"": 13, ""MELON"": 2}","{""GOOSE"": 12, ""COW"": 3}",7,34
681,28,9,1,76757.0,10,10,3,"{""TOMATO"": 4, ""STRAWBERRY"": 8, ""CARROT"": 21, ""WHEAT"": 15}","{""COW"": 8, ""SHEEP"": 1}",2,50
682,28,10,0,82574.0,7,7,4,"{""WHEAT"": 29, ""STRAWBERRY"": 12, ""CARROT"": 8, ""TOMATO"": 13, ""MELON"": 2}","{""GOOSE"": 12, ""COW"": 3}",7,34
682,28,10,1,76757.0,10,10,3,"{""TOMATO"": 4, ""STRAWBERRY"": 8, ""CARROT"": 21, ""WHEAT"": 15}","{""COW"": 8, ""SHEEP"": 1}",2,50
683,28,11,0,82574.0,7,7,4,"{""WHEAT"": 29, ""STRAWBERRY"": 12, ""CARROT"": 8, ""TOMATO"": 13, ""MELON"": 2}","{""GOOSE"": 12, ""COW"": 3}",7,34
683,28,11,1,76757.0,10,10,3,"{""TOMATO"": 4, ""STRAWBERRY"": 8, ""CARROT"": 19, ""WHEAT"": 14}","{""COW"": 8, ""SHEEP"": 1}",2,50
684,28,12,0,82574.0,7,7,4,"{""WHEAT"": 29, ""STRAWBERRY"": 12, ""CARROT"": 8, ""TOMATO"": 13, ""MELON"": 2}","{""GOOSE"": 12, ""COW"": 3}",7,34
684,28,12,1,76757.0,10,10,3,"{""TOMATO"": 4, ""STRAWBERRY"": 8, ""CARROT"": 18, ""WHEAT"": 14}","{""COW"": 8, ""SHEEP"": 1}",2,50
685,28,13,0,82574.0,7,7,4,"{""WHEAT"": 29, ""STRAWBERRY"": 12, ""CARROT"": 8, ""TOMATO"": 13, ""MELON"": 2}","{""GOOSE"": 12, ""COW"": 3}",7,34
685,28,13,1,76757.0,10,10,3,"{""TOMATO"": 4, ""STRAWBERRY"": 8, ""CARROT"": 17, ""WHEAT"": 14}","{""COW"": 8, ""SHEEP"": 1}",2,50
686,28,14,0,82822.0,7,7,4,"{""WHEAT"": 29, ""STRAWBERRY"": 12, ""CARROT"": 8, ""TOMATO"": 13, ""MELON"": 2}","{""GOOSE"": 12, ""COW"": 3}",7,30
686,28,14,1,76757.0,10,10,3,"{""TOMATO"": 4, ""STRAWBERRY"": 8, ""CARROT"": 17, ""WHEAT"": 13}","{""COW"": 8, ""SHEEP"": 1}",2,50
687,28,15,0,82822.0,7,7,4,"{""WHEAT"": 29, ""STRAWBERRY"": 12, ""CARROT"": 8, ""TOMATO"": 13, ""MELON"": 2}","{""GOOSE"": 12, ""COW"": 3}",7,30
687,28,15,1,76757.0,10,10,3,"{""TOMATO"": 4, ""STRAWBERRY"": 8, ""CARROT"": 15, ""WHEAT"": 13}","{""COW"": 8, ""SHEEP"": 1}",2,50
688,28,16,0,82822.0,7,7,4,"{""WHEAT"": 28, ""STRAWBERRY"": 12, ""CARROT"": 8, ""TOMATO"": 13, ""MELON"": 2}","{""GOOSE"": 12, ""COW"": 3}",7,30
688,28,16,1,76757.0,10,10,3,"{""TOMATO"": 4, ""STRAWBERRY"": 8, ""CARROT"": 14, ""WHEAT"": 13}","{""COW"": 8, ""SHEEP"": 1}",2,61
689,28,17,0,82822.0,7,7,4,"{""WHEAT"": 28, ""STRAWBERRY"": 12, ""CARROT"": 8, ""TOMATO"": 13, ""MELON"": 2}","{""GOOSE"": 12, ""COW"": 3}",7,30
689,28,17,1,77013.0,10,10,3,"{""TOMATO"": 4, ""STRAWBERRY"": 8, ""CARROT"": 14, ""WHEAT"": 12}","{""COW"": 8, ""SHEEP"": 1}",2,60
690,28,18,0,82822.0,7,7,4,"{""WHEAT"": 28, ""STRAWBERRY"": 12, ""CARROT"": 8, ""TOMATO"": 13, ""MELON"": 2}","{""GOOSE"": 12, ""COW"": 3}",7,30
690,28,18,1,77914.0,10,10,3,"{""TOMATO"": 4, ""STRAWBERRY"": 8, ""CARROT"": 13, ""WHEAT"": 11}","{""COW"": 8, ""SHEEP"": 1}",2,68
691,28,19,0,82822.0,7,7,4,"{""WHEAT"": 28, ""STRAWBERRY"": 12, ""CARROT"": 8, ""TOMATO"": 13, ""MELON"": 2}","{""GOOSE"": 12, ""COW"": 3}",7,30
691,28,19,1,79059.0,10,10,3,"{""TOMATO"": 4, ""STRAWBERRY"": 8, ""CARROT"": 12, ""WHEAT"": 11}","{""COW"": 8, ""SHEEP"": 1}",2,57
692,28,20,0,82822.0,7,7,4,"{""WHEAT"": 28, ""STRAWBERRY"": 12, ""CARROT"": 8, ""TOMATO"": 13, ""MELON"": 2}","{""GOOSE"": 12, ""COW"": 3}",7,30
692,28,20,1,79059.0,10,10,3,"{""TOMATO"": 4, ""STRAWBERRY"": 8, ""CARROT"": 11, ""WHEAT"": 11}","{""COW"": 8, ""SHEEP"": 1}",2,57
693,28,21,0,82822.0,7,7,4,"{""WHEAT"": 28, ""STRAWBERRY"": 12, ""CARROT"": 8, ""TOMATO"": 13, ""MELON"": 2}","{""GOOSE"": 12, ""COW"": 3}",7,30
693,28,21,1,79059.0,10,10,3,"{""TOMATO"": 4, ""STRAWBERRY"": 8, ""CARROT"": 11, ""WHEAT"": 11}","{""COW"": 8, ""SHEEP"": 1}",2,68
694,28,22,0,84417.0,7,7,4,"{""WHEAT"": 28, ""STRAWBERRY"": 12, ""CARROT"": 8, ""TOMATO"": 13, ""MELON"": 2}","{""GOOSE"": 12, ""COW"": 3}",7,0
694,28,22,1,80915.0,10,10,3,"{""TOMATO"": 4, ""STRAWBERRY"": 8, ""CARROT"": 8, ""WHEAT"": 10}","{""COW"": 8, ""SHEEP"": 1}",2,49
695,28,23,0,84417.0,7,7,4,"{""WHEAT"": 28, ""STRAWBERRY"": 12, ""CARROT"": 8, ""TOMATO"": 13, ""MELON"": 2}","{""GOOSE"": 12, ""COW"": 3}",7,0
695,28,23,1,82571.0,10,10,3,"{""TOMATO"": 4, ""STRAWBERRY"": 8, ""CARROT"": 7, ""WHEAT"": 10}","{""COW"": 8, ""SHEEP"": 1}",2,33
696,29,0,0,84417.0,0,0,4,"{""WHEAT"": 28, ""STRAWBERRY"": 12, ""CARROT"": 8, ""TOMATO"": 13, ""MELON"": 2}","{""GOOSE"": 12, ""COW"": 3}",7,100
696,29,0,1,82993.0,0,0,3,"{""TOMATO"": 4, ""STRAWBERRY"": 8, ""CARROT"": 7, ""WHEAT"": 10}","{""COW"": 8, ""SHEEP"": 1}",2,84
697,29,1,0,90859.0,9,9,4,"{""WHEAT"": 28, ""STRAWBERRY"": 9, ""CARROT"": 8, ""MELON"": 2}","{""GOOSE"": 12, ""COW"": 3}",23,68
697,29,1,1,83555.0,8,8,3,"{""TOMATO"": 3, ""STRAWBERRY"": 6, ""CARROT"": 7, ""WHEAT"": 10}","{""COW"": 8, ""SHEEP"": 1}",5,68
698,29,2,0,91934.0,9,9,4,"{""WHEAT"": 28, ""STRAWBERRY"": 9, ""CARROT"": 8, ""MELON"": 2}","{""GOOSE"": 12, ""COW"": 3}",23,40
698,29,2,1,83471.0,10,10,3,"{""TOMATO"": 3, ""STRAWBERRY"": 6, ""CARROT"": 7, ""WHEAT"": 10}","{""COW"": 8, ""SHEEP"": 1}",5,67
699,29,3,0,91934.0,9,9,4,"{""WHEAT"": 26, ""STRAWBERRY"": 9, ""CARROT"": 8, ""MELON"": 2}","{""GOOSE"": 12, ""COW"": 3}",23,40
699,29,3,1,83471.0,10,10,3,"{""TOMATO"": 3, ""STRAWBERRY"": 6, ""CARROT"": 7, ""WHEAT"": 10}","{""COW"": 8, ""SHEEP"": 1}",5,68
700,29,4,0,91934.0,9,9,4,"{""WHEAT"": 26, ""STRAWBERRY"": 9, ""CARROT"": 8, ""MELON"": 2}","{""GOOSE"": 12, ""COW"": 3}",23,40
700,29,4,1,83503.0,10,10,3,"{""TOMATO"": 3, ""STRAWBERRY"": 6, ""CARROT"": 7, ""WHEAT"": 10}","{""COW"": 8, ""SHEEP"": 1}",5,67
701,29,5,0,91934.0,9,9,4,"{""WHEAT"": 26, ""STRAWBERRY"": 9, ""CARROT"": 8, ""MELON"": 2}","{""GOOSE"": 12, ""COW"": 3}",23,40
701,29,5,1,83503.0,10,10,3,"{""TOMATO"": 3, ""STRAWBERRY"": 6, ""CARROT"": 7, ""WHEAT"": 10}","{""COW"": 8, ""SHEEP"": 1}",5,67
702,29,6,0,91934.0,9,9,4,"{""WHEAT"": 25, ""STRAWBERRY"": 9, ""CARROT"": 7, ""MELON"": 2}","{""GOOSE"": 12, ""COW"": 3}",23,40
702,29,6,1,83711.0,10,10,3,"{""TOMATO"": 3, ""STRAWBERRY"": 6, ""CARROT"": 6, ""WHEAT"": 9}","{""COW"": 8, ""SHEEP"": 1}",5,65
703,29,7,0,91934.0,9,9,4,"{""WHEAT"": 23, ""STRAWBERRY"": 9, ""CARROT"": 7, ""MELON"": 2}","{""GOOSE"": 12, ""COW"": 3}",23,40
703,29,7,1,83711.0,10,10,3,"{""TOMATO"": 3, ""STRAWBERRY"": 6, ""CARROT"": 6, ""WHEAT"": 8}","{""COW"": 8, ""SHEEP"": 1}",5,65
704,29,8,0,91934.0,9,9,4,"{""WHEAT"": 23, ""STRAWBERRY"": 9, ""CARROT"": 6, ""MELON"": 2}","{""GOOSE"": 12, ""COW"": 3}",23,40
704,29,8,1,83711.0,10,10,3,"{""TOMATO"": 3, ""STRAWBERRY"": 6, ""CARROT"": 6, ""WHEAT"": 6}","{""COW"": 8, ""SHEEP"": 1}",5,65
705,29,9,0,91934.0,9,9,4,"{""WHEAT"": 22, ""STRAWBERRY"": 9, ""CARROT"": 6, ""MELON"": 2}","{""GOOSE"": 12, ""COW"": 3}",23,40
705,29,9,1,83911.0,10,10,3,"{""TOMATO"": 3, ""STRAWBERRY"": 6, ""CARROT"": 6, ""WHEAT"": 3}","{""COW"": 8, ""SHEEP"": 1}",5,63
706,29,10,0,91934.0,9,9,4,"{""WHEAT"": 20, ""STRAWBERRY"": 9, ""CARROT"": 4, ""MELON"": 2}","{""GOOSE"": 12, ""COW"": 3}",23,40
706,29,10,1,84214.0,10,10,3,"{""TOMATO"": 3, ""STRAWBERRY"": 6, ""CARROT"": 6, ""WHEAT"": 3}","{""COW"": 8, ""SHEEP"": 1}",5,60
707,29,11,0,91934.0,9,9,4,"{""WHEAT"": 20, ""STRAWBERRY"": 9, ""CARROT"": 4, ""MELON"": 2}","{""GOOSE"": 12, ""COW"": 3}",23,40
707,29,11,1,85179.0,10,10,3,"{""TOMATO"": 3, ""STRAWBERRY"": 6, ""CARROT"": 5, ""WHEAT"": 1}","{""COW"": 8, ""SHEEP"": 1}",5,34
708,29,12,0,91934.0,9,9,4,"{""WHEAT"": 19, ""STRAWBERRY"": 9, ""CARROT"": 3, ""MELON"": 1}","{""GOOSE"": 12, ""COW"": 3}",23,40
708,29,12,1,85179.0,10,10,3,"{""TOMATO"": 3, ""STRAWBERRY"": 6, ""CARROT"": 4, ""WHEAT"": 1}","{""COW"": 8, ""SHEEP"": 1}",5,34
709,29,13,0,91934.0,9,9,4,"{""STRAWBERRY"": 9, ""WHEAT"": 18, ""CARROT"": 3, ""MELON"": 1}","{""GOOSE"": 12, ""COW"": 3}",23,40
709,29,13,1,85179.0,10,10,3,"{""TOMATO"": 3, ""STRAWBERRY"": 6, ""CARROT"": 2, ""WHEAT"": 1}","{""COW"": 8, ""SHEEP"": 1}",5,34
710,29,14,0,91934.0,9,9,4,"{""STRAWBERRY"": 9, ""WHEAT"": 17, ""CARROT"": 2}","{""GOOSE"": 12, ""COW"": 3}",23,40
710,29,14,1,85947.0,10,10,3,"{""TOMATO"": 3, ""STRAWBERRY"": 6, ""CARROT"": 1, ""WHEAT"": 1}","{""COW"": 8, ""SHEEP"": 1}",5,26
711,29,15,0,91934.0,9,9,4,"{""STRAWBERRY"": 9, ""WHEAT"": 14, ""CARROT"": 2}","{""GOOSE"": 12, ""COW"": 3}",23,40
711,29,15,1,85947.0,10,10,3,"{""TOMATO"": 3, ""STRAWBERRY"": 6, ""CARROT"": 1}","{""COW"": 8, ""SHEEP"": 1}",5,38
712,29,16,0,91934.0,9,9,4,"{""STRAWBERRY"": 9, ""WHEAT"": 12, ""CARROT"": 2}","{""GOOSE"": 12, ""COW"": 3}",23,40
712,29,16,1,86165.0,10,10,3,"{""TOMATO"": 3, ""STRAWBERRY"": 6, ""CARROT"": 1}","{""COW"": 8, ""SHEEP"": 1}",5,31
713,29,17,0,91934.0,9,9,4,"{""STRAWBERRY"": 9, ""WHEAT"": 12, ""CARROT"": 2}","{""GOOSE"": 12, ""COW"": 3}",23,40
713,29,17,1,86165.0,10,10,3,"{""TOMATO"": 3, ""STRAWBERRY"": 6, ""CARROT"": 1}","{""COW"": 8, ""SHEEP"": 1}",5,35
714,29,18,0,94069.0,9,9,4,"{""STRAWBERRY"": 9, ""WHEAT"": 11, ""CARROT"": 1}","{""GOOSE"": 12, ""COW"": 3}",23,0
714,29,18,1,92693.0,10,10,3,"{""TOMATO"": 3, ""STRAWBERRY"": 6, ""CARROT"": 1}","{""COW"": 8, ""SHEEP"": 1}",5,24
715,29,19,0,94069.0,9,9,4,"{""STRAWBERRY"": 9, ""WHEAT"": 11}","{""GOOSE"": 12, ""COW"": 3}",23,0
715,29,19,1,93432.0,10,10,3,"{""TOMATO"": 3, ""STRAWBERRY"": 6, ""CARROT"": 1}","{""COW"": 8, ""SHEEP"": 1}",5,8
716,29,20,0,94069.0,9,9,4,"{""STRAWBERRY"": 9, ""WHEAT"": 11}","{""GOOSE"": 12, ""COW"": 3}",23,0
716,29,20,1,93666.0,10,10,3,"{""TOMATO"": 3, ""STRAWBERRY"": 6, ""CARROT"": 1}","{""COW"": 8, ""SHEEP"": 1}",5,16
717,29,21,0,94069.0,9,9,4,"{""STRAWBERRY"": 9, ""WHEAT"": 11}","{""GOOSE"": 12, ""COW"": 3}",23,0
717,29,21,1,94456.0,10,10,3,"{""TOMATO"": 3, ""STRAWBERRY"": 6}","{""COW"": 8, ""SHEEP"": 1}",5,17
718,29,22,0,99355.0,9,9,4,"{""STRAWBERRY"": 9, ""WHEAT"": 11}","{""GOOSE"": 12, ""COW"": 3}",23,0
718,29,22,1,94905.0,10,10,3,"{""TOMATO"": 3, ""STRAWBERRY"": 6}","{""COW"": 8, ""SHEEP"": 1}",5,5
719,29,23,0,104058.0,9,9,4,"{""STRAWBERRY"": 9, ""WHEAT"": 11}","{""GOOSE"": 12, ""COW"": 3}",23,0
719,29,23,1,95090.0,10,10,3,"{""TOMATO"": 3, ""STRAWBERRY"": 6}","{""COW"": 8, ""SHEEP"": 1}",5,0
