step,day,hour,player,money,hands,hires_today,quadrants,plants,animals,weeds,shed_total
0,0,0,0,3000.0,0,0,1,{},{},0,0
0,0,0,1,3000.0,0,0,1,{},{},0,0
1,0,1,0,396.0,4,4,1,{},{},0,10
1,0,1,1,2467.0,0,0,1,{},{},0,6
2,0,2,0,326.0,6,6,1,{},{},0,9
2,0,2,1,588.0,4,4,1,{},{},0,8
3,0,3,0,268.0,6,6,1,"{""MELON"": 1}",{},0,11
3,0,3,1,617.0,4,4,1,{},{},0,4
4,0,4,0,4.0,6,6,1,"{""MELON"": 1}","{""COW"": 1}",0,20
4,0,4,1,457.0,4,4,1,{},"{""COW"": 1}",0,3
5,0,5,0,4.0,6,6,1,"{""MELON"": 1}","{""COW"": 1}",0,20
5,0,5,1,427.0,4,4,1,{},"{""COW"": 1}",0,1
6,0,6,0,4.0,6,6,1,"{""MELON"": 1}","{""COW"": 1}",0,20
6,0,6,1,237.0,4,4,1,{},"{""SHEEP"": 1, ""COW"": 1}",0,2
7,0,7,0,94.0,6,6,1,"{""MELON"": 1}","{""SHEEP"": 1, ""COW"": 1}",0,16
7,0,7,1,207.0,4,4,1,{},"{""SHEEP"": 2, ""COW"": 1}",0,3
8,0,8,0,213.0,6,6,1,"{""MELON"": 3}","{""SHEEP"": 2, ""COW"": 1}",0,12
8,0,8,1,207.0,4,4,1,{},"{""SHEEP"": 2, ""COW"": 1}",0,3
9,0,9,0,213.0,6,6,1,"{""MELON"": 4}","{""SHEEP"": 2, ""COW"": 2}",0,8
9,0,9,1,207.0,4,4,1,{},"{""COW"": 2, ""SHEEP"": 3}",0,3
10,0,10,0,213.0,6,6,1,"{""MELON"": 6}","{""SHEEP"": 2, ""COW"": 2}",0,8
10,0,10,1,207.0,4,4,1,"{""MELON"": 1}","{""COW"": 2, ""SHEEP"": 3}",0,2
11,0,11,0,24.0,6,6,1,"{""MELON"": 7}","{""SHEEP"": 2, ""COW"": 2}",0,9
11,0,11,1,207.0,4,4,1,"{""MELON"": 3}","{""COW"": 2, ""SHEEP"": 3}",0,2
12,0,12,0,140.0,6,6,1,"{""MELON"": 8}","{""SHEEP"": 2, ""COW"": 2}",0,5
12,0,12,1,47.0,4,4,1,"{""MELON"": 3}","{""COW"": 2, ""SHEEP"": 3}",0,2
13,0,13,0,16.0,6,6,1,"{""MELON"": 8, ""WHEAT"": 3}","{""SHEEP"": 2, ""COW"": 2}",0,1
13,0,13,1,27.0,4,4,1,"{""MELON"": 4}","{""COW"": 2, ""SHEEP"": 3}",0,2
14,0,14,0,16.0,6,6,1,"{""WHEAT"": 4, ""MELON"": 8}","{""SHEEP"": 2, ""COW"": 2}",0,1
14,0,14,1,17.0,4,4,1,"{""MELON"": 5, ""WHEAT"": 1}","{""COW"": 2, ""SHEEP"": 3}",0,2
15,0,15,0,16.0,6,6,1,"{""WHEAT"": 4, ""MELON"": 9}","{""SHEEP"": 2, ""COW"": 2}",0,1
15,0,15,1,7.0,4,4,1,"{""MELON"": 6, ""WHEAT"": 1}","{""COW"": 2, ""SHEEP"": 3}",0,2
16,0,16,0,16.0,6,6,1,"{""WHEAT"": 4, ""MELON"": 9}","{""SHEEP"": 2, ""COW"": 2}",0,1
16,0,16,1,25.0,4,4,1,"{""WHEAT"": 2, ""MELON"": 6}","{""COW"": 2, ""SHEEP"": 3}",0,1
17,0,17,0,16.0,6,6,1,"{""WHEAT"": 5, ""MELON"": 10}","{""SHEEP"": 2, ""COW"": 2}",0,1
17,0,17,1,43.0,4,4,1,"{""WHEAT"": 4, ""MELON"": 6}","{""COW"": 2, ""SHEEP"": 3}",0,0
18,0,18,0,16.0,6,6,1,"{""WHEAT"": 6, ""MELON"": 10}","{""SHEEP"": 2, ""COW"": 2}",0,1
18,0,18,1,33.0,4,4,1,"{""WHEAT"": 5, ""MELON"": 6}","{""COW"": 2, ""SHEEP"": 3}",0,0
19,0,19,0,16.0,6,6,1,"{""WHEAT"": 6, ""MELON"": 10}","{""SHEEP"": 2, ""COW"": 2}",0,1
19,0,19,1,23.0,4,4,1,"{""WHEAT"": 6, ""MELON"": 6}","{""COW"": 2, ""SHEEP"": 3}",0,0
20,0,20,0,16.0,6,6,1,"{""WHEAT"": 6, ""MELON"": 11}","{""SHEEP"": 2, ""COW"": 2}",0,1
20,0,20,1,13.0,4,4,1,"{""WHEAT"": 8, ""MELON"": 6}","{""COW"": 2, ""SHEEP"": 3}",0,0
21,0,21,0,16.0,6,6,1,"{""WHEAT"": 6, ""MELON"": 11}","{""SHEEP"": 2, ""COW"": 2}",0,1
21,0,21,1,3.0,4,4,1,"{""WHEAT"": 8, ""MELON"": 6}","{""COW"": 2, ""SHEEP"": 3}",0,0
22,0,22,0,16.0,6,6,1,"{""WHEAT"": 6, ""MELON"": 11}","{""SHEEP"": 2, ""COW"": 2}",0,1
22,0,22,1,3.0,4,4,1,"{""WHEAT"": 9, ""MELON"": 6}","{""COW"": 2, ""SHEEP"": 3}",0,0
23,0,23,0,16.0,6,6,1,"{""WHEAT"": 6, ""MELON"": 11}","{""SHEEP"": 2, ""COW"": 2}",0,1
23,0,23,1,3.0,4,4,1,"{""WHEAT"": 10, ""MELON"": 6}","{""COW"": 2, ""SHEEP"": 3}",0,0
24,1,0,0,16.0,0,0,1,"{""WHEAT"": 6, ""MELON"": 11}","{""SHEEP"": 2, ""COW"": 2}",0,1
24,1,0,1,3.0,0,0,1,"{""WHEAT"": 10, ""MELON"": 6}","{""COW"": 2, ""SHEEP"": 3}",1,0
25,1,1,0,4.0,5,5,1,"{""WHEAT"": 6, ""MELON"": 11}","{""SHEEP"": 2, ""COW"": 2}",0,1
25,1,1,1,1.0,2,2,1,"{""WHEAT"": 10, ""MELON"": 6}","{""COW"": 2, ""SHEEP"": 3}",1,0
26,1,2,0,4.0,5,5,1,"{""WHEAT"": 6, ""MELON"": 11}","{""SHEEP"": 2, ""COW"": 2}",0,1
26,1,2,1,1.0,2,2,1,"{""WHEAT"": 10, ""MELON"": 6}","{""COW"": 2, ""SHEEP"": 3}",1,1
27,1,3,0,4.0,5,5,1,"{""WHEAT"": 6, ""MELON"": 11}","{""SHEEP"": 2, ""COW"": 2}",0,0
27,1,3,1,42.0,3,3,1,"{""WHEAT"": 10, ""MELON"": 6}","{""COW"": 2, ""SHEEP"": 3}",1,2
28,1,4,0,4.0,5,5,1,"{""WHEAT"": 6, ""MELON"": 11}","{""SHEEP"": 2, ""COW"": 2}",0,1
28,1,4,1,42.0,3,3,1,"{""WHEAT"": 10, ""MELON"": 6}","{""COW"": 2, ""SHEEP"": 3}",1,2
29,1,5,0,104.0,5,5,1,"{""WHEAT"": 6, ""MELON"": 11}","{""SHEEP"": 2, ""COW"": 2}",0,0
29,1,5,1,42.0,3,3,1,"{""WHEAT"": 10, ""MELON"": 6}","{""COW"": 2, ""SHEEP"": 3}",1,2
30,1,6,0,17.0,5,5,1,"{""WHEAT"": 7, ""MELON"": 11}","{""SHEEP"": 2, ""COW"": 2}",0,3
30,1,6,1,42.0,3,3,1,"{""WHEAT"": 10, ""MELON"": 6}","{""COW"": 2, ""SHEEP"": 3}",1,3
31,1,7,0,17.0,5,5,1,"{""WHEAT"": 7, ""MELON"": 11}","{""SHEEP"": 2, ""COW"": 2}",0,3
31,1,7,1,84.0,3,3,1,"{""WHEAT"": 10, ""MELON"": 6}","{""COW"": 2, ""SHEEP"": 3}",1,3
32,1,8,0,7.0,5,5,1,"{""WHEAT"": 7, ""MELON"": 11}","{""SHEEP"": 2, ""COW"": 2}",0,0
32,1,8,1,183.0,3,3,1,"{""WHEAT"": 10, ""MELON"": 6}","{""COW"": 2, ""SHEEP"": 3}",1,1
33,1,9,0,7.0,5,5,1,"{""WHEAT"": 7, ""MELON"": 11}","{""SHEEP"": 2, ""COW"": 2}",0,0
33,1,9,1,282.0,3,3,1,"{""WHEAT"": 10, ""MELON"": 6}","{""COW"": 2, ""SHEEP"": 3}",1,1
34,1,10,0,7.0,5,5,1,"{""WHEAT"": 7, ""MELON"": 11}","{""SHEEP"": 2, ""COW"": 2}",0,1
34,1,10,1,221.0,3,3,1,"{""WHEAT"": 10, ""MELON"": 6}","{""COW"": 2, ""SHEEP"": 3}",1,0
35,1,11,0,106.0,5,5,1,"{""WHEAT"": 7, ""MELON"": 11}","{""SHEEP"": 2, ""COW"": 2}",0,0
35,1,11,1,221.0,3,3,1,"{""WHEAT"": 10, ""MELON"": 7}","{""COW"": 2, ""SHEEP"": 3}",1,0
36,1,12,0,18.0,5,5,1,"{""WHEAT"": 7, ""MELON"": 11}","{""SHEEP"": 2, ""COW"": 2}",0,3
36,1,12,1,61.0,3,3,1,"{""WHEAT"": 10, ""MELON"": 7}","{""COW"": 2, ""SHEEP"": 3}",1,0
37,1,13,0,18.0,5,5,1,"{""WHEAT"": 7, ""MELON"": 12}","{""SHEEP"": 2, ""COW"": 2}",0,3
37,1,13,1,61.0,3,3,1,"{""WHEAT"": 10, ""MELON"": 7}","{""COW"": 2, ""SHEEP"": 3}",1,0
38,1,14,0,18.0,5,5,1,"{""WHEAT"": 7, ""MELON"": 12}","{""SHEEP"": 2, ""COW"": 2}",0,0
38,1,14,1,61.0,3,3,1,"{""WHEAT"": 10, ""MELON"": 8}","{""COW"": 2, ""SHEEP"": 3}",1,0
39,1,15,0,18.0,5,5,1,"{""WHEAT"": 7, ""MELON"": 12}","{""SHEEP"": 2, ""COW"": 2}",0,0
39,1,15,1,61.0,3,3,1,"{""WHEAT"": 10, ""MELON"": 8}","{""COW"": 2, ""SHEEP"": 3}",1,0
40,1,16,0,18.0,5,5,1,"{""WHEAT"": 7, ""MELON"": 12}","{""SHEEP"": 2, ""COW"": 2}",0,0
40,1,16,1,61.0,3,3,1,"{""WHEAT"": 10, ""MELON"": 8}","{""COW"": 2, ""SHEEP"": 3}",1,0
41,1,17,0,18.0,5,5,1,"{""WHEAT"": 7, ""MELON"": 12}","{""SHEEP"": 2, ""COW"": 2}",0,0
41,1,17,1,61.0,3,3,1,"{""WHEAT"": 10, ""MELON"": 9}","{""COW"": 2, ""SHEEP"": 3}",1,0
42,1,18,0,18.0,5,5,1,"{""WHEAT"": 7, ""MELON"": 12}","{""SHEEP"": 2, ""COW"": 2}",0,0
42,1,18,1,61.0,3,3,1,"{""WHEAT"": 10, ""MELON"": 9}","{""COW"": 2, ""SHEEP"": 3}",1,0
43,1,19,0,18.0,5,5,1,"{""WHEAT"": 7, ""MELON"": 12}","{""SHEEP"": 2, ""COW"": 2}",0,0
43,1,19,1,61.0,3,3,1,"{""WHEAT"": 10, ""MELON"": 9}","{""COW"": 2, ""SHEEP"": 3}",1,0
44,1,20,0,18.0,5,5,1,"{""WHEAT"": 7, ""MELON"": 12}","{""SHEEP"": 2, ""COW"": 2}",0,0
44,1,20,1,61.0,3,3,1,"{""WHEAT"": 10, ""MELON"": 9}","{""COW"": 2, ""SHEEP"": 3}",0,0
45,1,21,0,18.0,5,5,1,"{""WHEAT"": 7, ""MELON"": 12}","{""SHEEP"": 2, ""COW"": 2}",0,0
45,1,21,1,61.0,3,3,1,"{""WHEAT"": 10, ""MELON"": 10}","{""COW"": 2, ""SHEEP"": 3}",0,0
46,1,22,0,18.0,5,5,1,"{""WHEAT"": 7, ""MELON"": 12}","{""SHEEP"": 2, ""COW"": 2}",0,0
46,1,22,1,61.0,3,3,1,"{""WHEAT"": 10, ""MELON"": 10}","{""COW"": 2, ""SHEEP"": 3}",0,0
47,1,23,0,18.0,5,5,1,"{""WHEAT"": 8, ""MELON"": 12}","{""SHEEP"": 2, ""COW"": 2}",0,0
47,1,23,1,61.0,3,3,1,"{""WHEAT"": 10, ""MELON"": 10}","{""COW"": 2, ""SHEEP"": 3}",0,0
48,2,0,0,18.0,0,0,1,"{""WHEAT"": 8, ""MELON"": 12}","{""SHEEP"": 2, ""COW"": 2}",0,5
48,2,0,1,61.0,0,0,1,"{""WHEAT"": 10, ""MELON"": 10}","{""COW"": 2, ""SHEEP"": 3}",0,0
49,2,1,0,208.0,4,4,1,"{""WHEAT"": 8, ""MELON"": 12}","{""SHEEP"": 2, ""COW"": 2}",0,3
49,2,1,1,11.0,6,6,1,"{""WHEAT"": 10, ""MELON"": 10}","{""COW"": 2, ""SHEEP"": 3}",0,1
50,2,2,0,135.0,6,6,1,"{""WHEAT"": 8, ""MELON"": 12}","{""SHEEP"": 2, ""COW"": 2}",0,2
50,2,2,1,11.0,6,6,1,"{""WHEAT"": 10, ""MELON"": 10}","{""COW"": 2, ""SHEEP"": 3}",0,1
51,2,3,0,15.0,6,6,1,"{""WHEAT"": 8, ""MELON"": 12}","{""SHEEP"": 2, ""COW"": 2}",0,4
51,2,3,1,109.0,6,6,1,"{""WHEAT"": 10, ""MELON"": 10}","{""COW"": 2, ""SHEEP"": 3}",0,0
52,2,4,0,15.0,6,6,1,"{""WHEAT"": 8, ""MELON"": 12}","{""SHEEP"": 2, ""COW"": 2}",0,4
52,2,4,1,109.0,6,6,1,"{""WHEAT"": 10, ""MELON"": 10}","{""COW"": 2, ""SHEEP"": 3}",0,0
53,2,5,0,15.0,6,6,1,"{""WHEAT"": 8, ""MELON"": 12}","{""SHEEP"": 2, ""COW"": 2}",0,4
53,2,5,1,109.0,6,6,1,"{""WHEAT"": 10, ""MELON"": 10}","{""COW"": 2, ""SHEEP"": 3}",0,1
54,2,6,0,15.0,6,6,1,"{""WHEAT"": 8, ""MELON"": 12}","{""SHEEP"": 2, ""COW"": 2}",0,4
54,2,6,1,146.0,6,6,1,"{""WHEAT"": 10, ""MELON"": 10}","{""COW"": 2, ""SHEEP"": 3}",0,3
55,2,7,0,15.0,6,6,1,"{""WHEAT"": 8, ""MELON"": 12}","{""SHEEP"": 2, ""COW"": 2}",0,4
55,2,7,1,244.0,6,6,1,"{""WHEAT"": 10, ""MELON"": 10}","{""COW"": 2, ""SHEEP"": 3}",0,0
56,2,8,0,15.0,6,6,1,"{""WHEAT"": 8, ""MELON"": 12}","{""SHEEP"": 2, ""COW"": 2}",0,4
56,2,8,1,182.0,6,6,1,"{""WHEAT"": 10, ""MELON"": 10}","{""COW"": 2, ""SHEEP"": 3}",0,2
57,2,9,0,15.0,6,6,1,"{""WHEAT"": 8, ""MELON"": 12}","{""SHEEP"": 2, ""COW"": 2}",0,4
57,2,9,1,182.0,6,6,1,"{""WHEAT"": 10, ""MELON"": 10}","{""COW"": 2, ""SHEEP"": 3}",0,3
58,2,10,0,15.0,6,6,1,"{""WHEAT"": 8, ""MELON"": 12}","{""SHEEP"": 2, ""COW"": 2}",0,4
58,2,10,1,280.0,6,6,1,"{""WHEAT"": 9, ""MELON"": 10}","{""COW"": 2, ""SHEEP"": 3}",0,0
59,2,11,0,15.0,6,6,1,"{""WHEAT"": 8, ""MELON"": 12}","{""SHEEP"": 2, ""COW"": 2}",0,4
59,2,11,1,120.0,6,6,1,"{""WHEAT"": 9, ""MELON"": 10}","{""COW"": 2, ""SHEEP"": 3}",0,1
60,2,12,0,15.0,6,6,1,"{""WHEAT"": 8, ""MELON"": 12}","{""SHEEP"": 2, ""COW"": 2}",0,4
60,2,12,1,217.0,6,6,1,"{""WHEAT"": 9, ""MELON"": 10}","{""COW"": 2, ""SHEEP"": 3}",0,0
61,2,13,0,15.0,6,6,1,"{""WHEAT"": 7, ""MELON"": 12}","{""SHEEP"": 2, ""COW"": 2}",0,4
61,2,13,1,217.0,6,6,1,"{""WHEAT"": 9, ""MELON"": 10}","{""COW"": 2, ""SHEEP"": 3}",0,0
62,2,14,0,15.0,6,6,1,"{""WHEAT"": 7, ""MELON"": 12}","{""SHEEP"": 2, ""COW"": 2}",0,4
62,2,14,1,117.0,6,6,1,"{""WHEAT"": 8, ""MELON"": 10}","{""COW"": 2, ""SHEEP"": 3}",0,0
63,2,15,0,15.0,6,6,1,"{""WHEAT"": 7, ""MELON"": 12}","{""SHEEP"": 2, ""COW"": 2}",0,4
63,2,15,1,17.0,6,6,1,"{""WHEAT"": 7, ""MELON"": 11}","{""COW"": 2, ""SHEEP"": 3}",0,0
64,2,16,0,15.0,6,6,1,"{""WHEAT"": 7, ""MELON"": 12}","{""SHEEP"": 2, ""COW"": 2}",0,4
64,2,16,1,17.0,6,6,1,"{""MELON"": 11, ""WHEAT"": 6, ""STRAWBERRY"": 1}","{""COW"": 2, ""SHEEP"": 3}",0,0
65,2,17,0,15.0,6,6,1,"{""WHEAT"": 7, ""MELON"": 12}","{""SHEEP"": 2, ""COW"": 2}",0,4
65,2,17,1,17.0,6,6,1,"{""STRAWBERRY"": 2, ""MELON"": 11, ""WHEAT"": 6}","{""COW"": 2, ""SHEEP"": 3}",0,0
66,2,18,0,15.0,6,6,1,"{""WHEAT"": 7, ""MELON"": 12}","{""SHEEP"": 2, ""COW"": 2}",0,4
66,2,18,1,17.0,6,6,1,"{""STRAWBERRY"": 2, ""MELON"": 11, ""WHEAT"": 6}","{""COW"": 2, ""SHEEP"": 3}",0,0
67,2,19,0,15.0,6,6,1,"{""WHEAT"": 7, ""MELON"": 12}","{""SHEEP"": 2, ""COW"": 2}",0,4
67,2,19,1,17.0,6,6,1,"{""STRAWBERRY"": 2, ""MELON"": 11, ""WHEAT"": 6}","{""COW"": 2, ""SHEEP"": 3}",0,0
68,2,20,0,15.0,6,6,1,"{""WHEAT"": 7, ""MELON"": 12}","{""SHEEP"": 2, ""COW"": 2}",0,4
68,2,20,1,17.0,6,6,1,"{""STRAWBERRY"": 2, ""MELON"": 12, ""WHEAT"": 6}","{""COW"": 2, ""SHEEP"": 3}",0,0
69,2,21,0,15.0,6,6,1,"{""WHEAT"": 7, ""MELON"": 12}","{""SHEEP"": 2, ""COW"": 2}",0,4
69,2,21,1,17.0,6,6,1,"{""STRAWBERRY"": 2, ""MELON"": 12, ""WHEAT"": 6}","{""COW"": 2, ""SHEEP"": 3}",0,0
70,2,22,0,15.0,6,6,1,"{""WHEAT"": 7, ""MELON"": 12}","{""SHEEP"": 2, ""COW"": 2}",0,4
70,2,22,1,17.0,6,6,1,"{""STRAWBERRY"": 2, ""MELON"": 12, ""WHEAT"": 6}","{""COW"": 2, ""SHEEP"": 3}",0,0
71,2,23,0,15.0,6,6,1,"{""WHEAT"": 7, ""MELON"": 12}","{""SHEEP"": 2, ""COW"": 2}",0,4
71,2,23,1,17.0,6,6,1,"{""STRAWBERRY"": 2, ""MELON"": 12, ""WHEAT"": 6}","{""COW"": 2, ""SHEEP"": 3}",0,0
72,3,0,0,15.0,0,0,1,"{""WHEAT"": 7, ""MELON"": 12}","{""SHEEP"": 2, ""COW"": 2}",0,11
72,3,0,1,17.0,0,0,1,"{""STRAWBERRY"": 2, ""MELON"": 12, ""WHEAT"": 6}","{""COW"": 2, ""SHEEP"": 3}",0,8
73,3,1,0,119.0,4,4,1,"{""WHEAT"": 7, ""MELON"": 12}","{""SHEEP"": 2, ""COW"": 2}",0,4
73,3,1,1,5.0,5,5,1,"{""STRAWBERRY"": 2, ""MELON"": 12, ""WHEAT"": 6}","{""COW"": 2, ""SHEEP"": 3}",0,8
74,3,2,0,44.0,6,6,1,"{""WHEAT"": 7, ""MELON"": 12}","{""SHEEP"": 2, ""COW"": 2}",0,5
74,3,2,1,5.0,5,5,1,"{""STRAWBERRY"": 2, ""MELON"": 12, ""WHEAT"": 6}","{""COW"": 2, ""SHEEP"": 3}",0,1
75,3,3,0,13.0,6,6,1,"{""WHEAT"": 7, ""MELON"": 12}","{""SHEEP"": 2, ""COW"": 2}",0,2
75,3,3,1,101.0,5,5,1,"{""STRAWBERRY"": 2, ""MELON"": 12, ""WHEAT"": 6}","{""COW"": 2, ""SHEEP"": 3}",0,0
76,3,4,0,13.0,6,6,1,"{""WHEAT"": 7, ""MELON"": 12}","{""SHEEP"": 2, ""COW"": 2}",0,2
76,3,4,1,101.0,5,5,1,"{""STRAWBERRY"": 2, ""MELON"": 12, ""WHEAT"": 6}","{""COW"": 2, ""SHEEP"": 3}",0,0
77,3,5,0,13.0,6,6,1,"{""WHEAT"": 7, ""MELON"": 12}","{""SHEEP"": 2, ""COW"": 2}",0,2
77,3,5,1,101.0,5,5,1,"{""STRAWBERRY"": 2, ""MELON"": 12, ""WHEAT"": 6}","{""COW"": 2, ""SHEEP"": 3}",0,1
78,3,6,0,13.0,6,6,1,"{""WHEAT"": 7, ""MELON"": 12}","{""SHEEP"": 2, ""COW"": 2}",0,2
78,3,6,1,197.0,5,5,1,"{""STRAWBERRY"": 2, ""MELON"": 12, ""WHEAT"": 6}","{""COW"": 2, ""SHEEP"": 3}",0,1
79,3,7,0,13.0,6,6,1,"{""WHEAT"": 7, ""MELON"": 12}","{""SHEEP"": 2, ""COW"": 2}",0,2
79,3,7,1,293.0,5,5,1,"{""STRAWBERRY"": 2, ""MELON"": 12, ""WHEAT"": 6}","{""COW"": 2, ""SHEEP"": 3}",0,0
80,3,8,0,13.0,6,6,1,"{""WHEAT"": 7, ""MELON"": 12}","{""SHEEP"": 2, ""COW"": 3}",0,2
80,3,8,1,293.0,5,5,1,"{""STRAWBERRY"": 2, ""MELON"": 12, ""WHEAT"": 6}","{""COW"": 2, ""SHEEP"": 3}",0,1
81,3,9,0,13.0,6,6,1,"{""WHEAT"": 6, ""MELON"": 12}","{""SHEEP"": 2, ""COW"": 3}",0,2
81,3,9,1,389.0,5,5,1,"{""STRAWBERRY"": 2, ""MELON"": 12, ""WHEAT"": 6}","{""COW"": 2, ""SHEEP"": 3}",0,0
82,3,10,0,75.0,6,6,1,"{""WHEAT"": 5, ""MELON"": 12}","{""SHEEP"": 2, ""COW"": 3}",0,0
82,3,10,1,389.0,5,5,1,"{""STRAWBERRY"": 2, ""MELON"": 12, ""WHEAT"": 6}","{""COW"": 2, ""SHEEP"": 3}",0,0
83,3,11,0,75.0,6,6,1,"{""WHEAT"": 5, ""MELON"": 12}","{""SHEEP"": 2, ""COW"": 3}",0,0
83,3,11,1,389.0,5,5,1,"{""STRAWBERRY"": 2, ""MELON"": 12, ""WHEAT"": 6}","{""COW"": 2, ""SHEEP"": 3}",0,1
84,3,12,0,75.0,6,6,1,"{""MELON"": 12, ""WHEAT"": 4}","{""SHEEP"": 2, ""COW"": 3}",0,2
84,3,12,1,485.0,5,5,1,"{""STRAWBERRY"": 2, ""MELON"": 12, ""WHEAT"": 6}","{""COW"": 2, ""SHEEP"": 3}",0,0
85,3,13,0,265.0,6,6,1,"{""MELON"": 12, ""WHEAT"": 4}","{""SHEEP"": 2, ""COW"": 3}",0,0
85,3,13,1,385.0,5,5,1,"{""STRAWBERRY"": 2, ""MELON"": 12, ""WHEAT"": 6}","{""COW"": 2, ""SHEEP"": 3}",0,0
86,3,14,0,65.0,6,6,1,"{""MELON"": 12, ""WHEAT"": 4}","{""SHEEP"": 2, ""COW"": 3}",0,0
86,3,14,1,385.0,5,5,1,"{""STRAWBERRY"": 2, ""MELON"": 12, ""WHEAT"": 6}","{""COW"": 2, ""SHEEP"": 3}",0,0
87,3,15,0,65.0,6,6,1,"{""MELON"": 12, ""WHEAT"": 4}","{""SHEEP"": 2, ""COW"": 3}",0,0
87,3,15,1,385.0,5,5,1,"{""STRAWBERRY"": 2, ""MELON"": 12, ""WHEAT"": 6}","{""COW"": 2, ""SHEEP"": 3}",0,0
88,3,16,0,65.0,6,6,1,"{""MELON"": 12, ""WHEAT"": 4}","{""SHEEP"": 2, ""COW"": 3}",0,0
88,3,16,1,385.0,5,5,1,"{""STRAWBERRY"": 2, ""MELON"": 12, ""WHEAT"": 6}","{""COW"": 2, ""SHEEP"": 3}",0,0
89,3,17,0,65.0,6,6,1,"{""MELON"": 12, ""WHEAT"": 2}","{""SHEEP"": 2, ""COW"": 3}",0,0
89,3,17,1,285.0,5,5,1,"{""STRAWBERRY"": 2, ""MELON"": 12, ""WHEAT"": 4}","{""COW"": 2, ""SHEEP"": 3}",0,0
90,3,18,0,65.0,6,6,1,"{""MELON"": 12, ""WHEAT"": 2}","{""SHEEP"": 2, ""COW"": 3}",0,0
90,3,18,1,185.0,5,5,1,"{""STRAWBERRY"": 3, ""MELON"": 12, ""WHEAT"": 4}","{""COW"": 2, ""SHEEP"": 3}",0,0
91,3,19,0,65.0,6,6,1,"{""MELON"": 12, ""WHEAT"": 2}","{""SHEEP"": 2, ""COW"": 3}",0,0
91,3,19,1,85.0,5,5,1,"{""STRAWBERRY"": 4, ""MELON"": 12, ""WHEAT"": 4}","{""COW"": 2, ""SHEEP"": 3}",0,0
92,3,20,0,65.0,6,6,1,"{""MELON"": 12, ""WHEAT"": 2}","{""SHEEP"": 2, ""COW"": 3}",0,0
92,3,20,1,85.0,5,5,1,"{""STRAWBERRY"": 4, ""MELON"": 12, ""WHEAT"": 4}","{""COW"": 2, ""SHEEP"": 3}",0,0
93,3,21,0,65.0,6,6,1,"{""MELON"": 10, ""STRAWBERRY"": 1, ""WHEAT"": 2}","{""SHEEP"": 2, ""COW"": 3}",0,0
93,3,21,1,85.0,5,5,1,"{""STRAWBERRY"": 4, ""MELON"": 12, ""WHEAT"": 4}","{""COW"": 2, ""SHEEP"": 3}",0,0
94,3,22,0,65.0,6,6,1,"{""MELON"": 10, ""STRAWBERRY"": 2, ""WHEAT"": 2}","{""SHEEP"": 2, ""COW"": 3}",0,0
94,3,22,1,85.0,5,5,1,"{""STRAWBERRY"": 4, ""MELON"": 12, ""WHEAT"": 4}","{""COW"": 2, ""SHEEP"": 3}",0,0
95,3,23,0,65.0,6,6,1,"{""MELON"": 10, ""STRAWBERRY"": 2, ""WHEAT"": 2}","{""SHEEP"": 2, ""COW"": 3}",0,0
95,3,23,1,85.0,5,5,1,"{""STRAWBERRY"": 4, ""MELON"": 12, ""WHEAT"": 4}","{""COW"": 2, ""SHEEP"": 3}",0,0
96,4,0,0,65.0,0,0,1,"{""MELON"": 10, ""STRAWBERRY"": 2, ""WHEAT"": 2}","{""SHEEP"": 2, ""COW"": 3}",0,16
96,4,0,1,85.0,0,0,1,"{""STRAWBERRY"": 4, ""MELON"": 12, ""WHEAT"": 4}","{""COW"": 2, ""SHEEP"": 3}",0,9
97,4,1,0,147.0,4,4,1,"{""MELON"": 10, ""STRAWBERRY"": 2, ""WHEAT"": 2}","{""SHEEP"": 2, ""COW"": 3}",0,5
97,4,1,1,126.0,6,6,1,"{""STRAWBERRY"": 4, ""MELON"": 12, ""WHEAT"": 4}","{""COW"": 2, ""SHEEP"": 3}",0,7
98,4,2,0,14.0,6,6,1,"{""MELON"": 10, ""STRAWBERRY"": 2, ""WHEAT"": 2}","{""SHEEP"": 2, ""COW"": 3}",0,9
98,4,2,1,126.0,6,6,1,"{""STRAWBERRY"": 4, ""MELON"": 12, ""WHEAT"": 4}","{""COW"": 2, ""SHEEP"": 3}",0,1
99,4,3,0,109.0,6,6,1,"{""MELON"": 10, ""STRAWBERRY"": 2, ""WHEAT"": 2}","{""SHEEP"": 2, ""COW"": 3}",0,4
99,4,3,1,221.0,6,6,1,"{""STRAWBERRY"": 4, ""MELON"": 12, ""WHEAT"": 4}","{""COW"": 2, ""SHEEP"": 3}",0,0
100,4,4,0,49.0,6,6,1,"{""MELON"": 10, ""STRAWBERRY"": 2, ""WHEAT"": 2}","{""SHEEP"": 2, ""COW"": 3}",0,6
100,4,4,1,221.0,6,6,1,"{""STRAWBERRY"": 4, ""MELON"": 12, ""WHEAT"": 4}","{""COW"": 2, ""SHEEP"": 3}",0,0
101,4,5,0,49.0,6,6,1,"{""MELON"": 10, ""STRAWBERRY"": 2, ""WHEAT"": 2}","{""SHEEP"": 2, ""COW"": 3}",0,6
101,4,5,1,221.0,6,6,1,"{""STRAWBERRY"": 4, ""MELON"": 12, ""WHEAT"": 4}","{""COW"": 2, ""SHEEP"": 3}",0,1
102,4,6,0,49.0,6,6,1,"{""MELON"": 10, ""STRAWBERRY"": 2, ""WHEAT"": 2}","{""SHEEP"": 2, ""COW"": 3}",0,6
102,4,6,1,315.0,6,6,1,"{""STRAWBERRY"": 4, ""MELON"": 12, ""WHEAT"": 4}","{""COW"": 2, ""SHEEP"": 3}",0,1
103,4,7,0,49.0,6,6,1,"{""MELON"": 10, ""STRAWBERRY"": 2, ""WHEAT"": 2}","{""SHEEP"": 2, ""COW"": 3}",0,6
103,4,7,1,409.0,6,6,1,"{""STRAWBERRY"": 4, ""MELON"": 12, ""WHEAT"": 4}","{""COW"": 2, ""SHEEP"": 3}",0,0
104,4,8,0,49.0,6,6,1,"{""MELON"": 10, ""STRAWBERRY"": 2, ""WHEAT"": 1}","{""SHEEP"": 2, ""COW"": 3}",0,6
104,4,8,1,409.0,6,6,1,"{""STRAWBERRY"": 4, ""MELON"": 12, ""WHEAT"": 4}","{""COW"": 2, ""SHEEP"": 3}",0,1
105,4,9,0,109.0,6,6,1,"{""MELON"": 10, ""STRAWBERRY"": 2, ""WHEAT"": 1}","{""SHEEP"": 2, ""COW"": 3}",0,4
105,4,9,1,503.0,6,6,1,"{""STRAWBERRY"": 4, ""MELON"": 12, ""WHEAT"": 3}","{""COW"": 2, ""SHEEP"": 3}",0,0
106,4,10,0,109.0,6,6,1,"{""MELON"": 10, ""STRAWBERRY"": 2, ""WHEAT"": 1}","{""COW"": 4, ""SHEEP"": 2}",0,4
106,4,10,1,503.0,6,6,1,"{""STRAWBERRY"": 5, ""MELON"": 12, ""WHEAT"": 3}","{""COW"": 2, ""SHEEP"": 3}",0,1
107,4,11,0,9.0,6,6,1,"{""MELON"": 10, ""STRAWBERRY"": 2, ""WHEAT"": 1}","{""COW"": 4, ""SHEEP"": 2}",0,4
107,4,11,1,597.0,6,6,1,"{""STRAWBERRY"": 5, ""MELON"": 12, ""WHEAT"": 3}","{""COW"": 2, ""SHEEP"": 3}",0,0
108,4,12,0,129.0,6,6,1,"{""MELON"": 10, ""STRAWBERRY"": 2, ""WHEAT"": 1}","{""COW"": 4, ""SHEEP"": 2}",0,0
108,4,12,1,597.0,6,6,1,"{""STRAWBERRY"": 5, ""MELON"": 12, ""WHEAT"": 3}","{""COW"": 2, ""SHEEP"": 3}",0,0
109,4,13,0,29.0,6,6,1,"{""MELON"": 10, ""STRAWBERRY"": 2, ""WHEAT"": 1}","{""COW"": 4, ""SHEEP"": 2}",0,0
109,4,13,1,597.0,6,6,1,"{""STRAWBERRY"": 5, ""MELON"": 12, ""WHEAT"": 3}","{""COW"": 2, ""SHEEP"": 3}",0,0
110,4,14,0,29.0,6,6,1,"{""MELON"": 10, ""STRAWBERRY"": 3, ""WHEAT"": 1}","{""COW"": 4, ""SHEEP"": 2}",0,0
110,4,14,1,597.0,6,6,1,"{""STRAWBERRY"": 5, ""MELON"": 12, ""WHEAT"": 1}","{""COW"": 2, ""SHEEP"": 3}",0,0
111,4,15,0,29.0,6,6,1,"{""MELON"": 10, ""STRAWBERRY"": 3, ""WHEAT"": 1}","{""COW"": 4, ""SHEEP"": 2}",0,3
111,4,15,1,497.0,6,6,1,"{""STRAWBERRY"": 6, ""MELON"": 12, ""WHEAT"": 1}","{""COW"": 2, ""SHEEP"": 3}",0,0
112,4,16,0,218.0,6,6,1,"{""STRAWBERRY"": 4, ""MELON"": 10, ""WHEAT"": 1}","{""COW"": 4, ""SHEEP"": 2}",0,3
112,4,16,1,397.0,6,6,1,"{""STRAWBERRY"": 7, ""MELON"": 12, ""WHEAT"": 1}","{""COW"": 2, ""SHEEP"": 3}",0,0
113,4,17,0,18.0,6,6,1,"{""STRAWBERRY"": 4, ""MELON"": 10, ""WHEAT"": 1}","{""COW"": 4, ""SHEEP"": 2}",0,3
113,4,17,1,397.0,6,6,1,"{""STRAWBERRY"": 7, ""MELON"": 12, ""WHEAT"": 1}","{""COW"": 2, ""SHEEP"": 3}",0,0
114,4,18,0,8.0,6,6,1,"{""STRAWBERRY"": 4, ""MELON"": 10, ""WHEAT"": 1}","{""COW"": 4, ""SHEEP"": 2}",0,4
114,4,18,1,397.0,6,6,1,"{""STRAWBERRY"": 7, ""MELON"": 12}","{""COW"": 2, ""SHEEP"": 3}",0,1
115,4,19,0,101.0,6,6,1,"{""STRAWBERRY"": 5, ""MELON"": 10, ""WHEAT"": 1}","{""COW"": 4, ""SHEEP"": 2}",0,3
115,4,19,1,397.0,6,6,1,"{""STRAWBERRY"": 8, ""MELON"": 12}","{""COW"": 2, ""SHEEP"": 3}",0,0
116,4,20,0,1.0,6,6,1,"{""STRAWBERRY"": 6, ""MELON"": 10, ""WHEAT"": 1}","{""COW"": 4, ""SHEEP"": 2}",0,3
116,4,20,1,397.0,6,6,1,"{""STRAWBERRY"": 8, ""MELON"": 12}","{""COW"": 2, ""SHEEP"": 3}",0,1
117,4,21,0,1.0,6,6,1,"{""STRAWBERRY"": 7, ""MELON"": 10, ""WHEAT"": 1}","{""COW"": 4, ""SHEEP"": 2}",0,3
117,4,21,1,397.0,6,6,1,"{""STRAWBERRY"": 8, ""MELON"": 12}","{""COW"": 2, ""SHEEP"": 3}",0,0
118,4,22,0,1.0,6,6,1,"{""STRAWBERRY"": 7, ""MELON"": 10, ""WHEAT"": 1}","{""COW"": 4, ""SHEEP"": 2}",0,3
118,4,22,1,397.0,6,6,1,"{""STRAWBERRY"": 8, ""MELON"": 12}","{""COW"": 2, ""SHEEP"": 3}",0,1
119,4,23,0,1.0,6,6,1,"{""STRAWBERRY"": 7, ""MELON"": 10, ""WHEAT"": 1}","{""COW"": 4, ""SHEEP"": 2}",0,3
119,4,23,1,427.0,6,6,1,"{""STRAWBERRY"": 8, ""MELON"": 12}","{""COW"": 2, ""SHEEP"": 3}",0,0
120,5,0,0,1.0,0,0,1,"{""STRAWBERRY"": 7, ""MELON"": 10, ""WHEAT"": 1}","{""COW"": 4, ""SHEEP"": 2}",0,4
120,5,0,1,427.0,0,0,1,"{""STRAWBERRY"": 8, ""MELON"": 12}","{""COW"": 2, ""SHEEP"": 3}",0,17
121,5,1,0,106.0,5,5,1,"{""STRAWBERRY"": 7, ""MELON"": 10, ""WHEAT"": 1}","{""COW"": 4, ""SHEEP"": 2}",0,0
121,5,1,1,524.0,6,6,1,"{""STRAWBERRY"": 8, ""MELON"": 12}","{""COW"": 2, ""SHEEP"": 3}",0,13
122,5,2,0,27.0,7,7,1,"{""STRAWBERRY"": 7, ""MELON"": 10, ""WHEAT"": 1}","{""COW"": 4, ""SHEEP"": 2}",0,3
122,5,2,1,553.0,6,6,1,"{""STRAWBERRY"": 8, ""MELON"": 12}","{""COW"": 2, ""SHEEP"": 3}",0,3
123,5,3,0,33.0,7,7,1,"{""STRAWBERRY"": 7, ""MELON"": 10, ""WHEAT"": 1}","{""COW"": 4, ""SHEEP"": 2}",0,3
123,5,3,1,646.0,6,6,1,"{""STRAWBERRY"": 8, ""MELON"": 12}","{""COW"": 2, ""SHEEP"": 3}",0,0
124,5,4,0,4.0,7,7,1,"{""STRAWBERRY"": 7, ""MELON"": 10, ""WHEAT"": 1}","{""COW"": 4, ""SHEEP"": 2}",0,4
124,5,4,1,646.0,6,6,1,"{""STRAWBERRY"": 8, ""MELON"": 12}","{""COW"": 2, ""SHEEP"": 3}",0,0
125,5,5,0,4.0,7,7,1,"{""STRAWBERRY"": 7, ""MELON"": 10, ""WHEAT"": 1}","{""COW"": 4, ""SHEEP"": 2}",0,0
125,5,5,1,646.0,6,6,1,"{""STRAWBERRY"": 8, ""MELON"": 12}","{""COW"": 2, ""SHEEP"": 3}",0,1
126,5,6,0,4.0,7,7,1,"{""STRAWBERRY"": 7, ""MELON"": 10, ""WHEAT"": 1}","{""COW"": 4, ""SHEEP"": 2}",0,0
126,5,6,1,738.0,6,6,1,"{""STRAWBERRY"": 8, ""MELON"": 12}","{""COW"": 2, ""SHEEP"": 3}",0,0
127,5,7,0,4.0,7,7,1,"{""STRAWBERRY"": 7, ""MELON"": 10, ""WHEAT"": 1}","{""COW"": 4, ""SHEEP"": 2}",0,0
127,5,7,1,738.0,6,6,1,"{""STRAWBERRY"": 8, ""MELON"": 12}","{""COW"": 2, ""SHEEP"": 3}",0,0
128,5,8,0,4.0,7,7,1,"{""STRAWBERRY"": 7, ""MELON"": 10, ""WHEAT"": 1}","{""COW"": 4, ""SHEEP"": 2}",0,0
128,5,8,1,648.0,6,6,1,"{""STRAWBERRY"": 8, ""MELON"": 12}","{""COW"": 2, ""SHEEP"": 3}",0,5
129,5,9,0,4.0,7,7,1,"{""STRAWBERRY"": 7, ""MELON"": 10}","{""COW"": 4, ""SHEEP"": 2}",0,0
129,5,9,1,832.0,6,6,1,"{""STRAWBERRY"": 8, ""MELON"": 12}","{""COW"": 2, ""SHEEP"": 3}",0,0
130,5,10,0,4.0,7,7,1,"{""STRAWBERRY"": 7, ""MELON"": 10}","{""COW"": 4, ""SHEEP"": 2}",0,0
130,5,10,1,832.0,6,6,1,"{""STRAWBERRY"": 8, ""MELON"": 12}","{""COW"": 2, ""SHEEP"": 3}",0,0
131,5,11,0,4.0,7,7,1,"{""STRAWBERRY"": 7, ""MELON"": 10}","{""COW"": 4, ""SHEEP"": 2}",0,3
131,5,11,1,832.0,6,6,1,"{""STRAWBERRY"": 8, ""MELON"": 12}","{""COW"": 2, ""SHEEP"": 3}",0,1
132,5,12,0,278.0,7,7,1,"{""STRAWBERRY"": 7, ""MELON"": 10}","{""COW"": 4, ""SHEEP"": 2}",0,0
132,5,12,1,924.0,6,6,1,"{""STRAWBERRY"": 8, ""MELON"": 12}","{""COW"": 2, ""SHEEP"": 3}",0,0
133,5,13,0,18.0,7,7,1,"{""STRAWBERRY"": 7, ""MELON"": 10}","{""COW"": 4, ""SHEEP"": 2}",0,3
133,5,13,1,924.0,6,6,1,"{""STRAWBERRY"": 8, ""MELON"": 12}","{""COW"": 2, ""SHEEP"": 3}",0,0
134,5,14,0,18.0,7,7,1,"{""STRAWBERRY"": 7, ""MELON"": 10}","{""COW"": 4, ""SHEEP"": 2}",0,3
134,5,14,1,824.0,6,6,1,"{""STRAWBERRY"": 8, ""MELON"": 12}","{""COW"": 2, ""SHEEP"": 3}",0,0
135,5,15,0,109.0,7,7,1,"{""STRAWBERRY"": 7, ""MELON"": 10}","{""COW"": 4, ""SHEEP"": 2}",0,2
135,5,15,1,824.0,6,6,1,"{""STRAWBERRY"": 8, ""MELON"": 12}","{""COW"": 2, ""SHEEP"": 3}",0,3
136,5,16,0,109.0,7,7,1,"{""STRAWBERRY"": 7, ""MELON"": 10}","{""COW"": 4, ""SHEEP"": 2}",0,2
136,5,16,1,824.0,6,6,1,"{""STRAWBERRY"": 8, ""MELON"": 12}","{""COW"": 2, ""SHEEP"": 3}",0,2
137,5,17,0,109.0,7,7,1,"{""STRAWBERRY"": 7, ""MELON"": 10}","{""COW"": 4, ""SHEEP"": 2}",0,2
137,5,17,1,824.0,6,6,1,"{""STRAWBERRY"": 8, ""MELON"": 12}","{""COW"": 2, ""SHEEP"": 3}",0,1
138,5,18,0,109.0,7,7,1,"{""STRAWBERRY"": 8, ""MELON"": 10}","{""COW"": 4, ""SHEEP"": 2}",0,2
138,5,18,1,824.0,6,6,1,"{""STRAWBERRY"": 8, ""MELON"": 12}","{""COW"": 2, ""SHEEP"": 3}",0,0
139,5,19,0,109.0,7,7,1,"{""STRAWBERRY"": 9, ""MELON"": 10}","{""COW"": 4, ""SHEEP"": 2}",0,2
139,5,19,1,824.0,6,6,1,"{""STRAWBERRY"": 8, ""MELON"": 12}","{""COW"": 2, ""SHEEP"": 3}",0,3
140,5,20,0,19.0,7,7,1,"{""STRAWBERRY"": 9, ""MELON"": 10}","{""COW"": 4, ""SHEEP"": 2}",0,5
140,5,20,1,824.0,6,6,1,"{""STRAWBERRY"": 8, ""MELON"": 12}","{""COW"": 2, ""SHEEP"": 3}",0,2
141,5,21,0,19.0,7,7,1,"{""STRAWBERRY"": 9, ""MELON"": 10}","{""COW"": 4, ""SHEEP"": 2}",0,5
141,5,21,1,824.0,6,6,1,"{""STRAWBERRY"": 8, ""MELON"": 12}","{""COW"": 2, ""SHEEP"": 3}",0,1
142,5,22,0,19.0,7,7,1,"{""STRAWBERRY"": 9, ""MELON"": 10}","{""COW"": 4, ""SHEEP"": 2}",0,5
142,5,22,1,824.0,6,6,1,"{""STRAWBERRY"": 8, ""MELON"": 12}","{""COW"": 2, ""SHEEP"": 3}",0,0
143,5,23,0,19.0,7,7,1,"{""STRAWBERRY"": 9, ""MELON"": 10}","{""COW"": 4, ""SHEEP"": 2}",0,5
143,5,23,1,824.0,6,6,1,"{""STRAWBERRY"": 8, ""MELON"": 12}","{""COW"": 2, ""SHEEP"": 3}",0,3
144,6,0,0,19.0,0,0,1,"{""STRAWBERRY"": 9, ""MELON"": 10}","{""COW"": 4, ""SHEEP"": 2}",0,10
144,6,0,1,824.0,0,0,1,"{""STRAWBERRY"": 8, ""MELON"": 12}","{""COW"": 2, ""SHEEP"": 3}",0,10
145,6,1,0,356.0,6,6,1,"{""STRAWBERRY"": 9, ""MELON"": 10}","{""COW"": 4, ""SHEEP"": 2}",0,0
145,6,1,1,860.0,8,8,1,"{""STRAWBERRY"": 8, ""MELON"": 12}","{""COW"": 2, ""SHEEP"": 3}",0,7
146,6,2,0,230.0,9,9,1,"{""STRAWBERRY"": 9, ""MELON"": 10}","{""COW"": 4, ""SHEEP"": 2}",0,2
146,6,2,1,860.0,8,8,1,"{""STRAWBERRY"": 8, ""MELON"": 12}","{""COW"": 2, ""SHEEP"": 3}",0,5
147,6,3,0,21.0,9,9,1,"{""STRAWBERRY"": 9, ""MELON"": 10}","{""COW"": 4, ""SHEEP"": 2}",0,7
147,6,3,1,860.0,8,8,1,"{""STRAWBERRY"": 8, ""MELON"": 12}","{""COW"": 2, ""SHEEP"": 3}",0,5
148,6,4,0,21.0,9,9,1,"{""STRAWBERRY"": 9, ""MELON"": 10}","{""COW"": 4, ""SHEEP"": 2}",0,3
148,6,4,1,860.0,8,8,1,"{""STRAWBERRY"": 8, ""MELON"": 12}","{""COW"": 2, ""SHEEP"": 3}",0,11
149,6,5,0,21.0,9,9,1,"{""STRAWBERRY"": 9, ""MELON"": 10}","{""COW"": 4, ""SHEEP"": 2}",0,3
149,6,5,1,2145.0,8,8,1,"{""STRAWBERRY"": 8, ""MELON"": 12}","{""COW"": 2, ""SHEEP"": 3}",0,0
150,6,6,0,1225.0,9,9,1,"{""STRAWBERRY"": 9, ""MELON"": 10}","{""COW"": 4, ""SHEEP"": 2}",0,3
150,6,6,1,1145.0,8,8,2,"{""STRAWBERRY"": 8, ""MELON"": 12}","{""COW"": 2, ""SHEEP"": 3}",0,6
151,6,7,0,1080.0,9,9,2,"{""STRAWBERRY"": 9, ""MELON"": 10}","{""COW"": 4, ""SHEEP"": 2}",0,13
151,6,7,1,1813.0,8,8,2,"{""STRAWBERRY"": 8, ""MELON"": 12}","{""COW"": 2, ""SHEEP"": 3}",0,13
152,6,8,0,580.0,9,9,2,"{""STRAWBERRY"": 9, ""MELON"": 10}","{""COW"": 4, ""SHEEP"": 2}",0,10
152,6,8,1,3149.0,8,8,2,"{""STRAWBERRY"": 8, ""MELON"": 12}","{""COW"": 2, ""SHEEP"": 3}",0,3
153,6,9,0,180.0,9,9,2,"{""STRAWBERRY"": 9, ""MELON"": 10}","{""COW"": 4, ""SHEEP"": 2}",0,12
153,6,9,1,2749.0,8,8,2,"{""STRAWBERRY"": 8, ""MELON"": 12}","{""COW"": 2, ""SHEEP"": 3}",0,1
154,6,10,0,270.0,9,9,2,"{""STRAWBERRY"": 10, ""MELON"": 10}","{""COW"": 4, ""SHEEP"": 2}",0,9
154,6,10,1,2649.0,8,8,2,"{""STRAWBERRY"": 9, ""MELON"": 12}","{""COW"": 2, ""SHEEP"": 3}",0,0
155,6,11,0,70.0,9,9,2,"{""STRAWBERRY"": 10, ""MELON"": 10}","{""COW"": 4, ""SHEEP"": 2}",0,9
155,6,11,1,2139.0,8,8,2,"{""STRAWBERRY"": 9, ""MELON"": 12}","{""COW"": 3, ""SHEEP"": 3}",0,2
156,6,12,0,256.0,9,9,2,"{""STRAWBERRY"": 10, ""MELON"": 10}","{""COW"": 4, ""SHEEP"": 2}",0,6
156,6,12,1,2229.0,8,8,2,"{""STRAWBERRY"": 9, ""MELON"": 12}","{""COW"": 3, ""SHEEP"": 3}",0,0
157,6,13,0,461.0,9,9,2,"{""STRAWBERRY"": 11, ""MELON"": 10}","{""COW"": 4, ""SHEEP"": 2}",0,5
157,6,13,1,1729.0,8,8,2,"{""STRAWBERRY"": 11, ""MELON"": 12}","{""COW"": 3, ""SHEEP"": 3}",0,1
158,6,14,0,161.0,9,9,2,"{""STRAWBERRY"": 11, ""MELON"": 10}","{""COW"": 4, ""SHEEP"": 2}",0,5
158,6,14,1,1629.0,8,8,2,"{""STRAWBERRY"": 11, ""MELON"": 12}","{""COW"": 4, ""SHEEP"": 3}",0,0
159,6,15,0,161.0,9,9,2,"{""STRAWBERRY"": 11, ""MELON"": 10}","{""COW"": 5, ""SHEEP"": 2}",0,5
159,6,15,1,1129.0,8,8,2,"{""STRAWBERRY"": 11, ""MELON"": 12}","{""COW"": 4, ""SHEEP"": 3}",0,1
160,6,16,0,161.0,9,9,2,"{""STRAWBERRY"": 14, ""MELON"": 10}","{""COW"": 6, ""SHEEP"": 2}",0,5
160,6,16,1,1029.0,8,8,2,"{""STRAWBERRY"": 12, ""MELON"": 12}","{""COW"": 5, ""SHEEP"": 3}",0,0
161,6,17,0,61.0,9,9,2,"{""STRAWBERRY"": 14, ""MELON"": 10}","{""COW"": 6, ""SHEEP"": 2}",0,6
161,6,17,1,529.0,8,8,2,"{""STRAWBERRY"": 13, ""MELON"": 12}","{""COW"": 6, ""SHEEP"": 3}",0,1
162,6,18,0,305.0,9,9,2,"{""STRAWBERRY"": 16, ""MELON"": 10}","{""COW"": 6, ""SHEEP"": 2}",0,0
162,6,18,1,429.0,8,8,2,"{""STRAWBERRY"": 13, ""MELON"": 12}","{""COW"": 6, ""SHEEP"": 3}",0,0
163,6,19,0,5.0,9,9,2,"{""STRAWBERRY"": 16, ""MELON"": 10, ""WHEAT"": 1}","{""COW"": 6, ""SHEEP"": 2}",0,0
163,6,19,1,329.0,8,8,2,"{""STRAWBERRY"": 14, ""MELON"": 12, ""WHEAT"": 1}","{""COW"": 6, ""SHEEP"": 3}",0,0
164,6,20,0,5.0,9,9,2,"{""STRAWBERRY"": 19, ""MELON"": 10, ""WHEAT"": 1}","{""COW"": 6, ""SHEEP"": 2}",0,0
164,6,20,1,229.0,8,8,2,"{""STRAWBERRY"": 16, ""MELON"": 12, ""WHEAT"": 1}","{""COW"": 7, ""SHEEP"": 3}",0,0
165,6,21,0,5.0,9,9,2,"{""STRAWBERRY"": 19, ""MELON"": 10, ""WHEAT"": 1}","{""COW"": 6, ""SHEEP"": 2}",0,0
165,6,21,1,129.0,8,8,2,"{""STRAWBERRY"": 16, ""MELON"": 12, ""WHEAT"": 1}","{""COW"": 7, ""SHEEP"": 3}",0,0
166,6,22,0,5.0,9,9,2,"{""STRAWBERRY"": 19, ""MELON"": 10, ""WHEAT"": 1}","{""COW"": 6, ""SHEEP"": 2}",0,0
166,6,22,1,29.0,8,8,2,"{""STRAWBERRY"": 19, ""MELON"": 12, ""WHEAT"": 1}","{""COW"": 8, ""SHEEP"": 3}",0,0
167,6,23,0,5.0,9,9,2,"{""STRAWBERRY"": 19, ""MELON"": 10, ""WHEAT"": 1}","{""COW"": 6, ""SHEEP"": 2}",0,0
167,6,23,1,29.0,8,8,2,"{""STRAWBERRY"": 21, ""MELON"": 12, ""WHEAT"": 1}","{""COW"": 8, ""SHEEP"": 3}",0,0
168,7,0,0,5.0,0,0,2,"{""STRAWBERRY"": 19, ""MELON"": 10, ""WHEAT"": 1}","{""COW"": 6, ""SHEEP"": 2}",0,3
168,7,0,1,29.0,0,0,2,"{""STRAWBERRY"": 21, ""MELON"": 12, ""WHEAT"": 1}","{""COW"": 8, ""SHEEP"": 3}",0,4
169,7,1,0,142.0,5,5,2,"{""STRAWBERRY"": 19, ""MELON"": 10, ""WHEAT"": 1}","{""COW"": 6, ""SHEEP"": 2}",0,0
169,7,1,1,64.0,8,8,2,"{""STRAWBERRY"": 21, ""MELON"": 12, ""WHEAT"": 1}","{""COW"": 8, ""SHEEP"": 3}",0,0
170,7,2,0,29.0,7,7,2,"{""STRAWBERRY"": 19, ""MELON"": 10, ""WHEAT"": 1}","{""COW"": 6, ""SHEEP"": 2}",0,4
170,7,2,1,30.0,9,9,2,"{""STRAWBERRY"": 21, ""MELON"": 12, ""WHEAT"": 1}","{""COW"": 8, ""SHEEP"": 3}",0,0
171,7,3,0,34.0,8,8,2,"{""STRAWBERRY"": 19, ""MELON"": 10, ""WHEAT"": 1}","{""COW"": 6, ""SHEEP"": 2}",0,2
171,7,3,1,30.0,9,9,2,"{""STRAWBERRY"": 21, ""MELON"": 12, ""WHEAT"": 1}","{""COW"": 8, ""SHEEP"": 3}",0,2
172,7,4,0,34.0,8,8,2,"{""STRAWBERRY"": 19, ""MELON"": 10, ""WHEAT"": 1}","{""COW"": 6, ""SHEEP"": 2}",0,0
172,7,4,1,206.0,9,9,2,"{""STRAWBERRY"": 21, ""MELON"": 12, ""WHEAT"": 1}","{""COW"": 8, ""SHEEP"": 3}",0,0
173,7,5,0,34.0,8,8,2,"{""STRAWBERRY"": 19, ""MELON"": 10, ""WHEAT"": 1}","{""COW"": 6, ""SHEEP"": 2}",0,0
173,7,5,1,206.0,9,9,2,"{""STRAWBERRY"": 21, ""MELON"": 12, ""WHEAT"": 1}","{""COW"": 8, ""SHEEP"": 3}",0,0
174,7,6,0,34.0,8,8,2,"{""STRAWBERRY"": 19, ""MELON"": 10, ""WHEAT"": 1}","{""COW"": 6, ""SHEEP"": 2}",0,0
174,7,6,1,106.0,9,9,2,"{""STRAWBERRY"": 21, ""MELON"": 12, ""WHEAT"": 1}","{""COW"": 8, ""SHEEP"": 3}",0,2
175,7,7,0,34.0,8,8,2,"{""STRAWBERRY"": 19, ""MELON"": 10, ""WHEAT"": 1}","{""COW"": 6, ""SHEEP"": 2}",0,0
175,7,7,1,126.0,9,9,2,"{""STRAWBERRY"": 21, ""MELON"": 12, ""WHEAT"": 1}","{""COW"": 8, ""SHEEP"": 3}",0,7
176,7,8,0,34.0,8,8,2,"{""STRAWBERRY"": 19, ""MELON"": 10, ""WHEAT"": 1}","{""COW"": 6, ""SHEEP"": 2}",0,1
176,7,8,1,300.0,9,9,2,"{""STRAWBERRY"": 21, ""MELON"": 12, ""WHEAT"": 1}","{""COW"": 8, ""SHEEP"": 3}",0,0
177,7,9,0,57.0,8,8,2,"{""STRAWBERRY"": 19, ""MELON"": 10, ""WHEAT"": 1}","{""COW"": 6, ""SHEEP"": 2}",0,2
177,7,9,1,207.0,9,9,2,"{""STRAWBERRY"": 21, ""MELON"": 12, ""WHEAT"": 1}","{""COW"": 8, ""SHEEP"": 3}",0,4
178,7,10,0,57.0,8,8,2,"{""STRAWBERRY"": 19, ""MELON"": 10, ""WHEAT"": 1}","{""COW"": 6, ""SHEEP"": 2}",0,0
178,7,10,1,194.0,9,9,2,"{""STRAWBERRY"": 22, ""MELON"": 12, ""WHEAT"": 1}","{""COW"": 8, ""SHEEP"": 3}",0,0
179,7,11,0,165.0,8,8,2,"{""STRAWBERRY"": 19, ""MELON"": 10, ""WHEAT"": 1}","{""COW"": 6, ""SHEEP"": 2}",0,2
179,7,11,1,98.0,9,9,2,"{""STRAWBERRY"": 22, ""MELON"": 12, ""WHEAT"": 1}","{""COW"": 8, ""SHEEP"": 3}",0,4
180,7,12,0,23.0,8,8,2,"{""STRAWBERRY"": 19, ""MELON"": 10, ""WHEAT"": 1}","{""COW"": 6, ""SHEEP"": 2}",0,2
180,7,12,1,84.0,9,9,2,"{""STRAWBERRY"": 23, ""MELON"": 12, ""WHEAT"": 1}","{""COW"": 8, ""SHEEP"": 3}",0,4
181,7,13,0,45.0,8,8,2,"{""STRAWBERRY"": 19, ""MELON"": 10, ""WHEAT"": 1}","{""COW"": 6, ""SHEEP"": 2}",0,3
181,7,13,1,70.0,9,9,2,"{""STRAWBERRY"": 24, ""MELON"": 12, ""WHEAT"": 1}","{""COW"": 8, ""SHEEP"": 3}",0,0
182,7,14,0,109.0,8,8,2,"{""STRAWBERRY"": 20, ""MELON"": 10, ""WHEAT"": 1}","{""COW"": 6, ""SHEEP"": 2}",0,2
182,7,14,1,6.0,9,9,2,"{""STRAWBERRY"": 25, ""MELON"": 12, ""WHEAT"": 1}","{""COW"": 8, ""SHEEP"": 3}",0,3
183,7,15,0,30.0,8,8,2,"{""STRAWBERRY"": 20, ""MELON"": 10, ""WHEAT"": 1}","{""COW"": 6, ""SHEEP"": 2}",0,4
183,7,15,1,91.0,9,9,2,"{""STRAWBERRY"": 25, ""MELON"": 12, ""WHEAT"": 1}","{""COW"": 8, ""SHEEP"": 3}",0,0
184,7,16,0,10.0,8,8,2,"{""STRAWBERRY"": 20, ""MELON"": 10, ""WHEAT"": 1}","{""COW"": 6, ""SHEEP"": 2}",0,0
184,7,16,1,27.0,9,9,2,"{""STRAWBERRY"": 25, ""MELON"": 12, ""WHEAT"": 1}","{""COW"": 8, ""SHEEP"": 3}",0,2
185,7,17,0,10.0,8,8,2,"{""STRAWBERRY"": 20, ""MELON"": 10, ""WHEAT"": 1}","{""COW"": 6, ""SHEEP"": 2}",0,0
185,7,17,1,27.0,9,9,2,"{""STRAWBERRY"": 25, ""MELON"": 12, ""WHEAT"": 1}","{""COW"": 8, ""SHEEP"": 3}",0,2
186,7,18,0,180.0,8,8,2,"{""STRAWBERRY"": 21, ""MELON"": 10, ""WHEAT"": 1}","{""COW"": 6, ""SHEEP"": 2}",0,0
186,7,18,1,27.0,9,9,2,"{""STRAWBERRY"": 25, ""MELON"": 12, ""WHEAT"": 1}","{""COW"": 8, ""SHEEP"": 3}",0,2
187,7,19,0,80.0,8,8,2,"{""STRAWBERRY"": 21, ""MELON"": 10, ""WHEAT"": 1}","{""COW"": 6, ""SHEEP"": 2}",0,0
187,7,19,1,27.0,9,9,2,"{""STRAWBERRY"": 25, ""MELON"": 12, ""WHEAT"": 1}","{""COW"": 8, ""SHEEP"": 3}",0,2
188,7,20,0,47.0,8,8,2,"{""STRAWBERRY"": 22, ""MELON"": 10, ""WHEAT"": 1}","{""COW"": 6, ""SHEEP"": 2}",0,1
188,7,20,1,27.0,9,9,2,"{""STRAWBERRY"": 25, ""MELON"": 12, ""WHEAT"": 1}","{""COW"": 8, ""SHEEP"": 3}",0,0
189,7,21,0,47.0,8,8,2,"{""STRAWBERRY"": 22, ""MELON"": 10, ""WHEAT"": 1}","{""COW"": 6, ""SHEEP"": 2}",0,1
189,7,21,1,27.0,9,9,2,"{""STRAWBERRY"": 25, ""MELON"": 12, ""WHEAT"": 1}","{""COW"": 8, ""SHEEP"": 3}",0,4
190,7,22,0,47.0,8,8,2,"{""STRAWBERRY"": 22, ""MELON"": 10, ""WHEAT"": 1}","{""COW"": 6, ""SHEEP"": 2}",0,1
190,7,22,1,27.0,9,9,2,"{""STRAWBERRY"": 25, ""MELON"": 12, ""WHEAT"": 1}","{""COW"": 8, ""SHEEP"": 3}",0,2
191,7,23,0,14.0,8,8,2,"{""STRAWBERRY"": 22, ""MELON"": 10, ""WHEAT"": 3}","{""COW"": 6, ""SHEEP"": 2}",0,2
191,7,23,1,27.0,9,9,2,"{""STRAWBERRY"": 25, ""MELON"": 12, ""WHEAT"": 1}","{""COW"": 8, ""SHEEP"": 3}",0,0
192,8,0,0,14.0,0,0,2,"{""STRAWBERRY"": 22, ""MELON"": 10, ""WHEAT"": 3}","{""COW"": 6, ""SHEEP"": 2}",0,6
192,8,0,1,27.0,0,0,2,"{""STRAWBERRY"": 25, ""MELON"": 12, ""WHEAT"": 1}","{""COW"": 8, ""SHEEP"": 3}",0,8
193,8,1,0,131.0,5,5,2,"{""STRAWBERRY"": 22, ""MELON"": 10, ""WHEAT"": 3}","{""COW"": 6, ""SHEEP"": 2}",0,2
193,8,1,1,155.0,8,8,2,"{""STRAWBERRY"": 25, ""MELON"": 12, ""WHEAT"": 1}","{""COW"": 8, ""SHEEP"": 3}",0,4
194,8,2,0,476.0,7,7,2,"{""STRAWBERRY"": 22, ""MELON"": 10, ""WHEAT"": 3}","{""COW"": 6, ""SHEEP"": 2}",0,7
194,8,2,1,25.0,9,9,2,"{""STRAWBERRY"": 25, ""MELON"": 12, ""WHEAT"": 1}","{""COW"": 8, ""SHEEP"": 3}",0,9
195,8,3,0,355.0,9,9,2,"{""STRAWBERRY"": 22, ""MELON"": 10, ""WHEAT"": 3}","{""COW"": 6, ""SHEEP"": 2}",0,3
195,8,3,1,1135.0,9,9,2,"{""STRAWBERRY"": 25, ""MELON"": 12, ""WHEAT"": 1}","{""COW"": 8, ""SHEEP"": 3}",0,10
196,8,4,0,121.0,9,9,2,"{""STRAWBERRY"": 22, ""MELON"": 10, ""WHEAT"": 3}","{""COW"": 6, ""SHEEP"": 2}",0,10
196,8,4,1,1219.0,9,9,2,"{""STRAWBERRY"": 25, ""MELON"": 12, ""WHEAT"": 1}","{""COW"": 8, ""SHEEP"": 3}",0,6
197,8,5,0,1405.0,9,9,2,"{""STRAWBERRY"": 22, ""MELON"": 10, ""WHEAT"": 3}","{""COW"": 7, ""SHEEP"": 2}",0,10
197,8,5,1,1303.0,9,9,2,"{""STRAWBERRY"": 25, ""MELON"": 12, ""WHEAT"": 1}","{""COW"": 8, ""SHEEP"": 3}",0,0
198,8,6,0,937.0,9,9,2,"{""STRAWBERRY"": 22, ""MELON"": 10, ""WHEAT"": 3}","{""COW"": 7, ""SHEEP"": 2}",0,9
198,8,6,1,1303.0,9,9,2,"{""STRAWBERRY"": 25, ""MELON"": 12, ""WHEAT"": 1}","{""COW"": 8, ""SHEEP"": 3}",0,0
199,8,7,0,537.0,9,9,2,"{""STRAWBERRY"": 22, ""MELON"": 10, ""WHEAT"": 3}","{""COW"": 7, ""SHEEP"": 2}",0,9
199,8,7,1,1067.0,9,9,2,"{""STRAWBERRY"": 25, ""MELON"": 12, ""WHEAT"": 1}","{""COW"": 8, ""SHEEP"": 3}",0,10
200,8,8,0,137.0,9,9,2,"{""STRAWBERRY"": 22, ""MELON"": 10, ""WHEAT"": 3}","{""COW"": 7, ""SHEEP"": 2}",0,9
200,8,8,1,1933.0,9,9,2,"{""STRAWBERRY"": 25, ""MELON"": 12, ""WHEAT"": 1}","{""COW"": 8, ""SHEEP"": 3}",0,6
201,8,9,0,137.0,9,9,2,"{""STRAWBERRY"": 22, ""MELON"": 10, ""WHEAT"": 3}","{""COW"": 7, ""SHEEP"": 2}",0,8
201,8,9,1,2017.0,9,9,2,"{""STRAWBERRY"": 25, ""MELON"": 12, ""WHEAT"": 1}","{""COW"": 8, ""SHEEP"": 3}",0,4
202,8,10,0,137.0,9,9,2,"{""STRAWBERRY"": 22, ""MELON"": 10, ""WHEAT"": 3}","{""COW"": 9, ""SHEEP"": 2}",0,8
202,8,10,1,2017.0,9,9,2,"{""STRAWBERRY"": 25, ""MELON"": 12, ""WHEAT"": 1}","{""COW"": 8, ""SHEEP"": 3}",0,5
203,8,11,0,69.0,9,9,2,"{""STRAWBERRY"": 22, ""MELON"": 10, ""WHEAT"": 3}","{""COW"": 10, ""SHEEP"": 2}",0,10
203,8,11,1,2101.0,9,9,2,"{""STRAWBERRY"": 25, ""MELON"": 12, ""WHEAT"": 1}","{""COW"": 8, ""SHEEP"": 3}",0,5
204,8,12,0,273.0,9,9,2,"{""STRAWBERRY"": 22, ""MELON"": 10, ""WHEAT"": 3}","{""COW"": 11, ""SHEEP"": 2}",0,4
204,8,12,1,2185.0,9,9,2,"{""STRAWBERRY"": 25, ""MELON"": 12, ""WHEAT"": 1}","{""COW"": 8, ""SHEEP"": 3}",0,0
205,8,13,0,69.0,9,9,2,"{""STRAWBERRY"": 22, ""MELON"": 10, ""WHEAT"": 2}","{""COW"": 11, ""SHEEP"": 2}",0,13
205,8,13,1,2185.0,9,9,2,"{""STRAWBERRY"": 25, ""MELON"": 12, ""WHEAT"": 1}","{""COW"": 8, ""SHEEP"": 3}",0,1
206,8,14,0,401.0,9,9,2,"{""STRAWBERRY"": 22, ""MELON"": 10, ""WHEAT"": 2}","{""COW"": 11, ""SHEEP"": 2}",0,2
206,8,14,1,2268.0,9,9,2,"{""STRAWBERRY"": 25, ""MELON"": 12, ""WHEAT"": 1}","{""COW"": 9, ""SHEEP"": 3}",0,1
207,8,15,0,201.0,9,9,2,"{""STRAWBERRY"": 22, ""MELON"": 10, ""WHEAT"": 2}","{""COW"": 11, ""SHEEP"": 2}",0,0
207,8,15,1,2350.0,9,9,2,"{""STRAWBERRY"": 25, ""MELON"": 12, ""WHEAT"": 1}","{""COW"": 9, ""SHEEP"": 3}",0,0
208,8,16,0,31.0,9,9,2,"{""STRAWBERRY"": 23, ""MELON"": 10, ""WHEAT"": 2}","{""COW"": 11, ""SHEEP"": 2}",0,5
208,8,16,1,2350.0,9,9,2,"{""STRAWBERRY"": 25, ""MELON"": 12, ""WHEAT"": 1}","{""COW"": 9, ""SHEEP"": 3}",0,0
209,8,17,0,191.0,9,9,2,"{""STRAWBERRY"": 23, ""MELON"": 10, ""WHEAT"": 2}","{""COW"": 11, ""SHEEP"": 2}",0,0
209,8,17,1,2350.0,9,9,2,"{""STRAWBERRY"": 25, ""MELON"": 12, ""WHEAT"": 1}","{""COW"": 9, ""SHEEP"": 3}",0,2
210,8,18,0,181.0,9,9,2,"{""STRAWBERRY"": 23, ""MELON"": 10, ""WHEAT"": 2}","{""COW"": 11, ""SHEEP"": 2}",0,0
210,8,18,1,2514.0,9,9,2,"{""STRAWBERRY"": 25, ""MELON"": 12, ""WHEAT"": 1}","{""COW"": 9, ""SHEEP"": 3}",0,2
211,8,19,0,181.0,9,9,2,"{""STRAWBERRY"": 24, ""MELON"": 10, ""WHEAT"": 2}","{""COW"": 11, ""SHEEP"": 2}",0,0
211,8,19,1,2514.0,9,9,2,"{""STRAWBERRY"": 25, ""MELON"": 12, ""WHEAT"": 1}","{""COW"": 9, ""SHEEP"": 3}",0,1
212,8,20,0,181.0,9,9,2,"{""STRAWBERRY"": 24, ""MELON"": 10, ""WHEAT"": 2}","{""COW"": 11, ""SHEEP"": 2}",0,0
212,8,20,1,2514.0,9,9,2,"{""STRAWBERRY"": 25, ""MELON"": 12}","{""COW"": 9, ""SHEEP"": 3}",0,1
213,8,21,0,181.0,9,9,2,"{""STRAWBERRY"": 24, ""MELON"": 10, ""WHEAT"": 2}","{""COW"": 11, ""SHEEP"": 2}",0,0
213,8,21,1,2596.0,9,9,2,"{""STRAWBERRY"": 26, ""MELON"": 12}","{""COW"": 9, ""SHEEP"": 3}",0,2
214,8,22,0,181.0,9,9,2,"{""STRAWBERRY"": 24, ""MELON"": 10, ""WHEAT"": 3}","{""COW"": 11, ""SHEEP"": 2}",0,0
214,8,22,1,2596.0,9,9,2,"{""STRAWBERRY"": 26, ""MELON"": 12}","{""COW"": 9, ""SHEEP"": 3}",0,1
215,8,23,0,181.0,9,9,2,"{""STRAWBERRY"": 24, ""MELON"": 10, ""WHEAT"": 3}","{""COW"": 11, ""SHEEP"": 2}",0,0
215,8,23,1,2596.0,9,9,2,"{""STRAWBERRY"": 26, ""MELON"": 12}","{""COW"": 9, ""SHEEP"": 3}",0,0
216,9,0,0,181.0,0,0,2,"{""STRAWBERRY"": 24, ""MELON"": 10, ""WHEAT"": 3}","{""COW"": 11, ""SHEEP"": 2}",0,13
216,9,0,1,2596.0,0,0,2,"{""STRAWBERRY"": 26, ""MELON"": 12}","{""COW"": 9, ""SHEEP"": 3}",0,8
217,9,1,0,452.0,8,8,2,"{""STRAWBERRY"": 24, ""MELON"": 10, ""WHEAT"": 3}","{""COW"": 11, ""SHEEP"": 2}",0,9
217,9,1,1,2224.0,8,8,2,"{""STRAWBERRY"": 26, ""MELON"": 12}","{""COW"": 9, ""SHEEP"": 3}",0,8
218,9,2,0,363.0,10,10,2,"{""STRAWBERRY"": 24, ""MELON"": 10, ""WHEAT"": 3}","{""COW"": 11, ""SHEEP"": 2}",0,0
218,9,2,1,2135.0,10,10,2,"{""STRAWBERRY"": 26, ""MELON"": 12}","{""COW"": 9, ""SHEEP"": 3}",0,0
219,9,3,0,295.0,10,10,2,"{""STRAWBERRY"": 24, ""MELON"": 10, ""WHEAT"": 3}","{""COW"": 11, ""SHEEP"": 2}",0,2
219,9,3,1,2135.0,10,10,2,"{""STRAWBERRY"": 26, ""MELON"": 12}","{""COW"": 9, ""SHEEP"": 3}",0,1
220,9,4,0,363.0,10,10,2,"{""STRAWBERRY"": 24, ""MELON"": 10, ""WHEAT"": 3}","{""COW"": 11, ""SHEEP"": 2}",0,0
220,9,4,1,135.0,10,10,3,"{""STRAWBERRY"": 26, ""MELON"": 12}","{""COW"": 9, ""SHEEP"": 3}",0,5
221,9,5,0,363.0,10,10,2,"{""STRAWBERRY"": 24, ""MELON"": 10, ""WHEAT"": 3}","{""COW"": 11, ""SHEEP"": 2}",0,0
221,9,5,1,703.0,10,10,3,"{""STRAWBERRY"": 26, ""MELON"": 12}","{""COW"": 9, ""SHEEP"": 3}",0,10
222,9,6,0,993.0,10,10,2,"{""STRAWBERRY"": 24, ""MELON"": 10, ""WHEAT"": 3}","{""COW"": 11, ""SHEEP"": 2}",0,0
222,9,6,1,1333.0,10,10,3,"{""STRAWBERRY"": 26, ""MELON"": 12}","{""COW"": 9, ""SHEEP"": 3}",0,7
223,9,7,0,1533.0,10,10,2,"{""STRAWBERRY"": 24, ""MELON"": 10, ""WHEAT"": 3}","{""COW"": 11, ""SHEEP"": 2}",0,1
223,9,7,1,1413.0,10,10,3,"{""STRAWBERRY"": 26, ""MELON"": 12}","{""COW"": 9, ""SHEEP"": 3}",0,1
224,9,8,0,1543.0,10,10,2,"{""STRAWBERRY"": 24, ""MELON"": 10, ""WHEAT"": 3}","{""COW"": 11, ""SHEEP"": 2}",0,2
224,9,8,1,1483.0,10,10,3,"{""STRAWBERRY"": 26, ""MELON"": 12}","{""COW"": 9, ""SHEEP"": 3}",0,5
225,9,9,0,1693.0,10,10,2,"{""STRAWBERRY"": 24, ""MELON"": 10, ""WHEAT"": 3}","{""COW"": 11, ""SHEEP"": 2}",0,0
225,9,9,1,1382.0,10,10,3,"{""STRAWBERRY"": 26, ""MELON"": 12}","{""COW"": 10, ""SHEEP"": 3}",0,8
226,9,10,0,1693.0,10,10,2,"{""STRAWBERRY"": 24, ""MELON"": 10, ""WHEAT"": 3}","{""COW"": 11, ""SHEEP"": 2}",0,0
226,9,10,1,1531.0,10,10,3,"{""STRAWBERRY"": 26, ""MELON"": 12}","{""COW"": 10, ""SHEEP"": 3}",0,5
227,9,11,0,1930.0,10,10,2,"{""STRAWBERRY"": 24, ""MELON"": 10, ""WHEAT"": 3}","{""COW"": 11, ""SHEEP"": 2}",0,2
227,9,11,1,1121.0,10,10,3,"{""STRAWBERRY"": 26, ""MELON"": 12, ""WHEAT"": 2}","{""COW"": 10, ""SHEEP"": 3}",0,6
228,9,12,0,1825.0,10,10,2,"{""STRAWBERRY"": 24, ""MELON"": 10, ""WHEAT"": 3}","{""COW"": 11, ""SHEEP"": 2}",0,3
228,9,12,1,1111.0,10,10,3,"{""STRAWBERRY"": 26, ""MELON"": 12, ""WHEAT"": 3}","{""COW"": 10, ""SHEEP"": 3}",0,7
229,9,13,0,1904.0,10,10,2,"{""STRAWBERRY"": 24, ""MELON"": 10, ""WHEAT"": 3}","{""COW"": 11, ""SHEEP"": 2}",0,0
229,9,13,1,1180.0,10,10,3,"{""STRAWBERRY"": 26, ""MELON"": 12, ""WHEAT"": 3}","{""COW"": 11, ""SHEEP"": 3}",0,5
230,9,14,0,1834.0,10,10,2,"{""STRAWBERRY"": 24, ""MELON"": 10, ""WHEAT"": 2}","{""COW"": 11, ""SHEEP"": 2}",0,4
230,9,14,1,770.0,10,10,3,"{""STRAWBERRY"": 26, ""MELON"": 12, ""WHEAT"": 5}","{""COW"": 11, ""SHEEP"": 3}",0,7
231,9,15,0,1920.0,10,10,2,"{""STRAWBERRY"": 24, ""MELON"": 10, ""WHEAT"": 3}","{""COW"": 11, ""SHEEP"": 2}",0,2
231,9,15,1,838.0,10,10,3,"{""STRAWBERRY"": 26, ""MELON"": 12, ""WHEAT"": 5}","{""COW"": 11, ""SHEEP"": 3}",0,5
232,9,16,0,1920.0,10,10,2,"{""STRAWBERRY"": 24, ""MELON"": 10, ""WHEAT"": 3}","{""COW"": 11, ""SHEEP"": 2}",0,0
232,9,16,1,828.0,10,10,3,"{""STRAWBERRY"": 26, ""MELON"": 12, ""WHEAT"": 6}","{""COW"": 11, ""SHEEP"": 3}",0,5
233,9,17,0,1920.0,10,10,2,"{""STRAWBERRY"": 24, ""MELON"": 10, ""WHEAT"": 3}","{""COW"": 11, ""SHEEP"": 2}",0,0
233,9,17,1,818.0,10,10,3,"{""STRAWBERRY"": 26, ""MELON"": 12, ""WHEAT"": 8}","{""COW"": 12, ""SHEEP"": 3}",0,5
234,9,18,0,1920.0,10,10,2,"{""STRAWBERRY"": 24, ""MELON"": 10, ""WHEAT"": 3}","{""COW"": 11, ""SHEEP"": 2}",0,0
234,9,18,1,778.0,10,10,3,"{""STRAWBERRY"": 26, ""MELON"": 12, ""WHEAT"": 9}","{""COW"": 12, ""SHEEP"": 3}",0,5
235,9,19,0,1920.0,10,10,2,"{""STRAWBERRY"": 24, ""MELON"": 10, ""WHEAT"": 2}","{""COW"": 11, ""SHEEP"": 2}",0,0
235,9,19,1,768.0,10,10,3,"{""STRAWBERRY"": 26, ""MELON"": 12, ""WHEAT"": 10}","{""COW"": 12, ""SHEEP"": 3}",0,4
236,9,20,0,1880.0,10,10,2,"{""STRAWBERRY"": 24, ""MELON"": 10, ""WHEAT"": 3}","{""COW"": 11, ""SHEEP"": 2}",0,0
236,9,20,1,836.0,10,10,3,"{""STRAWBERRY"": 26, ""MELON"": 12, ""WHEAT"": 12}","{""COW"": 12, ""SHEEP"": 3}",0,3
237,9,21,0,1880.0,10,10,2,"{""STRAWBERRY"": 24, ""MELON"": 10, ""WHEAT"": 3}","{""COW"": 11, ""SHEEP"": 2}",0,0
237,9,21,1,826.0,10,10,3,"{""STRAWBERRY"": 26, ""MELON"": 12, ""WHEAT"": 13}","{""COW"": 13, ""SHEEP"": 3}",0,3
238,9,22,0,1880.0,10,10,2,"{""STRAWBERRY"": 24, ""MELON"": 10, ""WHEAT"": 3}","{""COW"": 11, ""SHEEP"": 2}",0,0
238,9,22,1,816.0,10,10,3,"{""STRAWBERRY"": 26, ""MELON"": 12, ""WHEAT"": 14}","{""COW"": 13, ""SHEEP"": 3}",0,3
239,9,23,0,1880.0,10,10,2,"{""STRAWBERRY"": 24, ""MELON"": 10, ""WHEAT"": 3}","{""COW"": 11, ""SHEEP"": 2}",0,0
239,9,23,1,816.0,10,10,3,"{""STRAWBERRY"": 26, ""MELON"": 12, ""WHEAT"": 16}","{""COW"": 13, ""SHEEP"": 3}",0,3
240,10,0,0,1880.0,0,0,2,"{""STRAWBERRY"": 24, ""MELON"": 10, ""WHEAT"": 3}","{""COW"": 11, ""SHEEP"": 2}",0,12
240,10,0,1,816.0,0,0,3,"{""STRAWBERRY"": 26, ""MELON"": 12, ""WHEAT"": 16}","{""COW"": 13, ""SHEEP"": 3}",0,13
241,10,1,0,2175.0,9,9,2,"{""STRAWBERRY"": 24, ""MELON"": 10, ""WHEAT"": 3}","{""COW"": 11, ""SHEEP"": 2}",0,7
241,10,1,1,963.0,8,8,3,"{""STRAWBERRY"": 26, ""MELON"": 12, ""WHEAT"": 16}","{""COW"": 13, ""SHEEP"": 3}",0,12
242,10,2,0,1698.0,11,11,2,"{""STRAWBERRY"": 24, ""MELON"": 10, ""WHEAT"": 3}","{""COW"": 11, ""SHEEP"": 2}",0,9
242,10,2,1,27.0,11,11,3,"{""STRAWBERRY"": 26, ""MELON"": 12, ""WHEAT"": 16}","{""COW"": 13, ""SHEEP"": 3}",0,26
243,10,3,0,2367.0,11,11,2,"{""STRAWBERRY"": 24, ""MELON"": 9, ""WHEAT"": 3}","{""COW"": 11, ""SHEEP"": 2}",0,9
243,10,3,1,139.0,11,11,3,"{""STRAWBERRY"": 26, ""MELON"": 12, ""WHEAT"": 16}","{""COW"": 13, ""SHEEP"": 3}",0,34
244,10,4,0,367.0,11,11,3,"{""STRAWBERRY"": 24, ""MELON"": 9, ""WHEAT"": 3}","{""COW"": 11, ""SHEEP"": 2}",0,9
244,10,4,1,139.0,11,11,3,"{""STRAWBERRY"": 26, ""MELON"": 12, ""WHEAT"": 16}","{""COW"": 13, ""SHEEP"": 3}",0,34
245,10,5,0,1908.0,11,11,3,"{""STRAWBERRY"": 24, ""MELON"": 9, ""WHEAT"": 3}","{""COW"": 11, ""SHEEP"": 2}",0,11
245,10,5,1,139.0,11,11,3,"{""STRAWBERRY"": 26, ""MELON"": 12, ""WHEAT"": 16}","{""COW"": 13, ""SHEEP"": 3}",0,34
246,10,6,0,1908.0,11,11,3,"{""STRAWBERRY"": 24, ""MELON"": 8, ""WHEAT"": 3}","{""COW"": 11, ""SHEEP"": 2}",0,10
246,10,6,1,139.0,11,11,3,"{""STRAWBERRY"": 26, ""MELON"": 11, ""WHEAT"": 16}","{""COW"": 13, ""SHEEP"": 3}",0,36
247,10,7,0,2572.0,11,11,3,"{""STRAWBERRY"": 24, ""MELON"": 7, ""WHEAT"": 3}","{""COW"": 11, ""SHEEP"": 2}",0,7
247,10,7,1,290.0,11,11,3,"{""STRAWBERRY"": 26, ""MELON"": 10, ""WHEAT"": 16}","{""COW"": 13, ""SHEEP"": 3}",0,34
248,10,8,0,2572.0,11,11,3,"{""STRAWBERRY"": 24, ""MELON"": 5, ""WHEAT"": 4}","{""COW"": 11, ""SHEEP"": 2}",0,7
248,10,8,1,290.0,11,11,3,"{""STRAWBERRY"": 26, ""MELON"": 7, ""WHEAT"": 16}","{""COW"": 13, ""SHEEP"": 3}",0,34
249,10,9,0,1888.0,11,11,3,"{""STRAWBERRY"": 24, ""MELON"": 3, ""WHEAT"": 4}","{""COW"": 11, ""SHEEP"": 2}",0,25
249,10,9,1,290.0,11,11,3,"{""STRAWBERRY"": 26, ""MELON"": 7, ""WHEAT"": 16}","{""COW"": 13, ""SHEEP"": 3}",0,34
250,10,10,0,3446.0,11,11,3,"{""STRAWBERRY"": 24, ""MELON"": 3, ""WHEAT"": 5}","{""COW"": 11, ""SHEEP"": 2}",0,25
250,10,10,1,290.0,11,11,3,"{""STRAWBERRY"": 26, ""MELON"": 7, ""WHEAT"": 16}","{""COW"": 13, ""SHEEP"": 3}",0,40
251,10,11,0,3426.0,11,11,3,"{""STRAWBERRY"": 24, ""MELON"": 2, ""WHEAT"": 5}","{""COW"": 11, ""SHEEP"": 2}",0,21
251,10,11,1,1012.0,11,11,3,"{""STRAWBERRY"": 26, ""MELON"": 6, ""WHEAT"": 16}","{""COW"": 13, ""SHEEP"": 3}",0,56
252,10,12,0,3426.0,11,11,3,"{""STRAWBERRY"": 24, ""MELON"": 2, ""WHEAT"": 6}","{""COW"": 11, ""SHEEP"": 2}",0,21
252,10,12,1,2397.0,11,11,3,"{""STRAWBERRY"": 26, ""MELON"": 6, ""WHEAT"": 17}","{""COW"": 13, ""SHEEP"": 3}",0,56
253,10,13,0,8265.0,11,11,3,"{""STRAWBERRY"": 24, ""MELON"": 2, ""WHEAT"": 7}","{""COW"": 11, ""SHEEP"": 2}",0,25
253,10,13,1,3867.0,11,11,3,"{""STRAWBERRY"": 26, ""MELON"": 6, ""WHEAT"": 17}","{""COW"": 13, ""SHEEP"": 3}",0,63
254,10,14,0,9175.0,11,11,3,"{""STRAWBERRY"": 24, ""WHEAT"": 8, ""MELON"": 1}","{""COW"": 11, ""SHEEP"": 2}",0,17
254,10,14,1,6668.0,11,11,3,"{""STRAWBERRY"": 26, ""MELON"": 6, ""WHEAT"": 17}","{""COW"": 13, ""SHEEP"": 3}",0,40
255,10,15,0,9272.0,11,11,3,"{""STRAWBERRY"": 24, ""WHEAT"": 9, ""MELON"": 1}","{""COW"": 11, ""SHEEP"": 2}",0,14
255,10,15,1,6658.0,11,11,3,"{""STRAWBERRY"": 26, ""MELON"": 6, ""WHEAT"": 17}","{""COW"": 13, ""SHEEP"": 3}",0,43
256,10,16,0,10564.0,11,11,3,"{""STRAWBERRY"": 24, ""WHEAT"": 11, ""MELON"": 1}","{""COW"": 11, ""SHEEP"": 2}",0,14
256,10,16,1,6798.0,11,11,3,"{""STRAWBERRY"": 26, ""MELON"": 6, ""WHEAT"": 18}","{""COW"": 13, ""SHEEP"": 3}",0,37
257,10,17,0,10544.0,11,11,3,"{""STRAWBERRY"": 24, ""WHEAT"": 11, ""MELON"": 1}","{""COW"": 11, ""SHEEP"": 2}",0,14
257,10,17,1,6788.0,11,11,3,"{""STRAWBERRY"": 26, ""MELON"": 6, ""WHEAT"": 19}","{""COW"": 13, ""SHEEP"": 3}",0,42
258,10,18,0,10768.0,11,11,3,"{""STRAWBERRY"": 24, ""WHEAT"": 12, ""MELON"": 1}","{""COW"": 11, ""SHEEP"": 2}",0,8
258,10,18,1,6678.0,11,11,3,"{""STRAWBERRY"": 27, ""MELON"": 6, ""WHEAT"": 19}","{""COW"": 13, ""SHEEP"": 3}",0,42
259,10,19,0,10758.0,11,11,3,"{""STRAWBERRY"": 24, ""WHEAT"": 15, ""MELON"": 1}","{""COW"": 11, ""SHEEP"": 2}",0,8
259,10,19,1,6668.0,11,11,3,"{""STRAWBERRY"": 27, ""MELON"": 6, ""WHEAT"": 19}","{""COW"": 13, ""SHEEP"": 3}",0,42
260,10,20,0,12395.0,11,11,3,"{""STRAWBERRY"": 24, ""WHEAT"": 16, ""MELON"": 1}","{""COW"": 11, ""SHEEP"": 2}",0,12
260,10,20,1,6558.0,11,11,3,"{""STRAWBERRY"": 28, ""MELON"": 6, ""WHEAT"": 20}","{""COW"": 13, ""SHEEP"": 3}",0,42
261,10,21,0,11751.0,11,11,3,"{""STRAWBERRY"": 24, ""WHEAT"": 18, ""MELON"": 1}","{""COW"": 11, ""SHEEP"": 2}",0,28
261,10,21,1,6558.0,11,11,3,"{""STRAWBERRY"": 28, ""MELON"": 6, ""WHEAT"": 20}","{""COW"": 13, ""SHEEP"": 3}",0,46
262,10,22,0,11943.0,11,11,3,"{""STRAWBERRY"": 24, ""WHEAT"": 21, ""MELON"": 1}","{""COW"": 11, ""SHEEP"": 2}",0,23
262,10,22,1,6633.0,11,11,3,"{""STRAWBERRY"": 29, ""MELON"": 6, ""WHEAT"": 21}","{""COW"": 13, ""SHEEP"": 3}",0,45
263,10,23,0,11933.0,11,11,3,"{""STRAWBERRY"": 24, ""WHEAT"": 23, ""MELON"": 1}","{""COW"": 11, ""SHEEP"": 2}",0,23
263,10,23,1,6633.0,11,11,3,"{""STRAWBERRY"": 29, ""MELON"": 6, ""WHEAT"": 22}","{""COW"": 13, ""SHEEP"": 3}",0,47
264,11,0,0,11613.0,0,0,3,"{""STRAWBERRY"": 24, ""WHEAT"": 23, ""MELON"": 1}","{""COW"": 11, ""SHEEP"": 2}",0,54
264,11,0,1,6781.0,0,0,3,"{""STRAWBERRY"": 29, ""MELON"": 6, ""WHEAT"": 22}","{""COW"": 13, ""SHEEP"": 3}",0,69
265,11,1,0,13006.0,8,8,3,"{""STRAWBERRY"": 24, ""WHEAT"": 23, ""MELON"": 1}","{""COW"": 11, ""SHEEP"": 2}",0,35
265,11,1,1,8479.0,8,8,3,"{""STRAWBERRY"": 29, ""MELON"": 6, ""WHEAT"": 22}","{""COW"": 13, ""SHEEP"": 3}",0,49
266,11,2,0,13442.0,9,9,3,"{""STRAWBERRY"": 24, ""WHEAT"": 23, ""MELON"": 1}","{""COW"": 11, ""SHEEP"": 2}",0,12
266,11,2,1,8301.0,11,11,3,"{""STRAWBERRY"": 29, ""MELON"": 6, ""WHEAT"": 22}","{""COW"": 13, ""SHEEP"": 3}",0,23
267,11,3,0,13272.0,9,9,3,"{""STRAWBERRY"": 24, ""WHEAT"": 23, ""MELON"": 1}","{""COW"": 11, ""SHEEP"": 2}",0,16
267,11,3,1,8301.0,11,11,3,"{""STRAWBERRY"": 29, ""MELON"": 6, ""WHEAT"": 22}","{""COW"": 13, ""SHEEP"": 3}",0,17
268,11,4,0,13272.0,9,9,3,"{""STRAWBERRY"": 24, ""WHEAT"": 23, ""MELON"": 1}","{""COW"": 11, ""SHEEP"": 2}",0,12
268,11,4,1,8301.0,11,11,3,"{""STRAWBERRY"": 29, ""MELON"": 6, ""WHEAT"": 22}","{""COW"": 13, ""SHEEP"": 3}",0,17
269,11,5,0,13272.0,9,9,3,"{""STRAWBERRY"": 24, ""WHEAT"": 23, ""MELON"": 1}","{""COW"": 11, ""SHEEP"": 2}",0,12
269,11,5,1,8301.0,11,11,3,"{""STRAWBERRY"": 29, ""MELON"": 5, ""WHEAT"": 22}","{""COW"": 13, ""SHEEP"": 3}",0,17
270,11,6,0,13262.0,9,9,3,"{""STRAWBERRY"": 24, ""WHEAT"": 23, ""MELON"": 1}","{""COW"": 11, ""SHEEP"": 2}",0,12
270,11,6,1,8301.0,11,11,3,"{""STRAWBERRY"": 29, ""MELON"": 5, ""WHEAT"": 22}","{""COW"": 13, ""SHEEP"": 3}",0,17
271,11,7,0,13262.0,9,9,3,"{""STRAWBERRY"": 24, ""WHEAT"": 23}","{""COW"": 11, ""SHEEP"": 2}",0,12
271,11,7,1,8301.0,11,11,3,"{""STRAWBERRY"": 29, ""MELON"": 3, ""WHEAT"": 22}","{""COW"": 13, ""SHEEP"": 3}",0,17
272,11,8,0,13262.0,9,9,3,"{""STRAWBERRY"": 24, ""WHEAT"": 24}","{""COW"": 11, ""SHEEP"": 2}",0,12
272,11,8,1,8530.0,11,11,3,"{""STRAWBERRY"": 29, ""MELON"": 3, ""WHEAT"": 22}","{""COW"": 13, ""SHEEP"": 3}",0,17
273,11,9,0,13262.0,9,9,3,"{""STRAWBERRY"": 24, ""WHEAT"": 24}","{""COW"": 11, ""SHEEP"": 2}",0,18
273,11,9,1,9641.0,11,11,3,"{""STRAWBERRY"": 29, ""MELON"": 3, ""WHEAT"": 22}","{""COW"": 13, ""SHEEP"": 3}",0,9
274,11,10,0,13132.0,9,9,3,"{""STRAWBERRY"": 24, ""WHEAT"": 24}","{""COW"": 11, ""SHEEP"": 2}",0,17
274,11,10,1,9641.0,11,11,3,"{""STRAWBERRY"": 29, ""MELON"": 3, ""WHEAT"": 22}","{""COW"": 13, ""SHEEP"": 3}",0,9
275,11,11,0,13132.0,9,9,3,"{""STRAWBERRY"": 24, ""WHEAT"": 25}","{""COW"": 11, ""SHEEP"": 2}",0,17
275,11,11,1,9641.0,11,11,3,"{""STRAWBERRY"": 29, ""MELON"": 3, ""WHEAT"": 21}","{""COW"": 13, ""SHEEP"": 3}",0,15
276,11,12,0,14146.0,9,9,3,"{""STRAWBERRY"": 24, ""WHEAT"": 26}","{""COW"": 11, ""SHEEP"": 2}",0,17
276,11,12,1,10555.0,11,11,3,"{""STRAWBERRY"": 29, ""MELON"": 3, ""WHEAT"": 22}","{""COW"": 13, ""SHEEP"": 3}",0,15
277,11,13,0,15431.0,9,9,3,"{""STRAWBERRY"": 24, ""WHEAT"": 26}","{""COW"": 11, ""SHEEP"": 2}",0,9
277,11,13,1,11463.0,11,11,3,"{""STRAWBERRY"": 29, ""MELON"": 3, ""WHEAT"": 22}","{""COW"": 13, ""SHEEP"": 3}",0,9
278,11,14,0,15421.0,9,9,3,"{""STRAWBERRY"": 24, ""WHEAT"": 27}","{""COW"": 11, ""SHEEP"": 2}",0,9
278,11,14,1,11463.0,11,11,3,"{""STRAWBERRY"": 29, ""MELON"": 2, ""WHEAT"": 22}","{""COW"": 13, ""SHEEP"": 3}",0,9
279,11,15,0,15411.0,9,9,3,"{""STRAWBERRY"": 24, ""WHEAT"": 28}","{""COW"": 11, ""SHEEP"": 2}",0,9
279,11,15,1,11353.0,11,11,3,"{""STRAWBERRY"": 30, ""MELON"": 2, ""WHEAT"": 22}","{""COW"": 13, ""SHEEP"": 3}",0,9
280,11,16,0,15401.0,9,9,3,"{""STRAWBERRY"": 24, ""WHEAT"": 27}","{""COW"": 11, ""SHEEP"": 2}",0,9
280,11,16,1,11343.0,11,11,3,"{""STRAWBERRY"": 31, ""MELON"": 2, ""WHEAT"": 21}","{""COW"": 13, ""SHEEP"": 3}",0,9
281,11,17,0,15391.0,9,9,3,"{""STRAWBERRY"": 24, ""WHEAT"": 28}","{""COW"": 11, ""SHEEP"": 2}",0,9
281,11,17,1,11333.0,11,11,3,"{""STRAWBERRY"": 31, ""MELON"": 2, ""WHEAT"": 23}","{""COW"": 13, ""SHEEP"": 3}",0,9
282,11,18,0,15381.0,9,9,3,"{""STRAWBERRY"": 24, ""WHEAT"": 28}","{""COW"": 11, ""SHEEP"": 2}",0,9
282,11,18,1,11323.0,11,11,3,"{""STRAWBERRY"": 31, ""MELON"": 2, ""WHEAT"": 22}","{""COW"": 13, ""SHEEP"": 3}",0,9
283,11,19,0,15381.0,9,9,3,"{""STRAWBERRY"": 24, ""WHEAT"": 30}","{""COW"": 11, ""SHEEP"": 2}",0,9
283,11,19,1,11313.0,11,11,3,"{""STRAWBERRY"": 31, ""MELON"": 2, ""WHEAT"": 23}","{""COW"": 13, ""SHEEP"": 3}",0,9
284,11,20,0,15361.0,9,9,3,"{""STRAWBERRY"": 24, ""WHEAT"": 33}","{""COW"": 11, ""SHEEP"": 2}",0,9
284,11,20,1,11303.0,11,11,3,"{""STRAWBERRY"": 31, ""MELON"": 2, ""WHEAT"": 24}","{""COW"": 13, ""SHEEP"": 3}",0,9
285,11,21,0,15341.0,9,9,3,"{""STRAWBERRY"": 24, ""WHEAT"": 35}","{""COW"": 11, ""SHEEP"": 2}",0,9
285,11,21,1,11303.0,11,11,3,"{""STRAWBERRY"": 31, ""MELON"": 2, ""WHEAT"": 23}","{""COW"": 13, ""SHEEP"": 3}",0,9
286,11,22,0,15331.0,9,9,3,"{""STRAWBERRY"": 24, ""WHEAT"": 35}","{""COW"": 11, ""SHEEP"": 2}",0,9
286,11,22,1,11303.0,11,11,3,"{""STRAWBERRY"": 31, ""MELON"": 2, ""WHEAT"": 23}","{""COW"": 13, ""SHEEP"": 3}",0,9
287,11,23,0,15331.0,9,9,3,"{""STRAWBERRY"": 24, ""WHEAT"": 37}","{""COW"": 11, ""SHEEP"": 2}",0,9
287,11,23,1,11303.0,11,11,3,"{""STRAWBERRY"": 31, ""MELON"": 2, ""WHEAT"": 24}","{""COW"": 13, ""SHEEP"": 3}",0,9
288,12,0,0,14691.0,0,0,3,"{""STRAWBERRY"": 24, ""WHEAT"": 37}","{""COW"": 11, ""SHEEP"": 2}",0,55
288,12,0,1,11303.0,0,0,3,"{""STRAWBERRY"": 31, ""MELON"": 2, ""WHEAT"": 24}","{""COW"": 13, ""SHEEP"": 3}",0,65
289,12,1,0,15048.0,8,8,3,"{""STRAWBERRY"": 24, ""WHEAT"": 37}","{""COW"": 11, ""SHEEP"": 2}",0,44
289,12,1,1,12190.0,8,8,3,"{""STRAWBERRY"": 31, ""MELON"": 2, ""WHEAT"": 24}","{""COW"": 13, ""SHEEP"": 3}",0,51
290,12,2,0,15599.0,10,10,3,"{""STRAWBERRY"": 24, ""WHEAT"": 37}","{""COW"": 11, ""SHEEP"": 2}",0,23
290,12,2,1,12012.0,11,11,3,"{""STRAWBERRY"": 31, ""MELON"": 2, ""WHEAT"": 24}","{""COW"": 13, ""SHEEP"": 3}",0,38
291,12,3,0,16491.0,10,10,3,"{""STRAWBERRY"": 24, ""WHEAT"": 37}","{""COW"": 11, ""SHEEP"": 2}",0,10
291,12,3,1,12012.0,11,11,3,"{""STRAWBERRY"": 31, ""MELON"": 2, ""WHEAT"": 24}","{""COW"": 13, ""SHEEP"": 3}",0,30
292,12,4,0,16411.0,10,10,3,"{""STRAWBERRY"": 24, ""WHEAT"": 37}","{""COW"": 11, ""SHEEP"": 2}",0,12
292,12,4,1,12012.0,11,11,3,"{""STRAWBERRY"": 31, ""MELON"": 2, ""WHEAT"": 24}","{""COW"": 13, ""SHEEP"": 3}",0,30
293,12,5,0,16331.0,10,10,3,"{""STRAWBERRY"": 24, ""WHEAT"": 37}","{""COW"": 11, ""SHEEP"": 2}",0,10
293,12,5,1,12012.0,11,11,3,"{""STRAWBERRY"": 31, ""MELON"": 2, ""WHEAT"": 23}","{""COW"": 13, ""SHEEP"": 3}",0,34
294,12,6,0,16559.0,10,10,3,"{""STRAWBERRY"": 24, ""WHEAT"": 36}","{""COW"": 11, ""SHEEP"": 2}",0,15
294,12,6,1,12440.0,11,11,3,"{""STRAWBERRY"": 31, ""MELON"": 2, ""WHEAT"": 24}","{""COW"": 13, ""SHEEP"": 3}",0,27
295,12,7,0,16446.0,10,10,3,"{""STRAWBERRY"": 24, ""WHEAT"": 36}","{""COW"": 11, ""SHEEP"": 2}",0,24
295,12,7,1,12440.0,11,11,3,"{""STRAWBERRY"": 31, ""MELON"": 1, ""WHEAT"": 24}","{""COW"": 13, ""SHEEP"": 3}",0,27
296,12,8,0,16766.0,10,10,3,"{""STRAWBERRY"": 24, ""WHEAT"": 36}","{""COW"": 12, ""SHEEP"": 2}",0,12
296,12,8,1,12340.0,11,11,3,"{""STRAWBERRY"": 31, ""MELON"": 1, ""WHEAT"": 24}","{""COW"": 13, ""SHEEP"": 3}",0,30
297,12,9,0,16766.0,10,10,3,"{""STRAWBERRY"": 24, ""WHEAT"": 36}","{""COW"": 12, ""SHEEP"": 2}",0,12
297,12,9,1,12340.0,11,11,3,"{""STRAWBERRY"": 31, ""MELON"": 1, ""WHEAT"": 24}","{""COW"": 13, ""SHEEP"": 3}",0,30
298,12,10,0,16766.0,10,10,3,"{""STRAWBERRY"": 24, ""WHEAT"": 36}","{""COW"": 12, ""SHEEP"": 2}",0,12
298,12,10,1,12340.0,11,11,3,"{""STRAWBERRY"": 31, ""MELON"": 1, ""WHEAT"": 23}","{""COW"": 13, ""SHEEP"": 3}",0,30
299,12,11,0,16676.0,10,10,3,"{""STRAWBERRY"": 24, ""WHEAT"": 36}","{""COW"": 12, ""SHEEP"": 2}",0,14
299,12,11,1,12610.0,11,11,3,"{""STRAWBERRY"": 31, ""WHEAT"": 24}","{""COW"": 13, ""SHEEP"": 3}",0,23
300,12,12,0,16676.0,10,10,3,"{""STRAWBERRY"": 24, ""WHEAT"": 35}","{""COW"": 12, ""SHEEP"": 2}",0,14
300,12,12,1,12450.0,11,11,3,"{""STRAWBERRY"": 32, ""WHEAT"": 24}","{""COW"": 13, ""SHEEP"": 3}",0,29
301,12,13,0,16676.0,10,10,3,"{""STRAWBERRY"": 24, ""WHEAT"": 35}","{""COW"": 12, ""SHEEP"": 2}",0,14
301,12,13,1,12450.0,11,11,3,"{""STRAWBERRY"": 33, ""WHEAT"": 24}","{""COW"": 13, ""SHEEP"": 3}",0,29
302,12,14,0,16746.0,10,10,3,"{""STRAWBERRY"": 24, ""WHEAT"": 35}","{""COW"": 12, ""SHEEP"": 2}",0,12
302,12,14,1,12450.0,11,11,3,"{""STRAWBERRY"": 33, ""WHEAT"": 23}","{""COW"": 13, ""SHEEP"": 3}",0,29
303,12,15,0,16746.0,10,10,3,"{""STRAWBERRY"": 24, ""WHEAT"": 35}","{""COW"": 12, ""SHEEP"": 2}",0,12
303,12,15,1,12440.0,11,11,3,"{""STRAWBERRY"": 33, ""WHEAT"": 24}","{""COW"": 13, ""SHEEP"": 3}",0,29
304,12,16,0,16726.0,10,10,3,"{""STRAWBERRY"": 24, ""WHEAT"": 35}","{""COW"": 12, ""SHEEP"": 2}",0,12
304,12,16,1,12430.0,11,11,3,"{""STRAWBERRY"": 33, ""WHEAT"": 23}","{""COW"": 13, ""SHEEP"": 3}",0,35
305,12,17,0,16716.0,10,10,3,"{""STRAWBERRY"": 24, ""WHEAT"": 37}","{""COW"": 12, ""SHEEP"": 2}",0,12
305,12,17,1,12613.0,11,11,3,"{""STRAWBERRY"": 33, ""WHEAT"": 24}","{""COW"": 13, ""SHEEP"": 3}",0,32
306,12,18,0,16696.0,10,10,3,"{""STRAWBERRY"": 24, ""WHEAT"": 36}","{""COW"": 12, ""SHEEP"": 2}",0,12
306,12,18,1,12553.0,11,11,3,"{""STRAWBERRY"": 33, ""WHEAT"": 24}","{""COW"": 13, ""SHEEP"": 3}",0,32
307,12,19,0,16696.0,10,10,3,"{""STRAWBERRY"": 24, ""WHEAT"": 36}","{""COW"": 12, ""SHEEP"": 2}",0,12
307,12,19,1,12553.0,11,11,3,"{""STRAWBERRY"": 33, ""WHEAT"": 24}","{""COW"": 13, ""SHEEP"": 3}",0,32
308,12,20,0,16686.0,10,10,3,"{""STRAWBERRY"": 24, ""WHEAT"": 37}","{""COW"": 12, ""SHEEP"": 2}",0,12
308,12,20,1,12543.0,11,11,3,"{""STRAWBERRY"": 33, ""WHEAT"": 25}","{""COW"": 13, ""SHEEP"": 3}",0,32
309,12,21,0,16676.0,10,10,3,"{""STRAWBERRY"": 24, ""WHEAT"": 36}","{""COW"": 12, ""SHEEP"": 2}",0,12
309,12,21,1,12533.0,11,11,3,"{""STRAWBERRY"": 33, ""WHEAT"": 24}","{""COW"": 13, ""SHEEP"": 3}",0,32
310,12,22,0,16676.0,10,10,3,"{""STRAWBERRY"": 24, ""WHEAT"": 37}","{""COW"": 12, ""SHEEP"": 2}",0,12
310,12,22,1,12533.0,11,11,3,"{""STRAWBERRY"": 33, ""WHEAT"": 24, ""TOMATO"": 1}","{""COW"": 13, ""SHEEP"": 3}",0,32
311,12,23,0,16666.0,10,10,3,"{""STRAWBERRY"": 24, ""WHEAT"": 37}","{""COW"": 12, ""SHEEP"": 2}",0,12
311,12,23,1,12533.0,11,11,3,"{""STRAWBERRY"": 33, ""WHEAT"": 24, ""TOMATO"": 1}","{""COW"": 13, ""SHEEP"": 3}",0,32
312,13,0,0,16666.0,0,0,3,"{""STRAWBERRY"": 24, ""WHEAT"": 37}","{""COW"": 12, ""SHEEP"": 2}",0,60
312,13,0,1,12533.0,0,0,3,"{""STRAWBERRY"": 33, ""WHEAT"": 24, ""TOMATO"": 1}","{""COW"": 13, ""SHEEP"": 3}",0,81
313,13,1,0,18154.0,8,8,3,"{""STRAWBERRY"": 24, ""WHEAT"": 37}","{""COW"": 12, ""SHEEP"": 2}",0,24
313,13,1,1,13041.0,8,8,3,"{""STRAWBERRY"": 33, ""WHEAT"": 24, ""TOMATO"": 1}","{""COW"": 13, ""SHEEP"": 3}",0,67
314,13,2,0,17425.0,10,10,3,"{""STRAWBERRY"": 24, ""WHEAT"": 37}","{""COW"": 12, ""SHEEP"": 2}",0,28
314,13,2,1,12863.0,11,11,3,"{""STRAWBERRY"": 33, ""WHEAT"": 24, ""TOMATO"": 1}","{""COW"": 13, ""SHEEP"": 3}",0,48
315,13,3,0,17425.0,10,10,3,"{""STRAWBERRY"": 24, ""WHEAT"": 37}","{""COW"": 12, ""SHEEP"": 2}",0,24
315,13,3,1,12863.0,11,11,3,"{""STRAWBERRY"": 33, ""WHEAT"": 24, ""TOMATO"": 1}","{""COW"": 13, ""SHEEP"": 3}",0,42
316,13,4,0,17425.0,10,10,3,"{""STRAWBERRY"": 24, ""WHEAT"": 37}","{""COW"": 12, ""SHEEP"": 2}",0,20
316,13,4,1,12863.0,11,11,3,"{""STRAWBERRY"": 33, ""WHEAT"": 24, ""TOMATO"": 1}","{""COW"": 13, ""SHEEP"": 3}",0,42
317,13,5,0,17425.0,10,10,3,"{""STRAWBERRY"": 24, ""WHEAT"": 37}","{""COW"": 12, ""SHEEP"": 2}",0,20
317,13,5,1,12863.0,11,11,3,"{""STRAWBERRY"": 33, ""WHEAT"": 23, ""TOMATO"": 1}","{""COW"": 13, ""SHEEP"": 3}",0,42
318,13,6,0,16945.0,10,10,3,"{""STRAWBERRY"": 24, ""WHEAT"": 37}","{""COW"": 12, ""SHEEP"": 2}",0,32
318,13,6,1,13464.0,11,11,3,"{""STRAWBERRY"": 33, ""WHEAT"": 24, ""TOMATO"": 1}","{""COW"": 13, ""SHEEP"": 3}",0,37
319,13,7,0,17185.0,10,10,3,"{""STRAWBERRY"": 24, ""WHEAT"": 37}","{""COW"": 12, ""SHEEP"": 2}",0,26
319,13,7,1,13464.0,11,11,3,"{""STRAWBERRY"": 33, ""WHEAT"": 23, ""TOMATO"": 1}","{""COW"": 13, ""SHEEP"": 3}",0,37
320,13,8,0,17265.0,10,10,3,"{""STRAWBERRY"": 24, ""WHEAT"": 35}","{""COW"": 12, ""SHEEP"": 2}",0,24
320,13,8,1,13464.0,11,11,3,"{""STRAWBERRY"": 33, ""WHEAT"": 24, ""TOMATO"": 1}","{""COW"": 13, ""SHEEP"": 3}",0,37
321,13,9,0,17425.0,10,10,3,"{""STRAWBERRY"": 24, ""WHEAT"": 37}","{""COW"": 12, ""SHEEP"": 2}",0,20
321,13,9,1,13464.0,11,11,3,"{""STRAWBERRY"": 33, ""WHEAT"": 23, ""TOMATO"": 1}","{""COW"": 13, ""SHEEP"": 3}",0,37
322,13,10,0,17375.0,10,10,3,"{""STRAWBERRY"": 24, ""WHEAT"": 37}","{""COW"": 12, ""SHEEP"": 2}",0,21
322,13,10,1,13534.0,11,11,3,"{""STRAWBERRY"": 33, ""WHEAT"": 24, ""TOMATO"": 1}","{""COW"": 13, ""SHEEP"": 3}",0,35
323,13,11,0,17495.0,10,10,3,"{""STRAWBERRY"": 24, ""WHEAT"": 36}","{""COW"": 12, ""SHEEP"": 2}",0,18
323,13,11,1,13524.0,11,11,3,"{""STRAWBERRY"": 33, ""WHEAT"": 22, ""TOMATO"": 1}","{""COW"": 13, ""SHEEP"": 3}",0,35
324,13,12,0,17485.0,10,10,3,"{""STRAWBERRY"": 24, ""WHEAT"": 36}","{""COW"": 12, ""SHEEP"": 2}",0,18
324,13,12,1,13554.0,11,11,3,"{""STRAWBERRY"": 33, ""WHEAT"": 24, ""TOMATO"": 1}","{""COW"": 13, ""SHEEP"": 3}",0,34
325,13,13,0,17475.0,10,10,3,"{""STRAWBERRY"": 24, ""WHEAT"": 36}","{""COW"": 12, ""SHEEP"": 2}",0,18
325,13,13,1,13494.0,11,11,3,"{""STRAWBERRY"": 33, ""WHEAT"": 23, ""TOMATO"": 1}","{""COW"": 13, ""SHEEP"": 3}",0,34
326,13,14,0,17465.0,10,10,3,"{""STRAWBERRY"": 24, ""WHEAT"": 37}","{""COW"": 12, ""SHEEP"": 2}",0,18
326,13,14,1,13968.0,11,11,3,"{""STRAWBERRY"": 33, ""WHEAT"": 22, ""TOMATO"": 2}","{""COW"": 13, ""SHEEP"": 3}",0,32
327,13,15,0,17445.0,10,10,3,"{""STRAWBERRY"": 24, ""WHEAT"": 37}","{""COW"": 12, ""SHEEP"": 2}",0,18
327,13,15,1,14868.0,11,11,3,"{""STRAWBERRY"": 33, ""TOMATO"": 3, ""WHEAT"": 21}","{""COW"": 13, ""SHEEP"": 3}",0,28
328,13,16,0,17445.0,10,10,3,"{""STRAWBERRY"": 24, ""WHEAT"": 37}","{""COW"": 12, ""SHEEP"": 2}",0,18
328,13,16,1,14858.0,11,11,3,"{""STRAWBERRY"": 33, ""TOMATO"": 3, ""WHEAT"": 22}","{""COW"": 13, ""SHEEP"": 3}",0,28
329,13,17,0,17445.0,10,10,3,"{""STRAWBERRY"": 24, ""WHEAT"": 36}","{""COW"": 12, ""SHEEP"": 2}",0,18
329,13,17,1,14848.0,11,11,3,"{""STRAWBERRY"": 33, ""TOMATO"": 3, ""WHEAT"": 21}","{""COW"": 13, ""SHEEP"": 3}",0,28
330,13,18,0,17445.0,10,10,3,"{""STRAWBERRY"": 24, ""WHEAT"": 37}","{""COW"": 12, ""SHEEP"": 2}",0,18
330,13,18,1,15294.0,11,11,3,"{""STRAWBERRY"": 33, ""TOMATO"": 3, ""WHEAT"": 21}","{""COW"": 13, ""SHEEP"": 3}",0,28
331,13,19,0,17435.0,10,10,3,"{""STRAWBERRY"": 24, ""WHEAT"": 37}","{""COW"": 12, ""SHEEP"": 2}",0,18
331,13,19,1,15284.0,11,11,3,"{""STRAWBERRY"": 33, ""TOMATO"": 3, ""WHEAT"": 22}","{""COW"": 13, ""SHEEP"": 3}",0,28
332,13,20,0,17595.0,10,10,3,"{""STRAWBERRY"": 24, ""WHEAT"": 36}","{""COW"": 12, ""SHEEP"": 2}",0,14
332,13,20,1,15274.0,11,11,3,"{""STRAWBERRY"": 33, ""TOMATO"": 3, ""WHEAT"": 20}","{""COW"": 13, ""SHEEP"": 3}",0,28
333,13,21,0,17595.0,10,10,3,"{""STRAWBERRY"": 24, ""WHEAT"": 34}","{""COW"": 12, ""SHEEP"": 2}",0,14
333,13,21,1,15264.0,11,11,3,"{""STRAWBERRY"": 33, ""TOMATO"": 3, ""WHEAT"": 22}","{""COW"": 13, ""SHEEP"": 3}",0,28
334,13,22,0,17585.0,10,10,3,"{""STRAWBERRY"": 24, ""WHEAT"": 37}","{""COW"": 12, ""SHEEP"": 2}",0,14
334,13,22,1,15963.0,11,11,3,"{""STRAWBERRY"": 33, ""TOMATO"": 3, ""WHEAT"": 22}","{""COW"": 13, ""SHEEP"": 3}",0,25
335,13,23,0,17585.0,10,10,3,"{""STRAWBERRY"": 24, ""WHEAT"": 37}","{""COW"": 12, ""SHEEP"": 2}",0,18
335,13,23,1,16003.0,11,11,3,"{""STRAWBERRY"": 33, ""TOMATO"": 3, ""WHEAT"": 22}","{""COW"": 13, ""SHEEP"": 3}",0,29
336,14,0,0,16478.0,0,0,3,"{""STRAWBERRY"": 24, ""WHEAT"": 37}","{""COW"": 12, ""SHEEP"": 2}",0,85
336,14,0,1,16063.0,0,0,3,"{""STRAWBERRY"": 33, ""TOMATO"": 3, ""WHEAT"": 22}","{""COW"": 13, ""SHEEP"": 3}",0,93
337,14,1,0,21627.0,7,7,3,"{""STRAWBERRY"": 24, ""WHEAT"": 37}","{""COW"": 12, ""SHEEP"": 2}",0,28
337,14,1,1,16682.0,8,8,3,"{""STRAWBERRY"": 33, ""TOMATO"": 3, ""WHEAT"": 22}","{""COW"": 13, ""SHEEP"": 3}",0,82
338,14,2,0,22998.0,11,11,3,"{""STRAWBERRY"": 24, ""WHEAT"": 37}","{""COW"": 12, ""SHEEP"": 2}",0,16
338,14,2,1,16504.0,11,11,3,"{""STRAWBERRY"": 33, ""TOMATO"": 3, ""WHEAT"": 22}","{""COW"": 13, ""SHEEP"": 3}",0,73
339,14,3,0,22908.0,11,11,3,"{""STRAWBERRY"": 24, ""WHEAT"": 36}","{""COW"": 12, ""SHEEP"": 2}",0,10
339,14,3,1,17213.0,11,11,3,"{""STRAWBERRY"": 33, ""TOMATO"": 3, ""WHEAT"": 22}","{""COW"": 13, ""SHEEP"": 3}",0,62
340,14,4,0,22908.0,11,11,3,"{""STRAWBERRY"": 24, ""WHEAT"": 36}","{""COW"": 12, ""SHEEP"": 2}",0,10
340,14,4,1,18617.0,11,11,3,"{""STRAWBERRY"": 33, ""TOMATO"": 3, ""WHEAT"": 22}","{""COW"": 13, ""SHEEP"": 3}",0,52
341,14,5,0,23603.0,11,11,3,"{""STRAWBERRY"": 24, ""WHEAT"": 34}","{""COW"": 12, ""SHEEP"": 2}",0,10
341,14,5,1,18971.0,11,11,3,"{""STRAWBERRY"": 33, ""TOMATO"": 3, ""WHEAT"": 22}","{""COW"": 13, ""SHEEP"": 3}",0,49
342,14,6,0,23525.0,11,11,3,"{""STRAWBERRY"": 24, ""WHEAT"": 36}","{""COW"": 12, ""SHEEP"": 2}",0,8
342,14,6,1,20357.0,11,11,3,"{""STRAWBERRY"": 33, ""TOMATO"": 3, ""WHEAT"": 21}","{""COW"": 13, ""SHEEP"": 3}",0,49
343,14,7,0,24872.0,11,11,3,"{""STRAWBERRY"": 24, ""WHEAT"": 36}","{""COW"": 12, ""SHEEP"": 2}",0,8
343,14,7,1,21704.0,11,11,3,"{""STRAWBERRY"": 33, ""TOMATO"": 3, ""WHEAT"": 21}","{""COW"": 13, ""SHEEP"": 3}",0,46
344,14,8,0,24794.0,11,11,3,"{""STRAWBERRY"": 24, ""WHEAT"": 36}","{""COW"": 12, ""SHEEP"": 2}",0,10
344,14,8,1,22358.0,11,11,3,"{""STRAWBERRY"": 33, ""TOMATO"": 3, ""WHEAT"": 22}","{""COW"": 13, ""SHEEP"": 3}",0,40
345,14,9,0,24794.0,11,11,3,"{""STRAWBERRY"": 24, ""WHEAT"": 36}","{""COW"": 12, ""SHEEP"": 2}",0,10
345,14,9,1,22358.0,11,11,3,"{""STRAWBERRY"": 33, ""TOMATO"": 3, ""WHEAT"": 22}","{""COW"": 13, ""SHEEP"": 3}",0,46
346,14,10,0,26112.0,11,11,3,"{""STRAWBERRY"": 24, ""WHEAT"": 34}","{""COW"": 12, ""SHEEP"": 2}",0,10
346,14,10,1,22801.0,11,11,3,"{""STRAWBERRY"": 33, ""TOMATO"": 3, ""WHEAT"": 22}","{""COW"": 13, ""SHEEP"": 3}",0,42
347,14,11,0,26092.0,11,11,3,"{""STRAWBERRY"": 24, ""WHEAT"": 35}","{""COW"": 12, ""SHEEP"": 2}",0,10
347,14,11,1,22801.0,11,11,3,"{""STRAWBERRY"": 33, ""TOMATO"": 3, ""WHEAT"": 22}","{""COW"": 13, ""SHEEP"": 3}",0,48
348,14,12,0,26072.0,11,11,3,"{""STRAWBERRY"": 24, ""WHEAT"": 36}","{""COW"": 12, ""SHEEP"": 2}",0,10
348,14,12,1,22801.0,11,11,3,"{""STRAWBERRY"": 33, ""TOMATO"": 3, ""WHEAT"": 21}","{""COW"": 13, ""SHEEP"": 3}",0,52
349,14,13,0,26072.0,11,11,3,"{""STRAWBERRY"": 24, ""WHEAT"": 36}","{""COW"": 12, ""SHEEP"": 2}",0,10
349,14,13,1,22949.0,11,11,3,"{""STRAWBERRY"": 33, ""TOMATO"": 3, ""WHEAT"": 22}","{""COW"": 13, ""SHEEP"": 3}",0,46
350,14,14,0,26189.0,11,11,3,"{""STRAWBERRY"": 24, ""WHEAT"": 36}","{""COW"": 12, ""SHEEP"": 2}",0,7
350,14,14,1,22889.0,11,11,3,"{""STRAWBERRY"": 33, ""TOMATO"": 3, ""WHEAT"": 22}","{""COW"": 13, ""SHEEP"": 3}",0,46
351,14,15,0,26189.0,11,11,3,"{""STRAWBERRY"": 24, ""WHEAT"": 35}","{""COW"": 12, ""SHEEP"": 2}",0,7
351,14,15,1,22889.0,11,11,3,"{""STRAWBERRY"": 33, ""TOMATO"": 3, ""WHEAT"": 22}","{""COW"": 13, ""SHEEP"": 3}",0,46
352,14,16,0,26189.0,11,11,3,"{""STRAWBERRY"": 24, ""WHEAT"": 36}","{""COW"": 12, ""SHEEP"": 2}",0,7
352,14,16,1,22889.0,11,11,3,"{""STRAWBERRY"": 33, ""TOMATO"": 3, ""WHEAT"": 22}","{""COW"": 13, ""SHEEP"": 3}",0,46
353,14,17,0,26179.0,11,11,3,"{""STRAWBERRY"": 24, ""WHEAT"": 35}","{""COW"": 12, ""SHEEP"": 2}",0,7
353,14,17,1,22889.0,11,11,3,"{""STRAWBERRY"": 33, ""TOMATO"": 3, ""WHEAT"": 21}","{""COW"": 13, ""SHEEP"": 3}",0,46
354,14,18,0,26179.0,11,11,3,"{""STRAWBERRY"": 24, ""WHEAT"": 35}","{""COW"": 12, ""SHEEP"": 2}",0,7
354,14,18,1,23766.0,11,11,3,"{""STRAWBERRY"": 33, ""TOMATO"": 3, ""WHEAT"": 22}","{""COW"": 13, ""SHEEP"": 3}",0,42
355,14,19,0,26169.0,11,11,3,"{""STRAWBERRY"": 24, ""WHEAT"": 36}","{""COW"": 12, ""SHEEP"": 2}",0,7
355,14,19,1,23706.0,11,11,3,"{""STRAWBERRY"": 33, ""TOMATO"": 3, ""WHEAT"": 21}","{""COW"": 13, ""SHEEP"": 3}",0,42
356,14,20,0,26159.0,11,11,3,"{""STRAWBERRY"": 24, ""WHEAT"": 36}","{""COW"": 12, ""SHEEP"": 2}",0,7
356,14,20,1,23696.0,11,11,3,"{""STRAWBERRY"": 33, ""TOMATO"": 3, ""WHEAT"": 22}","{""COW"": 13, ""SHEEP"": 3}",0,42
357,14,21,0,26159.0,11,11,3,"{""STRAWBERRY"": 24, ""WHEAT"": 31}","{""COW"": 12, ""SHEEP"": 2}",0,7
357,14,21,1,23696.0,11,11,3,"{""STRAWBERRY"": 33, ""TOMATO"": 3, ""WHEAT"": 22}","{""COW"": 13, ""SHEEP"": 3}",0,42
358,14,22,0,26423.0,11,11,3,"{""STRAWBERRY"": 24, ""WHEAT"": 34}","{""COW"": 12, ""SHEEP"": 2}",0,0
358,14,22,1,24354.0,11,11,3,"{""STRAWBERRY"": 33, ""TOMATO"": 3, ""WHEAT"": 21}","{""COW"": 13, ""SHEEP"": 3}",0,39
359,14,23,0,26413.0,11,11,3,"{""STRAWBERRY"": 24, ""WHEAT"": 35}","{""COW"": 12, ""SHEEP"": 2}",0,0
359,14,23,1,24354.0,11,11,3,"{""STRAWBERRY"": 33, ""TOMATO"": 3, ""WHEAT"": 22}","{""COW"": 13, ""SHEEP"": 3}",0,39
360,15,0,0,26413.0,0,0,3,"{""STRAWBERRY"": 24, ""WHEAT"": 35}","{""COW"": 12, ""SHEEP"": 2}",0,76
360,15,0,1,24354.0,0,0,3,"{""STRAWBERRY"": 33, ""TOMATO"": 3, ""WHEAT"": 21}","{""COW"": 13, ""SHEEP"": 3}",0,100
361,15,1,0,28607.0,6,6,3,"{""STRAWBERRY"": 24, ""WHEAT"": 35}","{""COW"": 12, ""SHEEP"": 2}",0,36
361,15,1,1,25963.0,8,8,3,"{""STRAWBERRY"": 33, ""TOMATO"": 3, ""WHEAT"": 21}","{""COW"": 13, ""SHEEP"": 3}",0,90
362,15,2,0,28800.0,10,10,3,"{""STRAWBERRY"": 24, ""WHEAT"": 35}","{""COW"": 12, ""SHEEP"": 2}",0,36
362,15,2,1,25785.0,11,11,3,"{""STRAWBERRY"": 33, ""TOMATO"": 3, ""WHEAT"": 21}","{""COW"": 13, ""SHEEP"": 3}",0,69
363,15,3,0,29077.0,11,11,3,"{""STRAWBERRY"": 24, ""WHEAT"": 35}","{""COW"": 12, ""SHEEP"": 2}",0,22
363,15,3,1,26389.0,11,11,3,"{""STRAWBERRY"": 33, ""TOMATO"": 3, ""WHEAT"": 21}","{""COW"": 13, ""SHEEP"": 3}",0,61
364,15,4,0,29155.0,11,11,3,"{""STRAWBERRY"": 24, ""WHEAT"": 35}","{""COW"": 12, ""SHEEP"": 3}",0,20
364,15,4,1,26389.0,11,11,3,"{""STRAWBERRY"": 33, ""TOMATO"": 3, ""WHEAT"": 21}","{""COW"": 13, ""SHEEP"": 3}",0,65
365,15,5,0,29116.0,11,11,3,"{""STRAWBERRY"": 24, ""WHEAT"": 35}","{""COW"": 12, ""SHEEP"": 3}",0,13
365,15,5,1,26389.0,11,11,3,"{""STRAWBERRY"": 33, ""TOMATO"": 3, ""WHEAT"": 19}","{""COW"": 13, ""SHEEP"": 3}",0,61
366,15,6,0,29106.0,11,11,3,"{""STRAWBERRY"": 24, ""WHEAT"": 35}","{""COW"": 12, ""SHEEP"": 3}",0,13
366,15,6,1,26661.0,11,11,3,"{""STRAWBERRY"": 33, ""TOMATO"": 3, ""WHEAT"": 21}","{""COW"": 13, ""SHEEP"": 3}",0,57
367,15,7,0,29068.0,11,11,3,"{""STRAWBERRY"": 24, ""WHEAT"": 34}","{""COW"": 12, ""SHEEP"": 3}",0,14
367,15,7,1,26661.0,11,11,3,"{""STRAWBERRY"": 33, ""TOMATO"": 3, ""WHEAT"": 21}","{""COW"": 13, ""SHEEP"": 3}",0,54
368,15,8,0,29068.0,11,11,3,"{""STRAWBERRY"": 24, ""WHEAT"": 33}","{""COW"": 12, ""SHEEP"": 3}",0,14
368,15,8,1,26661.0,11,11,3,"{""STRAWBERRY"": 33, ""TOMATO"": 3, ""WHEAT"": 21}","{""COW"": 13, ""SHEEP"": 3}",0,54
369,15,9,0,28990.0,11,11,3,"{""STRAWBERRY"": 24, ""WHEAT"": 32}","{""COW"": 12, ""SHEEP"": 4}",0,16
369,15,9,1,26661.0,11,11,3,"{""STRAWBERRY"": 33, ""TOMATO"": 3, ""WHEAT"": 21}","{""COW"": 13, ""SHEEP"": 3}",0,54
370,15,10,0,28970.0,11,11,3,"{""STRAWBERRY"": 24, ""WHEAT"": 32}","{""COW"": 12, ""SHEEP"": 4}",0,16
370,15,10,1,27085.0,11,11,3,"{""STRAWBERRY"": 33, ""TOMATO"": 3, ""WHEAT"": 20}","{""COW"": 13, ""SHEEP"": 3}",0,52
371,15,11,0,28960.0,11,11,3,"{""STRAWBERRY"": 24, ""WHEAT"": 33}","{""COW"": 12, ""SHEEP"": 4}",0,16
371,15,11,1,27231.0,11,11,3,"{""STRAWBERRY"": 33, ""TOMATO"": 3, ""WHEAT"": 21}","{""COW"": 13, ""SHEEP"": 3}",0,48
372,15,12,0,28960.0,11,11,3,"{""STRAWBERRY"": 24, ""WHEAT"": 33}","{""COW"": 12, ""SHEEP"": 4}",0,16
372,15,12,1,27181.0,11,11,3,"{""STRAWBERRY"": 33, ""TOMATO"": 3, ""WHEAT"": 21}","{""COW"": 13, ""SHEEP"": 3}",0,48
373,15,13,0,29064.0,11,11,3,"{""STRAWBERRY"": 24, ""WHEAT"": 33}","{""COW"": 12, ""SHEEP"": 4}",0,13
373,15,13,1,27171.0,11,11,3,"{""STRAWBERRY"": 33, ""TOMATO"": 3, ""WHEAT"": 21}","{""COW"": 13, ""SHEEP"": 3}",0,48
374,15,14,0,29064.0,11,11,3,"{""STRAWBERRY"": 24, ""WHEAT"": 33}","{""COW"": 12, ""SHEEP"": 4}",0,22
374,15,14,1,27171.0,11,11,3,"{""STRAWBERRY"": 33, ""TOMATO"": 3, ""WHEAT"": 20}","{""COW"": 13, ""SHEEP"": 3}",0,48
375,15,15,0,30153.0,11,11,3,"{""STRAWBERRY"": 24, ""WHEAT"": 32}","{""COW"": 12, ""SHEEP"": 4}",0,14
375,15,15,1,27171.0,11,11,3,"{""STRAWBERRY"": 33, ""TOMATO"": 3, ""WHEAT"": 20}","{""COW"": 13, ""SHEEP"": 3}",0,48
376,15,16,0,30267.0,11,11,3,"{""STRAWBERRY"": 24, ""WHEAT"": 33}","{""COW"": 12, ""SHEEP"": 4}",0,11
376,15,16,1,27171.0,11,11,3,"{""STRAWBERRY"": 33, ""TOMATO"": 3, ""WHEAT"": 20}","{""COW"": 13, ""SHEEP"": 3}",0,48
377,15,17,0,30247.0,11,11,3,"{""STRAWBERRY"": 24, ""WHEAT"": 34}","{""COW"": 12, ""SHEEP"": 4}",0,11
377,15,17,1,27171.0,11,11,3,"{""STRAWBERRY"": 33, ""TOMATO"": 3, ""WHEAT"": 19}","{""COW"": 13, ""SHEEP"": 3}",0,48
378,15,18,0,30493.0,11,11,3,"{""STRAWBERRY"": 24, ""WHEAT"": 34}","{""COW"": 12, ""SHEEP"": 4}",0,9
378,15,18,1,27161.0,11,11,3,"{""STRAWBERRY"": 33, ""TOMATO"": 4, ""WHEAT"": 19}","{""COW"": 13, ""SHEEP"": 3}",0,48
379,15,19,0,30493.0,11,11,3,"{""STRAWBERRY"": 24, ""WHEAT"": 33}","{""COW"": 12, ""SHEEP"": 4}",0,9
379,15,19,1,27161.0,11,11,3,"{""STRAWBERRY"": 33, ""TOMATO"": 4, ""WHEAT"": 18}","{""COW"": 13, ""SHEEP"": 3}",0,48
380,15,20,0,30493.0,11,11,3,"{""STRAWBERRY"": 24, ""WHEAT"": 34}","{""COW"": 12, ""SHEEP"": 4}",0,9
380,15,20,1,27151.0,11,11,3,"{""STRAWBERRY"": 33, ""TOMATO"": 4, ""WHEAT"": 19}","{""COW"": 13, ""SHEEP"": 3}",0,48
381,15,21,0,30483.0,11,11,3,"{""STRAWBERRY"": 24, ""WHEAT"": 34}","{""COW"": 12, ""SHEEP"": 4}",0,9
381,15,21,1,27151.0,11,11,3,"{""STRAWBERRY"": 33, ""TOMATO"": 4, ""WHEAT"": 19}","{""COW"": 13, ""SHEEP"": 3}",0,48
382,15,22,0,30483.0,11,11,3,"{""STRAWBERRY"": 24, ""WHEAT"": 31}","{""COW"": 12, ""SHEEP"": 4}",0,9
382,15,22,1,27577.0,11,11,3,"{""STRAWBERRY"": 33, ""TOMATO"": 4, ""WHEAT"": 17}","{""COW"": 13, ""SHEEP"": 3}",0,46
383,15,23,0,30483.0,11,11,3,"{""STRAWBERRY"": 24, ""WHEAT"": 34}","{""COW"": 12, ""SHEEP"": 4}",0,9
383,15,23,1,27691.0,11,11,3,"{""STRAWBERRY"": 33, ""TOMATO"": 5, ""WHEAT"": 18}","{""COW"": 13, ""SHEEP"": 3}",0,43
384,16,0,0,30473.0,0,0,3,"{""STRAWBERRY"": 24, ""WHEAT"": 34}","{""COW"": 12, ""SHEEP"": 4}",0,67
384,16,0,1,27691.0,0,0,3,"{""STRAWBERRY"": 33, ""TOMATO"": 5, ""WHEAT"": 18}","{""COW"": 13, ""SHEEP"": 3}",0,98
385,16,1,0,30512.0,6,6,3,"{""STRAWBERRY"": 24, ""WHEAT"": 34}","{""COW"": 12, ""SHEEP"": 4}",0,41
385,16,1,1,27798.0,8,8,3,"{""STRAWBERRY"": 33, ""TOMATO"": 5, ""WHEAT"": 18}","{""COW"": 13, ""SHEEP"": 3}",0,95
386,16,2,0,32071.0,10,10,3,"{""STRAWBERRY"": 24, ""WHEAT"": 34}","{""COW"": 12, ""SHEEP"": 4}",0,43
386,16,2,1,29598.0,11,11,3,"{""STRAWBERRY"": 33, ""TOMATO"": 5, ""WHEAT"": 18}","{""COW"": 13, ""SHEEP"": 3}",0,78
387,16,3,0,33149.0,12,12,3,"{""STRAWBERRY"": 24, ""WHEAT"": 34}","{""COW"": 12, ""SHEEP"": 4}",0,32
387,16,3,1,30258.0,11,11,3,"{""STRAWBERRY"": 33, ""TOMATO"": 5, ""WHEAT"": 18}","{""COW"": 13, ""SHEEP"": 3}",0,70
388,16,4,0,33337.0,12,12,3,"{""STRAWBERRY"": 24, ""WHEAT"": 34}","{""COW"": 12, ""SHEEP"": 4}",0,29
388,16,4,1,30903.0,11,11,3,"{""STRAWBERRY"": 33, ""TOMATO"": 5, ""WHEAT"": 18}","{""COW"": 13, ""SHEEP"": 3}",0,62
389,16,5,0,35233.0,12,12,3,"{""STRAWBERRY"": 24, ""WHEAT"": 33}","{""COW"": 12, ""SHEEP"": 4}",0,25
389,16,5,1,31245.0,11,11,3,"{""STRAWBERRY"": 33, ""TOMATO"": 5, ""WHEAT"": 17}","{""COW"": 13, ""SHEEP"": 3}",0,56
390,16,6,0,36428.0,12,12,3,"{""STRAWBERRY"": 24, ""WHEAT"": 33}","{""COW"": 12, ""SHEEP"": 4}",0,22
390,16,6,1,31868.0,11,11,3,"{""STRAWBERRY"": 33, ""TOMATO"": 5, ""WHEAT"": 17}","{""COW"": 13, ""SHEEP"": 3}",0,56
391,16,7,0,36428.0,12,12,3,"{""STRAWBERRY"": 24, ""WHEAT"": 33}","{""COW"": 12, ""SHEEP"": 5}",0,18
391,16,7,1,32688.0,11,11,3,"{""STRAWBERRY"": 33, ""TOMATO"": 5, ""WHEAT"": 18}","{""COW"": 13, ""SHEEP"": 3}",0,50
392,16,8,0,36353.0,12,12,3,"{""STRAWBERRY"": 24, ""WHEAT"": 33}","{""COW"": 12, ""SHEEP"": 5}",0,20
392,16,8,1,33282.0,11,11,3,"{""STRAWBERRY"": 33, ""TOMATO"": 5, ""WHEAT"": 18}","{""COW"": 13, ""SHEEP"": 3}",0,44
393,16,9,0,36239.0,12,12,3,"{""STRAWBERRY"": 24, ""WHEAT"": 32}","{""COW"": 12, ""SHEEP"": 5}",0,23
393,16,9,1,33282.0,11,11,3,"{""STRAWBERRY"": 33, ""TOMATO"": 5, ""WHEAT"": 18}","{""COW"": 13, ""SHEEP"": 4}",0,44
394,16,10,0,36239.0,12,12,3,"{""STRAWBERRY"": 24, ""WHEAT"": 33}","{""COW"": 12, ""SHEEP"": 5}",0,23
394,16,10,1,34763.0,11,11,3,"{""STRAWBERRY"": 33, ""TOMATO"": 5, ""WHEAT"": 17}","{""COW"": 13, ""SHEEP"": 4}",0,37
395,16,11,0,36239.0,12,12,3,"{""STRAWBERRY"": 24, ""WHEAT"": 33}","{""COW"": 12, ""SHEEP"": 5}",0,23
395,16,11,1,34753.0,11,11,3,"{""STRAWBERRY"": 33, ""TOMATO"": 5, ""WHEAT"": 18}","{""COW"": 13, ""SHEEP"": 4}",0,37
396,16,12,0,36239.0,12,12,3,"{""STRAWBERRY"": 24, ""WHEAT"": 32}","{""COW"": 12, ""SHEEP"": 5}",0,23
396,16,12,1,34753.0,11,11,3,"{""STRAWBERRY"": 33, ""TOMATO"": 5, ""WHEAT"": 18}","{""COW"": 13, ""SHEEP"": 4}",0,46
397,16,13,0,38166.0,12,12,3,"{""STRAWBERRY"": 24, ""WHEAT"": 32}","{""COW"": 12, ""SHEEP"": 5}",0,24
397,16,13,1,36457.0,11,11,3,"{""STRAWBERRY"": 33, ""TOMATO"": 5, ""WHEAT"": 18}","{""COW"": 13, ""SHEEP"": 4}",0,35
398,16,14,0,38166.0,12,12,3,"{""STRAWBERRY"": 24, ""WHEAT"": 32}","{""COW"": 12, ""SHEEP"": 6}",0,24
398,16,14,1,36457.0,11,11,3,"{""STRAWBERRY"": 33, ""TOMATO"": 5, ""WHEAT"": 18}","{""COW"": 13, ""SHEEP"": 4}",0,35
399,16,15,0,38166.0,12,12,3,"{""STRAWBERRY"": 24, ""WHEAT"": 32}","{""COW"": 12, ""SHEEP"": 6}",0,24
399,16,15,1,36457.0,11,11,3,"{""STRAWBERRY"": 33, ""TOMATO"": 5, ""WHEAT"": 17}","{""COW"": 13, ""SHEEP"": 4}",0,35
400,16,16,0,38166.0,12,12,3,"{""STRAWBERRY"": 24, ""WHEAT"": 31}","{""COW"": 12, ""SHEEP"": 6}",0,24
400,16,16,1,36397.0,11,11,3,"{""STRAWBERRY"": 33, ""TOMATO"": 5, ""WHEAT"": 18}","{""COW"": 13, ""SHEEP"": 4}",0,35
401,16,17,0,38156.0,12,12,3,"{""STRAWBERRY"": 24, ""WHEAT"": 31}","{""COW"": 12, ""SHEEP"": 6}",0,24
401,16,17,1,36347.0,11,11,3,"{""STRAWBERRY"": 33, ""TOMATO"": 5, ""WHEAT"": 18}","{""COW"": 13, ""SHEEP"": 4}",0,35
402,16,18,0,38156.0,12,12,3,"{""STRAWBERRY"": 24, ""WHEAT"": 31}","{""COW"": 12, ""SHEEP"": 6}",0,24
402,16,18,1,36347.0,11,11,3,"{""STRAWBERRY"": 33, ""TOMATO"": 5, ""WHEAT"": 18}","{""COW"": 13, ""SHEEP"": 4}",0,35
403,16,19,0,39869.0,12,12,3,"{""STRAWBERRY"": 24, ""WHEAT"": 31}","{""COW"": 12, ""SHEEP"": 6}",0,26
403,16,19,1,36347.0,11,11,3,"{""STRAWBERRY"": 33, ""TOMATO"": 5, ""WHEAT"": 18}","{""COW"": 13, ""SHEEP"": 4}",0,35
404,16,20,0,40604.0,12,12,3,"{""STRAWBERRY"": 24, ""WHEAT"": 30}","{""COW"": 12, ""SHEEP"": 6}",0,22
404,16,20,1,36347.0,11,11,3,"{""STRAWBERRY"": 33, ""TOMATO"": 5, ""WHEAT"": 18}","{""COW"": 13, ""SHEEP"": 4}",0,44
405,16,21,0,40756.0,12,12,3,"{""STRAWBERRY"": 24, ""WHEAT"": 30}","{""COW"": 12, ""SHEEP"": 6}",0,18
405,16,21,1,38118.0,11,11,3,"{""STRAWBERRY"": 33, ""TOMATO"": 5, ""WHEAT"": 18}","{""COW"": 13, ""SHEEP"": 4}",0,48
406,16,22,0,40746.0,12,12,3,"{""STRAWBERRY"": 24, ""WHEAT"": 30}","{""COW"": 12, ""SHEEP"": 6}",0,18
406,16,22,1,39931.0,11,11,3,"{""STRAWBERRY"": 33, ""TOMATO"": 5, ""WHEAT"": 18}","{""COW"": 13, ""SHEEP"": 4}",0,38
407,16,23,0,40746.0,12,12,3,"{""STRAWBERRY"": 24, ""WHEAT"": 31}","{""COW"": 12, ""SHEEP"": 6}",0,18
407,16,23,1,40121.0,11,11,3,"{""STRAWBERRY"": 33, ""TOMATO"": 5, ""WHEAT"": 19}","{""COW"": 13, ""SHEEP"": 4}",0,33
408,17,0,0,40746.0,0,0,3,"{""STRAWBERRY"": 24, ""WHEAT"": 31}","{""COW"": 12, ""SHEEP"": 6}",0,87
408,17,0,1,40121.0,0,0,3,"{""STRAWBERRY"": 33, ""TOMATO"": 5, ""WHEAT"": 19}","{""COW"": 13, ""SHEEP"": 4}",0,82
409,17,1,0,44144.0,6,6,3,"{""STRAWBERRY"": 24, ""WHEAT"": 31}","{""COW"": 12, ""SHEEP"": 6}",0,64
409,17,1,1,42568.0,8,8,3,"{""STRAWBERRY"": 33, ""TOMATO"": 5, ""WHEAT"": 19}","{""COW"": 13, ""SHEEP"": 4}",0,62
410,17,2,0,45548.0,10,10,3,"{""STRAWBERRY"": 24, ""WHEAT"": 31}","{""COW"": 12, ""SHEEP"": 6}",0,50
410,17,2,1,41896.0,11,11,3,"{""STRAWBERRY"": 33, ""TOMATO"": 5, ""WHEAT"": 19}","{""COW"": 13, ""SHEEP"": 4}",0,59
411,17,3,0,46076.0,11,11,3,"{""STRAWBERRY"": 24, ""WHEAT"": 31}","{""COW"": 12, ""SHEEP"": 6}",0,26
411,17,3,1,42484.0,11,11,3,"{""STRAWBERRY"": 33, ""TOMATO"": 5, ""WHEAT"": 19}","{""COW"": 13, ""SHEEP"": 4}",0,58
412,17,4,0,46066.0,11,11,3,"{""STRAWBERRY"": 24, ""WHEAT"": 31}","{""COW"": 12, ""SHEEP"": 6}",0,18
412,17,4,1,42484.0,11,11,3,"{""STRAWBERRY"": 33, ""TOMATO"": 5, ""WHEAT"": 19}","{""COW"": 13, ""SHEEP"": 4}",0,55
413,17,5,0,46056.0,11,11,3,"{""STRAWBERRY"": 24, ""WHEAT"": 30}","{""COW"": 12, ""SHEEP"": 6}",0,18
413,17,5,1,42484.0,11,11,3,"{""STRAWBERRY"": 33, ""TOMATO"": 5, ""WHEAT"": 19}","{""COW"": 13, ""SHEEP"": 4}",0,61
414,17,6,0,46056.0,11,11,3,"{""STRAWBERRY"": 24, ""WHEAT"": 30}","{""COW"": 12, ""SHEEP"": 6}",0,18
414,17,6,1,42802.0,11,11,3,"{""STRAWBERRY"": 33, ""TOMATO"": 5, ""WHEAT"": 18}","{""COW"": 13, ""SHEEP"": 4}",0,59
415,17,7,0,46056.0,11,11,3,"{""STRAWBERRY"": 24, ""WHEAT"": 29}","{""COW"": 12, ""SHEEP"": 7}",0,18
415,17,7,1,43020.0,11,11,3,"{""STRAWBERRY"": 33, ""TOMATO"": 5, ""WHEAT"": 19}","{""COW"": 13, ""SHEEP"": 4}",0,53
416,17,8,0,46056.0,11,11,3,"{""STRAWBERRY"": 24, ""WHEAT"": 28}","{""COW"": 12, ""SHEEP"": 7}",0,18
416,17,8,1,43020.0,11,11,3,"{""STRAWBERRY"": 33, ""TOMATO"": 5, ""WHEAT"": 19}","{""COW"": 13, ""SHEEP"": 4}",0,53
417,17,9,0,46056.0,11,11,3,"{""STRAWBERRY"": 24, ""WHEAT"": 30}","{""COW"": 12, ""SHEEP"": 7}",0,18
417,17,9,1,43020.0,11,11,3,"{""STRAWBERRY"": 33, ""TOMATO"": 5, ""WHEAT"": 19}","{""COW"": 13, ""SHEEP"": 4}",0,59
418,17,10,0,46036.0,11,11,3,"{""STRAWBERRY"": 24, ""WHEAT"": 30}","{""COW"": 12, ""SHEEP"": 7}",0,18
418,17,10,1,43405.0,11,11,3,"{""STRAWBERRY"": 33, ""TOMATO"": 5, ""WHEAT"": 19}","{""COW"": 13, ""SHEEP"": 4}",0,57
419,17,11,0,46036.0,11,11,3,"{""STRAWBERRY"": 24, ""WHEAT"": 30}","{""COW"": 12, ""SHEEP"": 7}",0,18
419,17,11,1,43405.0,11,11,3,"{""STRAWBERRY"": 33, ""TOMATO"": 5, ""WHEAT"": 18}","{""COW"": 13, ""SHEEP"": 4}",0,57
420,17,12,0,46036.0,11,11,3,"{""STRAWBERRY"": 24, ""WHEAT"": 29}","{""COW"": 12, ""SHEEP"": 7}",0,18
420,17,12,1,43395.0,11,11,3,"{""STRAWBERRY"": 33, ""TOMATO"": 6, ""WHEAT"": 18}","{""COW"": 13, ""SHEEP"": 4}",0,57
421,17,13,0,46026.0,11,11,3,"{""STRAWBERRY"": 24, ""WHEAT"": 30}","{""COW"": 12, ""SHEEP"": 7}",0,18
421,17,13,1,43385.0,11,11,3,"{""STRAWBERRY"": 33, ""TOMATO"": 6, ""WHEAT"": 18}","{""COW"": 13, ""SHEEP"": 4}",0,57
422,17,14,0,46282.0,11,11,3,"{""STRAWBERRY"": 24, ""WHEAT"": 30}","{""COW"": 12, ""SHEEP"": 7}",0,11
422,17,14,1,44531.0,11,11,3,"{""STRAWBERRY"": 33, ""TOMATO"": 6, ""WHEAT"": 17}","{""COW"": 13, ""SHEEP"": 4}",0,51
423,17,15,0,46282.0,11,11,3,"{""STRAWBERRY"": 24, ""WHEAT"": 30}","{""COW"": 12, ""SHEEP"": 7}",0,11
423,17,15,1,44673.0,11,11,3,"{""STRAWBERRY"": 33, ""TOMATO"": 6, ""WHEAT"": 18}","{""COW"": 13, ""SHEEP"": 4}",0,47
424,17,16,0,46282.0,11,11,3,"{""STRAWBERRY"": 24, ""WHEAT"": 29}","{""COW"": 12, ""SHEEP"": 7}",0,11
424,17,16,1,44613.0,11,11,3,"{""STRAWBERRY"": 33, ""TOMATO"": 6, ""WHEAT"": 18}","{""COW"": 13, ""SHEEP"": 4}",0,47
425,17,17,0,46510.0,11,11,3,"{""STRAWBERRY"": 24, ""WHEAT"": 28}","{""COW"": 12, ""SHEEP"": 7}",0,5
425,17,17,1,44613.0,11,11,3,"{""STRAWBERRY"": 33, ""TOMATO"": 6, ""WHEAT"": 18}","{""COW"": 13, ""SHEEP"": 4}",0,47
426,17,18,0,46500.0,11,11,3,"{""STRAWBERRY"": 24, ""WHEAT"": 29}","{""COW"": 12, ""SHEEP"": 7}",0,5
426,17,18,1,44802.0,11,11,3,"{""STRAWBERRY"": 33, ""TOMATO"": 6, ""WHEAT"": 18}","{""COW"": 13, ""SHEEP"": 4}",0,52
427,17,19,0,46480.0,11,11,3,"{""STRAWBERRY"": 24, ""WHEAT"": 30}","{""COW"": 12, ""SHEEP"": 7}",0,5
427,17,19,1,45942.0,11,11,3,"{""STRAWBERRY"": 33, ""TOMATO"": 6, ""WHEAT"": 16}","{""COW"": 13, ""SHEEP"": 4}",0,46
428,17,20,0,46480.0,11,11,3,"{""STRAWBERRY"": 24, ""WHEAT"": 30}","{""COW"": 12, ""SHEEP"": 7}",0,5
428,17,20,1,46008.0,11,11,3,"{""STRAWBERRY"": 33, ""TOMATO"": 6, ""WHEAT"": 17}","{""COW"": 13, ""SHEEP"": 4}",0,44
429,17,21,0,46480.0,11,11,3,"{""STRAWBERRY"": 24, ""WHEAT"": 27}","{""COW"": 12, ""SHEEP"": 7}",0,5
429,17,21,1,45998.0,11,11,3,"{""STRAWBERRY"": 33, ""TOMATO"": 7, ""WHEAT"": 17}","{""COW"": 13, ""SHEEP"": 4}",0,44
430,17,22,0,46470.0,11,11,3,"{""STRAWBERRY"": 24, ""WHEAT"": 30}","{""COW"": 12, ""SHEEP"": 7}",0,5
430,17,22,1,46935.0,11,11,3,"{""STRAWBERRY"": 33, ""TOMATO"": 7, ""WHEAT"": 17}","{""COW"": 13, ""SHEEP"": 4}",0,39
431,17,23,0,46460.0,11,11,3,"{""STRAWBERRY"": 24, ""WHEAT"": 30}","{""COW"": 12, ""SHEEP"": 7}",0,5
431,17,23,1,46973.0,11,11,3,"{""STRAWBERRY"": 33, ""TOMATO"": 7, ""WHEAT"": 17}","{""COW"": 13, ""SHEEP"": 4}",0,38
432,18,0,0,46460.0,0,0,3,"{""STRAWBERRY"": 24, ""WHEAT"": 30}","{""COW"": 12, ""SHEEP"": 7}",0,81
432,18,0,1,46973.0,0,0,3,"{""STRAWBERRY"": 33, ""TOMATO"": 7, ""WHEAT"": 17}","{""COW"": 13, ""SHEEP"": 4}",0,96
433,18,1,0,50247.0,7,7,3,"{""STRAWBERRY"": 24, ""WHEAT"": 30}","{""COW"": 12, ""SHEEP"": 7}",0,38
433,18,1,1,47110.0,8,8,3,"{""STRAWBERRY"": 33, ""TOMATO"": 7, ""WHEAT"": 17}","{""COW"": 13, ""SHEEP"": 4}",0,92
434,18,2,0,51460.0,11,11,3,"{""STRAWBERRY"": 24, ""WHEAT"": 30}","{""COW"": 12, ""SHEEP"": 7}",0,31
434,18,2,1,49866.0,11,11,3,"{""STRAWBERRY"": 33, ""TOMATO"": 7, ""WHEAT"": 17}","{""COW"": 13, ""SHEEP"": 4}",0,67
435,18,3,0,52391.0,12,12,3,"{""STRAWBERRY"": 24, ""WHEAT"": 30}","{""COW"": 12, ""SHEEP"": 7}",0,7
435,18,3,1,50252.0,11,11,3,"{""STRAWBERRY"": 33, ""TOMATO"": 7, ""WHEAT"": 17}","{""COW"": 13, ""SHEEP"": 4}",0,60
436,18,4,0,52243.0,12,12,3,"{""STRAWBERRY"": 24, ""WHEAT"": 30}","{""COW"": 12, ""SHEEP"": 7}",0,11
436,18,4,1,50600.0,11,11,3,"{""STRAWBERRY"": 33, ""TOMATO"": 7, ""WHEAT"": 17}","{""COW"": 13, ""SHEEP"": 4}",0,57
437,18,5,0,52233.0,12,12,3,"{""STRAWBERRY"": 24, ""WHEAT"": 29}","{""COW"": 12, ""SHEEP"": 7}",0,11
437,18,5,1,50896.0,11,11,3,"{""STRAWBERRY"": 33, ""TOMATO"": 7, ""WHEAT"": 15}","{""COW"": 13, ""SHEEP"": 4}",0,49
438,18,6,0,52233.0,12,12,3,"{""STRAWBERRY"": 24, ""WHEAT"": 30}","{""COW"": 12, ""SHEEP"": 7}",0,11
438,18,6,1,51820.0,11,11,3,"{""STRAWBERRY"": 33, ""TOMATO"": 7, ""WHEAT"": 17}","{""COW"": 13, ""SHEEP"": 4}",0,47
439,18,7,0,52196.0,12,12,3,"{""STRAWBERRY"": 24, ""WHEAT"": 30}","{""COW"": 12, ""SHEEP"": 7}",0,12
439,18,7,1,52168.0,11,11,3,"{""STRAWBERRY"": 33, ""TOMATO"": 7, ""WHEAT"": 17}","{""COW"": 13, ""SHEEP"": 4}",0,47
440,18,8,0,53254.0,12,12,3,"{""STRAWBERRY"": 24, ""WHEAT"": 30}","{""COW"": 12, ""SHEEP"": 7}",0,14
440,18,8,1,53024.0,11,11,3,"{""STRAWBERRY"": 33, ""TOMATO"": 7, ""WHEAT"": 17}","{""COW"": 13, ""SHEEP"": 4}",0,38
441,18,9,0,53541.0,12,12,3,"{""STRAWBERRY"": 24, ""WHEAT"": 30}","{""COW"": 12, ""SHEEP"": 7}",0,14
441,18,9,1,54273.0,11,11,3,"{""STRAWBERRY"": 33, ""TOMATO"": 7, ""WHEAT"": 17}","{""COW"": 13, ""SHEEP"": 4}",0,31
442,18,10,0,53531.0,12,12,3,"{""STRAWBERRY"": 24, ""WHEAT"": 30}","{""COW"": 12, ""SHEEP"": 7}",0,14
442,18,10,1,54273.0,11,11,3,"{""STRAWBERRY"": 33, ""TOMATO"": 7, ""WHEAT"": 16}","{""COW"": 13, ""SHEEP"": 4}",0,31
443,18,11,0,53531.0,12,12,3,"{""STRAWBERRY"": 24, ""WHEAT"": 30}","{""COW"": 12, ""SHEEP"": 7}",0,14
443,18,11,1,54411.0,11,11,3,"{""STRAWBERRY"": 33, ""TOMATO"": 7, ""WHEAT"": 17}","{""COW"": 13, ""SHEEP"": 4}",0,27
444,18,12,0,53531.0,12,12,3,"{""STRAWBERRY"": 24, ""WHEAT"": 29}","{""COW"": 12, ""SHEEP"": 7}",0,14
444,18,12,1,54411.0,11,11,3,"{""STRAWBERRY"": 33, ""TOMATO"": 7, ""WHEAT"": 17}","{""COW"": 13, ""SHEEP"": 4}",0,27
445,18,13,0,53531.0,12,12,3,"{""STRAWBERRY"": 24, ""WHEAT"": 29}","{""COW"": 12, ""SHEEP"": 7}",0,14
445,18,13,1,54411.0,11,11,3,"{""STRAWBERRY"": 33, ""TOMATO"": 7, ""WHEAT"": 17}","{""COW"": 13, ""SHEEP"": 4}",0,27
446,18,14,0,54560.0,12,12,3,"{""STRAWBERRY"": 24, ""WHEAT"": 29}","{""COW"": 12, ""SHEEP"": 7}",0,14
446,18,14,1,54411.0,11,11,3,"{""STRAWBERRY"": 33, ""TOMATO"": 7, ""WHEAT"": 17}","{""COW"": 13, ""SHEEP"": 4}",0,37
447,18,15,0,55594.0,12,12,3,"{""STRAWBERRY"": 24, ""WHEAT"": 30}","{""COW"": 12, ""SHEEP"": 7}",0,10
447,18,15,1,55011.0,11,11,3,"{""STRAWBERRY"": 33, ""TOMATO"": 7, ""WHEAT"": 17}","{""COW"": 13, ""SHEEP"": 4}",0,31
448,18,16,0,56263.0,12,12,3,"{""STRAWBERRY"": 24, ""WHEAT"": 31}","{""COW"": 12, ""SHEEP"": 7}",0,16
448,18,16,1,55690.0,11,11,3,"{""STRAWBERRY"": 33, ""TOMATO"": 7, ""WHEAT"": 17}","{""COW"": 13, ""SHEEP"": 4}",0,27
449,18,17,0,56779.0,12,12,3,"{""STRAWBERRY"": 24, ""WHEAT"": 30}","{""COW"": 12, ""SHEEP"": 7}",0,10
449,18,17,1,55690.0,11,11,3,"{""STRAWBERRY"": 33, ""TOMATO"": 7, ""WHEAT"": 17}","{""COW"": 13, ""SHEEP"": 4}",0,36
450,18,18,0,56769.0,12,12,3,"{""STRAWBERRY"": 24, ""WHEAT"": 31}","{""COW"": 12, ""SHEEP"": 7}",0,6
450,18,18,1,56323.0,11,11,3,"{""STRAWBERRY"": 32, ""TOMATO"": 7, ""WHEAT"": 17}","{""COW"": 13, ""SHEEP"": 4}",0,38
451,18,19,0,57730.0,12,12,3,"{""STRAWBERRY"": 24, ""WHEAT"": 30}","{""COW"": 12, ""SHEEP"": 7}",0,6
451,18,19,1,57595.0,11,11,3,"{""STRAWBERRY"": 32, ""TOMATO"": 8, ""WHEAT"": 16}","{""COW"": 13, ""SHEEP"": 4}",0,30
452,18,20,0,57720.0,12,12,3,"{""STRAWBERRY"": 24, ""WHEAT"": 31}","{""COW"": 12, ""SHEEP"": 7}",0,6
452,18,20,1,57535.0,11,11,3,"{""STRAWBERRY"": 32, ""TOMATO"": 8, ""WHEAT"": 17}","{""COW"": 13, ""SHEEP"": 4}",0,30
453,18,21,0,57720.0,12,12,3,"{""STRAWBERRY"": 24, ""WHEAT"": 31}","{""COW"": 12, ""SHEEP"": 7}",0,6
453,18,21,1,57525.0,11,11,3,"{""STRAWBERRY"": 31, ""TOMATO"": 8, ""WHEAT"": 17}","{""COW"": 13, ""SHEEP"": 4}",0,30
454,18,22,0,58936.0,12,12,3,"{""STRAWBERRY"": 23, ""WHEAT"": 30}","{""COW"": 12, ""SHEEP"": 7}",0,10
454,18,22,1,57525.0,11,11,3,"{""TOMATO"": 9, ""STRAWBERRY"": 31, ""WHEAT"": 17}","{""COW"": 13, ""SHEEP"": 4}",0,30
455,18,23,0,58936.0,12,12,3,"{""STRAWBERRY"": 23, ""WHEAT"": 32}","{""COW"": 12, ""SHEEP"": 7}",0,10
455,18,23,1,57747.0,11,11,3,"{""TOMATO"": 9, ""STRAWBERRY"": 31, ""WHEAT"": 17}","{""COW"": 13, ""SHEEP"": 4}",0,36
456,19,0,0,59000.0,0,0,3,"{""STRAWBERRY"": 23, ""WHEAT"": 31}","{""COW"": 12, ""SHEEP"": 7}",0,82
456,19,0,1,59690.0,0,0,3,"{""TOMATO"": 9, ""STRAWBERRY"": 31, ""WHEAT"": 15}","{""COW"": 13, ""SHEEP"": 4}",0,89
457,19,1,0,60469.0,8,8,3,"{""STRAWBERRY"": 23, ""WHEAT"": 31}","{""COW"": 12, ""SHEEP"": 7}",0,46
457,19,1,1,60838.0,8,8,3,"{""TOMATO"": 9, ""STRAWBERRY"": 31, ""WHEAT"": 15}","{""COW"": 13, ""SHEEP"": 4}",0,71
458,19,2,0,60399.0,11,11,3,"{""STRAWBERRY"": 23, ""WHEAT"": 31}","{""COW"": 12, ""SHEEP"": 7}",0,35
458,19,2,1,60517.0,11,11,3,"{""TOMATO"": 9, ""STRAWBERRY"": 31, ""WHEAT"": 15}","{""COW"": 13, ""SHEEP"": 4}",0,60
459,19,3,0,60823.0,11,11,3,"{""STRAWBERRY"": 23, ""WHEAT"": 31}","{""COW"": 12, ""SHEEP"": 7}",0,22
459,19,3,1,60653.0,11,11,3,"{""TOMATO"": 9, ""STRAWBERRY"": 31, ""WHEAT"": 15}","{""COW"": 13, ""SHEEP"": 4}",0,56
460,19,4,0,60813.0,11,11,3,"{""STRAWBERRY"": 23, ""WHEAT"": 31}","{""COW"": 12, ""SHEEP"": 7}",0,22
460,19,4,1,60653.0,11,11,3,"{""TOMATO"": 9, ""STRAWBERRY"": 31, ""WHEAT"": 15}","{""COW"": 13, ""SHEEP"": 4}",0,56
461,19,5,0,60813.0,11,11,3,"{""STRAWBERRY"": 23, ""WHEAT"": 31}","{""COW"": 12, ""SHEEP"": 7}",0,22
461,19,5,1,60653.0,11,11,3,"{""TOMATO"": 9, ""STRAWBERRY"": 31, ""WHEAT"": 14}","{""COW"": 13, ""SHEEP"": 4}",1,59
462,19,6,0,60994.0,11,11,3,"{""STRAWBERRY"": 23, ""WHEAT"": 31}","{""COW"": 12, ""SHEEP"": 7}",0,20
462,19,6,1,60729.0,11,11,3,"{""TOMATO"": 9, ""STRAWBERRY"": 31, ""WHEAT"": 13}","{""COW"": 13, ""SHEEP"": 4}",1,58
463,19,7,0,60994.0,11,11,3,"{""STRAWBERRY"": 23, ""WHEAT"": 30}","{""COW"": 12, ""SHEEP"": 7}",0,20
463,19,7,1,60978.0,11,11,3,"{""TOMATO"": 9, ""STRAWBERRY"": 31, ""WHEAT"": 14}","{""COW"": 13, ""SHEEP"": 4}",1,54
464,19,8,0,61216.0,11,11,3,"{""STRAWBERRY"": 23, ""WHEAT"": 29}","{""COW"": 12, ""SHEEP"": 7}",0,14
464,19,8,1,60978.0,11,11,3,"{""TOMATO"": 9, ""STRAWBERRY"": 31, ""WHEAT"": 14}","{""COW"": 13, ""SHEEP"": 4}",1,54
465,19,9,0,61196.0,11,11,3,"{""STRAWBERRY"": 23, ""WHEAT"": 31}","{""COW"": 12, ""SHEEP"": 7}",0,14
465,19,9,1,60978.0,11,11,3,"{""TOMATO"": 9, ""STRAWBERRY"": 31, ""WHEAT"": 13}","{""COW"": 13, ""SHEEP"": 4}",1,54
466,19,10,0,61166.0,11,11,3,"{""STRAWBERRY"": 23, ""WHEAT"": 31}","{""COW"": 12, ""SHEEP"": 7}",0,14
466,19,10,1,61042.0,11,11,3,"{""TOMATO"": 9, ""STRAWBERRY"": 31, ""WHEAT"": 14}","{""COW"": 13, ""SHEEP"": 4}",1,53
467,19,11,0,61313.0,11,11,3,"{""STRAWBERRY"": 23, ""WHEAT"": 31}","{""COW"": 12, ""SHEEP"": 7}",0,10
467,19,11,1,61042.0,11,11,3,"{""TOMATO"": 9, ""STRAWBERRY"": 31, ""WHEAT"": 14}","{""COW"": 13, ""SHEEP"": 4}",1,53
468,19,12,0,61313.0,11,11,3,"{""STRAWBERRY"": 23, ""WHEAT"": 31}","{""COW"": 12, ""SHEEP"": 7}",0,10
468,19,12,1,61032.0,11,11,3,"{""TOMATO"": 9, ""STRAWBERRY"": 30, ""WHEAT"": 13}","{""COW"": 13, ""SHEEP"": 4}",1,53
469,19,13,0,61523.0,11,11,3,"{""STRAWBERRY"": 23, ""WHEAT"": 30}","{""COW"": 12, ""SHEEP"": 7}",0,7
469,19,13,1,61022.0,11,11,3,"{""TOMATO"": 9, ""STRAWBERRY"": 30, ""WHEAT"": 15}","{""COW"": 13, ""SHEEP"": 4}",1,53
470,19,14,0,61523.0,11,11,3,"{""STRAWBERRY"": 23, ""WHEAT"": 31}","{""COW"": 12, ""SHEEP"": 7}",0,7
470,19,14,1,61012.0,11,11,3,"{""TOMATO"": 9, ""STRAWBERRY"": 30, ""WHEAT"": 14}","{""COW"": 13, ""SHEEP"": 4}",1,53
471,19,15,0,61513.0,11,11,3,"{""STRAWBERRY"": 23, ""WHEAT"": 31}","{""COW"": 12, ""SHEEP"": 7}",0,7
471,19,15,1,61002.0,11,11,3,"{""TOMATO"": 9, ""STRAWBERRY"": 29, ""WHEAT"": 15}","{""COW"": 13, ""SHEEP"": 4}",1,53
472,19,16,0,61503.0,11,11,3,"{""STRAWBERRY"": 23, ""WHEAT"": 32}","{""COW"": 12, ""SHEEP"": 7}",0,7
472,19,16,1,60992.0,11,11,3,"{""TOMATO"": 10, ""STRAWBERRY"": 29, ""WHEAT"": 15}","{""COW"": 13, ""SHEEP"": 4}",1,53
473,19,17,0,61493.0,11,11,3,"{""STRAWBERRY"": 23, ""WHEAT"": 32}","{""COW"": 12, ""SHEEP"": 7}",0,7
473,19,17,1,60992.0,11,11,3,"{""TOMATO"": 10, ""STRAWBERRY"": 29, ""WHEAT"": 14}","{""COW"": 13, ""SHEEP"": 4}",1,53
474,19,18,0,61493.0,11,11,3,"{""STRAWBERRY"": 23, ""WHEAT"": 31}","{""COW"": 12, ""SHEEP"": 7}",0,7
474,19,18,1,62387.0,11,11,3,"{""TOMATO"": 10, ""STRAWBERRY"": 29, ""WHEAT"": 15}","{""COW"": 13, ""SHEEP"": 4}",1,41
475,19,19,0,61483.0,11,11,3,"{""STRAWBERRY"": 22, ""WHEAT"": 31}","{""COW"": 12, ""SHEEP"": 7}",0,7
475,19,19,1,62377.0,11,11,3,"{""TOMATO"": 10, ""STRAWBERRY"": 29, ""WHEAT"": 15}","{""COW"": 13, ""SHEEP"": 4}",1,48
476,19,20,0,61584.0,11,11,3,"{""STRAWBERRY"": 22, ""WHEAT"": 31}","{""COW"": 12, ""SHEEP"": 7}",0,4
476,19,20,1,62571.0,11,11,3,"{""TOMATO"": 10, ""STRAWBERRY"": 29, ""WHEAT"": 15}","{""COW"": 13, ""SHEEP"": 4}",1,46
477,19,21,0,61564.0,11,11,3,"{""STRAWBERRY"": 22, ""WHEAT"": 32}","{""COW"": 12, ""SHEEP"": 7}",0,4
477,19,21,1,62561.0,11,11,3,"{""TOMATO"": 10, ""STRAWBERRY"": 29, ""WHEAT"": 16}","{""COW"": 13, ""SHEEP"": 4}",1,46
478,19,22,0,61554.0,11,11,3,"{""STRAWBERRY"": 21, ""WHEAT"": 33}","{""COW"": 12, ""SHEEP"": 7}",0,4
478,19,22,1,62727.0,11,11,3,"{""TOMATO"": 10, ""STRAWBERRY"": 29, ""WHEAT"": 15}","{""COW"": 13, ""SHEEP"": 4}",1,44
479,19,23,0,61544.0,11,11,3,"{""STRAWBERRY"": 20, ""WHEAT"": 35}","{""COW"": 12, ""SHEEP"": 7}",0,4
479,19,23,1,63164.0,11,11,3,"{""TOMATO"": 10, ""STRAWBERRY"": 29, ""WHEAT"": 16}","{""COW"": 13, ""SHEEP"": 4}",1,32
480,20,0,0,61544.0,0,0,3,"{""STRAWBERRY"": 20, ""WHEAT"": 35}","{""COW"": 12, ""SHEEP"": 7}",0,79
480,20,0,1,63164.0,0,0,3,"{""TOMATO"": 10, ""STRAWBERRY"": 29, ""WHEAT"": 16}","{""COW"": 13, ""SHEEP"": 4}",1,83
481,20,1,0,63202.0,8,8,3,"{""STRAWBERRY"": 19, ""WHEAT"": 35}","{""COW"": 12, ""SHEEP"": 7}",1,43
481,20,1,1,63829.0,8,8,3,"{""TOMATO"": 10, ""STRAWBERRY"": 29, ""WHEAT"": 16}","{""COW"": 13, ""SHEEP"": 4}",1,69
482,20,2,0,63355.0,11,11,3,"{""STRAWBERRY"": 19, ""WHEAT"": 35}","{""COW"": 12, ""SHEEP"": 7}",1,34
482,20,2,1,64249.0,11,11,3,"{""TOMATO"": 10, ""STRAWBERRY"": 29, ""WHEAT"": 16}","{""COW"": 13, ""SHEEP"": 4}",1,54
483,20,3,0,63781.0,11,11,3,"{""STRAWBERRY"": 19, ""WHEAT"": 35}","{""COW"": 12, ""SHEEP"": 7}",1,18
483,20,3,1,64680.0,11,11,3,"{""TOMATO"": 10, ""STRAWBERRY"": 29, ""WHEAT"": 16}","{""COW"": 13, ""SHEEP"": 4}",1,51
484,20,4,0,63954.0,11,11,3,"{""STRAWBERRY"": 19, ""WHEAT"": 35}","{""COW"": 12, ""SHEEP"": 7}",1,15
484,20,4,1,64741.0,11,11,3,"{""TOMATO"": 10, ""STRAWBERRY"": 29, ""WHEAT"": 16}","{""COW"": 13, ""SHEEP"": 4}",1,47
485,20,5,0,63849.0,11,11,3,"{""STRAWBERRY"": 19, ""WHEAT"": 35}","{""COW"": 12, ""SHEEP"": 7}",1,18
485,20,5,1,64741.0,11,11,3,"{""TOMATO"": 10, ""STRAWBERRY"": 29, ""WHEAT"": 16}","{""COW"": 13, ""SHEEP"": 4}",1,47
486,20,6,0,64011.0,11,11,3,"{""STRAWBERRY"": 19, ""WHEAT"": 35}","{""COW"": 12, ""SHEEP"": 7}",1,16
486,20,6,1,64990.0,11,11,3,"{""TOMATO"": 10, ""STRAWBERRY"": 29, ""WHEAT"": 14}","{""COW"": 13, ""SHEEP"": 4}",1,43
487,20,7,0,63851.0,11,11,3,"{""STRAWBERRY"": 19, ""WHEAT"": 34}","{""COW"": 12, ""SHEEP"": 7}",1,16
487,20,7,1,65226.0,11,11,3,"{""TOMATO"": 10, ""STRAWBERRY"": 29, ""WHEAT"": 16}","{""COW"": 13, ""SHEEP"": 4}",1,36
488,20,8,0,63886.0,11,11,3,"{""STRAWBERRY"": 19, ""WHEAT"": 33, ""CARROT"": 1}","{""COW"": 12, ""SHEEP"": 7}",1,15
488,20,8,1,65226.0,11,11,3,"{""TOMATO"": 10, ""STRAWBERRY"": 29, ""WHEAT"": 16}","{""COW"": 13, ""SHEEP"": 4}",1,36
489,20,9,0,63886.0,11,11,3,"{""STRAWBERRY"": 19, ""WHEAT"": 33, ""CARROT"": 2}","{""COW"": 12, ""SHEEP"": 7}",1,15
489,20,9,1,65226.0,11,11,3,"{""TOMATO"": 10, ""STRAWBERRY"": 29, ""WHEAT"": 16}","{""COW"": 13, ""SHEEP"": 4}",1,36
490,20,10,0,63886.0,11,11,3,"{""STRAWBERRY"": 19, ""WHEAT"": 33, ""CARROT"": 2}","{""COW"": 12, ""SHEEP"": 7}",1,15
490,20,10,1,65306.0,11,11,3,"{""TOMATO"": 10, ""STRAWBERRY"": 29, ""WHEAT"": 16}","{""COW"": 13, ""SHEEP"": 4}",1,35
491,20,11,0,64186.0,11,11,3,"{""STRAWBERRY"": 19, ""WHEAT"": 32, ""CARROT"": 2}","{""COW"": 12, ""SHEEP"": 7}",1,15
491,20,11,1,65306.0,11,11,3,"{""TOMATO"": 10, ""STRAWBERRY"": 29, ""WHEAT"": 15}","{""COW"": 13, ""SHEEP"": 4}",1,35
492,20,12,0,64186.0,11,11,3,"{""STRAWBERRY"": 19, ""WHEAT"": 32, ""CARROT"": 3}","{""COW"": 12, ""SHEEP"": 7}",1,15
492,20,12,1,65436.0,11,11,3,"{""TOMATO"": 10, ""STRAWBERRY"": 28, ""WHEAT"": 16}","{""COW"": 13, ""SHEEP"": 4}",1,31
493,20,13,0,64454.0,11,11,3,"{""STRAWBERRY"": 19, ""WHEAT"": 32, ""CARROT"": 3}","{""COW"": 12, ""SHEEP"": 7}",0,18
493,20,13,1,65426.0,11,11,3,"{""TOMATO"": 10, ""STRAWBERRY"": 28, ""WHEAT"": 17}","{""COW"": 13, ""SHEEP"": 4}",1,37
494,20,14,0,64858.0,11,11,3,"{""STRAWBERRY"": 18, ""WHEAT"": 32, ""CARROT"": 4}","{""COW"": 12, ""SHEEP"": 7}",0,15
494,20,14,1,65784.0,11,11,3,"{""TOMATO"": 10, ""STRAWBERRY"": 28, ""WHEAT"": 17}","{""COW"": 13, ""SHEEP"": 4}",1,31
495,20,15,0,64848.0,11,11,3,"{""STRAWBERRY"": 17, ""WHEAT"": 33, ""CARROT"": 4}","{""COW"": 12, ""SHEEP"": 7}",0,15
495,20,15,1,65784.0,11,11,3,"{""TOMATO"": 10, ""STRAWBERRY"": 27, ""WHEAT"": 17}","{""COW"": 13, ""SHEEP"": 4}",1,31
496,20,16,0,64838.0,11,11,3,"{""STRAWBERRY"": 16, ""WHEAT"": 31, ""CARROT"": 5}","{""COW"": 12, ""SHEEP"": 7}",0,15
496,20,16,1,65774.0,11,11,3,"{""TOMATO"": 10, ""STRAWBERRY"": 27, ""WHEAT"": 18}","{""COW"": 13, ""SHEEP"": 4}",1,31
497,20,17,0,65108.0,11,11,3,"{""STRAWBERRY"": 16, ""CARROT"": 7, ""WHEAT"": 33}","{""COW"": 12, ""SHEEP"": 7}",0,7
497,20,17,1,65774.0,11,11,3,"{""TOMATO"": 10, ""STRAWBERRY"": 27, ""WHEAT"": 18}","{""COW"": 13, ""SHEEP"": 4}",1,43
498,20,18,0,65098.0,11,11,3,"{""STRAWBERRY"": 16, ""CARROT"": 7, ""WHEAT"": 32}","{""COW"": 12, ""SHEEP"": 7}",0,7
498,20,18,1,66278.0,11,11,3,"{""TOMATO"": 10, ""STRAWBERRY"": 26, ""WHEAT"": 18}","{""COW"": 13, ""SHEEP"": 4}",0,41
499,20,19,0,65098.0,11,11,3,"{""STRAWBERRY"": 15, ""CARROT"": 7, ""WHEAT"": 33}","{""COW"": 12, ""SHEEP"": 7}",0,7
499,20,19,1,66268.0,11,11,3,"{""TOMATO"": 10, ""STRAWBERRY"": 26, ""WHEAT"": 20}","{""COW"": 13, ""SHEEP"": 4}",0,41
500,20,20,0,65088.0,11,11,3,"{""STRAWBERRY"": 15, ""CARROT"": 8, ""WHEAT"": 33}","{""COW"": 12, ""SHEEP"": 7}",0,7
500,20,20,1,66258.0,11,11,3,"{""TOMATO"": 10, ""STRAWBERRY"": 26, ""WHEAT"": 20}","{""COW"": 13, ""SHEEP"": 4}",0,41
501,20,21,0,65088.0,11,11,3,"{""STRAWBERRY"": 14, ""CARROT"": 8, ""WHEAT"": 33}","{""COW"": 12, ""SHEEP"": 7}",0,7
501,20,21,1,66258.0,11,11,3,"{""TOMATO"": 10, ""STRAWBERRY"": 25, ""WHEAT"": 20}","{""COW"": 13, ""SHEEP"": 4}",0,41
502,20,22,0,65088.0,11,11,3,"{""STRAWBERRY"": 13, ""CARROT"": 8, ""WHEAT"": 34}","{""COW"": 12, ""SHEEP"": 7}",0,7
502,20,22,1,66580.0,11,11,3,"{""TOMATO"": 10, ""STRAWBERRY"": 24, ""WHEAT"": 20}","{""COW"": 13, ""SHEEP"": 4}",0,33
503,20,23,0,65078.0,11,11,3,"{""STRAWBERRY"": 13, ""CARROT"": 8, ""WHEAT"": 34}","{""COW"": 12, ""SHEEP"": 7}",0,12
503,20,23,1,72165.0,11,11,3,"{""TOMATO"": 10, ""STRAWBERRY"": 24, ""WHEAT"": 22}","{""COW"": 13, ""SHEEP"": 4}",0,13
504,21,0,0,65218.0,0,0,3,"{""STRAWBERRY"": 13, ""CARROT"": 8, ""WHEAT"": 34}","{""COW"": 12, ""SHEEP"": 7}",0,86
504,21,0,1,72394.0,0,0,3,"{""TOMATO"": 10, ""STRAWBERRY"": 24, ""WHEAT"": 22}","{""COW"": 13, ""SHEEP"": 4}",0,62
505,21,1,0,66126.0,8,8,3,"{""STRAWBERRY"": 13, ""CARROT"": 8, ""WHEAT"": 34}","{""COW"": 12, ""SHEEP"": 7}",0,60
505,21,1,1,72762.0,8,8,3,"{""TOMATO"": 10, ""STRAWBERRY"": 24, ""WHEAT"": 22}","{""COW"": 13, ""SHEEP"": 4}",0,50
506,21,2,0,66588.0,11,11,3,"{""STRAWBERRY"": 13, ""CARROT"": 8, ""WHEAT"": 34}","{""COW"": 12, ""SHEEP"": 7}",0,48
506,21,2,1,72212.0,11,11,3,"{""TOMATO"": 10, ""STRAWBERRY"": 24, ""WHEAT"": 22}","{""COW"": 13, ""SHEEP"": 4}",0,47
507,21,3,0,67633.0,11,11,3,"{""STRAWBERRY"": 13, ""CARROT"": 8, ""WHEAT"": 34}","{""COW"": 12, ""SHEEP"": 7}",0,50
507,21,3,1,72561.0,11,11,3,"{""TOMATO"": 10, ""STRAWBERRY"": 24, ""WHEAT"": 22}","{""COW"": 13, ""SHEEP"": 4}",0,38
508,21,4,0,68265.0,11,11,3,"{""STRAWBERRY"": 13, ""CARROT"": 8, ""WHEAT"": 34}","{""COW"": 12, ""SHEEP"": 7}",0,50
508,21,4,1,72561.0,11,11,3,"{""TOMATO"": 10, ""STRAWBERRY"": 24, ""WHEAT"": 22}","{""COW"": 13, ""SHEEP"": 4}",0,38
509,21,5,0,68739.0,11,11,3,"{""STRAWBERRY"": 13, ""CARROT"": 8, ""WHEAT"": 33}","{""COW"": 12, ""SHEEP"": 7}",0,40
509,21,5,1,72561.0,11,11,3,"{""TOMATO"": 10, ""STRAWBERRY"": 24, ""WHEAT"": 21}","{""COW"": 13, ""SHEEP"": 4}",0,38
510,21,6,0,68897.0,11,11,3,"{""STRAWBERRY"": 12, ""CARROT"": 8, ""WHEAT"": 34}","{""COW"": 12, ""SHEEP"": 7}",0,31
510,21,6,1,72601.0,11,11,3,"{""TOMATO"": 10, ""STRAWBERRY"": 24, ""WHEAT"": 21}","{""COW"": 13, ""SHEEP"": 4}",0,37
511,21,7,0,68862.0,11,11,3,"{""STRAWBERRY"": 12, ""CARROT"": 9, ""WHEAT"": 34}","{""COW"": 12, ""SHEEP"": 7}",0,32
511,21,7,1,72601.0,11,11,3,"{""TOMATO"": 10, ""STRAWBERRY"": 24, ""WHEAT"": 22}","{""COW"": 13, ""SHEEP"": 4}",0,37
512,21,8,0,68852.0,11,11,3,"{""STRAWBERRY"": 12, ""CARROT"": 9, ""WHEAT"": 32}","{""COW"": 12, ""SHEEP"": 7}",0,32
512,21,8,1,72601.0,11,11,3,"{""TOMATO"": 10, ""STRAWBERRY"": 24, ""WHEAT"": 22}","{""COW"": 13, ""SHEEP"": 4}",0,37
513,21,9,0,68852.0,11,11,3,"{""STRAWBERRY"": 12, ""CARROT"": 11, ""WHEAT"": 32}","{""COW"": 12, ""SHEEP"": 7}",0,32
513,21,9,1,72601.0,11,11,3,"{""TOMATO"": 10, ""STRAWBERRY"": 24, ""WHEAT"": 21}","{""COW"": 13, ""SHEEP"": 4}",0,37
514,21,10,0,68893.0,11,11,3,"{""STRAWBERRY"": 12, ""CARROT"": 11, ""WHEAT"": 32}","{""COW"": 12, ""SHEEP"": 7}",0,31
514,21,10,1,72627.0,11,11,3,"{""TOMATO"": 10, ""STRAWBERRY"": 24, ""WHEAT"": 22}","{""COW"": 13, ""SHEEP"": 4}",0,36
515,21,11,0,68893.0,11,11,3,"{""STRAWBERRY"": 12, ""CARROT"": 11, ""WHEAT"": 32}","{""COW"": 12, ""SHEEP"": 7}",0,31
515,21,11,1,72627.0,11,11,3,"{""TOMATO"": 10, ""STRAWBERRY"": 24, ""WHEAT"": 21}","{""COW"": 13, ""SHEEP"": 4}",0,36
516,21,12,0,69243.0,11,11,3,"{""STRAWBERRY"": 12, ""CARROT"": 11, ""WHEAT"": 32}","{""COW"": 12, ""SHEEP"": 7}",0,21
516,21,12,1,72827.0,11,11,3,"{""TOMATO"": 10, ""STRAWBERRY"": 24, ""WHEAT"": 22}","{""COW"": 13, ""SHEEP"": 4}",0,30
517,21,13,0,69103.0,11,11,3,"{""STRAWBERRY"": 12, ""CARROT"": 11, ""WHEAT"": 31}","{""COW"": 12, ""SHEEP"": 7}",0,25
517,21,13,1,72817.0,11,11,3,"{""TOMATO"": 10, ""STRAWBERRY"": 24, ""WHEAT"": 22}","{""COW"": 13, ""SHEEP"": 4}",0,30
518,21,14,0,69297.0,11,11,3,"{""STRAWBERRY"": 12, ""CARROT"": 11, ""WHEAT"": 32}","{""COW"": 12, ""SHEEP"": 7}",0,20
518,21,14,1,72938.0,11,11,3,"{""TOMATO"": 10, ""STRAWBERRY"": 24, ""WHEAT"": 20}","{""COW"": 13, ""SHEEP"": 4}",0,27
519,21,15,0,69297.0,11,11,3,"{""STRAWBERRY"": 12, ""CARROT"": 11, ""WHEAT"": 30}","{""COW"": 12, ""SHEEP"": 7}",0,20
519,21,15,1,72928.0,11,11,3,"{""TOMATO"": 10, ""STRAWBERRY"": 24, ""WHEAT"": 22}","{""COW"": 13, ""SHEEP"": 4}",0,27
520,21,16,0,69437.0,11,11,3,"{""STRAWBERRY"": 11, ""CARROT"": 12, ""WHEAT"": 31}","{""COW"": 12, ""SHEEP"": 7}",0,16
520,21,16,1,72918.0,11,11,3,"{""TOMATO"": 10, ""STRAWBERRY"": 23, ""WHEAT"": 22}","{""COW"": 13, ""SHEEP"": 4}",0,27
521,21,17,0,69417.0,11,11,3,"{""STRAWBERRY"": 11, ""CARROT"": 12, ""WHEAT"": 31}","{""COW"": 12, ""SHEEP"": 7}",0,16
521,21,17,1,72908.0,11,11,3,"{""TOMATO"": 10, ""STRAWBERRY"": 23, ""WHEAT"": 23}","{""COW"": 13, ""SHEEP"": 4}",0,40
522,21,18,0,69495.0,11,11,3,"{""STRAWBERRY"": 11, ""CARROT"": 14, ""WHEAT"": 30}","{""COW"": 12, ""SHEEP"": 7}",0,14
522,21,18,1,72978.0,11,11,3,"{""TOMATO"": 10, ""STRAWBERRY"": 23, ""WHEAT"": 23}","{""COW"": 13, ""SHEEP"": 4}",0,38
523,21,19,0,69485.0,11,11,3,"{""STRAWBERRY"": 11, ""CARROT"": 14, ""WHEAT"": 29}","{""COW"": 12, ""SHEEP"": 7}",0,14
523,21,19,1,72978.0,11,11,3,"{""TOMATO"": 10, ""STRAWBERRY"": 23, ""WHEAT"": 22}","{""COW"": 13, ""SHEEP"": 4}",0,38
524,21,20,0,69475.0,11,11,3,"{""STRAWBERRY"": 11, ""CARROT"": 14, ""WHEAT"": 31}","{""COW"": 12, ""SHEEP"": 7}",0,14
524,21,20,1,72968.0,11,11,3,"{""TOMATO"": 10, ""STRAWBERRY"": 23, ""WHEAT"": 23}","{""COW"": 13, ""SHEEP"": 4}",0,38
525,21,21,0,69455.0,11,11,3,"{""STRAWBERRY"": 11, ""CARROT"": 14, ""WHEAT"": 30}","{""COW"": 12, ""SHEEP"": 7}",0,14
525,21,21,1,72958.0,11,11,3,"{""TOMATO"": 10, ""STRAWBERRY"": 23, ""WHEAT"": 23}","{""COW"": 13, ""SHEEP"": 4}",0,38
526,21,22,0,69763.0,11,11,3,"{""STRAWBERRY"": 11, ""CARROT"": 14, ""WHEAT"": 28}","{""COW"": 12, ""SHEEP"": 7}",0,6
526,21,22,1,73035.0,11,11,3,"{""TOMATO"": 10, ""STRAWBERRY"": 23, ""WHEAT"": 22}","{""COW"": 13, ""SHEEP"": 4}",0,36
527,21,23,0,69763.0,11,11,3,"{""STRAWBERRY"": 11, ""CARROT"": 15, ""WHEAT"": 30}","{""COW"": 12, ""SHEEP"": 7}",0,6
527,21,23,1,73525.0,11,11,3,"{""TOMATO"": 10, ""STRAWBERRY"": 23, ""WHEAT"": 24}","{""COW"": 13, ""SHEEP"": 4}",0,22
528,22,0,0,69763.0,0,0,3,"{""STRAWBERRY"": 11, ""CARROT"": 15, ""WHEAT"": 29}","{""COW"": 11, ""SHEEP"": 7}",0,86
528,22,0,1,73525.0,0,0,3,"{""TOMATO"": 10, ""STRAWBERRY"": 23, ""WHEAT"": 24}","{""COW"": 13, ""SHEEP"": 4}",0,81
529,22,1,0,70940.0,8,8,3,"{""CARROT"": 15, ""WHEAT"": 29, ""STRAWBERRY"": 10}","{""COW"": 11, ""SHEEP"": 7}",1,75
529,22,1,1,74258.0,8,8,3,"{""TOMATO"": 10, ""STRAWBERRY"": 23, ""WHEAT"": 24}","{""COW"": 13, ""SHEEP"": 4}",0,69
530,22,2,0,71702.0,11,11,3,"{""CARROT"": 15, ""WHEAT"": 29, ""STRAWBERRY"": 10}","{""COW"": 11, ""SHEEP"": 7}",1,43
530,22,2,1,74212.0,11,11,3,"{""TOMATO"": 10, ""STRAWBERRY"": 23, ""WHEAT"": 24}","{""COW"": 13, ""SHEEP"": 4}",0,61
531,22,3,0,72025.0,11,11,3,"{""CARROT"": 15, ""WHEAT"": 29, ""STRAWBERRY"": 10}","{""COW"": 11, ""SHEEP"": 7}",1,33
531,22,3,1,74565.0,11,11,3,"{""TOMATO"": 10, ""STRAWBERRY"": 23, ""WHEAT"": 24}","{""COW"": 13, ""SHEEP"": 4}",0,57
532,22,4,0,72025.0,11,11,3,"{""CARROT"": 15, ""WHEAT"": 29, ""STRAWBERRY"": 10}","{""COW"": 11, ""SHEEP"": 7}",1,33
532,22,4,1,74719.0,11,11,3,"{""TOMATO"": 10, ""STRAWBERRY"": 23, ""WHEAT"": 24}","{""COW"": 13, ""SHEEP"": 4}",0,50
533,22,5,0,72876.0,11,11,3,"{""CARROT"": 15, ""WHEAT"": 29, ""STRAWBERRY"": 10}","{""COW"": 11, ""SHEEP"": 7}",1,33
533,22,5,1,74719.0,11,11,3,"{""TOMATO"": 10, ""STRAWBERRY"": 23, ""WHEAT"": 23}","{""COW"": 13, ""SHEEP"": 4}",0,50
534,22,6,0,73270.0,11,11,3,"{""CARROT"": 15, ""WHEAT"": 29, ""STRAWBERRY"": 10}","{""COW"": 11, ""SHEEP"": 7}",1,18
534,22,6,1,74783.0,11,11,3,"{""TOMATO"": 10, ""STRAWBERRY"": 22, ""WHEAT"": 23}","{""COW"": 13, ""SHEEP"": 4}",0,48
535,22,7,0,73270.0,11,11,3,"{""CARROT"": 15, ""WHEAT"": 29, ""STRAWBERRY"": 10}","{""COW"": 11, ""SHEEP"": 7}",1,18
535,22,7,1,74806.0,11,11,3,"{""TOMATO"": 10, ""STRAWBERRY"": 22, ""WHEAT"": 25}","{""COW"": 13, ""SHEEP"": 4}",0,47
536,22,8,0,73755.0,11,11,3,"{""CARROT"": 15, ""WHEAT"": 28, ""STRAWBERRY"": 10}","{""COW"": 11, ""SHEEP"": 7}",1,3
536,22,8,1,74806.0,11,11,3,"{""TOMATO"": 10, ""STRAWBERRY"": 22, ""WHEAT"": 25}","{""COW"": 13, ""SHEEP"": 4}",0,47
537,22,9,0,73691.0,11,11,3,"{""CARROT"": 16, ""WHEAT"": 27, ""STRAWBERRY"": 10}","{""COW"": 11, ""SHEEP"": 7}",1,5
537,22,9,1,74806.0,11,11,3,"{""TOMATO"": 10, ""STRAWBERRY"": 22, ""WHEAT"": 25}","{""COW"": 13, ""SHEEP"": 4}",0,47
538,22,10,0,73741.0,11,11,3,"{""CARROT"": 17, ""WHEAT"": 27, ""STRAWBERRY"": 10}","{""COW"": 11, ""SHEEP"": 7}",1,3
538,22,10,1,75070.0,11,11,3,"{""TOMATO"": 10, ""STRAWBERRY"": 22, ""WHEAT"": 24}","{""COW"": 13, ""SHEEP"": 4}",0,40
539,22,11,0,73741.0,11,11,3,"{""CARROT"": 17, ""WHEAT"": 26, ""STRAWBERRY"": 10}","{""COW"": 11, ""SHEEP"": 7}",1,3
539,22,11,1,75060.0,11,11,3,"{""TOMATO"": 10, ""STRAWBERRY"": 21, ""WHEAT"": 25}","{""COW"": 13, ""SHEEP"": 4}",0,40
540,22,12,0,73741.0,11,11,3,"{""CARROT"": 18, ""WHEAT"": 25, ""STRAWBERRY"": 10}","{""COW"": 11, ""SHEEP"": 7}",1,3
540,22,12,1,74930.0,11,11,3,"{""TOMATO"": 10, ""STRAWBERRY"": 21, ""WHEAT"": 25}","{""COW"": 13, ""SHEEP"": 4}",0,47
541,22,13,0,74005.0,11,11,3,"{""CARROT"": 19, ""WHEAT"": 24, ""STRAWBERRY"": 10}","{""COW"": 11, ""SHEEP"": 7}",1,3
541,22,13,1,74920.0,11,11,3,"{""TOMATO"": 10, ""STRAWBERRY"": 21, ""WHEAT"": 25, ""CARROT"": 1}","{""COW"": 13, ""SHEEP"": 4}",0,47
542,22,14,0,74005.0,11,11,3,"{""CARROT"": 19, ""WHEAT"": 25, ""STRAWBERRY"": 10}","{""COW"": 11, ""SHEEP"": 7}",1,3
542,22,14,1,75107.0,11,11,3,"{""TOMATO"": 10, ""STRAWBERRY"": 20, ""WHEAT"": 25, ""CARROT"": 1}","{""COW"": 13, ""SHEEP"": 4}",0,44
543,22,15,0,73995.0,11,11,3,"{""CARROT"": 19, ""WHEAT"": 24, ""STRAWBERRY"": 10}","{""COW"": 11, ""SHEEP"": 7}",1,3
543,22,15,1,75264.0,11,11,3,"{""TOMATO"": 10, ""STRAWBERRY"": 20, ""WHEAT"": 25, ""CARROT"": 1}","{""COW"": 13, ""SHEEP"": 4}",0,43
544,22,16,0,73985.0,11,11,3,"{""CARROT"": 20, ""WHEAT"": 23, ""STRAWBERRY"": 10}","{""COW"": 11, ""SHEEP"": 7}",1,3
544,22,16,1,75286.0,11,11,3,"{""TOMATO"": 10, ""STRAWBERRY"": 20, ""WHEAT"": 25, ""CARROT"": 2}","{""COW"": 13, ""SHEEP"": 4}",0,50
545,22,17,0,73975.0,11,11,3,"{""CARROT"": 20, ""WHEAT"": 24, ""STRAWBERRY"": 10}","{""COW"": 11, ""SHEEP"": 7}",0,3
545,22,17,1,75425.0,11,11,3,"{""TOMATO"": 10, ""STRAWBERRY"": 20, ""WHEAT"": 24, ""CARROT"": 2}","{""COW"": 13, ""SHEEP"": 4}",0,45
546,22,18,0,73965.0,11,11,3,"{""WHEAT"": 24, ""CARROT"": 20, ""STRAWBERRY"": 10}","{""COW"": 11, ""SHEEP"": 7}",0,3
546,22,18,1,75447.0,11,11,3,"{""TOMATO"": 10, ""STRAWBERRY"": 19, ""WHEAT"": 24, ""CARROT"": 3}","{""COW"": 13, ""SHEEP"": 4}",0,47
547,22,19,0,73965.0,11,11,3,"{""WHEAT"": 24, ""CARROT"": 20, ""STRAWBERRY"": 9}","{""COW"": 11, ""SHEEP"": 7}",0,3
547,22,19,1,75495.0,11,11,3,"{""TOMATO"": 10, ""STRAWBERRY"": 17, ""CARROT"": 4, ""WHEAT"": 24}","{""COW"": 13, ""SHEEP"": 4}",0,45
548,22,20,0,73955.0,11,11,3,"{""WHEAT"": 25, ""CARROT"": 19, ""STRAWBERRY"": 9}","{""COW"": 11, ""SHEEP"": 7}",0,3
548,22,20,1,75485.0,11,11,3,"{""TOMATO"": 10, ""STRAWBERRY"": 16, ""CARROT"": 5, ""WHEAT"": 25}","{""COW"": 13, ""SHEEP"": 4}",0,45
549,22,21,0,74001.0,11,11,3,"{""WHEAT"": 27, ""CARROT"": 20, ""STRAWBERRY"": 9}","{""COW"": 11, ""SHEEP"": 7}",0,1
549,22,21,1,75485.0,11,11,3,"{""TOMATO"": 10, ""STRAWBERRY"": 15, ""CARROT"": 6, ""WHEAT"": 25}","{""COW"": 13, ""SHEEP"": 4}",0,45
550,22,22,0,73981.0,11,11,3,"{""WHEAT"": 27, ""CARROT"": 20, ""STRAWBERRY"": 9}","{""COW"": 11, ""SHEEP"": 7}",0,1
550,22,22,1,75569.0,11,11,3,"{""TOMATO"": 10, ""STRAWBERRY"": 15, ""CARROT"": 6, ""WHEAT"": 25}","{""COW"": 13, ""SHEEP"": 4}",0,39
551,22,23,0,73981.0,11,11,3,"{""WHEAT"": 28, ""CARROT"": 20, ""STRAWBERRY"": 9}","{""COW"": 11, ""SHEEP"": 7}",0,1
551,22,23,1,76845.0,11,11,3,"{""TOMATO"": 10, ""STRAWBERRY"": 15, ""CARROT"": 6, ""WHEAT"": 25}","{""COW"": 13, ""SHEEP"": 4}",0,31
552,23,0,0,74281.0,0,0,3,"{""WHEAT"": 28, ""CARROT"": 20, ""STRAWBERRY"": 8}","{""COW"": 11, ""SHEEP"": 7}",0,94
552,23,0,1,76845.0,0,0,3,"{""TOMATO"": 10, ""STRAWBERRY"": 14, ""CARROT"": 6, ""WHEAT"": 25}","{""COW"": 13, ""SHEEP"": 4}",1,100
553,23,1,0,75431.0,8,8,3,"{""WHEAT"": 28, ""CARROT"": 20, ""STRAWBERRY"": 2}","{""COW"": 11, ""SHEEP"": 7}",6,60
553,23,1,1,77550.0,8,8,3,"{""TOMATO"": 10, ""STRAWBERRY"": 11, ""CARROT"": 6, ""WHEAT"": 25}","{""COW"": 13, ""SHEEP"": 4}",4,81
554,23,2,0,75354.0,11,11,3,"{""WHEAT"": 28, ""CARROT"": 20, ""STRAWBERRY"": 2}","{""COW"": 11, ""SHEEP"": 7}",6,49
554,23,2,1,77372.0,11,11,3,"{""TOMATO"": 10, ""STRAWBERRY"": 11, ""CARROT"": 6, ""WHEAT"": 25}","{""COW"": 13, ""SHEEP"": 4}",4,71
555,23,3,0,75515.0,11,11,3,"{""WHEAT"": 28, ""CARROT"": 20, ""STRAWBERRY"": 2}","{""COW"": 11, ""SHEEP"": 7}",6,39
555,23,3,1,77429.0,11,11,3,"{""TOMATO"": 10, ""STRAWBERRY"": 11, ""CARROT"": 6, ""WHEAT"": 25}","{""COW"": 13, ""SHEEP"": 4}",4,69
556,23,4,0,75453.0,11,11,3,"{""WHEAT"": 28, ""CARROT"": 20, ""STRAWBERRY"": 2}","{""COW"": 11, ""SHEEP"": 7}",6,41
556,23,4,1,77429.0,11,11,3,"{""TOMATO"": 10, ""STRAWBERRY"": 11, ""CARROT"": 6, ""WHEAT"": 25}","{""COW"": 13, ""SHEEP"": 4}",4,69
557,23,5,0,75443.0,11,11,3,"{""WHEAT"": 28, ""CARROT"": 20, ""STRAWBERRY"": 2}","{""COW"": 11, ""SHEEP"": 7}",6,41
557,23,5,1,77429.0,11,11,3,"{""TOMATO"": 10, ""STRAWBERRY"": 11, ""CARROT"": 6, ""WHEAT"": 25}","{""COW"": 13, ""SHEEP"": 4}",4,69
558,23,6,0,75465.0,11,11,3,"{""WHEAT"": 27, ""CARROT"": 20, ""STRAWBERRY"": 2}","{""COW"": 11, ""SHEEP"": 7}",5,40
558,23,6,1,77451.0,11,11,3,"{""TOMATO"": 10, ""STRAWBERRY"": 11, ""CARROT"": 6, ""WHEAT"": 24}","{""COW"": 13, ""SHEEP"": 4}",4,68
559,23,7,0,75465.0,11,11,3,"{""WHEAT"": 29, ""CARROT"": 19, ""STRAWBERRY"": 2}","{""COW"": 11, ""SHEEP"": 7}",4,40
559,23,7,1,77472.0,11,11,3,"{""TOMATO"": 10, ""STRAWBERRY"": 11, ""CARROT"": 6, ""WHEAT"": 24}","{""COW"": 13, ""SHEEP"": 4}",4,67
560,23,8,0,75305.0,11,11,3,"{""WHEAT"": 30, ""CARROT"": 19, ""STRAWBERRY"": 2}","{""COW"": 11, ""SHEEP"": 7}",4,40
560,23,8,1,77462.0,11,11,3,"{""TOMATO"": 10, ""STRAWBERRY"": 11, ""CARROT"": 6, ""WHEAT"": 24}","{""COW"": 13, ""SHEEP"": 4}",4,67
561,23,9,0,75641.0,11,11,3,"{""WHEAT"": 30, ""CARROT"": 20, ""STRAWBERRY"": 2}","{""COW"": 11, ""SHEEP"": 7}",4,29
561,23,9,1,77452.0,11,11,3,"{""TOMATO"": 10, ""STRAWBERRY"": 11, ""CARROT"": 6, ""WHEAT"": 25}","{""COW"": 13, ""SHEEP"": 4}",4,67
562,23,10,0,75414.0,11,11,3,"{""WHEAT"": 30, ""CARROT"": 20, ""STRAWBERRY"": 2}","{""COW"": 11, ""SHEEP"": 7}",4,36
562,23,10,1,77626.0,11,11,3,"{""TOMATO"": 10, ""STRAWBERRY"": 11, ""CARROT"": 6, ""WHEAT"": 25}","{""COW"": 13, ""SHEEP"": 4}",4,65
563,23,11,0,75600.0,11,11,3,"{""WHEAT"": 29, ""CARROT"": 20, ""STRAWBERRY"": 2}","{""COW"": 11, ""SHEEP"": 7}",2,30
563,23,11,1,77626.0,11,11,3,"{""TOMATO"": 10, ""STRAWBERRY"": 11, ""CARROT"": 6, ""WHEAT"": 25}","{""COW"": 13, ""SHEEP"": 4}",3,65
564,23,12,0,75600.0,11,11,3,"{""WHEAT"": 31, ""CARROT"": 20, ""STRAWBERRY"": 2}","{""COW"": 11, ""SHEEP"": 7}",2,30
564,23,12,1,77616.0,11,11,3,"{""TOMATO"": 10, ""STRAWBERRY"": 11, ""CARROT"": 6, ""WHEAT"": 25}","{""COW"": 13, ""SHEEP"": 4}",3,65
565,23,13,0,75590.0,11,11,3,"{""WHEAT"": 31, ""CARROT"": 21, ""STRAWBERRY"": 2}","{""COW"": 11, ""SHEEP"": 7}",2,30
565,23,13,1,77606.0,11,11,3,"{""TOMATO"": 10, ""STRAWBERRY"": 11, ""CARROT"": 6, ""WHEAT"": 25}","{""COW"": 13, ""SHEEP"": 4}",3,65
566,23,14,0,75720.0,11,11,3,"{""WHEAT"": 31, ""CARROT"": 21, ""STRAWBERRY"": 2}","{""COW"": 11, ""SHEEP"": 7}",2,28
566,23,14,1,77596.0,11,11,3,"{""TOMATO"": 10, ""STRAWBERRY"": 11, ""CARROT"": 6, ""WHEAT"": 24}","{""COW"": 13, ""SHEEP"": 4}",3,65
567,23,15,0,75771.0,11,11,3,"{""WHEAT"": 31, ""CARROT"": 20, ""STRAWBERRY"": 2}","{""COW"": 11, ""SHEEP"": 7}",2,25
567,23,15,1,77758.0,11,11,3,"{""TOMATO"": 10, ""STRAWBERRY"": 9, ""CARROT"": 6, ""WHEAT"": 26}","{""COW"": 13, ""SHEEP"": 4}",3,64
568,23,16,0,75969.0,11,11,3,"{""WHEAT"": 30, ""CARROT"": 20, ""STRAWBERRY"": 2}","{""COW"": 11, ""SHEEP"": 7}",2,21
568,23,16,1,77748.0,11,11,3,"{""TOMATO"": 10, ""STRAWBERRY"": 8, ""CARROT"": 6, ""WHEAT"": 28}","{""COW"": 13, ""SHEEP"": 4}",3,64
569,23,17,0,76083.0,11,11,3,"{""WHEAT"": 32, ""CARROT"": 19, ""STRAWBERRY"": 2}","{""COW"": 11, ""SHEEP"": 7}",1,17
569,23,17,1,77738.0,11,11,3,"{""TOMATO"": 10, ""STRAWBERRY"": 8, ""CARROT"": 6, ""WHEAT"": 29}","{""COW"": 13, ""SHEEP"": 4}",3,64
570,23,18,0,76099.0,11,11,3,"{""WHEAT"": 34, ""CARROT"": 19, ""STRAWBERRY"": 2}","{""COW"": 11, ""SHEEP"": 7}",1,15
570,23,18,1,77738.0,11,11,3,"{""TOMATO"": 10, ""STRAWBERRY"": 8, ""CARROT"": 6, ""WHEAT"": 28}","{""COW"": 13, ""SHEEP"": 4}",3,71
571,23,19,0,76244.0,11,11,3,"{""WHEAT"": 34, ""CARROT"": 19, ""STRAWBERRY"": 2}","{""COW"": 11, ""SHEEP"": 7}",0,10
571,23,19,1,77808.0,11,11,3,"{""TOMATO"": 10, ""STRAWBERRY"": 8, ""CARROT"": 6, ""WHEAT"": 29}","{""COW"": 13, ""SHEEP"": 4}",2,80
572,23,20,0,76214.0,11,11,3,"{""WHEAT"": 35, ""CARROT"": 19, ""STRAWBERRY"": 2}","{""COW"": 11, ""SHEEP"": 7}",0,10
572,23,20,1,78102.0,11,11,3,"{""TOMATO"": 10, ""STRAWBERRY"": 8, ""CARROT"": 6, ""WHEAT"": 30}","{""COW"": 13, ""SHEEP"": 4}",1,70
573,23,21,0,76214.0,11,11,3,"{""WHEAT"": 34, ""CARROT"": 19, ""STRAWBERRY"": 1}","{""COW"": 11, ""SHEEP"": 7}",0,10
573,23,21,1,78102.0,11,11,3,"{""TOMATO"": 10, ""STRAWBERRY"": 8, ""CARROT"": 6, ""WHEAT"": 30}","{""COW"": 13, ""SHEEP"": 4}",1,77
574,23,22,0,76262.0,11,11,3,"{""WHEAT"": 36, ""CARROT"": 19, ""STRAWBERRY"": 1}","{""COW"": 11, ""SHEEP"": 7}",0,7
574,23,22,1,78864.0,11,11,3,"{""TOMATO"": 10, ""STRAWBERRY"": 8, ""CARROT"": 6, ""WHEAT"": 31}","{""COW"": 13, ""SHEEP"": 4}",1,67
575,23,23,0,76252.0,11,11,3,"{""WHEAT"": 37, ""CARROT"": 19, ""STRAWBERRY"": 1}","{""COW"": 11, ""SHEEP"": 7}",0,7
575,23,23,1,79074.0,11,11,3,"{""TOMATO"": 10, ""STRAWBERRY"": 8, ""CARROT"": 6, ""WHEAT"": 31}","{""COW"": 13, ""SHEEP"": 4}",1,61
576,24,0,0,75951.0,0,0,3,"{""WHEAT"": 37, ""CARROT"": 18, ""STRAWBERRY"": 1}","{""COW"": 11, ""SHEEP"": 7}",0,100
576,24,0,1,79368.0,0,0,3,"{""TOMATO"": 10, ""STRAWBERRY"": 8, ""CARROT"": 6, ""WHEAT"": 31}","{""COW"": 13, ""SHEEP"": 4}",1,99
577,24,1,0,77313.0,8,8,3,"{""WHEAT"": 37, ""CARROT"": 18, ""STRAWBERRY"": 1}","{""COW"": 11, ""SHEEP"": 7}",0,91
577,24,1,1,79417.0,8,8,3,"{""TOMATO"": 9, ""STRAWBERRY"": 8, ""CARROT"": 6, ""WHEAT"": 31}","{""COW"": 13, ""SHEEP"": 4}",2,95
578,24,2,0,77927.0,10,10,3,"{""WHEAT"": 37, ""CARROT"": 18, ""STRAWBERRY"": 1}","{""COW"": 11, ""SHEEP"": 7}",0,63
578,24,2,1,79422.0,11,11,3,"{""TOMATO"": 9, ""STRAWBERRY"": 8, ""CARROT"": 6, ""WHEAT"": 31}","{""COW"": 13, ""SHEEP"": 4}",2,87
579,24,3,0,78511.0,10,10,3,"{""WHEAT"": 37, ""CARROT"": 18, ""STRAWBERRY"": 1}","{""COW"": 11, ""SHEEP"": 7}",0,63
579,24,3,1,80143.0,11,11,3,"{""TOMATO"": 9, ""STRAWBERRY"": 8, ""CARROT"": 6, ""WHEAT"": 31}","{""COW"": 13, ""SHEEP"": 4}",2,74
580,24,4,0,79035.0,10,10,3,"{""WHEAT"": 37, ""CARROT"": 18, ""STRAWBERRY"": 1}","{""COW"": 11, ""SHEEP"": 7}",0,61
580,24,4,1,80143.0,11,11,3,"{""TOMATO"": 9, ""STRAWBERRY"": 8, ""CARROT"": 6, ""WHEAT"": 31}","{""COW"": 13, ""SHEEP"": 4}",2,74
581,24,5,0,79880.0,10,10,3,"{""WHEAT"": 36, ""CARROT"": 18, ""STRAWBERRY"": 1}","{""COW"": 11, ""SHEEP"": 7}",0,35
581,24,5,1,80143.0,11,11,3,"{""TOMATO"": 9, ""STRAWBERRY"": 8, ""CARROT"": 6, ""WHEAT"": 29}","{""COW"": 13, ""SHEEP"": 4}",2,78
582,24,6,0,79824.0,10,10,3,"{""WHEAT"": 36, ""CARROT"": 19, ""STRAWBERRY"": 1}","{""COW"": 11, ""SHEEP"": 7}",0,36
582,24,6,1,80172.0,11,11,3,"{""TOMATO"": 9, ""STRAWBERRY"": 8, ""CARROT"": 6, ""WHEAT"": 31}","{""COW"": 13, ""SHEEP"": 4}",2,76
583,24,7,0,79744.0,10,10,3,"{""WHEAT"": 36, ""CARROT"": 18, ""STRAWBERRY"": 1}","{""COW"": 11, ""SHEEP"": 7}",0,36
583,24,7,1,80172.0,11,11,3,"{""TOMATO"": 9, ""STRAWBERRY"": 8, ""CARROT"": 6, ""WHEAT"": 31}","{""COW"": 13, ""SHEEP"": 4}",2,76
584,24,8,0,79988.0,10,10,3,"{""WHEAT"": 37, ""CARROT"": 18, ""STRAWBERRY"": 1}","{""COW"": 11, ""SHEEP"": 7}",0,40
584,24,8,1,80172.0,11,11,3,"{""TOMATO"": 9, ""STRAWBERRY"": 8, ""CARROT"": 6, ""WHEAT"": 31}","{""COW"": 13, ""SHEEP"": 4}",2,76
585,24,9,0,80129.0,10,10,3,"{""WHEAT"": 37, ""CARROT"": 17, ""STRAWBERRY"": 1}","{""COW"": 11, ""SHEEP"": 7}",0,31
585,24,9,1,80172.0,11,11,3,"{""TOMATO"": 9, ""STRAWBERRY"": 7, ""CARROT"": 6, ""WHEAT"": 31}","{""COW"": 13, ""SHEEP"": 4}",2,76
586,24,10,0,80187.0,10,10,3,"{""WHEAT"": 37, ""CARROT"": 17, ""STRAWBERRY"": 1}","{""COW"": 11, ""SHEEP"": 7}",0,28
586,24,10,1,80329.0,11,11,3,"{""TOMATO"": 9, ""STRAWBERRY"": 7, ""CARROT"": 6, ""WHEAT"": 31}","{""COW"": 13, ""SHEEP"": 4}",2,73
587,24,11,0,80409.0,10,10,3,"{""WHEAT"": 38, ""CARROT"": 17, ""STRAWBERRY"": 1}","{""COW"": 11, ""SHEEP"": 7}",0,22
587,24,11,1,80319.0,11,11,3,"{""TOMATO"": 9, ""STRAWBERRY"": 7, ""CARROT"": 6, ""WHEAT"": 32}","{""COW"": 13, ""SHEEP"": 4}",2,73
588,24,12,0,80409.0,10,10,3,"{""WHEAT"": 38, ""CARROT"": 17, ""STRAWBERRY"": 1}","{""COW"": 11, ""SHEEP"": 7}",0,22
588,24,12,1,80309.0,11,11,3,"{""TOMATO"": 9, ""STRAWBERRY"": 7, ""CARROT"": 5, ""WHEAT"": 32}","{""COW"": 13, ""SHEEP"": 4}",2,80
589,24,13,0,80409.0,10,10,3,"{""WHEAT"": 38, ""CARROT"": 17, ""STRAWBERRY"": 1}","{""COW"": 11, ""SHEEP"": 7}",0,22
589,24,13,1,80299.0,11,11,3,"{""TOMATO"": 9, ""STRAWBERRY"": 7, ""CARROT"": 5, ""WHEAT"": 33}","{""COW"": 13, ""SHEEP"": 4}",2,80
590,24,14,0,80870.0,10,10,3,"{""WHEAT"": 38, ""CARROT"": 16, ""STRAWBERRY"": 1}","{""COW"": 11, ""SHEEP"": 7}",0,9
590,24,14,1,80323.0,11,11,3,"{""TOMATO"": 9, ""STRAWBERRY"": 7, ""WHEAT"": 32, ""CARROT"": 4}","{""COW"": 13, ""SHEEP"": 4}",2,78
591,24,15,0,80870.0,10,10,3,"{""WHEAT"": 37, ""CARROT"": 16, ""STRAWBERRY"": 1}","{""COW"": 11, ""SHEEP"": 7}",0,9
591,24,15,1,80313.0,11,11,3,"{""TOMATO"": 9, ""STRAWBERRY"": 7, ""WHEAT"": 34, ""CARROT"": 4}","{""COW"": 13, ""SHEEP"": 4}",2,78
592,24,16,0,80870.0,10,10,3,"{""WHEAT"": 39, ""CARROT"": 16, ""STRAWBERRY"": 1}","{""COW"": 11, ""SHEEP"": 7}",0,9
592,24,16,1,80303.0,11,11,3,"{""TOMATO"": 9, ""STRAWBERRY"": 7, ""WHEAT"": 33, ""CARROT"": 4}","{""COW"": 13, ""SHEEP"": 4}",2,78
593,24,17,0,80850.0,10,10,3,"{""WHEAT"": 39, ""CARROT"": 15, ""STRAWBERRY"": 1}","{""COW"": 11, ""SHEEP"": 7}",0,9
593,24,17,1,80293.0,11,11,3,"{""TOMATO"": 8, ""STRAWBERRY"": 7, ""WHEAT"": 34, ""CARROT"": 2}","{""COW"": 13, ""SHEEP"": 4}",2,78
594,24,18,0,81294.0,10,10,3,"{""WHEAT"": 39, ""CARROT"": 15, ""STRAWBERRY"": 1}","{""COW"": 11, ""SHEEP"": 7}",0,12
594,24,18,1,80315.0,11,11,3,"{""TOMATO"": 8, ""STRAWBERRY"": 7, ""WHEAT"": 37, ""CARROT"": 2}","{""COW"": 13, ""SHEEP"": 4}",2,76
595,24,19,0,81284.0,10,10,3,"{""WHEAT"": 40, ""CARROT"": 14, ""STRAWBERRY"": 1}","{""COW"": 11, ""SHEEP"": 7}",0,12
595,24,19,1,80305.0,11,11,3,"{""TOMATO"": 8, ""STRAWBERRY"": 7, ""WHEAT"": 37, ""CARROT"": 2}","{""COW"": 13, ""SHEEP"": 4}",2,84
596,24,20,0,81284.0,10,10,3,"{""WHEAT"": 40, ""CARROT"": 14, ""STRAWBERRY"": 1}","{""COW"": 11, ""SHEEP"": 7}",0,12
596,24,20,1,80527.0,11,11,3,"{""TOMATO"": 8, ""STRAWBERRY"": 7, ""WHEAT"": 37, ""CARROT"": 2}","{""COW"": 13, ""SHEEP"": 4}",2,76
597,24,21,0,81264.0,10,10,3,"{""WHEAT"": 42, ""CARROT"": 14, ""STRAWBERRY"": 1}","{""COW"": 11, ""SHEEP"": 7}",0,12
597,24,21,1,80550.0,11,11,3,"{""TOMATO"": 7, ""STRAWBERRY"": 7, ""WHEAT"": 37, ""CARROT"": 2}","{""COW"": 13, ""SHEEP"": 4}",2,75
598,24,22,0,81316.0,10,10,3,"{""WHEAT"": 42, ""CARROT"": 13, ""STRAWBERRY"": 1}","{""COW"": 11, ""SHEEP"": 7}",0,9
598,24,22,1,80618.0,11,11,3,"{""TOMATO"": 7, ""STRAWBERRY"": 7, ""WHEAT"": 37, ""CARROT"": 2}","{""COW"": 13, ""SHEEP"": 4}",2,74
599,24,23,0,81316.0,10,10,3,"{""WHEAT"": 42, ""CARROT"": 13, ""STRAWBERRY"": 1}","{""COW"": 11, ""SHEEP"": 7}",0,9
599,24,23,1,81940.0,11,11,3,"{""TOMATO"": 7, ""STRAWBERRY"": 7, ""WHEAT"": 38, ""CARROT"": 2}","{""COW"": 13, ""SHEEP"": 4}",2,60
600,25,0,0,81316.0,0,0,3,"{""WHEAT"": 41, ""CARROT"": 13, ""STRAWBERRY"": 1}","{""COW"": 11, ""SHEEP"": 7}",0,93
600,25,0,1,82839.0,0,0,3,"{""TOMATO"": 7, ""STRAWBERRY"": 7, ""WHEAT"": 38, ""CARROT"": 2}","{""COW"": 13, ""SHEEP"": 4}",2,100
601,25,1,0,81753.0,8,8,3,"{""WHEAT"": 41, ""CARROT"": 13}","{""COW"": 11, ""SHEEP"": 7}",1,85
601,25,1,1,82896.0,8,8,3,"{""TOMATO"": 7, ""STRAWBERRY"": 7, ""WHEAT"": 38, ""CARROT"": 2}","{""COW"": 13, ""SHEEP"": 4}",2,97
602,25,2,0,82008.0,10,10,3,"{""WHEAT"": 41, ""CARROT"": 13}","{""COW"": 11, ""SHEEP"": 7}",1,65
602,25,2,1,82718.0,11,11,3,"{""TOMATO"": 7, ""STRAWBERRY"": 7, ""WHEAT"": 38, ""CARROT"": 2}","{""COW"": 13, ""SHEEP"": 4}",2,89
603,25,3,0,82603.0,11,11,3,"{""WHEAT"": 41, ""CARROT"": 13}","{""COW"": 11, ""SHEEP"": 7}",1,44
603,25,3,1,83191.0,11,11,3,"{""TOMATO"": 7, ""STRAWBERRY"": 7, ""WHEAT"": 38, ""CARROT"": 2}","{""COW"": 13, ""SHEEP"": 4}",2,80
604,25,4,0,82838.0,11,11,3,"{""WHEAT"": 41, ""CARROT"": 13}","{""COW"": 11, ""SHEEP"": 7}",1,37
604,25,4,1,83191.0,11,11,3,"{""TOMATO"": 7, ""STRAWBERRY"": 7, ""WHEAT"": 38, ""CARROT"": 2}","{""COW"": 13, ""SHEEP"": 4}",2,80
605,25,5,0,83312.0,11,11,3,"{""WHEAT"": 41, ""CARROT"": 13}","{""COW"": 11, ""SHEEP"": 7}",1,37
605,25,5,1,83191.0,11,11,3,"{""TOMATO"": 7, ""STRAWBERRY"": 7, ""WHEAT"": 37, ""CARROT"": 2}","{""COW"": 13, ""SHEEP"": 4}",2,80
606,25,6,0,83345.0,11,11,3,"{""WHEAT"": 41, ""CARROT"": 12}","{""COW"": 11, ""SHEEP"": 7}",1,31
606,25,6,1,83234.0,11,11,3,"{""TOMATO"": 7, ""STRAWBERRY"": 7, ""WHEAT"": 37, ""CARROT"": 2}","{""COW"": 13, ""SHEEP"": 4}",2,78
607,25,7,0,83502.0,11,11,3,"{""WHEAT"": 40, ""CARROT"": 13}","{""COW"": 11, ""SHEEP"": 7}",1,25
607,25,7,1,83306.0,11,11,3,"{""TOMATO"": 7, ""STRAWBERRY"": 7, ""WHEAT"": 37, ""CARROT"": 2}","{""COW"": 13, ""SHEEP"": 4}",2,75
608,25,8,0,83401.0,11,11,3,"{""WHEAT"": 41, ""CARROT"": 12}","{""COW"": 11, ""SHEEP"": 7}",1,29
608,25,8,1,83296.0,11,11,3,"{""TOMATO"": 7, ""STRAWBERRY"": 7, ""WHEAT"": 38, ""CARROT"": 2}","{""COW"": 13, ""SHEEP"": 4}",2,75
609,25,9,0,83401.0,11,11,3,"{""WHEAT"": 40, ""CARROT"": 13}","{""COW"": 11, ""SHEEP"": 7}",1,29
609,25,9,1,83286.0,11,11,3,"{""TOMATO"": 7, ""STRAWBERRY"": 7, ""WHEAT"": 37, ""CARROT"": 2}","{""COW"": 13, ""SHEEP"": 4}",2,75
610,25,10,0,83665.0,11,11,3,"{""WHEAT"": 41, ""CARROT"": 13}","{""COW"": 11, ""SHEEP"": 7}",1,18
610,25,10,1,83443.0,11,11,3,"{""TOMATO"": 7, ""STRAWBERRY"": 7, ""WHEAT"": 38, ""CARROT"": 2}","{""COW"": 13, ""SHEEP"": 4}",2,72
611,25,11,0,83645.0,11,11,3,"{""WHEAT"": 42, ""CARROT"": 13}","{""COW"": 11, ""SHEEP"": 7}",1,18
611,25,11,1,83433.0,11,11,3,"{""TOMATO"": 7, ""STRAWBERRY"": 7, ""WHEAT"": 36, ""CARROT"": 1}","{""COW"": 13, ""SHEEP"": 4}",2,72
612,25,12,0,83615.0,11,11,3,"{""WHEAT"": 42, ""CARROT"": 13}","{""COW"": 11, ""SHEEP"": 7}",1,18
612,25,12,1,83471.0,11,11,3,"{""TOMATO"": 7, ""STRAWBERRY"": 7, ""WHEAT"": 38, ""CARROT"": 1}","{""COW"": 13, ""SHEEP"": 4}",2,70
613,25,13,0,83567.0,11,11,3,"{""WHEAT"": 41, ""CARROT"": 13}","{""COW"": 11, ""SHEEP"": 7}",1,20
613,25,13,1,83461.0,11,11,3,"{""TOMATO"": 7, ""STRAWBERRY"": 7, ""WHEAT"": 39, ""CARROT"": 1}","{""COW"": 13, ""SHEEP"": 4}",2,70
614,25,14,0,83714.0,11,11,3,"{""WHEAT"": 40, ""CARROT"": 13}","{""COW"": 11, ""SHEEP"": 7}",0,14
614,25,14,1,83505.0,11,11,3,"{""TOMATO"": 7, ""STRAWBERRY"": 7, ""WHEAT"": 38, ""CARROT"": 1}","{""COW"": 13, ""SHEEP"": 4}",2,67
615,25,15,0,83704.0,11,11,3,"{""WHEAT"": 43, ""CARROT"": 11}","{""COW"": 11, ""SHEEP"": 7}",0,14
615,25,15,1,83505.0,11,11,3,"{""TOMATO"": 7, ""STRAWBERRY"": 7, ""WHEAT"": 39, ""CARROT"": 1}","{""COW"": 13, ""SHEEP"": 4}",2,67
616,25,16,0,83664.0,11,11,3,"{""WHEAT"": 45, ""CARROT"": 9}","{""COW"": 11, ""SHEEP"": 7}",0,14
616,25,16,1,83495.0,11,11,3,"{""TOMATO"": 7, ""STRAWBERRY"": 7, ""WHEAT"": 38, ""CARROT"": 1}","{""COW"": 13, ""SHEEP"": 4}",2,67
617,25,17,0,83700.0,11,11,3,"{""WHEAT"": 47, ""CARROT"": 10}","{""COW"": 11, ""SHEEP"": 7}",0,12
617,25,17,1,83509.0,11,11,3,"{""TOMATO"": 7, ""STRAWBERRY"": 7, ""WHEAT"": 39}","{""COW"": 13, ""SHEEP"": 4}",2,66
618,25,18,0,83739.0,11,11,3,"{""WHEAT"": 47, ""CARROT"": 10}","{""COW"": 11, ""SHEEP"": 7}",0,10
618,25,18,1,83551.0,11,11,3,"{""TOMATO"": 7, ""STRAWBERRY"": 7, ""WHEAT"": 40}","{""COW"": 13, ""SHEEP"": 4}",2,71
619,25,19,0,83739.0,11,11,3,"{""WHEAT"": 47, ""CARROT"": 10}","{""COW"": 11, ""SHEEP"": 7}",0,10
619,25,19,1,83769.0,11,11,3,"{""TOMATO"": 7, ""STRAWBERRY"": 7, ""WHEAT"": 39}","{""COW"": 13, ""SHEEP"": 4}",2,70
620,25,20,0,83729.0,11,11,3,"{""WHEAT"": 46, ""CARROT"": 10}","{""COW"": 11, ""SHEEP"": 7}",0,10
620,25,20,1,83921.0,11,11,3,"{""TOMATO"": 7, ""STRAWBERRY"": 7, ""WHEAT"": 40}","{""COW"": 13, ""SHEEP"": 4}",2,75
621,25,21,0,83729.0,11,11,3,"{""WHEAT"": 46, ""CARROT"": 10}","{""COW"": 11, ""SHEEP"": 7}",0,10
621,25,21,1,84192.0,11,11,3,"{""TOMATO"": 7, ""STRAWBERRY"": 7, ""WHEAT"": 40}","{""COW"": 13, ""SHEEP"": 4}",2,63
622,25,22,0,83709.0,11,11,3,"{""WHEAT"": 45, ""CARROT"": 10}","{""COW"": 11, ""SHEEP"": 7}",0,10
622,25,22,1,84372.0,11,11,3,"{""TOMATO"": 7, ""STRAWBERRY"": 7, ""WHEAT"": 41}","{""COW"": 13, ""SHEEP"": 4}",2,69
623,25,23,0,83709.0,11,11,3,"{""WHEAT"": 47, ""CARROT"": 10}","{""COW"": 11, ""SHEEP"": 7}",0,10
623,25,23,1,85001.0,11,11,3,"{""TOMATO"": 7, ""STRAWBERRY"": 7, ""WHEAT"": 41}","{""COW"": 13, ""SHEEP"": 4}",2,57
624,26,0,0,83709.0,0,0,3,"{""WHEAT"": 47, ""CARROT"": 10}","{""COW"": 10, ""SHEEP"": 7}",0,91
624,26,0,1,85550.0,0,0,3,"{""TOMATO"": 7, ""STRAWBERRY"": 7, ""WHEAT"": 40}","{""COW"": 11, ""SHEEP"": 4}",2,94
625,26,1,0,84648.0,8,8,3,"{""WHEAT"": 47, ""CARROT"": 10}","{""COW"": 10, ""SHEEP"": 7}",0,49
625,26,1,1,85759.0,8,8,3,"{""TOMATO"": 7, ""STRAWBERRY"": 7, ""WHEAT"": 40}","{""COW"": 11, ""SHEEP"": 4}",2,81
626,26,2,0,85085.0,10,10,3,"{""WHEAT"": 47, ""CARROT"": 10}","{""COW"": 10, ""SHEEP"": 7}",0,40
626,26,2,1,85715.0,11,11,3,"{""TOMATO"": 7, ""STRAWBERRY"": 7, ""WHEAT"": 40}","{""COW"": 11, ""SHEEP"": 4}",2,71
627,26,3,0,85289.0,10,10,3,"{""WHEAT"": 47, ""CARROT"": 10}","{""COW"": 10, ""SHEEP"": 7}",0,34
627,26,3,1,86000.0,11,11,3,"{""TOMATO"": 7, ""STRAWBERRY"": 7, ""WHEAT"": 40}","{""COW"": 11, ""SHEEP"": 4}",2,68
628,26,4,0,85289.0,10,10,3,"{""WHEAT"": 47, ""CARROT"": 10}","{""COW"": 10, ""SHEEP"": 7}",0,34
628,26,4,1,86000.0,11,11,3,"{""TOMATO"": 7, ""STRAWBERRY"": 7, ""WHEAT"": 40}","{""COW"": 11, ""SHEEP"": 4}",2,67
629,26,5,0,85289.0,10,10,3,"{""WHEAT"": 47, ""CARROT"": 10}","{""COW"": 10, ""SHEEP"": 7}",0,30
629,26,5,1,86000.0,11,11,3,"{""TOMATO"": 7, ""STRAWBERRY"": 7, ""WHEAT"": 40}","{""COW"": 11, ""SHEEP"": 4}",2,67
630,26,6,0,85386.0,10,10,3,"{""WHEAT"": 46, ""CARROT"": 10}","{""COW"": 10, ""SHEEP"": 7}",0,30
630,26,6,1,86046.0,11,11,3,"{""TOMATO"": 7, ""STRAWBERRY"": 7, ""WHEAT"": 38}","{""COW"": 11, ""SHEEP"": 4}",2,65
631,26,7,0,85386.0,10,10,3,"{""WHEAT"": 47, ""CARROT"": 9}","{""COW"": 10, ""SHEEP"": 7}",0,30
631,26,7,1,86036.0,11,11,3,"{""TOMATO"": 7, ""STRAWBERRY"": 7, ""WHEAT"": 39}","{""COW"": 11, ""SHEEP"": 4}",2,65
632,26,8,0,85366.0,10,10,3,"{""WHEAT"": 47, ""CARROT"": 9}","{""COW"": 10, ""SHEEP"": 7}",0,30
632,26,8,1,86036.0,11,11,3,"{""TOMATO"": 7, ""STRAWBERRY"": 7, ""WHEAT"": 40}","{""COW"": 11, ""SHEEP"": 4}",2,65
633,26,9,0,85462.0,10,10,3,"{""WHEAT"": 49, ""CARROT"": 9}","{""COW"": 10, ""SHEEP"": 7}",0,26
633,26,9,1,86036.0,11,11,3,"{""TOMATO"": 7, ""STRAWBERRY"": 7, ""WHEAT"": 40}","{""COW"": 11, ""SHEEP"": 4}",2,65
634,26,10,0,85534.0,10,10,3,"{""WHEAT"": 49, ""CARROT"": 8}","{""COW"": 10, ""SHEEP"": 7}",0,23
634,26,10,1,86238.0,11,11,3,"{""TOMATO"": 7, ""STRAWBERRY"": 7, ""WHEAT"": 40}","{""COW"": 11, ""SHEEP"": 4}",2,60
635,26,11,0,85480.0,10,10,3,"{""WHEAT"": 49, ""CARROT"": 8}","{""COW"": 10, ""SHEEP"": 7}",0,25
635,26,11,1,86228.0,11,11,3,"{""TOMATO"": 7, ""STRAWBERRY"": 6, ""WHEAT"": 39}","{""COW"": 11, ""SHEEP"": 4}",2,60
636,26,12,0,85460.0,10,10,3,"{""WHEAT"": 50, ""CARROT"": 7}","{""COW"": 10, ""SHEEP"": 7}",0,25
636,26,12,1,86218.0,11,11,3,"{""TOMATO"": 7, ""STRAWBERRY"": 6, ""WHEAT"": 40}","{""COW"": 11, ""SHEEP"": 4}",2,67
637,26,13,0,85768.0,10,10,3,"{""WHEAT"": 51, ""CARROT"": 6}","{""COW"": 10, ""SHEEP"": 7}",0,11
637,26,13,1,86088.0,11,11,3,"{""TOMATO"": 7, ""STRAWBERRY"": 5, ""WHEAT"": 40}","{""COW"": 11, ""SHEEP"": 4}",2,67
638,26,14,0,85738.0,10,10,3,"{""WHEAT"": 52, ""CARROT"": 5}","{""COW"": 10, ""SHEEP"": 7}",0,11
638,26,14,1,86112.0,11,11,3,"{""TOMATO"": 7, ""STRAWBERRY"": 5, ""WHEAT"": 41, ""CARROT"": 1}","{""COW"": 11, ""SHEEP"": 4}",2,65
639,26,15,0,85738.0,10,10,3,"{""WHEAT"": 52, ""CARROT"": 5}","{""COW"": 10, ""SHEEP"": 7}",0,11
639,26,15,1,86102.0,11,11,3,"{""TOMATO"": 7, ""STRAWBERRY"": 5, ""WHEAT"": 41, ""CARROT"": 1}","{""COW"": 11, ""SHEEP"": 4}",2,65
640,26,16,0,85708.0,10,10,3,"{""WHEAT"": 52, ""CARROT"": 5}","{""COW"": 10, ""SHEEP"": 7}",0,11
640,26,16,1,86102.0,11,11,3,"{""TOMATO"": 7, ""STRAWBERRY"": 4, ""WHEAT"": 37, ""CARROT"": 1}","{""COW"": 11, ""SHEEP"": 4}",2,65
641,26,17,0,85708.0,10,10,3,"{""WHEAT"": 53, ""CARROT"": 5}","{""COW"": 10, ""SHEEP"": 7}",0,11
641,26,17,1,86092.0,11,11,3,"{""TOMATO"": 7, ""STRAWBERRY"": 4, ""WHEAT"": 36, ""CARROT"": 5}","{""COW"": 11, ""SHEEP"": 4}",2,65
642,26,18,0,85739.0,10,10,3,"{""WHEAT"": 53, ""CARROT"": 5}","{""COW"": 10, ""SHEEP"": 7}",0,8
642,26,18,1,86428.0,11,11,3,"{""TOMATO"": 7, ""STRAWBERRY"": 4, ""WHEAT"": 37, ""CARROT"": 6}","{""COW"": 11, ""SHEEP"": 4}",2,61
643,26,19,0,85739.0,10,10,3,"{""WHEAT"": 51, ""CARROT"": 5}","{""COW"": 10, ""SHEEP"": 7}",0,8
643,26,19,1,86428.0,11,11,3,"{""TOMATO"": 7, ""STRAWBERRY"": 4, ""WHEAT"": 37, ""CARROT"": 6}","{""COW"": 11, ""SHEEP"": 4}",2,72
644,26,20,0,85729.0,10,10,3,"{""WHEAT"": 51, ""CARROT"": 5}","{""COW"": 10, ""SHEEP"": 7}",0,8
644,26,20,1,86689.0,11,11,3,"{""TOMATO"": 6, ""STRAWBERRY"": 4, ""WHEAT"": 37, ""CARROT"": 6}","{""COW"": 11, ""SHEEP"": 4}",2,60
645,26,21,0,85763.0,10,10,3,"{""WHEAT"": 52, ""CARROT"": 5}","{""COW"": 10, ""SHEEP"": 7}",0,6
645,26,21,1,86689.0,11,11,3,"{""TOMATO"": 6, ""STRAWBERRY"": 4, ""WHEAT"": 38, ""CARROT"": 6}","{""COW"": 11, ""SHEEP"": 4}",2,60
646,26,22,0,86343.0,10,10,3,"{""WHEAT"": 52, ""CARROT"": 5}","{""COW"": 10, ""SHEEP"": 7}",0,2
646,26,22,1,87565.0,11,11,3,"{""TOMATO"": 6, ""STRAWBERRY"": 4, ""WHEAT"": 38, ""CARROT"": 6}","{""COW"": 11, ""SHEEP"": 4}",2,63
647,26,23,0,86343.0,10,10,3,"{""WHEAT"": 53, ""CARROT"": 5}","{""COW"": 10, ""SHEEP"": 7}",0,2
647,26,23,1,88690.0,11,11,3,"{""TOMATO"": 6, ""STRAWBERRY"": 4, ""WHEAT"": 39, ""CARROT"": 6}","{""COW"": 11, ""SHEEP"": 4}",2,46
648,27,0,0,86343.0,0,0,3,"{""WHEAT"": 53, ""CARROT"": 5}","{""COW"": 10, ""SHEEP"": 7}",0,92
648,27,0,1,89516.0,0,0,3,"{""TOMATO"": 6, ""STRAWBERRY"": 4, ""WHEAT"": 39, ""CARROT"": 6}","{""COW"": 11, ""SHEEP"": 4}",2,94
649,27,1,0,87080.0,8,8,3,"{""WHEAT"": 53, ""CARROT"": 5}","{""COW"": 10, ""SHEEP"": 7}",0,57
649,27,1,1,89857.0,8,8,3,"{""TOMATO"": 5, ""STRAWBERRY"": 4, ""WHEAT"": 39, ""CARROT"": 6}","{""COW"": 11, ""SHEEP"": 4}",3,75
650,27,2,0,87128.0,9,9,3,"{""WHEAT"": 53, ""CARROT"": 5}","{""COW"": 10, ""SHEEP"": 7}",0,41
650,27,2,1,89659.0,11,11,3,"{""TOMATO"": 5, ""STRAWBERRY"": 4, ""WHEAT"": 39, ""CARROT"": 6}","{""COW"": 11, ""SHEEP"": 4}",3,70
651,27,3,0,87300.0,9,9,3,"{""WHEAT"": 53, ""CARROT"": 5}","{""COW"": 10, ""SHEEP"": 7}",0,53
651,27,3,1,89659.0,11,11,3,"{""TOMATO"": 5, ""STRAWBERRY"": 4, ""WHEAT"": 39, ""CARROT"": 6}","{""COW"": 11, ""SHEEP"": 4}",3,70
652,27,4,0,87737.0,9,9,3,"{""WHEAT"": 53, ""CARROT"": 5}","{""COW"": 10, ""SHEEP"": 7}",0,53
652,27,4,1,89659.0,11,11,3,"{""TOMATO"": 5, ""STRAWBERRY"": 4, ""WHEAT"": 39, ""CARROT"": 6}","{""COW"": 11, ""SHEEP"": 4}",3,73
653,27,5,0,88081.0,9,9,3,"{""WHEAT"": 53, ""CARROT"": 4}","{""COW"": 10, ""SHEEP"": 7}",0,33
653,27,5,1,89659.0,11,11,3,"{""TOMATO"": 5, ""STRAWBERRY"": 4, ""WHEAT"": 38, ""CARROT"": 6}","{""COW"": 11, ""SHEEP"": 4}",3,71
654,27,6,0,88157.0,9,9,3,"{""WHEAT"": 54, ""CARROT"": 4}","{""COW"": 10, ""SHEEP"": 7}",0,29
654,27,6,1,89649.0,11,11,3,"{""TOMATO"": 5, ""STRAWBERRY"": 4, ""WHEAT"": 38, ""CARROT"": 6}","{""COW"": 11, ""SHEEP"": 4}",3,75
655,27,7,0,88157.0,9,9,3,"{""WHEAT"": 53, ""CARROT"": 4}","{""COW"": 10, ""SHEEP"": 7}",0,29
655,27,7,1,89649.0,11,11,3,"{""TOMATO"": 5, ""STRAWBERRY"": 4, ""WHEAT"": 38, ""CARROT"": 6}","{""COW"": 11, ""SHEEP"": 4}",3,75
656,27,8,0,88547.0,9,9,3,"{""WHEAT"": 54, ""CARROT"": 4}","{""COW"": 10, ""SHEEP"": 7}",0,29
656,27,8,1,89649.0,11,11,3,"{""TOMATO"": 5, ""STRAWBERRY"": 4, ""WHEAT"": 39, ""CARROT"": 6}","{""COW"": 11, ""SHEEP"": 4}",3,75
657,27,9,0,88485.0,9,9,3,"{""WHEAT"": 54, ""CARROT"": 4}","{""COW"": 10, ""SHEEP"": 7}",0,31
657,27,9,1,89649.0,11,11,3,"{""TOMATO"": 5, ""STRAWBERRY"": 4, ""WHEAT"": 39, ""CARROT"": 6}","{""COW"": 11, ""SHEEP"": 4}",3,75
658,27,10,0,88657.0,9,9,3,"{""WHEAT"": 54, ""CARROT"": 4}","{""COW"": 10, ""SHEEP"": 7}",0,23
658,27,10,1,89665.0,11,11,3,"{""TOMATO"": 5, ""STRAWBERRY"": 4, ""WHEAT"": 39, ""CARROT"": 6}","{""COW"": 11, ""SHEEP"": 4}",3,74
659,27,11,0,88657.0,9,9,3,"{""WHEAT"": 54, ""CARROT"": 4}","{""COW"": 10, ""SHEEP"": 7}",0,23
659,27,11,1,89665.0,11,11,3,"{""TOMATO"": 5, ""STRAWBERRY"": 4, ""WHEAT"": 38, ""CARROT"": 6}","{""COW"": 11, ""SHEEP"": 4}",3,74
660,27,12,0,88657.0,9,9,3,"{""WHEAT"": 53, ""CARROT"": 4}","{""COW"": 10, ""SHEEP"": 7}",0,23
660,27,12,1,89749.0,11,11,3,"{""TOMATO"": 5, ""STRAWBERRY"": 4, ""WHEAT"": 38, ""CARROT"": 6}","{""COW"": 11, ""SHEEP"": 4}",3,70
661,27,13,0,88657.0,9,9,3,"{""WHEAT"": 53, ""CARROT"": 4}","{""COW"": 10, ""SHEEP"": 7}",0,23
661,27,13,1,89749.0,11,11,3,"{""TOMATO"": 5, ""STRAWBERRY"": 4, ""WHEAT"": 36, ""CARROT"": 6}","{""COW"": 11, ""SHEEP"": 4}",3,70
662,27,14,0,88695.0,9,9,3,"{""WHEAT"": 52, ""CARROT"": 3}","{""COW"": 10, ""SHEEP"": 7}",0,21
662,27,14,1,89757.0,11,11,3,"{""TOMATO"": 5, ""STRAWBERRY"": 4, ""WHEAT"": 35, ""CARROT"": 6}","{""COW"": 11, ""SHEEP"": 4}",3,68
663,27,15,0,88807.0,9,9,3,"{""WHEAT"": 52, ""CARROT"": 3}","{""COW"": 10, ""SHEEP"": 7}",0,17
663,27,15,1,90508.0,11,11,3,"{""TOMATO"": 5, ""STRAWBERRY"": 4, ""WHEAT"": 36, ""CARROT"": 6}","{""COW"": 11, ""SHEEP"": 4}",3,63
664,27,16,0,88986.0,9,9,3,"{""WHEAT"": 51, ""CARROT"": 3}","{""COW"": 10, ""SHEEP"": 7}",0,8
664,27,16,1,90613.0,11,11,3,"{""TOMATO"": 5, ""STRAWBERRY"": 3, ""WHEAT"": 34, ""CARROT"": 6}","{""COW"": 11, ""SHEEP"": 4}",3,58
665,27,17,0,88986.0,9,9,3,"{""WHEAT"": 51, ""CARROT"": 3}","{""COW"": 10, ""SHEEP"": 7}",0,8
665,27,17,1,90613.0,11,11,3,"{""TOMATO"": 5, ""STRAWBERRY"": 3, ""WHEAT"": 36, ""CARROT"": 6}","{""COW"": 11, ""SHEEP"": 4}",3,72
666,27,18,0,89077.0,9,9,3,"{""WHEAT"": 51, ""CARROT"": 3}","{""COW"": 10, ""SHEEP"": 7}",0,4
666,27,18,1,90815.0,11,11,3,"{""TOMATO"": 5, ""STRAWBERRY"": 3, ""WHEAT"": 36, ""CARROT"": 6}","{""COW"": 11, ""SHEEP"": 4}",3,60
667,27,19,0,89077.0,9,9,3,"{""WHEAT"": 49, ""CARROT"": 3}","{""COW"": 10, ""SHEEP"": 7}",0,4
667,27,19,1,90815.0,11,11,3,"{""TOMATO"": 5, ""STRAWBERRY"": 3, ""WHEAT"": 35, ""CARROT"": 6}","{""COW"": 11, ""SHEEP"": 4}",3,62
668,27,20,0,89077.0,9,9,3,"{""WHEAT"": 49, ""CARROT"": 3}","{""COW"": 10, ""SHEEP"": 7}",0,4
668,27,20,1,90815.0,11,11,3,"{""TOMATO"": 5, ""STRAWBERRY"": 3, ""WHEAT"": 36, ""CARROT"": 6}","{""COW"": 11, ""SHEEP"": 4}",3,62
669,27,21,0,89077.0,9,9,3,"{""WHEAT"": 49, ""CARROT"": 3}","{""COW"": 10, ""SHEEP"": 7}",0,4
669,27,21,1,90815.0,11,11,3,"{""TOMATO"": 5, ""STRAWBERRY"": 3, ""WHEAT"": 37, ""CARROT"": 6}","{""COW"": 11, ""SHEEP"": 4}",3,62
670,27,22,0,89161.0,9,9,3,"{""WHEAT"": 48, ""CARROT"": 3}","{""COW"": 10, ""SHEEP"": 7}",0,0
670,27,22,1,91520.0,11,11,3,"{""TOMATO"": 5, ""STRAWBERRY"": 3, ""WHEAT"": 36, ""CARROT"": 6}","{""COW"": 11, ""SHEEP"": 4}",3,64
671,27,23,0,89161.0,9,9,3,"{""WHEAT"": 51, ""CARROT"": 3}","{""COW"": 10, ""SHEEP"": 7}",0,0
671,27,23,1,93030.0,11,11,3,"{""TOMATO"": 5, ""STRAWBERRY"": 3, ""WHEAT"": 37, ""CARROT"": 6}","{""COW"": 11, ""SHEEP"": 4}",3,58
672,28,0,0,89151.0,0,0,3,"{""WHEAT"": 50, ""CARROT"": 3}","{""COW"": 10, ""SHEEP"": 7}",0,79
672,28,0,1,93135.0,0,0,3,"{""TOMATO"": 5, ""STRAWBERRY"": 3, ""WHEAT"": 35, ""CARROT"": 6}","{""COW"": 11, ""SHEEP"": 4}",5,100
673,28,1,0,89706.0,7,7,3,"{""WHEAT"": 50, ""CARROT"": 3}","{""COW"": 10, ""SHEEP"": 7}",0,51
673,28,1,1,93528.0,8,8,3,"{""TOMATO"": 5, ""STRAWBERRY"": 3, ""WHEAT"": 35, ""CARROT"": 6}","{""COW"": 11, ""SHEEP"": 4}",5,78
674,28,2,0,90104.0,8,8,3,"{""WHEAT"": 50, ""CARROT"": 3}","{""COW"": 10, ""SHEEP"": 7}",0,47
674,28,2,1,93628.0,10,10,3,"{""TOMATO"": 5, ""STRAWBERRY"": 3, ""WHEAT"": 35, ""CARROT"": 6}","{""COW"": 11, ""SHEEP"": 4}",5,69
675,28,3,0,90161.0,9,9,3,"{""WHEAT"": 50, ""CARROT"": 3}","{""COW"": 10, ""SHEEP"": 7}",0,45
675,28,3,1,93628.0,10,10,3,"{""TOMATO"": 5, ""STRAWBERRY"": 2, ""WHEAT"": 35, ""CARROT"": 6}","{""COW"": 11, ""SHEEP"": 4}",6,69
676,28,4,0,90483.0,9,9,3,"{""WHEAT"": 50, ""CARROT"": 3}","{""COW"": 10, ""SHEEP"": 7}",0,31
676,28,4,1,93628.0,10,10,3,"{""TOMATO"": 5, ""STRAWBERRY"": 2, ""WHEAT"": 35, ""CARROT"": 6}","{""COW"": 11, ""SHEEP"": 4}",6,69
677,28,5,0,90567.0,9,9,3,"{""WHEAT"": 50, ""CARROT"": 3}","{""COW"": 10, ""SHEEP"": 7}",0,32
677,28,5,1,93628.0,10,10,3,"{""TOMATO"": 5, ""STRAWBERRY"": 2, ""WHEAT"": 34, ""CARROT"": 6}","{""COW"": 11, ""SHEEP"": 4}",6,69
678,28,6,0,91062.0,9,9,3,"{""WHEAT"": 49, ""CARROT"": 3}","{""COW"": 10, ""SHEEP"": 7}",0,24
678,28,6,1,93692.0,10,10,3,"{""TOMATO"": 5, ""STRAWBERRY"": 2, ""WHEAT"": 33, ""CARROT"": 6}","{""COW"": 11, ""SHEEP"": 4}",6,67
679,28,7,0,91062.0,9,9,3,"{""WHEAT"": 48, ""CARROT"": 3}","{""COW"": 10, ""SHEEP"": 7}",0,20
679,28,7,1,93692.0,10,10,3,"{""TOMATO"": 5, ""STRAWBERRY"": 2, ""WHEAT"": 32, ""CARROT"": 6}","{""COW"": 11, ""SHEEP"": 4}",6,67
680,28,8,0,91062.0,9,9,3,"{""WHEAT"": 48, ""CARROT"": 3}","{""COW"": 10, ""SHEEP"": 7}",0,20
680,28,8,1,93692.0,10,10,3,"{""TOMATO"": 5, ""STRAWBERRY"": 2, ""WHEAT"": 31, ""CARROT"": 6}","{""COW"": 11, ""SHEEP"": 4}",6,73
681,28,9,0,91052.0,9,9,3,"{""WHEAT"": 45, ""CARROT"": 3}","{""COW"": 10, ""SHEEP"": 7}",0,20
681,28,9,1,93692.0,10,10,3,"{""TOMATO"": 5, ""STRAWBERRY"": 2, ""WHEAT"": 30, ""CARROT"": 6}","{""COW"": 11, ""SHEEP"": 4}",6,73
682,28,10,0,91052.0,9,9,3,"{""WHEAT"": 45, ""CARROT"": 2}","{""COW"": 10, ""SHEEP"": 7}",0,20
682,28,10,1,93750.0,10,10,3,"{""TOMATO"": 5, ""STRAWBERRY"": 2, ""WHEAT"": 29, ""CARROT"": 6}","{""COW"": 11, ""SHEEP"": 4}",6,71
683,28,11,0,91409.0,9,9,3,"{""WHEAT"": 44, ""CARROT"": 2}","{""COW"": 10, ""SHEEP"": 7}",0,3
683,28,11,1,93750.0,10,10,3,"{""TOMATO"": 5, ""STRAWBERRY"": 2, ""WHEAT"": 28, ""CARROT"": 6}","{""COW"": 11, ""SHEEP"": 4}",6,71
684,28,12,0,91409.0,9,9,3,"{""WHEAT"": 43, ""CARROT"": 1}","{""COW"": 10, ""SHEEP"": 7}",0,3
684,28,12,1,93750.0,10,10,3,"{""TOMATO"": 5, ""STRAWBERRY"": 2, ""WHEAT"": 27, ""CARROT"": 5}","{""COW"": 11, ""SHEEP"": 4}",6,71
685,28,13,0,91459.0,9,9,3,"{""WHEAT"": 43, ""CARROT"": 1}","{""COW"": 10, ""SHEEP"": 7}",0,1
685,28,13,1,93750.0,10,10,3,"{""TOMATO"": 5, ""STRAWBERRY"": 2, ""WHEAT"": 26, ""CARROT"": 5}","{""COW"": 11, ""SHEEP"": 4}",6,71
686,28,14,0,91459.0,9,9,3,"{""WHEAT"": 42, ""CARROT"": 1}","{""COW"": 10, ""SHEEP"": 7}",0,1
686,28,14,1,93750.0,10,10,3,"{""TOMATO"": 5, ""STRAWBERRY"": 2, ""WHEAT"": 26, ""CARROT"": 5}","{""COW"": 11, ""SHEEP"": 4}",6,71
687,28,15,0,91459.0,9,9,3,"{""WHEAT"": 41}","{""COW"": 10, ""SHEEP"": 7}",0,1
687,28,15,1,93808.0,10,10,3,"{""TOMATO"": 5, ""STRAWBERRY"": 2, ""WHEAT"": 24, ""CARROT"": 5}","{""COW"": 11, ""SHEEP"": 4}",6,76
688,28,16,0,91459.0,9,9,3,"{""WHEAT"": 41}","{""COW"": 10, ""SHEEP"": 7}",0,1
688,28,16,1,93969.0,10,10,3,"{""TOMATO"": 5, ""STRAWBERRY"": 2, ""WHEAT"": 24, ""CARROT"": 5}","{""COW"": 11, ""SHEEP"": 4}",6,83
689,28,17,0,91459.0,9,9,3,"{""WHEAT"": 40}","{""COW"": 10, ""SHEEP"": 7}",0,1
689,28,17,1,94284.0,10,10,3,"{""TOMATO"": 5, ""STRAWBERRY"": 2, ""WHEAT"": 23, ""CARROT"": 4}","{""COW"": 11, ""SHEEP"": 4}",6,68
690,28,18,0,91459.0,9,9,3,"{""WHEAT"": 39}","{""COW"": 10, ""SHEEP"": 7}",0,1
690,28,18,1,94408.0,10,10,3,"{""TOMATO"": 5, ""STRAWBERRY"": 2, ""WHEAT"": 22, ""CARROT"": 4}","{""COW"": 11, ""SHEEP"": 4}",6,72
691,28,19,0,91459.0,9,9,3,"{""WHEAT"": 39}","{""COW"": 10, ""SHEEP"": 7}",0,1
691,28,19,1,94513.0,10,10,3,"{""TOMATO"": 5, ""STRAWBERRY"": 2, ""WHEAT"": 22, ""CARROT"": 4}","{""COW"": 11, ""SHEEP"": 4}",6,67
692,28,20,0,91543.0,9,9,3,"{""WHEAT"": 39}","{""COW"": 10, ""SHEEP"": 7}",0,10
692,28,20,1,94513.0,10,10,3,"{""TOMATO"": 5, ""STRAWBERRY"": 2, ""WHEAT"": 21, ""CARROT"": 4}","{""COW"": 11, ""SHEEP"": 4}",6,82
693,28,21,0,91543.0,9,9,3,"{""WHEAT"": 39}","{""COW"": 10, ""SHEEP"": 7}",0,10
693,28,21,1,94786.0,10,10,3,"{""TOMATO"": 5, ""STRAWBERRY"": 2, ""WHEAT"": 20, ""CARROT"": 4}","{""COW"": 11, ""SHEEP"": 4}",6,71
694,28,22,0,91739.0,9,9,3,"{""WHEAT"": 37}","{""COW"": 10, ""SHEEP"": 7}",0,3
694,28,22,1,95033.0,10,10,3,"{""TOMATO"": 5, ""STRAWBERRY"": 2, ""WHEAT"": 20, ""CARROT"": 4}","{""COW"": 11, ""SHEEP"": 4}",6,61
695,28,23,0,91739.0,9,9,3,"{""WHEAT"": 35}","{""COW"": 10, ""SHEEP"": 7}",0,3
695,28,23,1,95485.0,10,10,3,"{""TOMATO"": 5, ""STRAWBERRY"": 2, ""WHEAT"": 20, ""CARROT"": 4}","{""COW"": 11, ""SHEEP"": 4}",6,55
696,29,0,0,91795.0,0,0,3,"{""WHEAT"": 35}","{""COW"": 9, ""SHEEP"": 4}",0,100
696,29,0,1,96533.0,0,0,3,"{""TOMATO"": 5, ""STRAWBERRY"": 2, ""WHEAT"": 20, ""CARROT"": 2}","{""COW"": 9}",7,100
697,29,1,0,91741.0,8,8,3,"{""WHEAT"": 35}","{""COW"": 9, ""SHEEP"": 4}",0,100
697,29,1,1,97043.0,8,8,3,"{""TOMATO"": 3, ""WHEAT"": 20, ""CARROT"": 2}","{""COW"": 9}",11,75
698,29,2,0,92265.0,9,9,3,"{""WHEAT"": 35}","{""COW"": 9, ""SHEEP"": 4}",0,71
698,29,2,1,97067.0,10,10,3,"{""TOMATO"": 3, ""WHEAT"": 20, ""CARROT"": 2}","{""COW"": 9}",11,68
699,29,3,0,92718.0,10,10,3,"{""WHEAT"": 35}","{""COW"": 9, ""SHEEP"": 4}",0,67
699,29,3,1,97067.0,10,10,3,"{""TOMATO"": 3, ""WHEAT"": 20, ""CARROT"": 2}","{""COW"": 9}",11,69
700,29,4,0,93008.0,10,10,3,"{""WHEAT"": 35}","{""COW"": 9, ""SHEEP"": 4}",0,49
700,29,4,1,97080.0,10,10,3,"{""TOMATO"": 3, ""WHEAT"": 20, ""CARROT"": 2}","{""COW"": 9}",11,68
701,29,5,0,93488.0,10,10,3,"{""WHEAT"": 35}","{""COW"": 9, ""SHEEP"": 4}",0,29
701,29,5,1,97080.0,10,10,3,"{""TOMATO"": 3, ""WHEAT"": 19, ""CARROT"": 2}","{""COW"": 9}",11,68
702,29,6,0,93962.0,10,10,3,"{""WHEAT"": 33}","{""COW"": 9, ""SHEEP"": 4}",0,25
702,29,6,1,97080.0,10,10,3,"{""TOMATO"": 3, ""WHEAT"": 16, ""CARROT"": 2}","{""COW"": 9}",11,68
703,29,7,0,94142.0,10,10,3,"{""WHEAT"": 32}","{""COW"": 9, ""SHEEP"": 4}",0,16
703,29,7,1,97080.0,10,10,3,"{""TOMATO"": 3, ""WHEAT"": 16, ""CARROT"": 2}","{""COW"": 9}",11,68
704,29,8,0,94222.0,10,10,3,"{""WHEAT"": 28}","{""COW"": 9, ""SHEEP"": 4}",0,12
704,29,8,1,97080.0,10,10,3,"{""TOMATO"": 3, ""WHEAT"": 14, ""CARROT"": 2}","{""COW"": 9}",11,68
705,29,9,0,94222.0,10,10,3,"{""WHEAT"": 23}","{""COW"": 9, ""SHEEP"": 4}",0,12
705,29,9,1,97080.0,10,10,3,"{""TOMATO"": 3, ""WHEAT"": 9}","{""COW"": 9}",11,68
706,29,10,0,94293.0,10,10,3,"{""WHEAT"": 23}","{""COW"": 9, ""SHEEP"": 4}",0,8
706,29,10,1,97123.0,10,10,3,"{""TOMATO"": 3, ""WHEAT"": 8}","{""COW"": 9}",11,66
707,29,11,0,94293.0,10,10,3,"{""WHEAT"": 21}","{""COW"": 9, ""SHEEP"": 4}",0,8
707,29,11,1,97123.0,10,10,3,"{""TOMATO"": 3, ""WHEAT"": 7}","{""COW"": 9}",11,66
708,29,12,0,94293.0,10,10,3,"{""WHEAT"": 19}","{""COW"": 9, ""SHEEP"": 4}",0,8
708,29,12,1,97123.0,10,10,3,"{""TOMATO"": 3, ""WHEAT"": 5}","{""COW"": 9}",11,66
709,29,13,0,94293.0,10,10,3,"{""WHEAT"": 15}","{""COW"": 9, ""SHEEP"": 4}",0,8
709,29,13,1,97123.0,10,10,3,"{""TOMATO"": 3, ""WHEAT"": 1}","{""COW"": 9}",11,74
710,29,14,0,94514.0,10,10,3,"{""WHEAT"": 15}","{""COW"": 9, ""SHEEP"": 4}",0,10
710,29,14,1,97256.0,10,10,3,"{""TOMATO"": 3, ""WHEAT"": 1}","{""COW"": 9}",11,66
711,29,15,0,94514.0,10,10,3,"{""WHEAT"": 10}","{""COW"": 9, ""SHEEP"": 4}",0,10
711,29,15,1,97256.0,10,10,3,"{""TOMATO"": 3}","{""COW"": 9}",11,74
712,29,16,0,94654.0,10,10,3,"{""WHEAT"": 10}","{""COW"": 9, ""SHEEP"": 4}",0,14
712,29,16,1,97336.0,10,10,3,"{""TOMATO"": 3}","{""COW"": 9}",11,70
713,29,17,0,94838.0,10,10,3,"{""WHEAT"": 7}","{""COW"": 9, ""SHEEP"": 4}",0,4
713,29,17,1,97336.0,10,10,3,"{""TOMATO"": 3}","{""COW"": 9}",11,78
714,29,18,0,94838.0,10,10,3,"{""WHEAT"": 6}","{""COW"": 9, ""SHEEP"": 4}",0,4
714,29,18,1,97407.0,10,10,3,"{""TOMATO"": 3}","{""COW"": 9}",11,85
715,29,19,0,94838.0,10,10,3,"{""WHEAT"": 5}","{""COW"": 9, ""SHEEP"": 4}",0,4
715,29,19,1,98329.0,10,10,3,"{""TOMATO"": 3}","{""COW"": 9}",11,79
716,29,20,0,95058.0,10,10,3,"{""WHEAT"": 5}","{""COW"": 9, ""SHEEP"": 4}",0,2
716,29,20,1,98609.0,10,10,3,"{""TOMATO"": 3}","{""COW"": 9}",11,85
717,29,21,0,95258.0,10,10,3,"{""WHEAT"": 5}","{""COW"": 9, ""SHEEP"": 4}",0,24
717,29,21,1,99079.0,10,10,3,"{""TOMATO"": 3}","{""COW"": 9}",11,77
718,29,22,0,95855.0,10,10,3,"{""WHEAT"": 5}","{""COW"": 9, ""SHEEP"": 4}",0,4
718,29,22,1,99199.0,10,10,3,"{""TOMATO"": 3}","{""COW"": 9}",11,71
719,29,23,0,96273.0,10,10,3,"{""WHEAT"": 5}","{""COW"": 9, ""SHEEP"": 4}",0,0
719,29,23,1,108597.0,10,10,3,"{""TOMATO"": 3}","{""COW"": 9}",11,0
