step,day,hour,player,money,hands,hires_today,quadrants,plants,animals,weeds,shed_total
0,0,0,0,3000.0,0,0,1,{},{},0,0
0,0,0,1,3000.0,0,0,1,{},{},0,0
1,0,1,0,177.0,4,4,1,{},{},0,6
1,0,1,1,2466.0,0,0,1,{},{},0,6
2,0,2,0,177.0,4,4,1,{},{},0,2
2,0,2,1,587.0,4,4,1,{},{},0,8
3,0,3,0,177.0,4,4,1,{},{},0,0
3,0,3,1,614.0,4,4,1,{},{},0,4
4,0,4,0,177.0,4,4,1,"{""WHEAT"": 1}","{""COW"": 1}",0,0
4,0,4,1,454.0,4,4,1,{},"{""COW"": 1}",0,3
5,0,5,0,177.0,4,4,1,"{""MELON"": 1, ""WHEAT"": 1}","{""COW"": 1}",0,0
5,0,5,1,427.0,4,4,1,{},"{""COW"": 1}",0,1
6,0,6,0,177.0,4,4,1,"{""MELON"": 1, ""WHEAT"": 1}","{""SHEEP"": 1, ""COW"": 1}",0,0
6,0,6,1,239.0,4,4,1,{},"{""SHEEP"": 1, ""COW"": 1}",0,2
7,0,7,0,177.0,4,4,1,"{""WHEAT"": 3, ""MELON"": 1}","{""SHEEP"": 1, ""COW"": 1}",0,0
7,0,7,1,211.0,4,4,1,{},"{""SHEEP"": 2, ""COW"": 1}",0,3
8,0,8,0,177.0,4,4,1,"{""WHEAT"": 3, ""MELON"": 1}","{""COW"": 2, ""SHEEP"": 1}",0,0
8,0,8,1,211.0,4,4,1,{},"{""SHEEP"": 2, ""COW"": 1}",0,3
9,0,9,0,177.0,4,4,1,"{""WHEAT"": 4, ""MELON"": 1}","{""COW"": 2, ""SHEEP"": 1}",0,0
9,0,9,1,211.0,4,4,1,{},"{""COW"": 2, ""SHEEP"": 3}",0,3
10,0,10,0,177.0,4,4,1,"{""CARROT"": 2, ""WHEAT"": 4, ""MELON"": 1}","{""COW"": 2, ""SHEEP"": 1}",0,0
10,0,10,1,211.0,4,4,1,"{""MELON"": 1}","{""COW"": 2, ""SHEEP"": 3}",0,2
11,0,11,0,177.0,4,4,1,"{""CARROT"": 2, ""WHEAT"": 4, ""MELON"": 1}","{""COW"": 3, ""SHEEP"": 1}",0,0
11,0,11,1,211.0,4,4,1,"{""MELON"": 3}","{""COW"": 2, ""SHEEP"": 3}",0,2
12,0,12,0,177.0,4,4,1,"{""CARROT"": 2, ""WHEAT"": 5, ""MELON"": 1}","{""COW"": 3, ""SHEEP"": 1}",0,0
12,0,12,1,51.0,4,4,1,"{""MELON"": 3}","{""COW"": 2, ""SHEEP"": 3}",0,2
13,0,13,0,177.0,4,4,1,"{""CARROT"": 4, ""WHEAT"": 5, ""MELON"": 2}","{""COW"": 3, ""SHEEP"": 1}",0,0
13,0,13,1,31.0,4,4,1,"{""MELON"": 4}","{""COW"": 2, ""SHEEP"": 3}",0,2
14,0,14,0,177.0,4,4,1,"{""CARROT"": 4, ""WHEAT"": 5, ""MELON"": 2}","{""COW"": 3, ""SHEEP"": 1}",0,0
14,0,14,1,31.0,4,4,1,"{""MELON"": 5, ""WHEAT"": 1}","{""COW"": 2, ""SHEEP"": 3}",0,2
15,0,15,0,177.0,4,4,1,"{""CARROT"": 4, ""WHEAT"": 5, ""MELON"": 2}","{""COW"": 3, ""SHEEP"": 1}",0,0
15,0,15,1,49.0,4,4,1,"{""MELON"": 6, ""WHEAT"": 1}","{""COW"": 2, ""SHEEP"": 3}",0,1
16,0,16,0,177.0,4,4,1,"{""WHEAT"": 7, ""CARROT"": 4, ""MELON"": 3}","{""COW"": 3, ""SHEEP"": 1}",0,0
16,0,16,1,39.0,4,4,1,"{""WHEAT"": 2, ""MELON"": 6}","{""COW"": 2, ""SHEEP"": 3}",0,1
17,0,17,0,177.0,4,4,1,"{""WHEAT"": 7, ""CARROT"": 4, ""MELON"": 3}","{""COW"": 3, ""SHEEP"": 1}",0,0
17,0,17,1,29.0,4,4,1,"{""WHEAT"": 3, ""MELON"": 6}","{""COW"": 2, ""SHEEP"": 3}",0,1
18,0,18,0,177.0,4,4,1,"{""WHEAT"": 7, ""CARROT"": 4, ""MELON"": 3}","{""SHEEP"": 2, ""COW"": 3}",0,0
18,0,18,1,47.0,4,4,1,"{""WHEAT"": 5, ""MELON"": 6}","{""COW"": 2, ""SHEEP"": 3}",0,0
19,0,19,0,177.0,4,4,1,"{""WHEAT"": 9, ""CARROT"": 4, ""MELON"": 4}","{""SHEEP"": 2, ""COW"": 3}",0,0
19,0,19,1,37.0,4,4,1,"{""WHEAT"": 6, ""MELON"": 6}","{""COW"": 2, ""SHEEP"": 3}",0,0
20,0,20,0,177.0,4,4,1,"{""WHEAT"": 9, ""CARROT"": 4, ""MELON"": 4}","{""SHEEP"": 2, ""COW"": 3}",0,0
20,0,20,1,27.0,4,4,1,"{""WHEAT"": 7, ""MELON"": 6}","{""COW"": 2, ""SHEEP"": 3}",0,0
21,0,21,0,177.0,4,4,1,"{""WHEAT"": 9, ""CARROT"": 4, ""MELON"": 4}","{""SHEEP"": 2, ""COW"": 3}",0,0
21,0,21,1,17.0,4,4,1,"{""WHEAT"": 8, ""MELON"": 6}","{""COW"": 2, ""SHEEP"": 3}",0,0
22,0,22,0,177.0,4,4,1,"{""WHEAT"": 11, ""CARROT"": 4, ""MELON"": 5}","{""SHEEP"": 2, ""COW"": 3}",0,0
22,0,22,1,7.0,4,4,1,"{""WHEAT"": 9, ""MELON"": 6}","{""COW"": 2, ""SHEEP"": 3}",0,0
23,0,23,0,177.0,4,4,1,"{""WHEAT"": 11, ""CARROT"": 4, ""MELON"": 5}","{""SHEEP"": 2, ""COW"": 3}",0,0
23,0,23,1,7.0,4,4,1,"{""WHEAT"": 10, ""MELON"": 6}","{""COW"": 2, ""SHEEP"": 3}",0,0
24,1,0,0,177.0,0,0,1,"{""WHEAT"": 11, ""CARROT"": 4, ""MELON"": 5}","{""SHEEP"": 2, ""COW"": 3}",0,0
24,1,0,1,7.0,0,0,1,"{""WHEAT"": 10, ""MELON"": 6}","{""COW"": 2, ""SHEEP"": 3}",0,0
25,1,1,0,35.0,2,2,1,"{""WHEAT"": 11, ""CARROT"": 4, ""MELON"": 5}","{""SHEEP"": 2, ""COW"": 3}",0,5
25,1,1,1,0.0,4,4,1,"{""WHEAT"": 10, ""MELON"": 6}","{""COW"": 2, ""SHEEP"": 3}",0,0
26,1,2,0,35.0,2,2,1,"{""WHEAT"": 11, ""CARROT"": 4, ""MELON"": 5}","{""SHEEP"": 2, ""COW"": 3}",0,0
26,1,2,1,0.0,4,4,1,"{""WHEAT"": 10, ""MELON"": 6}","{""COW"": 2, ""SHEEP"": 3}",0,1
27,1,3,0,35.0,2,2,1,"{""WHEAT"": 11, ""CARROT"": 4, ""MELON"": 5}","{""SHEEP"": 2, ""COW"": 3}",0,0
27,1,3,1,42.0,4,4,1,"{""WHEAT"": 10, ""MELON"": 6}","{""COW"": 2, ""SHEEP"": 3}",0,2
28,1,4,0,35.0,2,2,1,"{""WHEAT"": 11, ""CARROT"": 4, ""MELON"": 5}","{""SHEEP"": 2, ""COW"": 3}",0,0
28,1,4,1,42.0,4,4,1,"{""WHEAT"": 10, ""MELON"": 6}","{""COW"": 2, ""SHEEP"": 3}",0,2
29,1,5,0,35.0,2,2,1,"{""WHEAT"": 11, ""CARROT"": 4, ""MELON"": 5}","{""SHEEP"": 2, ""COW"": 3}",0,0
29,1,5,1,42.0,4,4,1,"{""WHEAT"": 10, ""MELON"": 6}","{""COW"": 2, ""SHEEP"": 3}",0,3
30,1,6,0,135.0,2,2,1,"{""WHEAT"": 11, ""CARROT"": 4, ""MELON"": 5}","{""SHEEP"": 2, ""COW"": 3}",0,0
30,1,6,1,142.0,4,4,1,"{""WHEAT"": 10, ""MELON"": 6}","{""COW"": 2, ""SHEEP"": 3}",0,1
31,1,7,0,135.0,2,2,1,"{""WHEAT"": 11, ""CARROT"": 4, ""MELON"": 5}","{""SHEEP"": 2, ""COW"": 3}",0,0
31,1,7,1,183.0,4,4,1,"{""WHEAT"": 10, ""MELON"": 6}","{""COW"": 2, ""SHEEP"": 3}",0,2
32,1,8,0,135.0,2,2,1,"{""WHEAT"": 11, ""CARROT"": 4, ""MELON"": 5}","{""SHEEP"": 2, ""COW"": 3}",0,0
32,1,8,1,23.0,4,4,1,"{""WHEAT"": 10, ""MELON"": 6}","{""COW"": 2, ""SHEEP"": 3}",0,2
33,1,9,0,135.0,2,2,1,"{""WHEAT"": 11, ""CARROT"": 4, ""MELON"": 5}","{""SHEEP"": 2, ""COW"": 3}",0,0
33,1,9,1,192.0,4,4,1,"{""WHEAT"": 10, ""MELON"": 6}","{""COW"": 2, ""SHEEP"": 3}",0,1
34,1,10,0,135.0,2,2,1,"{""WHEAT"": 11, ""CARROT"": 4, ""MELON"": 5}","{""SHEEP"": 2, ""COW"": 3}",0,0
34,1,10,1,192.0,4,4,1,"{""WHEAT"": 10, ""MELON"": 7}","{""COW"": 2, ""SHEEP"": 3}",0,1
35,1,11,0,135.0,2,2,1,"{""WHEAT"": 11, ""CARROT"": 4, ""MELON"": 5}","{""SHEEP"": 2, ""COW"": 3}",0,0
35,1,11,1,32.0,4,4,1,"{""WHEAT"": 10, ""MELON"": 8}","{""COW"": 2, ""SHEEP"": 3}",0,1
36,1,12,0,135.0,2,2,1,"{""WHEAT"": 11, ""CARROT"": 4, ""MELON"": 5}","{""SHEEP"": 2, ""COW"": 3}",0,0
36,1,12,1,32.0,4,4,1,"{""WHEAT"": 10, ""MELON"": 9}","{""COW"": 2, ""SHEEP"": 3}",0,1
37,1,13,0,135.0,2,2,1,"{""WHEAT"": 11, ""CARROT"": 4, ""MELON"": 5}","{""SHEEP"": 2, ""COW"": 3}",0,0
37,1,13,1,32.0,4,4,1,"{""WHEAT"": 10, ""MELON"": 10}","{""COW"": 2, ""SHEEP"": 3}",0,1
38,1,14,0,333.0,2,2,1,"{""WHEAT"": 11, ""CARROT"": 4, ""MELON"": 5}","{""SHEEP"": 2, ""COW"": 3}",0,0
38,1,14,1,32.0,4,4,1,"{""WHEAT"": 10, ""MELON"": 10}","{""COW"": 2, ""SHEEP"": 3}",0,1
39,1,15,0,333.0,2,2,1,"{""WHEAT"": 11, ""CARROT"": 4, ""MELON"": 5}","{""SHEEP"": 2, ""COW"": 3}",0,0
39,1,15,1,32.0,4,4,1,"{""WHEAT"": 10, ""MELON"": 10}","{""COW"": 2, ""SHEEP"": 3}",0,1
40,1,16,0,333.0,2,2,1,"{""WHEAT"": 11, ""CARROT"": 4, ""MELON"": 5}","{""SHEEP"": 2, ""COW"": 3}",0,0
40,1,16,1,32.0,4,4,1,"{""WHEAT"": 10, ""MELON"": 10}","{""COW"": 2, ""SHEEP"": 3}",0,1
41,1,17,0,333.0,2,2,1,"{""WHEAT"": 11, ""CARROT"": 4, ""MELON"": 5}","{""SHEEP"": 2, ""COW"": 3}",0,0
41,1,17,1,32.0,4,4,1,"{""WHEAT"": 10, ""MELON"": 10}","{""COW"": 2, ""SHEEP"": 3}",0,1
42,1,18,0,333.0,2,2,1,"{""WHEAT"": 11, ""CARROT"": 4, ""MELON"": 5}","{""SHEEP"": 2, ""COW"": 3}",0,0
42,1,18,1,32.0,4,4,1,"{""WHEAT"": 10, ""MELON"": 10}","{""COW"": 2, ""SHEEP"": 3}",0,1
43,1,19,0,333.0,2,2,1,"{""WHEAT"": 11, ""CARROT"": 4, ""MELON"": 5}","{""SHEEP"": 2, ""COW"": 3}",0,0
43,1,19,1,32.0,4,4,1,"{""WHEAT"": 10, ""MELON"": 10}","{""COW"": 2, ""SHEEP"": 3}",0,1
44,1,20,0,333.0,2,2,1,"{""WHEAT"": 11, ""CARROT"": 4, ""MELON"": 5}","{""SHEEP"": 2, ""COW"": 3}",0,0
44,1,20,1,32.0,4,4,1,"{""WHEAT"": 10, ""MELON"": 10}","{""COW"": 2, ""SHEEP"": 3}",0,1
45,1,21,0,333.0,2,2,1,"{""WHEAT"": 11, ""CARROT"": 4, ""MELON"": 5}","{""SHEEP"": 2, ""COW"": 3}",0,0
45,1,21,1,32.0,4,4,1,"{""WHEAT"": 10, ""MELON"": 10}","{""COW"": 2, ""SHEEP"": 3}",0,1
46,1,22,0,333.0,2,2,1,"{""WHEAT"": 11, ""CARROT"": 4, ""MELON"": 5}","{""SHEEP"": 2, ""COW"": 3}",0,0
46,1,22,1,32.0,4,4,1,"{""WHEAT"": 10, ""MELON"": 10}","{""COW"": 2, ""SHEEP"": 3}",0,1
47,1,23,0,333.0,2,2,1,"{""WHEAT"": 11, ""CARROT"": 4, ""MELON"": 5}","{""SHEEP"": 2, ""COW"": 3}",0,0
47,1,23,1,32.0,4,4,1,"{""WHEAT"": 10, ""MELON"": 10}","{""COW"": 2, ""SHEEP"": 3}",0,1
48,2,0,0,529.0,0,0,1,"{""WHEAT"": 11, ""CARROT"": 4, ""MELON"": 5}","{""SHEEP"": 2, ""COW"": 3}",0,0
48,2,0,1,32.0,0,0,1,"{""WHEAT"": 10, ""MELON"": 10}","{""COW"": 2, ""SHEEP"": 3}",0,1
49,2,1,0,215.0,3,3,1,"{""WHEAT"": 11, ""CARROT"": 4, ""MELON"": 5}","{""SHEEP"": 2, ""COW"": 3}",0,1
49,2,1,1,12.0,6,6,1,"{""WHEAT"": 10, ""MELON"": 10}","{""COW"": 2, ""SHEEP"": 3}",0,1
50,2,2,0,215.0,3,3,1,"{""WHEAT"": 11, ""CARROT"": 4, ""MELON"": 5}","{""SHEEP"": 2, ""COW"": 3}",0,0
50,2,2,1,12.0,6,6,1,"{""WHEAT"": 10, ""MELON"": 10}","{""COW"": 2, ""SHEEP"": 3}",0,1
51,2,3,0,215.0,3,3,1,"{""WHEAT"": 11, ""CARROT"": 4, ""MELON"": 5}","{""SHEEP"": 2, ""COW"": 3}",0,0
51,2,3,1,110.0,6,6,1,"{""WHEAT"": 10, ""MELON"": 10}","{""COW"": 2, ""SHEEP"": 3}",0,0
52,2,4,0,215.0,3,3,1,"{""WHEAT"": 11, ""CARROT"": 4, ""MELON"": 5}","{""SHEEP"": 2, ""COW"": 3}",0,0
52,2,4,1,110.0,6,6,1,"{""WHEAT"": 10, ""MELON"": 10}","{""COW"": 2, ""SHEEP"": 3}",0,0
53,2,5,0,215.0,3,3,1,"{""WHEAT"": 10, ""CARROT"": 4, ""MELON"": 5}","{""SHEEP"": 2, ""COW"": 3}",0,0
53,2,5,1,110.0,6,6,1,"{""WHEAT"": 10, ""MELON"": 10}","{""COW"": 2, ""SHEEP"": 3}",0,1
54,2,6,0,215.0,3,3,1,"{""WHEAT"": 9, ""CARROT"": 4, ""MELON"": 5}","{""SHEEP"": 2, ""COW"": 3}",0,0
54,2,6,1,150.0,6,6,1,"{""WHEAT"": 10, ""MELON"": 10}","{""COW"": 2, ""SHEEP"": 3}",0,3
55,2,7,0,215.0,3,3,1,"{""WHEAT"": 10, ""CARROT"": 4, ""MELON"": 5}","{""SHEEP"": 2, ""COW"": 3, ""GOOSE"": 1}",0,0
55,2,7,1,248.0,6,6,1,"{""WHEAT"": 10, ""MELON"": 10}","{""COW"": 2, ""SHEEP"": 3}",0,0
56,2,8,0,215.0,3,3,1,"{""WHEAT"": 10, ""CARROT"": 4, ""MELON"": 5}","{""SHEEP"": 2, ""COW"": 3, ""GOOSE"": 1}",0,0
56,2,8,1,188.0,6,6,1,"{""WHEAT"": 10, ""MELON"": 10}","{""COW"": 2, ""SHEEP"": 3}",0,3
57,2,9,0,215.0,3,3,1,"{""WHEAT"": 10, ""CARROT"": 4, ""MELON"": 5}","{""SHEEP"": 2, ""COW"": 3, ""GOOSE"": 1}",0,0
57,2,9,1,285.0,6,6,1,"{""WHEAT"": 10, ""MELON"": 10}","{""COW"": 2, ""SHEEP"": 3}",0,0
58,2,10,0,215.0,3,3,1,"{""WHEAT"": 10, ""CARROT"": 4, ""MELON"": 5}","{""SHEEP"": 2, ""COW"": 3, ""GOOSE"": 1}",0,0
58,2,10,1,205.0,6,6,1,"{""WHEAT"": 10, ""MELON"": 10}","{""COW"": 2, ""SHEEP"": 3}",0,0
59,2,11,0,215.0,3,3,1,"{""WHEAT"": 10, ""CARROT"": 4, ""MELON"": 5}","{""SHEEP"": 2, ""COW"": 3, ""GOOSE"": 1}",0,0
59,2,11,1,205.0,6,6,1,"{""WHEAT"": 10, ""MELON"": 10}","{""COW"": 2, ""SHEEP"": 3}",0,1
60,2,12,0,215.0,3,3,1,"{""WHEAT"": 10, ""CARROT"": 4, ""MELON"": 5}","{""SHEEP"": 2, ""COW"": 3, ""GOOSE"": 1}",0,0
60,2,12,1,222.0,6,6,1,"{""WHEAT"": 9, ""MELON"": 10}","{""COW"": 2, ""SHEEP"": 3}",0,0
61,2,13,0,215.0,3,3,1,"{""WHEAT"": 10, ""CARROT"": 4, ""MELON"": 5}","{""SHEEP"": 2, ""COW"": 3, ""GOOSE"": 1}",0,0
61,2,13,1,122.0,6,6,1,"{""WHEAT"": 8, ""MELON"": 11}","{""COW"": 2, ""SHEEP"": 3}",0,0
62,2,14,0,215.0,3,3,1,"{""WHEAT"": 10, ""CARROT"": 4, ""MELON"": 5}","{""SHEEP"": 2, ""COW"": 3, ""GOOSE"": 1}",0,0
62,2,14,1,22.0,6,6,1,"{""WHEAT"": 8, ""MELON"": 12}","{""COW"": 2, ""SHEEP"": 3}",0,0
63,2,15,0,215.0,3,3,1,"{""WHEAT"": 10, ""CARROT"": 4, ""MELON"": 5}","{""SHEEP"": 2, ""COW"": 3, ""GOOSE"": 1}",0,0
63,2,15,1,22.0,6,6,1,"{""WHEAT"": 7, ""MELON"": 12}","{""COW"": 2, ""SHEEP"": 3}",0,0
64,2,16,0,215.0,3,3,1,"{""WHEAT"": 10, ""CARROT"": 4, ""MELON"": 5}","{""SHEEP"": 2, ""COW"": 3, ""GOOSE"": 1}",0,0
64,2,16,1,22.0,6,6,1,"{""MELON"": 12, ""WHEAT"": 6, ""STRAWBERRY"": 1}","{""COW"": 2, ""SHEEP"": 3}",0,0
65,2,17,0,215.0,3,3,1,"{""WHEAT"": 10, ""CARROT"": 4, ""MELON"": 5}","{""SHEEP"": 2, ""COW"": 3, ""GOOSE"": 1}",0,0
65,2,17,1,22.0,6,6,1,"{""STRAWBERRY"": 2, ""MELON"": 12, ""WHEAT"": 6}","{""COW"": 2, ""SHEEP"": 3}",0,0
66,2,18,0,215.0,3,3,1,"{""WHEAT"": 10, ""CARROT"": 4, ""MELON"": 5}","{""SHEEP"": 2, ""COW"": 3, ""GOOSE"": 1}",0,0
66,2,18,1,22.0,6,6,1,"{""STRAWBERRY"": 2, ""MELON"": 12, ""WHEAT"": 6}","{""COW"": 2, ""SHEEP"": 3}",0,0
67,2,19,0,632.0,3,3,1,"{""WHEAT"": 10, ""CARROT"": 4, ""MELON"": 5}","{""SHEEP"": 2, ""COW"": 3, ""GOOSE"": 1}",0,0
67,2,19,1,22.0,6,6,1,"{""STRAWBERRY"": 2, ""MELON"": 12, ""WHEAT"": 6}","{""COW"": 2, ""SHEEP"": 3}",0,0
68,2,20,0,632.0,3,3,1,"{""WHEAT"": 10, ""CARROT"": 4, ""MELON"": 5}","{""SHEEP"": 2, ""COW"": 3, ""GOOSE"": 1}",0,0
68,2,20,1,22.0,6,6,1,"{""STRAWBERRY"": 2, ""MELON"": 12, ""WHEAT"": 6}","{""COW"": 2, ""SHEEP"": 3}",0,0
69,2,21,0,632.0,3,3,1,"{""WHEAT"": 10, ""CARROT"": 4, ""MELON"": 5}","{""SHEEP"": 2, ""COW"": 3, ""GOOSE"": 1}",0,0
69,2,21,1,22.0,6,6,1,"{""STRAWBERRY"": 2, ""MELON"": 12, ""WHEAT"": 6}","{""COW"": 2, ""SHEEP"": 3}",0,0
70,2,22,0,632.0,3,3,1,"{""WHEAT"": 10, ""CARROT"": 4, ""MELON"": 5}","{""SHEEP"": 2, ""COW"": 3, ""GOOSE"": 1}",0,0
70,2,22,1,22.0,6,6,1,"{""STRAWBERRY"": 2, ""MELON"": 12, ""WHEAT"": 6}","{""COW"": 2, ""SHEEP"": 3}",0,0
71,2,23,0,632.0,3,3,1,"{""WHEAT"": 10, ""CARROT"": 4, ""MELON"": 5}","{""SHEEP"": 2, ""COW"": 3, ""GOOSE"": 1}",0,0
71,2,23,1,22.0,6,6,1,"{""STRAWBERRY"": 2, ""MELON"": 12, ""WHEAT"": 6}","{""COW"": 2, ""SHEEP"": 3}",0,0
72,3,0,0,632.0,0,0,1,"{""WHEAT"": 10, ""CARROT"": 4, ""MELON"": 5}","{""SHEEP"": 2, ""COW"": 3, ""GOOSE"": 1}",0,1
72,3,0,1,22.0,0,0,1,"{""STRAWBERRY"": 2, ""MELON"": 12, ""WHEAT"": 6}","{""COW"": 2, ""SHEEP"": 3}",0,8
73,3,1,0,266.0,5,5,1,"{""WHEAT"": 10, ""CARROT"": 4, ""MELON"": 5}","{""SHEEP"": 2, ""COW"": 3, ""GOOSE"": 1}",0,1
73,3,1,1,2.0,6,6,1,"{""STRAWBERRY"": 2, ""MELON"": 12, ""WHEAT"": 6}","{""COW"": 2, ""SHEEP"": 3}",0,8
74,3,2,0,266.0,5,5,1,"{""WHEAT"": 10, ""CARROT"": 4, ""MELON"": 5}","{""SHEEP"": 2, ""COW"": 3, ""GOOSE"": 1}",0,0
74,3,2,1,2.0,6,6,1,"{""STRAWBERRY"": 2, ""MELON"": 12, ""WHEAT"": 6}","{""COW"": 2, ""SHEEP"": 3}",0,1
75,3,3,0,266.0,5,5,1,"{""WHEAT"": 10, ""CARROT"": 4, ""MELON"": 5}","{""SHEEP"": 2, ""COW"": 3, ""GOOSE"": 1}",0,0
75,3,3,1,98.0,6,6,1,"{""STRAWBERRY"": 2, ""MELON"": 12, ""WHEAT"": 6}","{""COW"": 2, ""SHEEP"": 3}",0,0
76,3,4,0,266.0,5,5,1,"{""WHEAT"": 10, ""CARROT"": 4, ""MELON"": 5}","{""SHEEP"": 2, ""COW"": 3, ""GOOSE"": 1}",0,0
76,3,4,1,98.0,6,6,1,"{""STRAWBERRY"": 2, ""MELON"": 12, ""WHEAT"": 6}","{""COW"": 2, ""SHEEP"": 3}",0,0
77,3,5,0,266.0,5,5,1,"{""WHEAT"": 10, ""CARROT"": 4, ""MELON"": 5}","{""SHEEP"": 2, ""COW"": 3, ""GOOSE"": 1}",0,0
77,3,5,1,98.0,6,6,1,"{""STRAWBERRY"": 2, ""MELON"": 12, ""WHEAT"": 6}","{""COW"": 2, ""SHEEP"": 3}",0,1
78,3,6,0,266.0,5,5,1,"{""WHEAT"": 10, ""CARROT"": 4, ""MELON"": 5}","{""SHEEP"": 2, ""COW"": 3, ""GOOSE"": 1}",0,0
78,3,6,1,194.0,6,6,1,"{""STRAWBERRY"": 2, ""MELON"": 12, ""WHEAT"": 6}","{""COW"": 2, ""SHEEP"": 3}",0,1
79,3,7,0,266.0,5,5,1,"{""WHEAT"": 9, ""CARROT"": 4, ""MELON"": 5}","{""SHEEP"": 2, ""COW"": 3, ""GOOSE"": 1}",0,0
79,3,7,1,290.0,6,6,1,"{""STRAWBERRY"": 2, ""MELON"": 12, ""WHEAT"": 6}","{""COW"": 2, ""SHEEP"": 3}",0,0
80,3,8,0,266.0,5,5,1,"{""WHEAT"": 7, ""CARROT"": 4, ""MELON"": 5}","{""SHEEP"": 2, ""COW"": 3, ""GOOSE"": 1}",0,0
80,3,8,1,290.0,6,6,1,"{""STRAWBERRY"": 2, ""MELON"": 12, ""WHEAT"": 5}","{""COW"": 2, ""SHEEP"": 3}",0,1
81,3,9,0,266.0,5,5,1,"{""WHEAT"": 6, ""CARROT"": 6, ""MELON"": 5}","{""SHEEP"": 2, ""COW"": 3, ""GOOSE"": 1}",0,0
81,3,9,1,385.0,6,6,1,"{""STRAWBERRY"": 2, ""MELON"": 12, ""WHEAT"": 5}","{""COW"": 2, ""SHEEP"": 3}",0,0
82,3,10,0,266.0,5,5,1,"{""WHEAT"": 6, ""CARROT"": 6, ""MELON"": 5}","{""SHEEP"": 2, ""GOOSE"": 2, ""COW"": 3}",0,0
82,3,10,1,385.0,6,6,1,"{""STRAWBERRY"": 2, ""MELON"": 12, ""WHEAT"": 5}","{""COW"": 2, ""SHEEP"": 3}",0,1
83,3,11,0,266.0,5,5,1,"{""WHEAT"": 7, ""CARROT"": 6, ""MELON"": 5}","{""SHEEP"": 2, ""GOOSE"": 2, ""COW"": 3}",0,0
83,3,11,1,400.0,6,6,1,"{""STRAWBERRY"": 2, ""MELON"": 12, ""WHEAT"": 5}","{""COW"": 2, ""SHEEP"": 3}",0,0
84,3,12,0,266.0,5,5,1,"{""WHEAT"": 6, ""CARROT"": 6, ""MELON"": 5}","{""SHEEP"": 2, ""GOOSE"": 2, ""COW"": 3}",0,0
84,3,12,1,300.0,6,6,1,"{""STRAWBERRY"": 2, ""MELON"": 12, ""WHEAT"": 5}","{""COW"": 2, ""SHEEP"": 3}",0,0
85,3,13,0,266.0,5,5,1,"{""WHEAT"": 6, ""CARROT"": 6, ""MELON"": 5}","{""SHEEP"": 2, ""GOOSE"": 2, ""COW"": 3}",0,0
85,3,13,1,300.0,6,6,1,"{""STRAWBERRY"": 2, ""MELON"": 12, ""WHEAT"": 5}","{""COW"": 2, ""SHEEP"": 3}",0,0
86,3,14,0,266.0,5,5,1,"{""WHEAT"": 6, ""CARROT"": 7, ""MELON"": 5}","{""SHEEP"": 2, ""GOOSE"": 2, ""COW"": 3}",0,0
86,3,14,1,300.0,6,6,1,"{""STRAWBERRY"": 2, ""MELON"": 12, ""WHEAT"": 5}","{""COW"": 2, ""SHEEP"": 3}",0,0
87,3,15,0,266.0,5,5,1,"{""WHEAT"": 6, ""CARROT"": 6, ""MELON"": 5}","{""SHEEP"": 2, ""GOOSE"": 2, ""COW"": 3}",0,0
87,3,15,1,200.0,6,6,1,"{""STRAWBERRY"": 2, ""MELON"": 12, ""WHEAT"": 5}","{""COW"": 2, ""SHEEP"": 3}",0,0
88,3,16,0,266.0,5,5,1,"{""WHEAT"": 6, ""CARROT"": 7, ""MELON"": 5}","{""SHEEP"": 2, ""GOOSE"": 2, ""COW"": 3}",0,0
88,3,16,1,200.0,6,6,1,"{""STRAWBERRY"": 2, ""MELON"": 12, ""WHEAT"": 5}","{""COW"": 2, ""SHEEP"": 3}",0,0
89,3,17,0,421.0,5,5,1,"{""WHEAT"": 6, ""CARROT"": 7, ""MELON"": 5}","{""SHEEP"": 2, ""GOOSE"": 2, ""COW"": 3}",0,0
89,3,17,1,200.0,6,6,1,"{""STRAWBERRY"": 2, ""MELON"": 12, ""WHEAT"": 4}","{""COW"": 2, ""SHEEP"": 3}",0,0
90,3,18,0,595.0,5,5,1,"{""WHEAT"": 6, ""CARROT"": 7, ""MELON"": 5}","{""SHEEP"": 2, ""GOOSE"": 2, ""COW"": 3}",0,0
90,3,18,1,100.0,6,6,1,"{""STRAWBERRY"": 3, ""MELON"": 12, ""WHEAT"": 4}","{""COW"": 2, ""SHEEP"": 3}",0,1
91,3,19,0,595.0,5,5,1,"{""WHEAT"": 6, ""CARROT"": 7, ""MELON"": 5}","{""SHEEP"": 2, ""GOOSE"": 2, ""COW"": 3}",0,0
91,3,19,1,100.0,6,6,1,"{""STRAWBERRY"": 3, ""MELON"": 12, ""WHEAT"": 4}","{""COW"": 2, ""SHEEP"": 3}",0,0
92,3,20,0,595.0,5,5,1,"{""WHEAT"": 6, ""CARROT"": 7, ""MELON"": 5}","{""SHEEP"": 2, ""GOOSE"": 2, ""COW"": 3}",0,0
92,3,20,1,100.0,6,6,1,"{""STRAWBERRY"": 3, ""MELON"": 12, ""WHEAT"": 4}","{""COW"": 2, ""SHEEP"": 3}",0,1
93,3,21,0,906.0,5,5,1,"{""WHEAT"": 6, ""CARROT"": 7, ""MELON"": 5}","{""SHEEP"": 2, ""GOOSE"": 2, ""COW"": 3}",0,0
93,3,21,1,100.0,6,6,1,"{""STRAWBERRY"": 4, ""MELON"": 12, ""WHEAT"": 4}","{""COW"": 2, ""SHEEP"": 3}",0,0
94,3,22,0,906.0,5,5,1,"{""WHEAT"": 6, ""CARROT"": 7, ""MELON"": 5}","{""SHEEP"": 2, ""GOOSE"": 2, ""COW"": 3}",0,0
94,3,22,1,100.0,6,6,1,"{""STRAWBERRY"": 4, ""MELON"": 12, ""WHEAT"": 4}","{""COW"": 2, ""SHEEP"": 3}",0,1
95,3,23,0,906.0,5,5,1,"{""WHEAT"": 6, ""CARROT"": 7, ""MELON"": 5}","{""SHEEP"": 2, ""GOOSE"": 2, ""COW"": 3}",0,0
95,3,23,1,100.0,6,6,1,"{""STRAWBERRY"": 4, ""MELON"": 12, ""WHEAT"": 4}","{""COW"": 2, ""SHEEP"": 3}",0,1
96,4,0,0,1189.0,0,0,1,"{""WHEAT"": 6, ""CARROT"": 7, ""MELON"": 5}","{""SHEEP"": 2, ""GOOSE"": 2, ""COW"": 3}",0,9
96,4,0,1,100.0,0,0,1,"{""STRAWBERRY"": 4, ""MELON"": 12, ""WHEAT"": 4}","{""COW"": 2, ""SHEEP"": 3}",0,9
97,4,1,0,134.0,4,4,1,"{""WHEAT"": 6, ""CARROT"": 7, ""MELON"": 5}","{""SHEEP"": 2, ""GOOSE"": 2, ""COW"": 3}",0,8
97,4,1,1,22.0,6,6,1,"{""STRAWBERRY"": 4, ""MELON"": 12, ""WHEAT"": 4}","{""COW"": 2, ""SHEEP"": 3}",0,11
98,4,2,0,134.0,4,4,1,"{""WHEAT"": 6, ""CARROT"": 7, ""MELON"": 5}","{""SHEEP"": 2, ""GOOSE"": 2, ""COW"": 3}",0,6
98,4,2,1,22.0,6,6,1,"{""STRAWBERRY"": 4, ""MELON"": 12, ""WHEAT"": 4}","{""COW"": 2, ""SHEEP"": 3}",0,3
99,4,3,0,134.0,4,4,1,"{""WHEAT"": 6, ""CARROT"": 7, ""MELON"": 5}","{""SHEEP"": 2, ""GOOSE"": 2, ""COW"": 3}",0,6
99,4,3,1,116.0,6,6,1,"{""STRAWBERRY"": 4, ""MELON"": 12, ""WHEAT"": 4}","{""COW"": 2, ""SHEEP"": 3}",0,0
100,4,4,0,134.0,4,4,1,"{""WHEAT"": 6, ""CARROT"": 7, ""MELON"": 5}","{""SHEEP"": 2, ""GOOSE"": 2, ""COW"": 3}",0,6
100,4,4,1,116.0,6,6,1,"{""STRAWBERRY"": 4, ""MELON"": 12, ""WHEAT"": 4}","{""COW"": 2, ""SHEEP"": 3}",0,0
101,4,5,0,134.0,4,4,1,"{""WHEAT"": 6, ""CARROT"": 7, ""MELON"": 5}","{""SHEEP"": 2, ""GOOSE"": 2, ""COW"": 3}",0,6
101,4,5,1,116.0,6,6,1,"{""STRAWBERRY"": 4, ""MELON"": 12, ""WHEAT"": 4}","{""COW"": 2, ""SHEEP"": 3}",0,1
102,4,6,0,134.0,4,4,1,"{""WHEAT"": 6, ""CARROT"": 7, ""MELON"": 5}","{""SHEEP"": 2, ""GOOSE"": 2, ""COW"": 3}",0,6
102,4,6,1,210.0,6,6,1,"{""STRAWBERRY"": 4, ""MELON"": 12, ""WHEAT"": 4}","{""COW"": 2, ""SHEEP"": 3}",0,0
103,4,7,0,134.0,4,4,1,"{""WHEAT"": 5, ""CARROT"": 7, ""MELON"": 5}","{""SHEEP"": 2, ""GOOSE"": 2, ""COW"": 3}",0,6
103,4,7,1,210.0,6,6,1,"{""STRAWBERRY"": 4, ""MELON"": 12, ""WHEAT"": 4}","{""COW"": 2, ""SHEEP"": 3}",0,0
104,4,8,0,134.0,4,4,1,"{""WHEAT"": 5, ""CARROT"": 7, ""MELON"": 5, ""STRAWBERRY"": 1}","{""SHEEP"": 2, ""GOOSE"": 2, ""COW"": 3}",0,6
104,4,8,1,210.0,6,6,1,"{""STRAWBERRY"": 4, ""MELON"": 12, ""WHEAT"": 4}","{""COW"": 2, ""SHEEP"": 3}",0,2
105,4,9,0,134.0,4,4,1,"{""WHEAT"": 5, ""CARROT"": 7, ""MELON"": 5, ""STRAWBERRY"": 1}","{""SHEEP"": 2, ""GOOSE"": 2, ""COW"": 3}",0,6
105,4,9,1,396.0,6,6,1,"{""STRAWBERRY"": 4, ""MELON"": 12, ""WHEAT"": 3}","{""COW"": 2, ""SHEEP"": 3}",0,0
106,4,10,0,134.0,4,4,1,"{""WHEAT"": 4, ""CARROT"": 7, ""MELON"": 5, ""STRAWBERRY"": 1}","{""SHEEP"": 2, ""GOOSE"": 2, ""COW"": 3}",0,6
106,4,10,1,396.0,6,6,1,"{""STRAWBERRY"": 5, ""MELON"": 12, ""WHEAT"": 3}","{""COW"": 2, ""SHEEP"": 3}",0,0
107,4,11,0,134.0,4,4,1,"{""WHEAT"": 3, ""CARROT"": 7, ""MELON"": 5, ""STRAWBERRY"": 1}","{""SHEEP"": 2, ""GOOSE"": 2, ""COW"": 3}",0,6
107,4,11,1,296.0,6,6,1,"{""STRAWBERRY"": 5, ""MELON"": 12, ""WHEAT"": 3}","{""COW"": 2, ""SHEEP"": 3}",0,1
108,4,12,0,134.0,4,4,1,"{""WHEAT"": 2, ""STRAWBERRY"": 2, ""CARROT"": 7, ""MELON"": 5}","{""SHEEP"": 3, ""GOOSE"": 2, ""COW"": 3}",0,6
108,4,12,1,389.0,6,6,1,"{""STRAWBERRY"": 5, ""MELON"": 12, ""WHEAT"": 3}","{""COW"": 2, ""SHEEP"": 3}",0,0
109,4,13,0,134.0,4,4,1,"{""WHEAT"": 2, ""STRAWBERRY"": 2, ""CARROT"": 7, ""MELON"": 5}","{""SHEEP"": 3, ""GOOSE"": 2, ""COW"": 3}",0,6
109,4,13,1,389.0,6,6,1,"{""STRAWBERRY"": 5, ""MELON"": 12, ""WHEAT"": 3}","{""COW"": 2, ""SHEEP"": 3}",0,0
110,4,14,0,134.0,4,4,1,"{""WHEAT"": 2, ""STRAWBERRY"": 2, ""CARROT"": 7, ""MELON"": 5}","{""SHEEP"": 3, ""COW"": 4, ""GOOSE"": 2}",0,6
110,4,14,1,389.0,6,6,1,"{""STRAWBERRY"": 5, ""MELON"": 12, ""WHEAT"": 1}","{""COW"": 2, ""SHEEP"": 3}",0,0
111,4,15,0,134.0,4,4,1,"{""STRAWBERRY"": 2, ""CARROT"": 7, ""MELON"": 5, ""WHEAT"": 1}","{""SHEEP"": 3, ""COW"": 4, ""GOOSE"": 2}",0,6
111,4,15,1,289.0,6,6,1,"{""STRAWBERRY"": 6, ""MELON"": 12, ""WHEAT"": 1}","{""COW"": 2, ""SHEEP"": 3}",0,3
112,4,16,0,134.0,4,4,1,"{""STRAWBERRY"": 3, ""CARROT"": 7, ""MELON"": 5, ""WHEAT"": 1}","{""SHEEP"": 3, ""COW"": 4, ""GOOSE"": 2}",0,6
112,4,16,1,247.0,6,6,1,"{""STRAWBERRY"": 7, ""MELON"": 12, ""WHEAT"": 1}","{""COW"": 2, ""SHEEP"": 3}",0,0
113,4,17,0,134.0,4,4,1,"{""STRAWBERRY"": 3, ""CARROT"": 7, ""MELON"": 5, ""WHEAT"": 1}","{""SHEEP"": 3, ""COW"": 4, ""GOOSE"": 2}",0,6
113,4,17,1,247.0,6,6,1,"{""STRAWBERRY"": 7, ""MELON"": 12, ""WHEAT"": 1}","{""COW"": 2, ""SHEEP"": 3}",0,1
114,4,18,0,134.0,4,4,1,"{""STRAWBERRY"": 3, ""CARROT"": 7, ""MELON"": 5, ""WHEAT"": 1}","{""SHEEP"": 3, ""COW"": 4, ""GOOSE"": 2}",0,6
114,4,18,1,247.0,6,6,1,"{""STRAWBERRY"": 7, ""MELON"": 12, ""WHEAT"": 1}","{""COW"": 2, ""SHEEP"": 3}",0,0
115,4,19,0,134.0,4,4,1,"{""STRAWBERRY"": 3, ""CARROT"": 7, ""MELON"": 5, ""WHEAT"": 1}","{""SHEEP"": 3, ""COW"": 4, ""GOOSE"": 2}",0,6
115,4,19,1,247.0,6,6,1,"{""STRAWBERRY"": 7, ""MELON"": 12, ""WHEAT"": 1}","{""COW"": 2, ""SHEEP"": 3}",0,1
116,4,20,0,134.0,4,4,1,"{""STRAWBERRY"": 3, ""CARROT"": 7, ""MELON"": 5, ""WHEAT"": 1}","{""SHEEP"": 3, ""COW"": 4, ""GOOSE"": 2}",0,6
116,4,20,1,247.0,6,6,1,"{""STRAWBERRY"": 7, ""MELON"": 12, ""WHEAT"": 1}","{""COW"": 2, ""SHEEP"": 3}",0,0
117,4,21,0,134.0,4,4,1,"{""STRAWBERRY"": 3, ""CARROT"": 7, ""MELON"": 5, ""WHEAT"": 1}","{""SHEEP"": 3, ""COW"": 4, ""GOOSE"": 2}",0,6
117,4,21,1,247.0,6,6,1,"{""STRAWBERRY"": 7, ""MELON"": 12}","{""COW"": 2, ""SHEEP"": 3}",0,1
118,4,22,0,354.0,4,4,1,"{""STRAWBERRY"": 3, ""CARROT"": 7, ""MELON"": 5, ""WHEAT"": 1}","{""SHEEP"": 3, ""COW"": 4, ""GOOSE"": 2}",0,0
118,4,22,1,276.0,6,6,1,"{""STRAWBERRY"": 8, ""MELON"": 12}","{""COW"": 2, ""SHEEP"": 3}",0,0
119,4,23,0,540.0,4,4,1,"{""STRAWBERRY"": 3, ""CARROT"": 7, ""MELON"": 5, ""WHEAT"": 1}","{""SHEEP"": 3, ""COW"": 4, ""GOOSE"": 2}",0,0
119,4,23,1,276.0,6,6,1,"{""STRAWBERRY"": 8, ""MELON"": 12}","{""COW"": 2, ""SHEEP"": 3}",0,0
120,5,0,0,892.0,0,0,1,"{""STRAWBERRY"": 3, ""CARROT"": 7, ""MELON"": 5, ""WHEAT"": 1}","{""SHEEP"": 3, ""COW"": 4, ""GOOSE"": 2}",0,7
120,5,0,1,276.0,0,0,1,"{""STRAWBERRY"": 8, ""MELON"": 12}","{""COW"": 2, ""SHEEP"": 3}",0,19
121,5,1,0,453.0,5,5,1,"{""STRAWBERRY"": 3, ""CARROT"": 7, ""MELON"": 5, ""WHEAT"": 1}","{""SHEEP"": 3, ""COW"": 4, ""GOOSE"": 2}",0,4
121,5,1,1,173.0,6,6,1,"{""STRAWBERRY"": 8, ""MELON"": 12}","{""COW"": 2, ""SHEEP"": 3}",0,22
122,5,2,0,453.0,5,5,1,"{""STRAWBERRY"": 3, ""CARROT"": 7, ""MELON"": 5, ""WHEAT"": 1}","{""SHEEP"": 3, ""COW"": 4, ""GOOSE"": 2}",0,0
122,5,2,1,201.0,6,6,1,"{""STRAWBERRY"": 8, ""MELON"": 12}","{""COW"": 2, ""SHEEP"": 3}",0,11
123,5,3,0,453.0,5,5,1,"{""STRAWBERRY"": 3, ""CARROT"": 7, ""MELON"": 5, ""WHEAT"": 1}","{""SHEEP"": 3, ""COW"": 4, ""GOOSE"": 2}",0,0
123,5,3,1,292.0,6,6,1,"{""STRAWBERRY"": 8, ""MELON"": 12}","{""COW"": 2, ""SHEEP"": 3}",0,0
124,5,4,0,453.0,5,5,1,"{""STRAWBERRY"": 3, ""CARROT"": 7, ""MELON"": 5, ""WHEAT"": 1}","{""SHEEP"": 3, ""COW"": 4, ""GOOSE"": 2}",0,0
124,5,4,1,292.0,6,6,1,"{""STRAWBERRY"": 8, ""MELON"": 12}","{""COW"": 2, ""SHEEP"": 3}",0,0
125,5,5,0,453.0,5,5,1,"{""STRAWBERRY"": 3, ""CARROT"": 7, ""MELON"": 5, ""WHEAT"": 1}","{""SHEEP"": 3, ""COW"": 4, ""GOOSE"": 2}",0,0
125,5,5,1,292.0,6,6,1,"{""STRAWBERRY"": 8, ""MELON"": 12}","{""COW"": 2, ""SHEEP"": 3}",0,1
126,5,6,0,453.0,5,5,1,"{""STRAWBERRY"": 3, ""CARROT"": 7, ""MELON"": 5, ""WHEAT"": 1}","{""SHEEP"": 3, ""COW"": 4, ""GOOSE"": 2}",0,0
126,5,6,1,383.0,6,6,1,"{""STRAWBERRY"": 8, ""MELON"": 12}","{""COW"": 2, ""SHEEP"": 3}",0,0
127,5,7,0,453.0,5,5,1,"{""STRAWBERRY"": 3, ""CARROT"": 7, ""MELON"": 5, ""WHEAT"": 1}","{""SHEEP"": 3, ""COW"": 4, ""GOOSE"": 2}",0,0
127,5,7,1,383.0,6,6,1,"{""STRAWBERRY"": 8, ""MELON"": 12}","{""COW"": 2, ""SHEEP"": 3}",0,0
128,5,8,0,453.0,5,5,1,"{""STRAWBERRY"": 3, ""CARROT"": 6, ""MELON"": 5}","{""SHEEP"": 3, ""COW"": 4, ""GOOSE"": 2}",0,0
128,5,8,1,383.0,6,6,1,"{""STRAWBERRY"": 8, ""MELON"": 12}","{""COW"": 2, ""SHEEP"": 3}",0,2
129,5,9,0,453.0,5,5,1,"{""STRAWBERRY"": 3, ""CARROT"": 6, ""WHEAT"": 2, ""MELON"": 5}","{""SHEEP"": 3, ""COW"": 4, ""GOOSE"": 2}",0,0
129,5,9,1,565.0,6,6,1,"{""STRAWBERRY"": 8, ""MELON"": 12}","{""COW"": 2, ""SHEEP"": 3}",0,0
130,5,10,0,453.0,5,5,1,"{""STRAWBERRY"": 3, ""CARROT"": 6, ""WHEAT"": 2, ""MELON"": 5}","{""SHEEP"": 3, ""COW"": 4, ""GOOSE"": 2}",0,0
130,5,10,1,565.0,6,6,1,"{""STRAWBERRY"": 8, ""MELON"": 12}","{""COW"": 2, ""SHEEP"": 3}",0,0
131,5,11,0,453.0,5,5,1,"{""STRAWBERRY"": 3, ""CARROT"": 6, ""WHEAT"": 2, ""MELON"": 5}","{""SHEEP"": 3, ""COW"": 4, ""GOOSE"": 2}",0,0
131,5,11,1,565.0,6,6,1,"{""STRAWBERRY"": 8, ""MELON"": 12}","{""COW"": 2, ""SHEEP"": 3}",0,1
132,5,12,0,453.0,5,5,1,"{""STRAWBERRY"": 3, ""CARROT"": 5, ""WHEAT"": 2, ""MELON"": 5}","{""SHEEP"": 3, ""COW"": 4, ""GOOSE"": 2}",0,0
132,5,12,1,656.0,6,6,1,"{""STRAWBERRY"": 8, ""MELON"": 12}","{""COW"": 2, ""SHEEP"": 3}",0,0
133,5,13,0,453.0,5,5,1,"{""STRAWBERRY"": 3, ""CARROT"": 5, ""WHEAT"": 2, ""MELON"": 5}","{""SHEEP"": 3, ""COW"": 4, ""GOOSE"": 2}",0,0
133,5,13,1,656.0,6,6,1,"{""STRAWBERRY"": 8, ""MELON"": 12}","{""COW"": 2, ""SHEEP"": 3}",0,0
134,5,14,0,453.0,5,5,1,"{""STRAWBERRY"": 3, ""CARROT"": 5, ""WHEAT"": 2, ""MELON"": 5}","{""SHEEP"": 3, ""COW"": 5, ""GOOSE"": 2}",0,0
134,5,14,1,556.0,6,6,1,"{""STRAWBERRY"": 8, ""MELON"": 12}","{""COW"": 2, ""SHEEP"": 3}",0,0
135,5,15,0,453.0,5,5,1,"{""STRAWBERRY"": 3, ""CARROT"": 5, ""WHEAT"": 2, ""MELON"": 5}","{""SHEEP"": 3, ""COW"": 5, ""GOOSE"": 2}",0,0
135,5,15,1,556.0,6,6,1,"{""STRAWBERRY"": 8, ""MELON"": 12}","{""COW"": 2, ""SHEEP"": 3}",0,0
136,5,16,0,453.0,5,5,1,"{""STRAWBERRY"": 3, ""CARROT"": 5, ""WHEAT"": 2, ""MELON"": 5}","{""SHEEP"": 3, ""COW"": 5, ""GOOSE"": 2}",0,0
136,5,16,1,556.0,6,6,1,"{""STRAWBERRY"": 8, ""MELON"": 12}","{""COW"": 2, ""SHEEP"": 3}",0,0
137,5,17,0,453.0,5,5,1,"{""STRAWBERRY"": 3, ""CARROT"": 4, ""WHEAT"": 2, ""MELON"": 5}","{""SHEEP"": 3, ""COW"": 5, ""GOOSE"": 2}",0,0
137,5,17,1,556.0,6,6,1,"{""STRAWBERRY"": 8, ""MELON"": 12}","{""COW"": 2, ""SHEEP"": 3}",0,3
138,5,18,0,453.0,5,5,1,"{""STRAWBERRY"": 3, ""CARROT"": 3, ""WHEAT"": 2, ""MELON"": 5}","{""SHEEP"": 3, ""COW"": 5, ""GOOSE"": 2}",0,0
138,5,18,1,556.0,6,6,1,"{""STRAWBERRY"": 8, ""MELON"": 12}","{""COW"": 2, ""SHEEP"": 3}",0,2
139,5,19,0,453.0,5,5,1,"{""STRAWBERRY"": 3, ""CARROT"": 3, ""WHEAT"": 3, ""MELON"": 5}","{""SHEEP"": 3, ""GOOSE"": 3, ""COW"": 5}",0,0
139,5,19,1,556.0,6,6,1,"{""STRAWBERRY"": 8, ""MELON"": 12}","{""COW"": 2, ""SHEEP"": 3}",0,1
140,5,20,0,453.0,5,5,1,"{""STRAWBERRY"": 3, ""CARROT"": 3, ""WHEAT"": 3, ""MELON"": 5}","{""SHEEP"": 3, ""GOOSE"": 3, ""COW"": 5}",0,0
140,5,20,1,556.0,6,6,1,"{""STRAWBERRY"": 8, ""MELON"": 12}","{""COW"": 2, ""SHEEP"": 3}",0,0
141,5,21,0,453.0,5,5,1,"{""STRAWBERRY"": 3, ""CARROT"": 3, ""WHEAT"": 3, ""MELON"": 5}","{""SHEEP"": 3, ""GOOSE"": 3, ""COW"": 5}",0,0
141,5,21,1,556.0,6,6,1,"{""STRAWBERRY"": 8, ""MELON"": 12}","{""COW"": 2, ""SHEEP"": 3}",0,3
142,5,22,0,453.0,5,5,1,"{""STRAWBERRY"": 3, ""CARROT"": 3, ""WHEAT"": 3, ""MELON"": 5}","{""SHEEP"": 3, ""GOOSE"": 3, ""COW"": 5}",0,0
142,5,22,1,556.0,6,6,1,"{""STRAWBERRY"": 8, ""MELON"": 12}","{""COW"": 2, ""SHEEP"": 3}",0,2
143,5,23,0,453.0,5,5,1,"{""STRAWBERRY"": 3, ""CARROT"": 3, ""WHEAT"": 3, ""MELON"": 5}","{""SHEEP"": 3, ""GOOSE"": 3, ""COW"": 5}",0,0
143,5,23,1,556.0,6,6,1,"{""STRAWBERRY"": 8, ""MELON"": 12}","{""COW"": 2, ""SHEEP"": 3}",0,1
144,6,0,0,1555.0,0,0,1,"{""STRAWBERRY"": 3, ""CARROT"": 3, ""WHEAT"": 3, ""MELON"": 5}","{""SHEEP"": 3, ""GOOSE"": 3, ""COW"": 5}",0,0
144,6,0,1,556.0,0,0,1,"{""STRAWBERRY"": 8, ""MELON"": 12}","{""COW"": 2, ""SHEEP"": 3}",0,16
145,6,1,0,720.0,6,6,1,"{""STRAWBERRY"": 3, ""CARROT"": 3, ""WHEAT"": 3, ""MELON"": 5}","{""SHEEP"": 3, ""GOOSE"": 3, ""COW"": 5}",0,12
145,6,1,1,443.0,8,8,1,"{""STRAWBERRY"": 8, ""MELON"": 12}","{""COW"": 2, ""SHEEP"": 3}",0,18
146,6,2,0,720.0,6,6,1,"{""STRAWBERRY"": 3, ""CARROT"": 3, ""WHEAT"": 3, ""MELON"": 5}","{""SHEEP"": 3, ""GOOSE"": 3, ""COW"": 5}",0,1
146,6,2,1,503.0,8,8,1,"{""STRAWBERRY"": 8, ""MELON"": 12}","{""COW"": 2, ""SHEEP"": 3}",0,14
147,6,3,0,720.0,6,6,1,"{""STRAWBERRY"": 3, ""CARROT"": 3, ""WHEAT"": 3, ""MELON"": 5}","{""SHEEP"": 3, ""GOOSE"": 3, ""COW"": 5}",0,0
147,6,3,1,503.0,8,8,1,"{""STRAWBERRY"": 8, ""MELON"": 12}","{""COW"": 2, ""SHEEP"": 3}",0,14
148,6,4,0,720.0,6,6,1,"{""STRAWBERRY"": 3, ""CARROT"": 3, ""WHEAT"": 3, ""MELON"": 5}","{""SHEEP"": 3, ""GOOSE"": 3, ""COW"": 5}",0,0
148,6,4,1,503.0,8,8,1,"{""STRAWBERRY"": 8, ""MELON"": 12}","{""COW"": 2, ""SHEEP"": 3}",0,20
149,6,5,0,720.0,6,6,1,"{""STRAWBERRY"": 3, ""CARROT"": 3, ""WHEAT"": 3, ""MELON"": 5}","{""SHEEP"": 3, ""GOOSE"": 3, ""COW"": 5}",0,0
149,6,5,1,1788.0,8,8,1,"{""STRAWBERRY"": 8, ""MELON"": 12}","{""COW"": 2, ""SHEEP"": 3}",0,0
150,6,6,0,720.0,6,6,1,"{""STRAWBERRY"": 3, ""CARROT"": 3, ""WHEAT"": 3, ""MELON"": 5}","{""SHEEP"": 3, ""GOOSE"": 3, ""COW"": 5}",0,0
150,6,6,1,788.0,8,8,2,"{""STRAWBERRY"": 8, ""MELON"": 12}","{""COW"": 2, ""SHEEP"": 3}",0,6
151,6,7,0,720.0,6,6,1,"{""STRAWBERRY"": 3, ""CARROT"": 3, ""WHEAT"": 3, ""MELON"": 5}","{""SHEEP"": 3, ""GOOSE"": 3, ""COW"": 5}",0,0
151,6,7,1,1472.0,8,8,2,"{""STRAWBERRY"": 8, ""MELON"": 12}","{""COW"": 2, ""SHEEP"": 3}",0,14
152,6,8,0,720.0,6,6,1,"{""STRAWBERRY"": 3, ""CARROT"": 1, ""WHEAT"": 3, ""MELON"": 5}","{""SHEEP"": 3, ""GOOSE"": 3, ""COW"": 5}",0,0
152,6,8,1,2916.0,8,8,2,"{""STRAWBERRY"": 8, ""MELON"": 12}","{""COW"": 2, ""SHEEP"": 3}",0,4
153,6,9,0,1759.0,6,6,1,"{""STRAWBERRY"": 4, ""CARROT"": 1, ""WHEAT"": 3, ""MELON"": 5}","{""SHEEP"": 3, ""GOOSE"": 3, ""COW"": 5}",0,0
153,6,9,1,2616.0,8,8,2,"{""STRAWBERRY"": 8, ""MELON"": 12}","{""COW"": 2, ""SHEEP"": 3}",0,2
154,6,10,0,1759.0,6,6,1,"{""STRAWBERRY"": 4, ""CARROT"": 1, ""WHEAT"": 3, ""MELON"": 5}","{""SHEEP"": 3, ""GOOSE"": 4, ""COW"": 5}",0,0
154,6,10,1,2216.0,8,8,2,"{""STRAWBERRY"": 9, ""MELON"": 12}","{""COW"": 2, ""SHEEP"": 3}",0,2
155,6,11,0,1759.0,6,6,1,"{""STRAWBERRY"": 4, ""CARROT"": 1, ""WHEAT"": 3, ""MELON"": 5}","{""SHEEP"": 3, ""GOOSE"": 4, ""COW"": 5}",0,0
155,6,11,1,1806.0,8,8,2,"{""STRAWBERRY"": 9, ""MELON"": 12}","{""COW"": 3, ""SHEEP"": 3}",0,3
156,6,12,0,1759.0,6,6,1,"{""STRAWBERRY"": 4, ""CARROT"": 1, ""WHEAT"": 3, ""MELON"": 5}","{""SHEEP"": 3, ""GOOSE"": 4, ""COW"": 5}",0,0
156,6,12,1,1594.0,8,8,2,"{""STRAWBERRY"": 9, ""MELON"": 12}","{""COW"": 3, ""SHEEP"": 3}",0,2
157,6,13,0,1759.0,6,6,1,"{""STRAWBERRY"": 4, ""CARROT"": 1, ""WHEAT"": 3, ""MELON"": 5}","{""SHEEP"": 3, ""GOOSE"": 4, ""COW"": 5}",0,0
157,6,13,1,1494.0,8,8,2,"{""STRAWBERRY"": 11, ""MELON"": 12}","{""COW"": 3, ""SHEEP"": 3}",0,1
158,6,14,0,1759.0,6,6,1,"{""STRAWBERRY"": 4, ""CARROT"": 1, ""WHEAT"": 3, ""MELON"": 5}","{""SHEEP"": 3, ""GOOSE"": 4, ""COW"": 5}",0,0
158,6,14,1,994.0,8,8,2,"{""STRAWBERRY"": 11, ""MELON"": 12}","{""COW"": 3, ""SHEEP"": 3, ""GOOSE"": 1}",0,2
159,6,15,0,1759.0,6,6,1,"{""STRAWBERRY"": 4, ""CARROT"": 1, ""WHEAT"": 3, ""MELON"": 5}","{""SHEEP"": 3, ""GOOSE"": 4, ""COW"": 5}",0,0
159,6,15,1,894.0,8,8,2,"{""STRAWBERRY"": 11, ""MELON"": 12}","{""COW"": 3, ""SHEEP"": 3, ""GOOSE"": 1}",0,2
160,6,16,0,1759.0,6,6,1,"{""STRAWBERRY"": 4, ""CARROT"": 1, ""WHEAT"": 3, ""MELON"": 5}","{""SHEEP"": 3, ""GOOSE"": 4, ""COW"": 5}",0,0
160,6,16,1,794.0,8,8,2,"{""STRAWBERRY"": 12, ""MELON"": 12}","{""COW"": 3, ""SHEEP"": 3, ""GOOSE"": 2}",0,2
161,6,17,0,1759.0,6,6,1,"{""STRAWBERRY"": 4, ""CARROT"": 1, ""WHEAT"": 3, ""MELON"": 5}","{""SHEEP"": 3, ""GOOSE"": 4, ""COW"": 5}",0,0
161,6,17,1,694.0,8,8,2,"{""STRAWBERRY"": 14, ""MELON"": 12}","{""COW"": 3, ""SHEEP"": 3, ""GOOSE"": 2}",0,2
162,6,18,0,1759.0,6,6,1,"{""STRAWBERRY"": 4, ""WHEAT"": 3, ""MELON"": 5}","{""SHEEP"": 3, ""GOOSE"": 4, ""COW"": 5}",0,0
162,6,18,1,594.0,8,8,2,"{""STRAWBERRY"": 15, ""MELON"": 12}","{""COW"": 3, ""SHEEP"": 3, ""GOOSE"": 4}",0,1
163,6,19,0,1759.0,6,6,1,"{""STRAWBERRY"": 5, ""WHEAT"": 3, ""MELON"": 5}","{""SHEEP"": 3, ""GOOSE"": 4, ""COW"": 5}",0,0
163,6,19,1,494.0,8,8,2,"{""STRAWBERRY"": 16, ""MELON"": 12}","{""COW"": 3, ""SHEEP"": 3, ""GOOSE"": 4}",0,1
164,6,20,0,1759.0,6,6,1,"{""STRAWBERRY"": 5, ""WHEAT"": 3, ""MELON"": 5}","{""SHEEP"": 3, ""GOOSE"": 4, ""COW"": 5}",0,0
164,6,20,1,394.0,8,8,2,"{""STRAWBERRY"": 18, ""MELON"": 12}","{""COW"": 3, ""SHEEP"": 3, ""GOOSE"": 4}",0,1
165,6,21,0,1759.0,6,6,1,"{""STRAWBERRY"": 5, ""WHEAT"": 3, ""MELON"": 5}","{""SHEEP"": 3, ""GOOSE"": 4, ""COW"": 5}",0,0
165,6,21,1,294.0,8,8,2,"{""STRAWBERRY"": 19, ""MELON"": 12, ""WHEAT"": 1}","{""COW"": 3, ""SHEEP"": 3, ""GOOSE"": 4}",0,1
166,6,22,0,1759.0,6,6,1,"{""STRAWBERRY"": 5, ""WHEAT"": 3, ""MELON"": 5}","{""SHEEP"": 3, ""GOOSE"": 4, ""COW"": 5}",0,0
166,6,22,1,194.0,8,8,2,"{""STRAWBERRY"": 20, ""MELON"": 12, ""WHEAT"": 1}","{""COW"": 3, ""SHEEP"": 3, ""GOOSE"": 4}",0,1
167,6,23,0,2222.0,6,6,1,"{""STRAWBERRY"": 5, ""WHEAT"": 3, ""MELON"": 5}","{""SHEEP"": 3, ""GOOSE"": 4, ""COW"": 5}",0,0
167,6,23,1,194.0,8,8,2,"{""STRAWBERRY"": 21, ""MELON"": 12, ""WHEAT"": 1}","{""COW"": 4, ""SHEEP"": 3, ""GOOSE"": 4}",0,1
168,7,0,0,4083.0,0,0,1,"{""STRAWBERRY"": 5, ""WHEAT"": 3, ""MELON"": 5}","{""SHEEP"": 3, ""GOOSE"": 4, ""COW"": 5}",0,3
168,7,0,1,194.0,0,0,2,"{""STRAWBERRY"": 21, ""MELON"": 12, ""WHEAT"": 1}","{""COW"": 4, ""SHEEP"": 3, ""GOOSE"": 4}",0,14
169,7,1,0,488.0,3,3,2,"{""STRAWBERRY"": 5, ""WHEAT"": 3, ""MELON"": 5}","{""SHEEP"": 3, ""GOOSE"": 4, ""COW"": 5}",0,18
169,7,1,1,226.0,8,8,2,"{""STRAWBERRY"": 21, ""MELON"": 12, ""WHEAT"": 1}","{""COW"": 4, ""SHEEP"": 3, ""GOOSE"": 4}",0,0
170,7,2,0,438.0,8,8,2,"{""STRAWBERRY"": 5, ""WHEAT"": 3, ""MELON"": 5}","{""SHEEP"": 3, ""GOOSE"": 4, ""COW"": 5}",0,16
170,7,2,1,192.0,9,9,2,"{""STRAWBERRY"": 21, ""MELON"": 12, ""WHEAT"": 1}","{""COW"": 4, ""SHEEP"": 3, ""GOOSE"": 4}",0,0
171,7,3,0,438.0,8,8,2,"{""STRAWBERRY"": 5, ""WHEAT"": 4, ""MELON"": 5}","{""SHEEP"": 3, ""GOOSE"": 4, ""COW"": 5}",0,5
171,7,3,1,192.0,9,9,2,"{""STRAWBERRY"": 21, ""MELON"": 12, ""WHEAT"": 1}","{""COW"": 4, ""SHEEP"": 3, ""GOOSE"": 4}",0,2
172,7,4,0,438.0,8,8,2,"{""STRAWBERRY"": 5, ""WHEAT"": 4, ""MELON"": 5}","{""SHEEP"": 3, ""GOOSE"": 4, ""COW"": 5}",0,3
172,7,4,1,362.0,9,9,2,"{""STRAWBERRY"": 21, ""MELON"": 12, ""WHEAT"": 1}","{""COW"": 4, ""SHEEP"": 3, ""GOOSE"": 4}",0,0
173,7,5,0,438.0,8,8,2,"{""STRAWBERRY"": 5, ""WHEAT"": 4, ""MELON"": 5}","{""SHEEP"": 3, ""GOOSE"": 4, ""COW"": 5}",0,3
173,7,5,1,362.0,9,9,2,"{""STRAWBERRY"": 21, ""MELON"": 12, ""WHEAT"": 1}","{""COW"": 4, ""SHEEP"": 3, ""GOOSE"": 4}",0,0
174,7,6,0,438.0,8,8,2,"{""STRAWBERRY"": 6, ""WHEAT"": 4, ""MELON"": 5}","{""SHEEP"": 3, ""GOOSE"": 5, ""COW"": 5}",0,3
174,7,6,1,262.0,9,9,2,"{""STRAWBERRY"": 21, ""MELON"": 12, ""WHEAT"": 1}","{""COW"": 4, ""SHEEP"": 3, ""GOOSE"": 4}",0,2
175,7,7,0,438.0,8,8,2,"{""STRAWBERRY"": 7, ""WHEAT"": 4, ""MELON"": 5}","{""SHEEP"": 3, ""GOOSE"": 5, ""COW"": 5}",0,3
175,7,7,1,176.0,9,9,2,"{""STRAWBERRY"": 21, ""MELON"": 12, ""WHEAT"": 1}","{""COW"": 4, ""SHEEP"": 3, ""GOOSE"": 4}",0,10
176,7,8,0,438.0,8,8,2,"{""STRAWBERRY"": 8, ""WHEAT"": 4, ""MELON"": 5, ""CARROT"": 1}","{""SHEEP"": 3, ""GOOSE"": 6, ""COW"": 5}",0,3
176,7,8,1,345.0,9,9,2,"{""STRAWBERRY"": 21, ""MELON"": 12, ""WHEAT"": 1}","{""COW"": 4, ""SHEEP"": 3, ""GOOSE"": 4}",0,0
177,7,9,0,438.0,8,8,2,"{""STRAWBERRY"": 8, ""WHEAT"": 3, ""MELON"": 5, ""CARROT"": 1}","{""SHEEP"": 3, ""GOOSE"": 6, ""COW"": 5}",0,3
177,7,9,1,217.0,9,9,2,"{""STRAWBERRY"": 21, ""MELON"": 12, ""WHEAT"": 1}","{""COW"": 4, ""SHEEP"": 3, ""GOOSE"": 4}",0,5
178,7,10,0,552.0,8,8,2,"{""STRAWBERRY"": 9, ""WHEAT"": 4, ""MELON"": 5, ""CARROT"": 2}","{""SHEEP"": 3, ""GOOSE"": 6, ""COW"": 5}",0,0
178,7,10,1,291.0,9,9,2,"{""STRAWBERRY"": 21, ""MELON"": 12, ""WHEAT"": 1}","{""COW"": 4, ""SHEEP"": 3, ""GOOSE"": 4}",0,0
179,7,11,0,552.0,8,8,2,"{""STRAWBERRY"": 10, ""WHEAT"": 5, ""MELON"": 5, ""CARROT"": 2}","{""SHEEP"": 3, ""GOOSE"": 6, ""COW"": 5}",0,0
179,7,11,1,192.0,9,9,2,"{""STRAWBERRY"": 21, ""MELON"": 12, ""WHEAT"": 1}","{""COW"": 4, ""SHEEP"": 3, ""GOOSE"": 4}",0,4
180,7,12,0,552.0,8,8,2,"{""STRAWBERRY"": 10, ""WHEAT"": 5, ""MELON"": 5, ""CARROT"": 2}","{""SHEEP"": 3, ""GOOSE"": 6, ""COW"": 5}",0,0
180,7,12,1,77.0,9,9,2,"{""STRAWBERRY"": 21, ""MELON"": 12, ""WHEAT"": 2}","{""COW"": 4, ""SHEEP"": 3, ""GOOSE"": 4}",0,7
181,7,13,0,552.0,8,8,2,"{""STRAWBERRY"": 11, ""WHEAT"": 5, ""MELON"": 5, ""CARROT"": 3}","{""SHEEP"": 3, ""GOOSE"": 6, ""COW"": 5}",0,0
181,7,13,1,151.0,9,9,2,"{""STRAWBERRY"": 22, ""MELON"": 12, ""WHEAT"": 2}","{""COW"": 4, ""SHEEP"": 3, ""GOOSE"": 4}",0,0
182,7,14,0,552.0,8,8,2,"{""STRAWBERRY"": 11, ""WHEAT"": 7, ""MELON"": 6, ""CARROT"": 3}","{""SHEEP"": 3, ""GOOSE"": 6, ""COW"": 5}",0,0
182,7,14,1,52.0,9,9,2,"{""STRAWBERRY"": 23, ""MELON"": 12, ""WHEAT"": 2}","{""COW"": 4, ""SHEEP"": 3, ""GOOSE"": 4}",0,4
183,7,15,0,552.0,8,8,2,"{""STRAWBERRY"": 11, ""WHEAT"": 7, ""MELON"": 6, ""CARROT"": 3}","{""SHEEP"": 3, ""GOOSE"": 6, ""COW"": 5}",0,0
183,7,15,1,136.0,9,9,2,"{""STRAWBERRY"": 23, ""MELON"": 12, ""WHEAT"": 2}","{""COW"": 4, ""SHEEP"": 3, ""GOOSE"": 4}",0,0
184,7,16,0,552.0,8,8,2,"{""STRAWBERRY"": 12, ""WHEAT"": 7, ""MELON"": 6, ""CARROT"": 3}","{""SHEEP"": 3, ""GOOSE"": 6, ""COW"": 5}",0,0
184,7,16,1,136.0,9,9,2,"{""STRAWBERRY"": 23, ""MELON"": 12, ""WHEAT"": 2}","{""COW"": 4, ""SHEEP"": 3, ""GOOSE"": 4}",0,0
185,7,17,0,552.0,8,8,2,"{""STRAWBERRY"": 13, ""WHEAT"": 8, ""MELON"": 6, ""CARROT"": 4}","{""SHEEP"": 3, ""GOOSE"": 6, ""COW"": 5}",0,0
185,7,17,1,36.0,9,9,2,"{""STRAWBERRY"": 23, ""MELON"": 12, ""WHEAT"": 2}","{""COW"": 4, ""SHEEP"": 3, ""GOOSE"": 4}",0,0
186,7,18,0,552.0,8,8,2,"{""STRAWBERRY"": 13, ""WHEAT"": 8, ""MELON"": 6, ""CARROT"": 4}","{""SHEEP"": 3, ""GOOSE"": 6, ""COW"": 5}",0,0
186,7,18,1,36.0,9,9,2,"{""STRAWBERRY"": 23, ""MELON"": 12, ""WHEAT"": 3}","{""COW"": 4, ""SHEEP"": 3, ""GOOSE"": 4}",0,0
187,7,19,0,552.0,8,8,2,"{""STRAWBERRY"": 13, ""WHEAT"": 8, ""MELON"": 6, ""CARROT"": 4}","{""SHEEP"": 3, ""GOOSE"": 6, ""COW"": 5}",0,0
187,7,19,1,36.0,9,9,2,"{""STRAWBERRY"": 23, ""MELON"": 12, ""WHEAT"": 3}","{""COW"": 4, ""SHEEP"": 3, ""GOOSE"": 4}",0,0
188,7,20,0,552.0,8,8,2,"{""STRAWBERRY"": 13, ""WHEAT"": 10, ""MELON"": 6, ""CARROT"": 4}","{""SHEEP"": 3, ""GOOSE"": 7, ""COW"": 5}",0,0
188,7,20,1,36.0,9,9,2,"{""STRAWBERRY"": 24, ""MELON"": 12, ""WHEAT"": 3}","{""COW"": 4, ""SHEEP"": 3, ""GOOSE"": 4}",0,0
189,7,21,0,552.0,8,8,2,"{""STRAWBERRY"": 13, ""WHEAT"": 10, ""MELON"": 6, ""CARROT"": 4}","{""SHEEP"": 3, ""GOOSE"": 7, ""COW"": 5}",0,0
189,7,21,1,36.0,9,9,2,"{""STRAWBERRY"": 24, ""MELON"": 12, ""WHEAT"": 3}","{""COW"": 4, ""SHEEP"": 3, ""GOOSE"": 4}",0,0
190,7,22,0,552.0,8,8,2,"{""STRAWBERRY"": 13, ""WHEAT"": 10, ""MELON"": 6, ""CARROT"": 4}","{""SHEEP"": 3, ""GOOSE"": 7, ""COW"": 5}",0,0
190,7,22,1,36.0,9,9,2,"{""STRAWBERRY"": 24, ""MELON"": 12, ""WHEAT"": 3}","{""COW"": 4, ""SHEEP"": 3, ""GOOSE"": 4}",0,0
191,7,23,0,552.0,8,8,2,"{""STRAWBERRY"": 13, ""WHEAT"": 11, ""MELON"": 6, ""CARROT"": 4}","{""SHEEP"": 3, ""GOOSE"": 7, ""COW"": 5}",0,0
191,7,23,1,36.0,9,9,2,"{""STRAWBERRY"": 24, ""MELON"": 12, ""WHEAT"": 3}","{""COW"": 4, ""SHEEP"": 3, ""GOOSE"": 4}",0,0
192,8,0,0,1335.0,0,0,2,"{""STRAWBERRY"": 13, ""WHEAT"": 11, ""MELON"": 6, ""CARROT"": 4}","{""SHEEP"": 3, ""GOOSE"": 8, ""COW"": 5}",0,5
192,8,0,1,36.0,0,0,2,"{""STRAWBERRY"": 24, ""MELON"": 12, ""WHEAT"": 3}","{""COW"": 4, ""SHEEP"": 3, ""GOOSE"": 4}",0,24
193,8,1,0,668.0,7,7,2,"{""STRAWBERRY"": 13, ""WHEAT"": 11, ""MELON"": 6, ""CARROT"": 4}","{""SHEEP"": 3, ""GOOSE"": 8, ""COW"": 5}",0,17
193,8,1,1,30.0,8,8,2,"{""STRAWBERRY"": 24, ""MELON"": 12, ""WHEAT"": 3}","{""COW"": 4, ""SHEEP"": 3, ""GOOSE"": 4}",0,24
194,8,2,0,647.0,8,8,2,"{""STRAWBERRY"": 13, ""WHEAT"": 11, ""MELON"": 6, ""CARROT"": 4}","{""SHEEP"": 3, ""GOOSE"": 8, ""COW"": 5}",0,2
194,8,2,1,30.0,8,8,2,"{""STRAWBERRY"": 24, ""MELON"": 12, ""WHEAT"": 3}","{""COW"": 4, ""SHEEP"": 3, ""GOOSE"": 4}",0,19
195,8,3,0,647.0,8,8,2,"{""STRAWBERRY"": 13, ""WHEAT"": 11, ""MELON"": 6, ""CARROT"": 4}","{""SHEEP"": 3, ""GOOSE"": 8, ""COW"": 5}",0,0
195,8,3,1,1087.0,9,9,2,"{""STRAWBERRY"": 24, ""MELON"": 12, ""WHEAT"": 3}","{""COW"": 4, ""SHEEP"": 3, ""GOOSE"": 4}",0,14
196,8,4,0,647.0,8,8,2,"{""STRAWBERRY"": 13, ""WHEAT"": 11, ""MELON"": 6, ""CARROT"": 4}","{""SHEEP"": 3, ""GOOSE"": 8, ""COW"": 5}",0,0
196,8,4,1,1168.0,9,9,2,"{""STRAWBERRY"": 24, ""MELON"": 12, ""WHEAT"": 3}","{""COW"": 4, ""SHEEP"": 3, ""GOOSE"": 4}",0,11
197,8,5,0,647.0,8,8,2,"{""STRAWBERRY"": 13, ""WHEAT"": 11, ""MELON"": 6, ""CARROT"": 4}","{""SHEEP"": 3, ""GOOSE"": 8, ""COW"": 5}",0,0
197,8,5,1,1249.0,9,9,2,"{""STRAWBERRY"": 24, ""MELON"": 12, ""WHEAT"": 3}","{""COW"": 4, ""SHEEP"": 3, ""GOOSE"": 4}",0,0
198,8,6,0,647.0,8,8,2,"{""STRAWBERRY"": 13, ""WHEAT"": 11, ""MELON"": 6, ""CARROT"": 4}","{""SHEEP"": 3, ""GOOSE"": 8, ""COW"": 5}",0,0
198,8,6,1,1249.0,9,9,2,"{""STRAWBERRY"": 24, ""MELON"": 12, ""WHEAT"": 3}","{""COW"": 4, ""SHEEP"": 3, ""GOOSE"": 4}",0,0
199,8,7,0,647.0,8,8,2,"{""STRAWBERRY"": 13, ""WHEAT"": 11, ""MELON"": 6, ""CARROT"": 4}","{""SHEEP"": 3, ""GOOSE"": 8, ""COW"": 5}",0,0
199,8,7,1,1249.0,9,9,2,"{""STRAWBERRY"": 24, ""MELON"": 12, ""WHEAT"": 3}","{""COW"": 4, ""SHEEP"": 3, ""GOOSE"": 4}",0,6
200,8,8,0,1533.0,8,8,2,"{""STRAWBERRY"": 13, ""WHEAT"": 11, ""MELON"": 6, ""CARROT"": 4}","{""SHEEP"": 3, ""GOOSE"": 8, ""COW"": 5}",0,0
200,8,8,1,2061.0,9,9,2,"{""STRAWBERRY"": 24, ""MELON"": 12, ""WHEAT"": 3}","{""COW"": 4, ""SHEEP"": 3, ""GOOSE"": 4}",0,5
201,8,9,0,1533.0,8,8,2,"{""STRAWBERRY"": 13, ""WHEAT"": 11, ""MELON"": 6, ""CARROT"": 4}","{""SHEEP"": 3, ""GOOSE"": 8, ""COW"": 5}",0,0
201,8,9,1,2141.0,9,9,2,"{""STRAWBERRY"": 24, ""MELON"": 12, ""WHEAT"": 3}","{""COW"": 4, ""SHEEP"": 3, ""GOOSE"": 4}",0,5
202,8,10,0,1533.0,8,8,2,"{""STRAWBERRY"": 13, ""WHEAT"": 10, ""MELON"": 6, ""CARROT"": 4}","{""SHEEP"": 3, ""GOOSE"": 8, ""COW"": 5}",0,0
202,8,10,1,2221.0,9,9,2,"{""STRAWBERRY"": 24, ""MELON"": 12, ""WHEAT"": 3}","{""COW"": 4, ""SHEEP"": 3, ""GOOSE"": 4}",0,4
203,8,11,0,2308.0,8,8,2,"{""STRAWBERRY"": 13, ""WHEAT"": 10, ""MELON"": 6, ""CARROT"": 4}","{""SHEEP"": 3, ""GOOSE"": 8, ""COW"": 5}",0,0
203,8,11,1,2221.0,9,9,2,"{""STRAWBERRY"": 24, ""MELON"": 12, ""WHEAT"": 3}","{""COW"": 4, ""SHEEP"": 3, ""GOOSE"": 4}",0,5
204,8,12,0,2308.0,8,8,2,"{""STRAWBERRY"": 13, ""WHEAT"": 10, ""MELON"": 6, ""CARROT"": 4}","{""SHEEP"": 4, ""GOOSE"": 8, ""COW"": 5}",0,0
204,8,12,1,2301.0,9,9,2,"{""STRAWBERRY"": 24, ""MELON"": 12, ""WHEAT"": 3}","{""COW"": 4, ""SHEEP"": 3, ""GOOSE"": 4}",0,0
205,8,13,0,2308.0,8,8,2,"{""STRAWBERRY"": 13, ""WHEAT"": 10, ""MELON"": 6, ""CARROT"": 4}","{""SHEEP"": 4, ""GOOSE"": 8, ""COW"": 5}",0,0
205,8,13,1,2291.0,9,9,2,"{""STRAWBERRY"": 24, ""MELON"": 12, ""WHEAT"": 3}","{""COW"": 4, ""SHEEP"": 3, ""GOOSE"": 4}",0,1
206,8,14,0,2308.0,8,8,2,"{""STRAWBERRY"": 13, ""WHEAT"": 10, ""MELON"": 6, ""CARROT"": 4}","{""SHEEP"": 4, ""GOOSE"": 8, ""COW"": 5}",0,0
206,8,14,1,2370.0,9,9,2,"{""STRAWBERRY"": 24, ""MELON"": 12, ""WHEAT"": 3}","{""COW"": 4, ""SHEEP"": 3, ""GOOSE"": 4}",0,0
207,8,15,0,2308.0,8,8,2,"{""STRAWBERRY"": 13, ""WHEAT"": 10, ""MELON"": 6, ""CARROT"": 4}","{""SHEEP"": 4, ""GOOSE"": 8, ""COW"": 5}",0,0
207,8,15,1,2370.0,9,9,2,"{""STRAWBERRY"": 24, ""MELON"": 12, ""WHEAT"": 3}","{""COW"": 4, ""SHEEP"": 3, ""GOOSE"": 4}",0,0
208,8,16,0,2308.0,8,8,2,"{""STRAWBERRY"": 13, ""WHEAT"": 10, ""MELON"": 6, ""CARROT"": 4}","{""SHEEP"": 4, ""GOOSE"": 8, ""COW"": 5}",0,0
208,8,16,1,2370.0,9,9,2,"{""STRAWBERRY"": 24, ""MELON"": 12, ""WHEAT"": 3}","{""COW"": 4, ""SHEEP"": 3, ""GOOSE"": 4}",0,2
209,8,17,0,2308.0,8,8,2,"{""STRAWBERRY"": 13, ""WHEAT"": 10, ""MELON"": 6, ""CARROT"": 4}","{""SHEEP"": 4, ""GOOSE"": 8, ""COW"": 5}",0,0
209,8,17,1,2528.0,9,9,2,"{""STRAWBERRY"": 24, ""MELON"": 12, ""WHEAT"": 3}","{""COW"": 4, ""SHEEP"": 3, ""GOOSE"": 4}",0,7
210,8,18,0,2308.0,8,8,2,"{""STRAWBERRY"": 13, ""WHEAT"": 10, ""MELON"": 6, ""CARROT"": 4}","{""SHEEP"": 4, ""GOOSE"": 8, ""COW"": 5}",0,0
210,8,18,1,2607.0,9,9,2,"{""STRAWBERRY"": 24, ""MELON"": 12, ""WHEAT"": 2}","{""COW"": 4, ""SHEEP"": 3, ""GOOSE"": 4}",0,1
211,8,19,0,2308.0,8,8,2,"{""STRAWBERRY"": 13, ""WHEAT"": 10, ""MELON"": 6, ""CARROT"": 4}","{""SHEEP"": 4, ""GOOSE"": 8, ""COW"": 5}",0,0
211,8,19,1,2607.0,9,9,2,"{""STRAWBERRY"": 24, ""MELON"": 12, ""WHEAT"": 3}","{""COW"": 4, ""SHEEP"": 3, ""GOOSE"": 4}",0,0
212,8,20,0,2308.0,8,8,2,"{""STRAWBERRY"": 13, ""WHEAT"": 10, ""MELON"": 6, ""CARROT"": 4}","{""SHEEP"": 4, ""GOOSE"": 8, ""COW"": 5}",0,0
212,8,20,1,2597.0,9,9,2,"{""STRAWBERRY"": 24, ""MELON"": 12, ""WHEAT"": 3}","{""COW"": 4, ""SHEEP"": 3, ""GOOSE"": 4}",0,13
213,8,21,0,3210.0,8,8,2,"{""STRAWBERRY"": 13, ""WHEAT"": 10, ""MELON"": 6, ""CARROT"": 4}","{""SHEEP"": 4, ""GOOSE"": 8, ""COW"": 5}",0,0
213,8,21,1,2597.0,9,9,2,"{""STRAWBERRY"": 24, ""MELON"": 12, ""WHEAT"": 3}","{""COW"": 4, ""SHEEP"": 3, ""GOOSE"": 4}",0,7
214,8,22,0,3210.0,8,8,2,"{""STRAWBERRY"": 13, ""WHEAT"": 10, ""MELON"": 6, ""CARROT"": 4}","{""SHEEP"": 4, ""GOOSE"": 8, ""COW"": 5}",0,0
214,8,22,1,2597.0,9,9,2,"{""STRAWBERRY"": 24, ""MELON"": 12, ""WHEAT"": 3}","{""COW"": 4, ""SHEEP"": 3, ""GOOSE"": 4}",0,4
215,8,23,0,3210.0,8,8,2,"{""STRAWBERRY"": 13, ""WHEAT"": 10, ""MELON"": 6, ""CARROT"": 4}","{""SHEEP"": 4, ""GOOSE"": 8, ""COW"": 5}",0,0
215,8,23,1,2597.0,9,9,2,"{""STRAWBERRY"": 24, ""MELON"": 12, ""WHEAT"": 3}","{""COW"": 4, ""SHEEP"": 3, ""GOOSE"": 4}",0,1
216,9,0,0,3778.0,0,0,2,"{""STRAWBERRY"": 13, ""WHEAT"": 10, ""MELON"": 6, ""CARROT"": 4}","{""SHEEP"": 4, ""GOOSE"": 8, ""COW"": 5}",0,8
216,9,0,1,2597.0,0,0,2,"{""STRAWBERRY"": 24, ""MELON"": 12, ""WHEAT"": 3}","{""COW"": 4, ""SHEEP"": 3, ""GOOSE"": 4}",0,21
217,9,1,0,777.0,3,3,3,"{""STRAWBERRY"": 13, ""WHEAT"": 10, ""MELON"": 6, ""CARROT"": 4}","{""SHEEP"": 4, ""GOOSE"": 8, ""COW"": 5}",0,5
217,9,1,1,2297.0,8,8,2,"{""STRAWBERRY"": 24, ""MELON"": 12, ""WHEAT"": 3}","{""COW"": 4, ""SHEEP"": 3, ""GOOSE"": 4}",0,20
218,9,2,0,727.0,8,8,3,"{""STRAWBERRY"": 13, ""WHEAT"": 10, ""MELON"": 6, ""CARROT"": 4}","{""SHEEP"": 4, ""GOOSE"": 8, ""COW"": 5}",0,5
218,9,2,1,2208.0,10,10,2,"{""STRAWBERRY"": 24, ""MELON"": 12, ""WHEAT"": 3}","{""COW"": 4, ""SHEEP"": 3, ""GOOSE"": 4}",0,4
219,9,3,0,727.0,8,8,3,"{""STRAWBERRY"": 13, ""WHEAT"": 10, ""MELON"": 6, ""CARROT"": 4}","{""SHEEP"": 4, ""GOOSE"": 8, ""COW"": 5}",0,2
219,9,3,1,2208.0,10,10,2,"{""STRAWBERRY"": 24, ""MELON"": 12, ""WHEAT"": 3}","{""COW"": 4, ""SHEEP"": 3, ""GOOSE"": 4}",0,3
220,9,4,0,727.0,8,8,3,"{""STRAWBERRY"": 13, ""WHEAT"": 11, ""MELON"": 6, ""CARROT"": 4}","{""SHEEP"": 4, ""GOOSE"": 8, ""COW"": 5}",0,0
220,9,4,1,208.0,10,10,3,"{""STRAWBERRY"": 24, ""MELON"": 12, ""WHEAT"": 3}","{""COW"": 4, ""SHEEP"": 3, ""GOOSE"": 4}",0,7
221,9,5,0,727.0,8,8,3,"{""STRAWBERRY"": 13, ""WHEAT"": 11, ""MELON"": 6, ""CARROT"": 4}","{""SHEEP"": 4, ""GOOSE"": 8, ""COW"": 5}",0,0
221,9,5,1,1003.0,10,10,3,"{""STRAWBERRY"": 24, ""MELON"": 12, ""WHEAT"": 3}","{""COW"": 4, ""SHEEP"": 3, ""GOOSE"": 4}",0,5
222,9,6,0,802.0,8,8,3,"{""STRAWBERRY"": 13, ""WHEAT"": 12, ""MELON"": 6, ""CARROT"": 4}","{""SHEEP"": 5, ""GOOSE"": 8, ""COW"": 5}",0,0
222,9,6,1,1530.0,10,10,3,"{""STRAWBERRY"": 24, ""MELON"": 12, ""WHEAT"": 3}","{""COW"": 4, ""SHEEP"": 3, ""GOOSE"": 4}",0,6
223,9,7,0,802.0,8,8,3,"{""STRAWBERRY"": 13, ""WHEAT"": 12, ""MELON"": 6, ""CARROT"": 4}","{""SHEEP"": 5, ""GOOSE"": 8, ""COW"": 5}",0,0
223,9,7,1,1530.0,10,10,3,"{""STRAWBERRY"": 24, ""MELON"": 12, ""WHEAT"": 3}","{""COW"": 4, ""SHEEP"": 3, ""GOOSE"": 4}",0,7
224,9,8,0,802.0,8,8,3,"{""STRAWBERRY"": 13, ""WHEAT"": 12, ""MELON"": 7, ""CARROT"": 4}","{""SHEEP"": 5, ""GOOSE"": 8, ""COW"": 5}",0,0
224,9,8,1,1605.0,10,10,3,"{""STRAWBERRY"": 24, ""MELON"": 12, ""WHEAT"": 3}","{""COW"": 4, ""SHEEP"": 3, ""GOOSE"": 4}",0,5
225,9,9,0,802.0,8,8,3,"{""STRAWBERRY"": 13, ""WHEAT"": 12, ""MELON"": 7, ""CARROT"": 4}","{""SHEEP"": 5, ""GOOSE"": 8, ""COW"": 5}",0,0
225,9,9,1,1465.0,10,10,3,"{""STRAWBERRY"": 24, ""MELON"": 12, ""WHEAT"": 3}","{""COW"": 5, ""SHEEP"": 3, ""GOOSE"": 4}",0,9
226,9,10,0,802.0,8,8,3,"{""STRAWBERRY"": 13, ""WHEAT"": 12, ""MELON"": 7, ""CARROT"": 4}","{""SHEEP"": 5, ""GOOSE"": 8, ""COW"": 5}",0,0
226,9,10,1,1030.0,10,10,3,"{""STRAWBERRY"": 24, ""MELON"": 12, ""WHEAT"": 3}","{""COW"": 5, ""SHEEP"": 3, ""GOOSE"": 4}",0,9
227,9,11,0,802.0,8,8,3,"{""STRAWBERRY"": 13, ""WHEAT"": 13, ""MELON"": 9, ""CARROT"": 4}","{""SHEEP"": 5, ""GOOSE"": 8, ""COW"": 5}",0,0
227,9,11,1,1020.0,10,10,3,"{""STRAWBERRY"": 24, ""MELON"": 12, ""WHEAT"": 5}","{""COW"": 5, ""SHEEP"": 3, ""GOOSE"": 4}",0,9
228,9,12,0,802.0,8,8,3,"{""STRAWBERRY"": 13, ""WHEAT"": 13, ""MELON"": 9, ""CARROT"": 4}","{""SHEEP"": 5, ""GOOSE"": 8, ""COW"": 5}",0,0
228,9,12,1,585.0,10,10,3,"{""STRAWBERRY"": 24, ""MELON"": 12, ""WHEAT"": 6}","{""COW"": 5, ""SHEEP"": 3, ""GOOSE"": 4}",0,6
229,9,13,0,802.0,8,8,3,"{""STRAWBERRY"": 13, ""WHEAT"": 13, ""MELON"": 9, ""CARROT"": 4}","{""SHEEP"": 5, ""GOOSE"": 8, ""COW"": 5}",0,0
229,9,13,1,649.0,10,10,3,"{""STRAWBERRY"": 24, ""MELON"": 12, ""WHEAT"": 6}","{""COW"": 5, ""SHEEP"": 3, ""GOOSE"": 4}",0,4
230,9,14,0,802.0,8,8,3,"{""STRAWBERRY"": 13, ""WHEAT"": 14, ""MELON"": 9, ""CARROT"": 6}","{""SHEEP"": 5, ""GOOSE"": 8, ""COW"": 5}",0,0
230,9,14,1,609.0,10,10,3,"{""STRAWBERRY"": 24, ""MELON"": 12, ""WHEAT"": 8}","{""COW"": 5, ""SHEEP"": 4, ""GOOSE"": 4}",0,5
231,9,15,0,802.0,8,8,3,"{""STRAWBERRY"": 13, ""WHEAT"": 14, ""MELON"": 9, ""CARROT"": 6}","{""SHEEP"": 5, ""GOOSE"": 8, ""COW"": 5}",0,0
231,9,15,1,673.0,10,10,3,"{""STRAWBERRY"": 24, ""MELON"": 12, ""WHEAT"": 8}","{""COW"": 5, ""SHEEP"": 4, ""GOOSE"": 4}",0,4
232,9,16,0,802.0,8,8,3,"{""STRAWBERRY"": 13, ""WHEAT"": 14, ""MELON"": 9, ""CARROT"": 6}","{""SHEEP"": 6, ""GOOSE"": 8, ""COW"": 5}",0,0
232,9,16,1,663.0,10,10,3,"{""STRAWBERRY"": 24, ""MELON"": 12, ""WHEAT"": 9}","{""COW"": 5, ""SHEEP"": 4, ""GOOSE"": 4}",0,4
233,9,17,0,802.0,8,8,3,"{""STRAWBERRY"": 13, ""WHEAT"": 17, ""MELON"": 9, ""CARROT"": 6}","{""SHEEP"": 6, ""GOOSE"": 8, ""COW"": 5}",0,0
233,9,17,1,653.0,10,10,3,"{""STRAWBERRY"": 24, ""MELON"": 12, ""WHEAT"": 11}","{""COW"": 5, ""SHEEP"": 5, ""GOOSE"": 4}",0,4
234,9,18,0,802.0,8,8,3,"{""STRAWBERRY"": 13, ""WHEAT"": 17, ""MELON"": 9, ""CARROT"": 6}","{""SHEEP"": 6, ""GOOSE"": 8, ""COW"": 5}",0,0
234,9,18,1,643.0,10,10,3,"{""STRAWBERRY"": 24, ""MELON"": 12, ""WHEAT"": 11}","{""COW"": 5, ""SHEEP"": 5, ""GOOSE"": 4}",0,4
235,9,19,0,802.0,8,8,3,"{""STRAWBERRY"": 13, ""WHEAT"": 17, ""MELON"": 9, ""CARROT"": 6}","{""SHEEP"": 6, ""GOOSE"": 8, ""COW"": 5}",0,0
235,9,19,1,633.0,10,10,3,"{""STRAWBERRY"": 24, ""MELON"": 12, ""WHEAT"": 12}","{""COW"": 5, ""SHEEP"": 5, ""GOOSE"": 4}",0,5
236,9,20,0,802.0,8,8,3,"{""STRAWBERRY"": 13, ""WHEAT"": 18, ""MELON"": 9, ""CARROT"": 7}","{""SHEEP"": 6, ""GOOSE"": 8, ""COW"": 5}",0,0
236,9,20,1,697.0,10,10,3,"{""STRAWBERRY"": 24, ""MELON"": 12, ""WHEAT"": 15}","{""COW"": 5, ""SHEEP"": 5, ""GOOSE"": 4}",0,4
237,9,21,0,802.0,8,8,3,"{""STRAWBERRY"": 13, ""WHEAT"": 18, ""MELON"": 9, ""CARROT"": 7}","{""SHEEP"": 6, ""GOOSE"": 8, ""COW"": 5}",0,0
237,9,21,1,687.0,10,10,3,"{""STRAWBERRY"": 24, ""MELON"": 12, ""WHEAT"": 15}","{""COW"": 5, ""SHEEP"": 5, ""GOOSE"": 4}",0,4
238,9,22,0,802.0,8,8,3,"{""STRAWBERRY"": 13, ""WHEAT"": 18, ""MELON"": 9, ""CARROT"": 7}","{""SHEEP"": 6, ""GOOSE"": 8, ""COW"": 5}",0,0
238,9,22,1,677.0,10,10,3,"{""STRAWBERRY"": 24, ""MELON"": 12, ""WHEAT"": 16}","{""COW"": 5, ""SHEEP"": 5, ""GOOSE"": 4}",0,4
239,9,23,0,802.0,8,8,3,"{""STRAWBERRY"": 13, ""WHEAT"": 18, ""MELON"": 9, ""CARROT"": 8}","{""SHEEP"": 6, ""GOOSE"": 8, ""COW"": 5}",0,0
239,9,23,1,677.0,10,10,3,"{""STRAWBERRY"": 24, ""MELON"": 12, ""WHEAT"": 19}","{""COW"": 5, ""SHEEP"": 5, ""GOOSE"": 4}",0,4
240,10,0,0,802.0,0,0,3,"{""STRAWBERRY"": 13, ""WHEAT"": 18, ""MELON"": 9, ""CARROT"": 8}","{""SHEEP"": 6, ""GOOSE"": 8, ""COW"": 5}",0,19
240,10,0,1,677.0,0,0,3,"{""STRAWBERRY"": 24, ""MELON"": 12, ""WHEAT"": 19}","{""COW"": 5, ""SHEEP"": 5, ""GOOSE"": 4}",0,27
241,10,1,0,580.0,2,2,3,"{""STRAWBERRY"": 13, ""WHEAT"": 18, ""MELON"": 9, ""CARROT"": 8}","{""SHEEP"": 6, ""GOOSE"": 8, ""COW"": 5}",0,14
241,10,1,1,845.0,8,8,3,"{""STRAWBERRY"": 24, ""MELON"": 12, ""WHEAT"": 19}","{""COW"": 5, ""SHEEP"": 5, ""GOOSE"": 4}",0,25
242,10,2,0,439.0,10,10,3,"{""STRAWBERRY"": 13, ""WHEAT"": 18, ""MELON"": 9, ""CARROT"": 8}","{""SHEEP"": 6, ""GOOSE"": 8, ""COW"": 5}",0,14
242,10,2,1,5.0,11,11,3,"{""STRAWBERRY"": 24, ""MELON"": 12, ""WHEAT"": 19}","{""COW"": 5, ""SHEEP"": 5, ""GOOSE"": 4}",0,31
243,10,3,0,439.0,10,10,3,"{""STRAWBERRY"": 13, ""WHEAT"": 18, ""MELON"": 9, ""CARROT"": 8}","{""SHEEP"": 6, ""GOOSE"": 8, ""COW"": 5}",0,1
243,10,3,1,7.0,11,11,3,"{""STRAWBERRY"": 24, ""MELON"": 12, ""WHEAT"": 19}","{""COW"": 5, ""SHEEP"": 5, ""GOOSE"": 4}",0,34
244,10,4,0,439.0,10,10,3,"{""STRAWBERRY"": 13, ""WHEAT"": 18, ""MELON"": 9, ""CARROT"": 8}","{""SHEEP"": 6, ""GOOSE"": 8, ""COW"": 5}",0,0
244,10,4,1,7.0,11,11,3,"{""STRAWBERRY"": 24, ""MELON"": 12, ""WHEAT"": 19}","{""COW"": 5, ""SHEEP"": 5, ""GOOSE"": 4}",0,34
245,10,5,0,439.0,10,10,3,"{""STRAWBERRY"": 13, ""WHEAT"": 18, ""MELON"": 9, ""CARROT"": 8}","{""SHEEP"": 6, ""GOOSE"": 8, ""COW"": 5}",0,0
245,10,5,1,7.0,11,11,3,"{""STRAWBERRY"": 24, ""MELON"": 12, ""WHEAT"": 19}","{""COW"": 5, ""SHEEP"": 5, ""GOOSE"": 4}",0,34
246,10,6,0,439.0,10,10,3,"{""STRAWBERRY"": 13, ""WHEAT"": 18, ""MELON"": 9, ""CARROT"": 8}","{""SHEEP"": 6, ""GOOSE"": 8, ""COW"": 5}",0,0
246,10,6,1,7.0,11,11,3,"{""STRAWBERRY"": 24, ""MELON"": 11, ""WHEAT"": 19}","{""COW"": 5, ""SHEEP"": 5, ""GOOSE"": 4}",0,36
247,10,7,0,439.0,10,10,3,"{""STRAWBERRY"": 13, ""WHEAT"": 18, ""MELON"": 9, ""CARROT"": 8}","{""SHEEP"": 6, ""GOOSE"": 8, ""COW"": 5}",0,0
247,10,7,1,147.0,11,11,3,"{""STRAWBERRY"": 24, ""MELON"": 10, ""WHEAT"": 19}","{""COW"": 5, ""SHEEP"": 5, ""GOOSE"": 4}",0,34
248,10,8,0,439.0,10,10,3,"{""STRAWBERRY"": 14, ""WHEAT"": 18, ""MELON"": 9, ""CARROT"": 8}","{""SHEEP"": 6, ""GOOSE"": 8, ""COW"": 5}",0,0
248,10,8,1,147.0,11,11,3,"{""STRAWBERRY"": 24, ""MELON"": 7, ""WHEAT"": 19}","{""COW"": 5, ""SHEEP"": 5, ""GOOSE"": 4}",0,34
249,10,9,0,439.0,10,10,3,"{""STRAWBERRY"": 14, ""WHEAT"": 17, ""MELON"": 9, ""CARROT"": 7}","{""SHEEP"": 6, ""GOOSE"": 8, ""COW"": 5}",0,0
249,10,9,1,147.0,11,11,3,"{""STRAWBERRY"": 24, ""MELON"": 7, ""WHEAT"": 19}","{""COW"": 5, ""SHEEP"": 5, ""GOOSE"": 4}",0,34
250,10,10,0,933.0,10,10,3,"{""STRAWBERRY"": 14, ""WHEAT"": 16, ""MELON"": 10, ""CARROT"": 7}","{""SHEEP"": 6, ""GOOSE"": 8, ""COW"": 5}",0,0
250,10,10,1,147.0,11,11,3,"{""STRAWBERRY"": 24, ""MELON"": 7, ""WHEAT"": 19}","{""COW"": 5, ""SHEEP"": 5, ""GOOSE"": 4}",0,40
251,10,11,0,933.0,10,10,3,"{""STRAWBERRY"": 14, ""WHEAT"": 16, ""MELON"": 9, ""CARROT"": 8}","{""SHEEP"": 7, ""GOOSE"": 8, ""COW"": 5}",0,0
251,10,11,1,33.0,11,11,3,"{""STRAWBERRY"": 24, ""MELON"": 6, ""WHEAT"": 19}","{""COW"": 5, ""SHEEP"": 5, ""GOOSE"": 4}",0,45
252,10,12,0,933.0,10,10,3,"{""STRAWBERRY"": 14, ""WHEAT"": 16, ""MELON"": 10, ""CARROT"": 8}","{""SHEEP"": 8, ""GOOSE"": 8, ""COW"": 5}",0,0
252,10,12,1,2698.0,11,11,3,"{""STRAWBERRY"": 24, ""MELON"": 6, ""WHEAT"": 20}","{""COW"": 5, ""SHEEP"": 5, ""GOOSE"": 4}",0,40
253,10,13,0,933.0,10,10,3,"{""STRAWBERRY"": 14, ""MELON"": 11, ""WHEAT"": 16, ""CARROT"": 8}","{""SHEEP"": 8, ""GOOSE"": 8, ""COW"": 5}",0,0
253,10,13,1,3894.0,11,11,3,"{""STRAWBERRY"": 24, ""MELON"": 6, ""WHEAT"": 20}","{""COW"": 5, ""SHEEP"": 5, ""GOOSE"": 4}",0,54
254,10,14,0,933.0,10,10,3,"{""STRAWBERRY"": 14, ""MELON"": 11, ""WHEAT"": 16, ""CARROT"": 8}","{""SHEEP"": 8, ""GOOSE"": 8, ""COW"": 5}",0,0
254,10,14,1,6434.0,11,11,3,"{""STRAWBERRY"": 24, ""MELON"": 6, ""WHEAT"": 20}","{""COW"": 5, ""SHEEP"": 5, ""GOOSE"": 4}",0,34
255,10,15,0,933.0,10,10,3,"{""STRAWBERRY"": 14, ""MELON"": 11, ""WHEAT"": 16, ""CARROT"": 8}","{""SHEEP"": 8, ""GOOSE"": 8, ""COW"": 5}",0,0
255,10,15,1,6424.0,11,11,3,"{""STRAWBERRY"": 24, ""MELON"": 6, ""WHEAT"": 19}","{""COW"": 5, ""SHEEP"": 5, ""GOOSE"": 4}",0,33
256,10,16,0,933.0,10,10,3,"{""STRAWBERRY"": 14, ""MELON"": 11, ""WHEAT"": 16, ""CARROT"": 7}","{""SHEEP"": 8, ""GOOSE"": 8, ""COW"": 5}",0,0
256,10,16,1,6414.0,11,11,3,"{""STRAWBERRY"": 24, ""MELON"": 6, ""WHEAT"": 21}","{""COW"": 5, ""SHEEP"": 5, ""GOOSE"": 4}",0,30
257,10,17,0,933.0,10,10,3,"{""STRAWBERRY"": 14, ""MELON"": 10, ""WHEAT"": 16, ""CARROT"": 7}","{""SHEEP"": 8, ""GOOSE"": 8, ""COW"": 5}",0,0
257,10,17,1,6404.0,11,11,3,"{""STRAWBERRY"": 24, ""MELON"": 6, ""WHEAT"": 21}","{""COW"": 5, ""SHEEP"": 5, ""GOOSE"": 4}",0,30
258,10,18,0,933.0,10,10,3,"{""STRAWBERRY"": 14, ""MELON"": 10, ""WHEAT"": 16, ""CARROT"": 6}","{""SHEEP"": 8, ""GOOSE"": 8, ""COW"": 5}",0,0
258,10,18,1,6394.0,11,11,3,"{""STRAWBERRY"": 24, ""MELON"": 6, ""WHEAT"": 22}","{""COW"": 5, ""SHEEP"": 6, ""GOOSE"": 4}",0,30
259,10,19,0,933.0,10,10,3,"{""STRAWBERRY"": 14, ""MELON"": 10, ""WHEAT"": 16, ""TOMATO"": 1, ""CARROT"": 7}","{""SHEEP"": 8, ""GOOSE"": 8, ""COW"": 5}",0,0
259,10,19,1,6384.0,11,11,3,"{""STRAWBERRY"": 24, ""MELON"": 6, ""WHEAT"": 22}","{""COW"": 5, ""SHEEP"": 6, ""GOOSE"": 4}",0,30
260,10,20,0,933.0,10,10,3,"{""STRAWBERRY"": 14, ""MELON"": 9, ""WHEAT"": 16, ""TOMATO"": 1, ""CARROT"": 8}","{""SHEEP"": 8, ""GOOSE"": 8, ""COW"": 5}",0,0
260,10,20,1,6374.0,11,11,3,"{""STRAWBERRY"": 24, ""MELON"": 6, ""WHEAT"": 24}","{""SHEEP"": 7, ""COW"": 5, ""GOOSE"": 4}",0,30
261,10,21,0,933.0,10,10,3,"{""STRAWBERRY"": 14, ""MELON"": 9, ""WHEAT"": 16, ""TOMATO"": 1, ""CARROT"": 7}","{""SHEEP"": 8, ""GOOSE"": 8, ""COW"": 5}",0,0
261,10,21,1,6364.0,11,11,3,"{""STRAWBERRY"": 24, ""MELON"": 6, ""WHEAT"": 24}","{""SHEEP"": 7, ""COW"": 5, ""GOOSE"": 4}",0,30
262,10,22,0,933.0,10,10,3,"{""STRAWBERRY"": 14, ""MELON"": 9, ""WHEAT"": 16, ""TOMATO"": 1, ""CARROT"": 7}","{""SHEEP"": 8, ""GOOSE"": 8, ""COW"": 5}",0,0
262,10,22,1,6364.0,11,11,3,"{""STRAWBERRY"": 24, ""MELON"": 6, ""WHEAT"": 24}","{""SHEEP"": 7, ""COW"": 5, ""GOOSE"": 4}",0,33
263,10,23,0,933.0,10,10,3,"{""STRAWBERRY"": 14, ""MELON"": 8, ""WHEAT"": 16, ""TOMATO"": 1, ""CARROT"": 7}","{""SHEEP"": 8, ""GOOSE"": 8, ""COW"": 5}",0,0
263,10,23,1,6433.0,11,11,3,"{""STRAWBERRY"": 24, ""MELON"": 6, ""WHEAT"": 25}","{""SHEEP"": 7, ""COW"": 5, ""GOOSE"": 4}",0,32
264,11,0,0,933.0,0,0,3,"{""STRAWBERRY"": 14, ""MELON"": 8, ""WHEAT"": 16, ""TOMATO"": 1, ""CARROT"": 7}","{""SHEEP"": 8, ""GOOSE"": 8, ""COW"": 5}",0,85
264,11,0,1,6433.0,0,0,3,"{""STRAWBERRY"": 24, ""MELON"": 6, ""WHEAT"": 25}","{""SHEEP"": 7, ""COW"": 5, ""GOOSE"": 4}",0,76
265,11,1,0,6333.0,3,3,3,"{""STRAWBERRY"": 14, ""MELON"": 8, ""WHEAT"": 16, ""TOMATO"": 1, ""CARROT"": 7}","{""SHEEP"": 8, ""GOOSE"": 8, ""COW"": 5}",0,63
265,11,1,1,8461.0,8,8,3,"{""STRAWBERRY"": 24, ""MELON"": 6, ""WHEAT"": 25}","{""SHEEP"": 7, ""COW"": 5, ""GOOSE"": 4}",0,55
266,11,2,0,6462.0,11,11,3,"{""STRAWBERRY"": 14, ""MELON"": 8, ""WHEAT"": 16, ""TOMATO"": 1, ""CARROT"": 7}","{""SHEEP"": 8, ""GOOSE"": 8, ""COW"": 5}",0,52
266,11,2,1,8645.0,11,11,3,"{""STRAWBERRY"": 24, ""MELON"": 6, ""WHEAT"": 25}","{""SHEEP"": 7, ""COW"": 5, ""GOOSE"": 4}",0,27
267,11,3,0,6462.0,11,11,3,"{""STRAWBERRY"": 14, ""MELON"": 8, ""WHEAT"": 16, ""TOMATO"": 1, ""CARROT"": 7}","{""SHEEP"": 8, ""GOOSE"": 8, ""COW"": 5}",0,39
267,11,3,1,8645.0,11,11,3,"{""STRAWBERRY"": 24, ""MELON"": 6, ""WHEAT"": 25}","{""SHEEP"": 7, ""COW"": 5, ""GOOSE"": 4}",0,19
268,11,4,0,6462.0,11,11,3,"{""STRAWBERRY"": 14, ""MELON"": 8, ""WHEAT"": 16, ""TOMATO"": 1, ""CARROT"": 7}","{""SHEEP"": 8, ""GOOSE"": 8, ""COW"": 5}",0,39
268,11,4,1,8645.0,11,11,3,"{""STRAWBERRY"": 24, ""MELON"": 6, ""WHEAT"": 25}","{""SHEEP"": 7, ""COW"": 5, ""GOOSE"": 4}",0,19
269,11,5,0,6462.0,11,11,3,"{""STRAWBERRY"": 14, ""MELON"": 8, ""WHEAT"": 16, ""TOMATO"": 1, ""CARROT"": 7}","{""SHEEP"": 8, ""GOOSE"": 8, ""COW"": 5}",0,39
269,11,5,1,8645.0,11,11,3,"{""STRAWBERRY"": 24, ""MELON"": 5, ""WHEAT"": 25}","{""SHEEP"": 7, ""COW"": 5, ""GOOSE"": 4}",0,19
270,11,6,0,7192.0,11,11,3,"{""STRAWBERRY"": 14, ""MELON"": 8, ""WHEAT"": 15, ""TOMATO"": 1, ""CARROT"": 7}","{""SHEEP"": 8, ""GOOSE"": 8, ""COW"": 5}",0,28
270,11,6,1,8645.0,11,11,3,"{""STRAWBERRY"": 24, ""MELON"": 5, ""WHEAT"": 25}","{""SHEEP"": 7, ""COW"": 5, ""GOOSE"": 4}",0,19
271,11,7,0,7192.0,11,11,3,"{""STRAWBERRY"": 15, ""MELON"": 8, ""WHEAT"": 15, ""TOMATO"": 1, ""CARROT"": 7}","{""SHEEP"": 8, ""GOOSE"": 8, ""COW"": 5}",0,28
271,11,7,1,8645.0,11,11,3,"{""STRAWBERRY"": 24, ""MELON"": 3, ""WHEAT"": 25}","{""SHEEP"": 7, ""COW"": 5, ""GOOSE"": 4}",0,19
272,11,8,0,7192.0,11,11,3,"{""STRAWBERRY"": 15, ""MELON"": 8, ""WHEAT"": 14, ""TOMATO"": 1, ""CARROT"": 7}","{""SHEEP"": 9, ""GOOSE"": 8, ""COW"": 5}",0,28
272,11,8,1,8918.0,11,11,3,"{""STRAWBERRY"": 24, ""MELON"": 3, ""WHEAT"": 25}","{""SHEEP"": 7, ""COW"": 5, ""GOOSE"": 4}",0,18
273,11,9,0,7192.0,11,11,3,"{""STRAWBERRY"": 15, ""MELON"": 8, ""WHEAT"": 14, ""TOMATO"": 1, ""CARROT"": 7}","{""SHEEP"": 9, ""GOOSE"": 8, ""COW"": 5}",0,28
273,11,9,1,8418.0,11,11,3,"{""STRAWBERRY"": 24, ""MELON"": 3, ""WHEAT"": 25}","{""SHEEP"": 7, ""COW"": 5, ""GOOSE"": 4}",0,16
274,11,10,0,7857.0,11,11,3,"{""STRAWBERRY"": 15, ""MELON"": 8, ""WHEAT"": 14, ""TOMATO"": 1, ""CARROT"": 7}","{""SHEEP"": 9, ""GOOSE"": 8, ""COW"": 5}",0,22
274,11,10,1,8418.0,11,11,3,"{""STRAWBERRY"": 24, ""MELON"": 3, ""WHEAT"": 25}","{""SHEEP"": 7, ""COW"": 5, ""GOOSE"": 4}",0,15
275,11,11,0,7857.0,11,11,3,"{""STRAWBERRY"": 15, ""MELON"": 8, ""WHEAT"": 13, ""TOMATO"": 1, ""CARROT"": 7}","{""SHEEP"": 9, ""GOOSE"": 8, ""COW"": 5}",0,22
275,11,11,1,8418.0,11,11,3,"{""STRAWBERRY"": 24, ""MELON"": 3, ""WHEAT"": 24}","{""SHEEP"": 7, ""COW"": 5, ""GOOSE"": 4}",0,21
276,11,12,0,7857.0,11,11,3,"{""STRAWBERRY"": 16, ""MELON"": 8, ""WHEAT"": 13, ""TOMATO"": 1, ""CARROT"": 7}","{""SHEEP"": 9, ""GOOSE"": 8, ""COW"": 5}",0,22
276,11,12,1,7908.0,11,11,3,"{""STRAWBERRY"": 24, ""MELON"": 3, ""WHEAT"": 25}","{""SHEEP"": 7, ""COW"": 5, ""GOOSE"": 4}",0,28
277,11,13,0,8010.0,11,11,3,"{""STRAWBERRY"": 16, ""MELON"": 8, ""WHEAT"": 14, ""TOMATO"": 1, ""CARROT"": 7}","{""SHEEP"": 9, ""GOOSE"": 8, ""COW"": 5}",0,22
277,11,13,1,7898.0,11,11,3,"{""STRAWBERRY"": 24, ""MELON"": 3, ""WHEAT"": 25}","{""SHEEP"": 7, ""COW"": 5, ""GOOSE"": 4}",0,27
278,11,14,0,8010.0,11,11,3,"{""STRAWBERRY"": 16, ""MELON"": 8, ""WHEAT"": 13, ""TOMATO"": 1, ""CARROT"": 7}","{""SHEEP"": 9, ""GOOSE"": 8, ""COW"": 5}",0,22
278,11,14,1,7898.0,11,11,3,"{""STRAWBERRY"": 24, ""MELON"": 3, ""WHEAT"": 24}","{""SHEEP"": 8, ""COW"": 5, ""GOOSE"": 4}",0,25
279,11,15,0,8010.0,11,11,3,"{""STRAWBERRY"": 16, ""MELON"": 8, ""WHEAT"": 14, ""TOMATO"": 1, ""CARROT"": 7}","{""SHEEP"": 9, ""GOOSE"": 8, ""COW"": 5}",0,22
279,11,15,1,7888.0,11,11,3,"{""STRAWBERRY"": 24, ""MELON"": 3, ""WHEAT"": 25}","{""SHEEP"": 8, ""COW"": 5, ""GOOSE"": 4}",0,25
280,11,16,0,8010.0,11,11,3,"{""STRAWBERRY"": 16, ""MELON"": 8, ""WHEAT"": 14, ""TOMATO"": 1, ""CARROT"": 7}","{""SHEEP"": 9, ""GOOSE"": 8, ""COW"": 5}",0,22
280,11,16,1,7878.0,11,11,3,"{""STRAWBERRY"": 24, ""MELON"": 3, ""WHEAT"": 23}","{""SHEEP"": 8, ""COW"": 5, ""GOOSE"": 4}",0,25
281,11,17,0,8010.0,11,11,3,"{""STRAWBERRY"": 16, ""MELON"": 8, ""WHEAT"": 14, ""TOMATO"": 1, ""CARROT"": 7}","{""SHEEP"": 9, ""GOOSE"": 8, ""COW"": 5}",0,22
281,11,17,1,7868.0,11,11,3,"{""STRAWBERRY"": 24, ""MELON"": 2, ""WHEAT"": 25}","{""SHEEP"": 8, ""COW"": 5, ""GOOSE"": 4}",0,24
282,11,18,0,8010.0,11,11,3,"{""STRAWBERRY"": 17, ""MELON"": 8, ""WHEAT"": 14, ""TOMATO"": 1, ""CARROT"": 7}","{""SHEEP"": 9, ""GOOSE"": 8, ""COW"": 5}",0,22
282,11,18,1,7858.0,11,11,3,"{""STRAWBERRY"": 24, ""MELON"": 2, ""WHEAT"": 26}","{""SHEEP"": 8, ""COW"": 5, ""GOOSE"": 4}",0,23
283,11,19,0,8010.0,11,11,3,"{""STRAWBERRY"": 18, ""MELON"": 9, ""WHEAT"": 14, ""TOMATO"": 1, ""CARROT"": 7}","{""SHEEP"": 9, ""GOOSE"": 8, ""COW"": 5}",0,22
283,11,19,1,7848.0,11,11,3,"{""STRAWBERRY"": 24, ""MELON"": 2, ""WHEAT"": 26}","{""SHEEP"": 9, ""COW"": 5, ""GOOSE"": 4}",0,22
284,11,20,0,8010.0,11,11,3,"{""STRAWBERRY"": 18, ""MELON"": 9, ""WHEAT"": 14, ""TOMATO"": 1, ""CARROT"": 7}","{""SHEEP"": 9, ""GOOSE"": 8, ""COW"": 5}",0,22
284,11,20,1,7838.0,11,11,3,"{""STRAWBERRY"": 24, ""MELON"": 2, ""WHEAT"": 27}","{""SHEEP"": 9, ""COW"": 5, ""GOOSE"": 4}",0,22
285,11,21,0,8010.0,11,11,3,"{""STRAWBERRY"": 18, ""MELON"": 9, ""WHEAT"": 13, ""TOMATO"": 1, ""CARROT"": 7}","{""SHEEP"": 9, ""GOOSE"": 8, ""COW"": 5}",0,22
285,11,21,1,7838.0,11,11,3,"{""STRAWBERRY"": 24, ""MELON"": 2, ""WHEAT"": 26}","{""SHEEP"": 9, ""COW"": 5, ""GOOSE"": 4}",0,22
286,11,22,0,8010.0,11,11,3,"{""STRAWBERRY"": 19, ""MELON"": 9, ""WHEAT"": 14, ""TOMATO"": 1, ""CARROT"": 7}","{""SHEEP"": 9, ""GOOSE"": 8, ""COW"": 5}",0,22
286,11,22,1,8056.0,11,11,3,"{""STRAWBERRY"": 24, ""MELON"": 2, ""WHEAT"": 27}","{""SHEEP"": 9, ""COW"": 5, ""GOOSE"": 4}",0,21
287,11,23,0,8010.0,11,11,3,"{""STRAWBERRY"": 19, ""MELON"": 9, ""WHEAT"": 15, ""TOMATO"": 1, ""CARROT"": 8}","{""SHEEP"": 9, ""GOOSE"": 8, ""COW"": 5}",0,22
287,11,23,1,8056.0,11,11,3,"{""STRAWBERRY"": 24, ""MELON"": 2, ""WHEAT"": 27}","{""SHEEP"": 9, ""COW"": 5, ""GOOSE"": 4}",0,21
288,12,0,0,8010.0,0,0,3,"{""STRAWBERRY"": 19, ""MELON"": 9, ""WHEAT"": 15, ""TOMATO"": 1, ""CARROT"": 8}","{""SHEEP"": 9, ""GOOSE"": 8, ""COW"": 5}",0,83
288,12,0,1,8056.0,0,0,3,"{""STRAWBERRY"": 24, ""MELON"": 2, ""WHEAT"": 27}","{""SHEEP"": 9, ""COW"": 5, ""GOOSE"": 4}",1,83
289,12,1,0,10175.0,4,4,3,"{""STRAWBERRY"": 19, ""MELON"": 9, ""WHEAT"": 15, ""TOMATO"": 1, ""CARROT"": 8}","{""SHEEP"": 9, ""GOOSE"": 8, ""COW"": 5}",0,34
289,12,1,1,8758.0,8,8,3,"{""STRAWBERRY"": 24, ""MELON"": 2, ""WHEAT"": 27}","{""SHEEP"": 9, ""COW"": 5, ""GOOSE"": 4}",1,71
290,12,2,0,10094.0,9,9,3,"{""STRAWBERRY"": 19, ""MELON"": 9, ""WHEAT"": 15, ""TOMATO"": 1, ""CARROT"": 8}","{""SHEEP"": 9, ""GOOSE"": 8, ""COW"": 5}",0,34
290,12,2,1,8480.0,11,11,3,"{""STRAWBERRY"": 24, ""MELON"": 2, ""WHEAT"": 27}","{""SHEEP"": 9, ""COW"": 5, ""GOOSE"": 4}",1,59
291,12,3,0,10094.0,9,9,3,"{""STRAWBERRY"": 19, ""MELON"": 9, ""WHEAT"": 15, ""TOMATO"": 1, ""CARROT"": 8}","{""SHEEP"": 9, ""GOOSE"": 8, ""COW"": 5}",0,22
291,12,3,1,8480.0,11,11,3,"{""STRAWBERRY"": 24, ""MELON"": 2, ""WHEAT"": 27}","{""SHEEP"": 9, ""COW"": 5, ""GOOSE"": 4}",1,47
292,12,4,0,10094.0,9,9,3,"{""STRAWBERRY"": 19, ""MELON"": 9, ""WHEAT"": 14, ""TOMATO"": 1, ""CARROT"": 8}","{""SHEEP"": 9, ""GOOSE"": 8, ""COW"": 5}",0,22
292,12,4,1,8480.0,11,11,3,"{""STRAWBERRY"": 24, ""MELON"": 2, ""WHEAT"": 27}","{""SHEEP"": 9, ""COW"": 5, ""GOOSE"": 4}",1,47
293,12,5,0,10094.0,9,9,3,"{""STRAWBERRY"": 19, ""MELON"": 9, ""WHEAT"": 14, ""TOMATO"": 1, ""CARROT"": 9}","{""SHEEP"": 9, ""GOOSE"": 8, ""COW"": 5}",0,22
293,12,5,1,8480.0,11,11,3,"{""STRAWBERRY"": 24, ""MELON"": 2, ""WHEAT"": 26}","{""SHEEP"": 9, ""COW"": 5, ""GOOSE"": 4}",1,51
294,12,6,0,10094.0,9,9,3,"{""STRAWBERRY"": 19, ""MELON"": 9, ""WHEAT"": 14, ""TOMATO"": 1, ""CARROT"": 9}","{""SHEEP"": 9, ""GOOSE"": 8, ""COW"": 5}",0,22
294,12,6,1,8480.0,11,11,3,"{""STRAWBERRY"": 24, ""MELON"": 2, ""WHEAT"": 27}","{""SHEEP"": 9, ""COW"": 5, ""GOOSE"": 4}",1,47
295,12,7,0,10094.0,9,9,3,"{""STRAWBERRY"": 19, ""MELON"": 9, ""WHEAT"": 13, ""TOMATO"": 1, ""CARROT"": 9}","{""SHEEP"": 9, ""GOOSE"": 8, ""COW"": 5}",0,22
295,12,7,1,8480.0,11,11,3,"{""STRAWBERRY"": 24, ""MELON"": 1, ""WHEAT"": 27}","{""SHEEP"": 9, ""COW"": 5, ""GOOSE"": 4}",1,47
296,12,8,0,10094.0,9,9,3,"{""STRAWBERRY"": 19, ""MELON"": 9, ""WHEAT"": 14, ""TOMATO"": 1, ""CARROT"": 9}","{""SHEEP"": 9, ""GOOSE"": 8, ""COW"": 5}",0,22
296,12,8,1,8380.0,11,11,3,"{""STRAWBERRY"": 24, ""MELON"": 1, ""WHEAT"": 27}","{""SHEEP"": 9, ""COW"": 5, ""GOOSE"": 4}",1,49
297,12,9,0,10094.0,9,9,3,"{""STRAWBERRY"": 19, ""MELON"": 9, ""WHEAT"": 14, ""TOMATO"": 1, ""CARROT"": 8}","{""SHEEP"": 9, ""GOOSE"": 8, ""COW"": 5}",0,22
297,12,9,1,8380.0,11,11,3,"{""STRAWBERRY"": 24, ""MELON"": 1, ""WHEAT"": 27}","{""SHEEP"": 9, ""COW"": 5, ""GOOSE"": 4}",1,49
298,12,10,0,10094.0,9,9,3,"{""STRAWBERRY"": 19, ""MELON"": 9, ""WHEAT"": 13, ""TOMATO"": 1, ""CARROT"": 9}","{""SHEEP"": 9, ""GOOSE"": 8, ""COW"": 5}",0,22
298,12,10,1,8603.0,11,11,3,"{""STRAWBERRY"": 24, ""MELON"": 1, ""WHEAT"": 26}","{""SHEEP"": 9, ""COW"": 5, ""GOOSE"": 4}",1,48
299,12,11,0,10094.0,9,9,3,"{""STRAWBERRY"": 19, ""MELON"": 9, ""WHEAT"": 13, ""TOMATO"": 1, ""CARROT"": 10}","{""SHEEP"": 9, ""GOOSE"": 8, ""COW"": 5}",0,22
299,12,11,1,8821.0,11,11,3,"{""STRAWBERRY"": 24, ""MELON"": 1, ""WHEAT"": 27}","{""SHEEP"": 9, ""COW"": 5, ""GOOSE"": 4}",1,42
300,12,12,0,10094.0,9,9,3,"{""STRAWBERRY"": 19, ""MELON"": 9, ""WHEAT"": 13, ""TOMATO"": 1, ""CARROT"": 10}","{""SHEEP"": 9, ""GOOSE"": 8, ""COW"": 5}",0,22
300,12,12,1,8811.0,11,11,3,"{""STRAWBERRY"": 24, ""WHEAT"": 27}","{""SHEEP"": 9, ""COW"": 5, ""GOOSE"": 4}",1,42
301,12,13,0,10094.0,9,9,3,"{""STRAWBERRY"": 19, ""MELON"": 9, ""WHEAT"": 13, ""TOMATO"": 1, ""CARROT"": 10}","{""SHEEP"": 9, ""GOOSE"": 8, ""COW"": 5}",0,22
301,12,13,1,8701.0,11,11,3,"{""STRAWBERRY"": 25, ""WHEAT"": 27}","{""SHEEP"": 9, ""COW"": 5, ""GOOSE"": 4}",1,42
302,12,14,0,10094.0,9,9,3,"{""STRAWBERRY"": 19, ""MELON"": 9, ""WHEAT"": 12, ""TOMATO"": 1, ""CARROT"": 9}","{""SHEEP"": 9, ""GOOSE"": 8, ""COW"": 5}",0,22
302,12,14,1,8924.0,11,11,3,"{""STRAWBERRY"": 25, ""WHEAT"": 26}","{""SHEEP"": 9, ""COW"": 5, ""GOOSE"": 4}",1,50
303,12,15,0,10094.0,9,9,3,"{""STRAWBERRY"": 20, ""MELON"": 9, ""WHEAT"": 12, ""TOMATO"": 1, ""CARROT"": 9}","{""SHEEP"": 9, ""GOOSE"": 8, ""COW"": 5}",0,22
303,12,15,1,8973.0,11,11,3,"{""STRAWBERRY"": 25, ""WHEAT"": 26}","{""SHEEP"": 9, ""COW"": 5, ""GOOSE"": 4}",1,49
304,12,16,0,10094.0,9,9,3,"{""STRAWBERRY"": 20, ""MELON"": 9, ""WHEAT"": 13, ""TOMATO"": 1, ""CARROT"": 9}","{""SHEEP"": 9, ""GOOSE"": 8, ""COW"": 5}",0,22
304,12,16,1,8963.0,11,11,3,"{""STRAWBERRY"": 25, ""WHEAT"": 28}","{""SHEEP"": 9, ""COW"": 5, ""GOOSE"": 4}",1,49
305,12,17,0,10094.0,9,9,3,"{""STRAWBERRY"": 20, ""MELON"": 9, ""WHEAT"": 13, ""TOMATO"": 1, ""CARROT"": 9}","{""SHEEP"": 9, ""GOOSE"": 8, ""COW"": 5}",0,22
305,12,17,1,8953.0,11,11,3,"{""STRAWBERRY"": 25, ""WHEAT"": 28}","{""SHEEP"": 9, ""COW"": 5, ""GOOSE"": 4}",1,49
306,12,18,0,10094.0,9,9,3,"{""STRAWBERRY"": 20, ""MELON"": 9, ""WHEAT"": 13, ""TOMATO"": 1, ""CARROT"": 9}","{""SHEEP"": 9, ""GOOSE"": 8, ""COW"": 5}",0,22
306,12,18,1,9177.0,11,11,3,"{""STRAWBERRY"": 25, ""WHEAT"": 28}","{""SHEEP"": 9, ""COW"": 5, ""GOOSE"": 4}",1,61
307,12,19,0,10094.0,9,9,3,"{""STRAWBERRY"": 20, ""MELON"": 9, ""WHEAT"": 13, ""TOMATO"": 1, ""CARROT"": 9}","{""SHEEP"": 9, ""GOOSE"": 8, ""COW"": 5}",0,22
307,12,19,1,9344.0,11,11,3,"{""STRAWBERRY"": 26, ""WHEAT"": 28}","{""SHEEP"": 9, ""COW"": 5, ""GOOSE"": 4}",1,58
308,12,20,0,10094.0,9,9,3,"{""STRAWBERRY"": 20, ""MELON"": 9, ""WHEAT"": 12, ""TOMATO"": 1, ""CARROT"": 8}","{""SHEEP"": 9, ""GOOSE"": 8, ""COW"": 5}",0,22
308,12,20,1,9344.0,11,11,3,"{""STRAWBERRY"": 26, ""WHEAT"": 27}","{""SHEEP"": 9, ""COW"": 5, ""GOOSE"": 4}",1,58
309,12,21,0,10094.0,9,9,3,"{""STRAWBERRY"": 21, ""MELON"": 9, ""WHEAT"": 13, ""TOMATO"": 1, ""CARROT"": 8}","{""SHEEP"": 9, ""GOOSE"": 8, ""COW"": 5}",0,22
309,12,21,1,9334.0,11,11,3,"{""STRAWBERRY"": 26, ""WHEAT"": 28}","{""SHEEP"": 9, ""COW"": 5, ""GOOSE"": 4}",1,58
310,12,22,0,10324.0,9,9,3,"{""STRAWBERRY"": 21, ""MELON"": 9, ""WHEAT"": 12, ""TOMATO"": 1, ""CARROT"": 7}","{""SHEEP"": 9, ""GOOSE"": 8, ""COW"": 5}",0,22
310,12,22,1,10016.0,11,11,3,"{""STRAWBERRY"": 26, ""WHEAT"": 28}","{""SHEEP"": 9, ""COW"": 5, ""GOOSE"": 4}",1,54
311,12,23,0,10324.0,9,9,3,"{""STRAWBERRY"": 21, ""MELON"": 9, ""WHEAT"": 14, ""TOMATO"": 1, ""CARROT"": 8}","{""SHEEP"": 9, ""GOOSE"": 8, ""COW"": 5}",0,22
311,12,23,1,10912.0,11,11,3,"{""STRAWBERRY"": 26, ""WHEAT"": 28}","{""SHEEP"": 9, ""COW"": 5, ""GOOSE"": 4}",1,34
312,13,0,0,10324.0,0,0,3,"{""STRAWBERRY"": 21, ""MELON"": 9, ""WHEAT"": 14, ""TOMATO"": 1, ""CARROT"": 8}","{""SHEEP"": 9, ""GOOSE"": 8, ""COW"": 5}",0,94
312,13,0,1,12228.0,0,0,3,"{""STRAWBERRY"": 26, ""WHEAT"": 27}","{""SHEEP"": 9, ""COW"": 5, ""GOOSE"": 4}",2,94
313,13,1,0,13447.0,2,2,3,"{""STRAWBERRY"": 21, ""MELON"": 9, ""WHEAT"": 14, ""TOMATO"": 1, ""CARROT"": 8}","{""SHEEP"": 9, ""GOOSE"": 8, ""COW"": 5}",0,49
313,13,1,1,12857.0,8,8,3,"{""STRAWBERRY"": 26, ""WHEAT"": 27}","{""SHEEP"": 9, ""COW"": 5, ""GOOSE"": 4}",2,78
314,13,2,0,13306.0,10,10,3,"{""STRAWBERRY"": 21, ""MELON"": 9, ""WHEAT"": 14, ""TOMATO"": 1, ""CARROT"": 8}","{""SHEEP"": 9, ""GOOSE"": 8, ""COW"": 5}",0,47
314,13,2,1,12261.0,11,11,3,"{""STRAWBERRY"": 26, ""WHEAT"": 27}","{""SHEEP"": 9, ""COW"": 5, ""GOOSE"": 4}",2,73
315,13,3,0,13306.0,10,10,3,"{""STRAWBERRY"": 21, ""MELON"": 9, ""WHEAT"": 14, ""TOMATO"": 1, ""CARROT"": 8}","{""SHEEP"": 9, ""GOOSE"": 8, ""COW"": 5}",0,33
315,13,3,1,12261.0,11,11,3,"{""STRAWBERRY"": 26, ""WHEAT"": 27}","{""SHEEP"": 9, ""COW"": 5, ""GOOSE"": 4}",2,66
316,13,4,0,13306.0,10,10,3,"{""STRAWBERRY"": 21, ""MELON"": 9, ""WHEAT"": 14, ""TOMATO"": 1, ""CARROT"": 8}","{""SHEEP"": 9, ""GOOSE"": 8, ""COW"": 5}",0,33
316,13,4,1,12261.0,11,11,3,"{""STRAWBERRY"": 26, ""WHEAT"": 27}","{""SHEEP"": 9, ""COW"": 5, ""GOOSE"": 4}",2,66
317,13,5,0,13306.0,10,10,3,"{""STRAWBERRY"": 21, ""MELON"": 9, ""WHEAT"": 13, ""TOMATO"": 1, ""CARROT"": 8}","{""SHEEP"": 9, ""GOOSE"": 8, ""COW"": 5}",0,33
317,13,5,1,12261.0,11,11,3,"{""STRAWBERRY"": 26, ""WHEAT"": 26}","{""SHEEP"": 9, ""COW"": 5, ""GOOSE"": 4}",2,66
318,13,6,0,13306.0,10,10,3,"{""STRAWBERRY"": 22, ""MELON"": 9, ""WHEAT"": 12, ""TOMATO"": 1, ""CARROT"": 8}","{""SHEEP"": 9, ""GOOSE"": 8, ""COW"": 5}",0,33
318,13,6,1,12711.0,11,11,3,"{""STRAWBERRY"": 26, ""WHEAT"": 27}","{""SHEEP"": 9, ""COW"": 5, ""GOOSE"": 4}",2,59
319,13,7,0,13306.0,10,10,3,"{""STRAWBERRY"": 23, ""MELON"": 9, ""WHEAT"": 12, ""TOMATO"": 1, ""CARROT"": 8}","{""SHEEP"": 9, ""GOOSE"": 8, ""COW"": 5}",0,33
319,13,7,1,12711.0,11,11,3,"{""STRAWBERRY"": 26, ""WHEAT"": 26}","{""SHEEP"": 9, ""COW"": 5, ""GOOSE"": 4}",2,59
320,13,8,0,13306.0,10,10,3,"{""STRAWBERRY"": 23, ""MELON"": 9, ""WHEAT"": 12, ""TOMATO"": 1, ""CARROT"": 8}","{""SHEEP"": 9, ""GOOSE"": 8, ""COW"": 5}",0,33
320,13,8,1,12898.0,11,11,3,"{""STRAWBERRY"": 26, ""WHEAT"": 27}","{""SHEEP"": 9, ""COW"": 5, ""GOOSE"": 4}",1,55
321,13,9,0,13306.0,10,10,3,"{""STRAWBERRY"": 23, ""MELON"": 9, ""WHEAT"": 12, ""TOMATO"": 1, ""CARROT"": 8}","{""SHEEP"": 9, ""GOOSE"": 8, ""COW"": 5}",0,33
321,13,9,1,12888.0,11,11,3,"{""STRAWBERRY"": 27, ""WHEAT"": 27}","{""SHEEP"": 9, ""COW"": 5, ""GOOSE"": 4}",1,55
322,13,10,0,13306.0,10,10,3,"{""STRAWBERRY"": 23, ""MELON"": 9, ""WHEAT"": 12, ""TOMATO"": 1, ""CARROT"": 8}","{""SHEEP"": 9, ""GOOSE"": 8, ""COW"": 5}",0,33
322,13,10,1,12888.0,11,11,3,"{""STRAWBERRY"": 27, ""WHEAT"": 27}","{""SHEEP"": 9, ""COW"": 5, ""GOOSE"": 4}",1,55
323,13,11,0,13306.0,10,10,3,"{""STRAWBERRY"": 23, ""MELON"": 9, ""WHEAT"": 12, ""TOMATO"": 1, ""CARROT"": 8}","{""SHEEP"": 9, ""GOOSE"": 8, ""COW"": 5}",0,33
323,13,11,1,12888.0,11,11,3,"{""STRAWBERRY"": 27, ""WHEAT"": 25}","{""SHEEP"": 9, ""COW"": 5, ""GOOSE"": 4}",1,55
324,13,12,0,13306.0,10,10,3,"{""STRAWBERRY"": 23, ""MELON"": 9, ""WHEAT"": 12, ""TOMATO"": 1, ""CARROT"": 8}","{""SHEEP"": 9, ""GOOSE"": 8, ""COW"": 5}",0,33
324,13,12,1,13068.0,11,11,3,"{""STRAWBERRY"": 27, ""WHEAT"": 27}","{""SHEEP"": 9, ""COW"": 5, ""GOOSE"": 4}",1,50
325,13,13,0,13306.0,10,10,3,"{""STRAWBERRY"": 23, ""MELON"": 9, ""WHEAT"": 12, ""TOMATO"": 1, ""CARROT"": 8}","{""SHEEP"": 9, ""GOOSE"": 8, ""COW"": 5}",0,33
325,13,13,1,13058.0,11,11,3,"{""STRAWBERRY"": 27, ""WHEAT"": 25}","{""SHEEP"": 9, ""COW"": 5, ""GOOSE"": 4}",1,50
326,13,14,0,13306.0,10,10,3,"{""STRAWBERRY"": 23, ""MELON"": 9, ""WHEAT"": 12, ""TOMATO"": 1, ""CARROT"": 8}","{""SHEEP"": 9, ""GOOSE"": 8, ""COW"": 5}",0,33
326,13,14,1,13048.0,11,11,3,"{""STRAWBERRY"": 27, ""WHEAT"": 27}","{""SHEEP"": 9, ""COW"": 5, ""GOOSE"": 4}",1,50
327,13,15,0,13306.0,10,10,3,"{""STRAWBERRY"": 23, ""MELON"": 9, ""WHEAT"": 12, ""TOMATO"": 1, ""CARROT"": 8}","{""SHEEP"": 9, ""GOOSE"": 8, ""COW"": 5}",0,33
327,13,15,1,13038.0,11,11,3,"{""STRAWBERRY"": 27, ""WHEAT"": 26}","{""SHEEP"": 9, ""COW"": 5, ""GOOSE"": 4}",1,50
328,13,16,0,13306.0,10,10,3,"{""STRAWBERRY"": 23, ""MELON"": 9, ""WHEAT"": 12, ""TOMATO"": 1, ""CARROT"": 8}","{""SHEEP"": 9, ""GOOSE"": 8, ""COW"": 5}",0,33
328,13,16,1,13028.0,11,11,3,"{""STRAWBERRY"": 27, ""WHEAT"": 27}","{""SHEEP"": 9, ""COW"": 5, ""GOOSE"": 4}",1,50
329,13,17,0,13306.0,10,10,3,"{""STRAWBERRY"": 23, ""MELON"": 9, ""WHEAT"": 12, ""TOMATO"": 1, ""CARROT"": 8}","{""SHEEP"": 9, ""GOOSE"": 8, ""COW"": 5}",0,33
329,13,17,1,13018.0,11,11,3,"{""STRAWBERRY"": 27, ""WHEAT"": 26}","{""SHEEP"": 9, ""COW"": 5, ""GOOSE"": 4}",1,50
330,13,18,0,13306.0,10,10,3,"{""STRAWBERRY"": 23, ""MELON"": 9, ""WHEAT"": 12, ""TOMATO"": 1, ""CARROT"": 8}","{""SHEEP"": 9, ""GOOSE"": 8, ""COW"": 5}",0,33
330,13,18,1,13351.0,11,11,3,"{""STRAWBERRY"": 27, ""WHEAT"": 24}","{""SHEEP"": 9, ""COW"": 5, ""GOOSE"": 4}",1,48
331,13,19,0,13306.0,10,10,3,"{""STRAWBERRY"": 23, ""MELON"": 9, ""WHEAT"": 12, ""TOMATO"": 1, ""CARROT"": 8}","{""SHEEP"": 9, ""GOOSE"": 8, ""COW"": 5}",0,33
331,13,19,1,13571.0,11,11,3,"{""STRAWBERRY"": 27, ""WHEAT"": 27}","{""SHEEP"": 9, ""COW"": 5, ""GOOSE"": 4}",1,46
332,13,20,0,13306.0,10,10,3,"{""STRAWBERRY"": 23, ""MELON"": 9, ""WHEAT"": 12, ""TOMATO"": 1, ""CARROT"": 6}","{""SHEEP"": 9, ""GOOSE"": 8, ""COW"": 5}",0,33
332,13,20,1,13561.0,11,11,3,"{""STRAWBERRY"": 27, ""WHEAT"": 28}","{""SHEEP"": 9, ""COW"": 5, ""GOOSE"": 4}",1,46
333,13,21,0,13306.0,10,10,3,"{""STRAWBERRY"": 23, ""MELON"": 9, ""WHEAT"": 13, ""TOMATO"": 1, ""CARROT"": 6}","{""SHEEP"": 9, ""GOOSE"": 8, ""COW"": 5}",0,33
333,13,21,1,13551.0,11,11,3,"{""STRAWBERRY"": 27, ""WHEAT"": 27}","{""SHEEP"": 9, ""COW"": 5, ""GOOSE"": 4}",1,46
334,13,22,0,13306.0,10,10,3,"{""STRAWBERRY"": 24, ""MELON"": 9, ""WHEAT"": 13, ""TOMATO"": 1, ""CARROT"": 5}","{""SHEEP"": 9, ""GOOSE"": 8, ""COW"": 5}",0,33
334,13,22,1,14115.0,11,11,3,"{""STRAWBERRY"": 27, ""WHEAT"": 26}","{""SHEEP"": 9, ""COW"": 5, ""GOOSE"": 4}",1,44
335,13,23,0,13306.0,10,10,3,"{""STRAWBERRY"": 24, ""MELON"": 9, ""WHEAT"": 13, ""TOMATO"": 1, ""CARROT"": 6}","{""SHEEP"": 9, ""GOOSE"": 8, ""COW"": 5}",0,33
335,13,23,1,14229.0,11,11,3,"{""STRAWBERRY"": 27, ""WHEAT"": 27}","{""SHEEP"": 9, ""COW"": 5, ""GOOSE"": 4}",0,41
336,14,0,0,14433.0,0,0,3,"{""STRAWBERRY"": 23, ""MELON"": 9, ""WHEAT"": 13, ""TOMATO"": 1, ""CARROT"": 6}","{""SHEEP"": 9, ""GOOSE"": 8, ""COW"": 5}",1,77
336,14,0,1,16944.0,0,0,3,"{""STRAWBERRY"": 27, ""WHEAT"": 26}","{""SHEEP"": 9, ""COW"": 5, ""GOOSE"": 4}",1,99
337,14,1,0,17420.0,5,5,3,"{""STRAWBERRY"": 23, ""MELON"": 9, ""WHEAT"": 13, ""TOMATO"": 1, ""CARROT"": 6}","{""SHEEP"": 9, ""GOOSE"": 8, ""COW"": 5}",1,54
337,14,1,1,17447.0,8,8,3,"{""STRAWBERRY"": 27, ""WHEAT"": 26}","{""SHEEP"": 9, ""COW"": 5, ""GOOSE"": 4}",1,88
338,14,2,0,17200.0,11,11,3,"{""STRAWBERRY"": 23, ""MELON"": 9, ""WHEAT"": 13, ""TOMATO"": 1, ""CARROT"": 6}","{""SHEEP"": 9, ""GOOSE"": 8, ""COW"": 5}",1,44
338,14,2,1,17981.0,11,11,3,"{""STRAWBERRY"": 27, ""WHEAT"": 26}","{""SHEEP"": 9, ""COW"": 5, ""GOOSE"": 4}",1,60
339,14,3,0,17200.0,11,11,3,"{""STRAWBERRY"": 23, ""MELON"": 9, ""WHEAT"": 13, ""TOMATO"": 1, ""CARROT"": 6}","{""SHEEP"": 9, ""GOOSE"": 8, ""COW"": 5}",1,36
339,14,3,1,17981.0,11,11,3,"{""STRAWBERRY"": 27, ""WHEAT"": 26}","{""SHEEP"": 9, ""COW"": 5, ""GOOSE"": 4}",1,54
340,14,4,0,17200.0,11,11,3,"{""STRAWBERRY"": 23, ""MELON"": 9, ""WHEAT"": 13, ""TOMATO"": 1, ""CARROT"": 6}","{""SHEEP"": 9, ""GOOSE"": 8, ""COW"": 5}",1,36
340,14,4,1,17981.0,11,11,3,"{""STRAWBERRY"": 27, ""WHEAT"": 26}","{""SHEEP"": 9, ""COW"": 5, ""GOOSE"": 4}",1,51
341,14,5,0,17200.0,11,11,3,"{""STRAWBERRY"": 23, ""MELON"": 9, ""WHEAT"": 13, ""TOMATO"": 1, ""CARROT"": 6}","{""SHEEP"": 9, ""GOOSE"": 8, ""COW"": 5}",1,36
341,14,5,1,17981.0,11,11,3,"{""STRAWBERRY"": 27, ""WHEAT"": 26}","{""SHEEP"": 9, ""COW"": 5, ""GOOSE"": 4}",1,51
342,14,6,0,17200.0,11,11,3,"{""STRAWBERRY"": 23, ""MELON"": 9, ""WHEAT"": 13, ""TOMATO"": 1, ""CARROT"": 6}","{""SHEEP"": 9, ""GOOSE"": 8, ""COW"": 5}",1,36
342,14,6,1,17981.0,11,11,3,"{""STRAWBERRY"": 27, ""WHEAT"": 25}","{""SHEEP"": 9, ""COW"": 5, ""GOOSE"": 4}",1,51
343,14,7,0,17200.0,11,11,3,"{""STRAWBERRY"": 23, ""MELON"": 9, ""WHEAT"": 13, ""TOMATO"": 1, ""CARROT"": 6}","{""SHEEP"": 9, ""GOOSE"": 8, ""COW"": 5}",1,36
343,14,7,1,17971.0,11,11,3,"{""STRAWBERRY"": 27, ""WHEAT"": 25}","{""SHEEP"": 9, ""COW"": 5, ""GOOSE"": 4}",1,59
344,14,8,0,17200.0,11,11,3,"{""STRAWBERRY"": 23, ""MELON"": 9, ""WHEAT"": 13, ""TOMATO"": 1, ""CARROT"": 6}","{""SHEEP"": 9, ""GOOSE"": 8, ""COW"": 5}",1,36
344,14,8,1,17961.0,11,11,3,"{""STRAWBERRY"": 27, ""WHEAT"": 26}","{""SHEEP"": 9, ""COW"": 5, ""GOOSE"": 4}",1,53
345,14,9,0,17200.0,11,11,3,"{""STRAWBERRY"": 23, ""MELON"": 9, ""WHEAT"": 13, ""TOMATO"": 1, ""CARROT"": 6}","{""SHEEP"": 9, ""GOOSE"": 8, ""COW"": 5}",0,36
345,14,9,1,17951.0,11,11,3,"{""STRAWBERRY"": 27, ""WHEAT"": 26}","{""SHEEP"": 9, ""COW"": 5, ""GOOSE"": 4}",1,53
346,14,10,0,17200.0,11,11,3,"{""STRAWBERRY"": 23, ""MELON"": 9, ""WHEAT"": 14, ""TOMATO"": 1, ""CARROT"": 6}","{""SHEEP"": 9, ""GOOSE"": 8, ""COW"": 5}",0,36
346,14,10,1,17951.0,11,11,3,"{""STRAWBERRY"": 27, ""WHEAT"": 26}","{""SHEEP"": 9, ""COW"": 5, ""GOOSE"": 4}",1,53
347,14,11,0,17200.0,11,11,3,"{""STRAWBERRY"": 23, ""MELON"": 9, ""WHEAT"": 14, ""TOMATO"": 1, ""CARROT"": 6}","{""SHEEP"": 9, ""GOOSE"": 8, ""COW"": 5}",0,36
347,14,11,1,17951.0,11,11,3,"{""STRAWBERRY"": 27, ""WHEAT"": 26}","{""SHEEP"": 9, ""COW"": 5, ""GOOSE"": 4}",1,53
348,14,12,0,17200.0,11,11,3,"{""STRAWBERRY"": 23, ""MELON"": 9, ""WHEAT"": 13, ""TOMATO"": 1, ""CARROT"": 5}","{""SHEEP"": 9, ""GOOSE"": 8, ""COW"": 5}",0,36
348,14,12,1,17951.0,11,11,3,"{""STRAWBERRY"": 27, ""WHEAT"": 25}","{""SHEEP"": 9, ""COW"": 5, ""GOOSE"": 4}",1,53
349,14,13,0,17200.0,11,11,3,"{""STRAWBERRY"": 23, ""MELON"": 9, ""WHEAT"": 15, ""TOMATO"": 1, ""CARROT"": 5}","{""SHEEP"": 9, ""GOOSE"": 8, ""COW"": 5}",0,36
349,14,13,1,18093.0,11,11,3,"{""STRAWBERRY"": 27, ""WHEAT"": 26}","{""SHEEP"": 9, ""COW"": 5, ""GOOSE"": 4}",1,62
350,14,14,0,17200.0,11,11,3,"{""STRAWBERRY"": 23, ""MELON"": 9, ""WHEAT"": 14, ""TOMATO"": 1, ""CARROT"": 5}","{""SHEEP"": 9, ""GOOSE"": 8, ""COW"": 5}",0,36
350,14,14,1,18775.0,11,11,3,"{""STRAWBERRY"": 27, ""WHEAT"": 26}","{""SHEEP"": 9, ""COW"": 5, ""GOOSE"": 4}",1,47
351,14,15,0,17200.0,11,11,3,"{""STRAWBERRY"": 23, ""MELON"": 9, ""WHEAT"": 15, ""TOMATO"": 1, ""CARROT"": 5}","{""SHEEP"": 9, ""GOOSE"": 8, ""COW"": 5}",0,36
351,14,15,1,18775.0,11,11,3,"{""STRAWBERRY"": 27, ""WHEAT"": 26}","{""SHEEP"": 9, ""COW"": 5, ""GOOSE"": 4}",1,47
352,14,16,0,17200.0,11,11,3,"{""STRAWBERRY"": 23, ""MELON"": 9, ""WHEAT"": 15, ""TOMATO"": 1, ""CARROT"": 5}","{""SHEEP"": 9, ""GOOSE"": 8, ""COW"": 5}",0,36
352,14,16,1,18971.0,11,11,3,"{""STRAWBERRY"": 27, ""WHEAT"": 26}","{""SHEEP"": 9, ""COW"": 5, ""GOOSE"": 4}",1,45
353,14,17,0,17200.0,11,11,3,"{""STRAWBERRY"": 23, ""MELON"": 9, ""WHEAT"": 14, ""TOMATO"": 1, ""CARROT"": 5}","{""SHEEP"": 9, ""GOOSE"": 8, ""COW"": 5}",0,36
353,14,17,1,18971.0,11,11,3,"{""STRAWBERRY"": 27, ""WHEAT"": 25}","{""SHEEP"": 9, ""COW"": 5, ""GOOSE"": 4}",1,45
354,14,18,0,17200.0,11,11,3,"{""STRAWBERRY"": 23, ""MELON"": 9, ""WHEAT"": 14, ""TOMATO"": 1, ""CARROT"": 5}","{""SHEEP"": 9, ""GOOSE"": 8, ""COW"": 5}",0,36
354,14,18,1,19153.0,11,11,3,"{""STRAWBERRY"": 27, ""WHEAT"": 26}","{""SHEEP"": 9, ""COW"": 5, ""GOOSE"": 4}",1,43
355,14,19,0,17200.0,11,11,3,"{""STRAWBERRY"": 23, ""MELON"": 9, ""WHEAT"": 15, ""TOMATO"": 1, ""CARROT"": 5}","{""SHEEP"": 9, ""GOOSE"": 8, ""COW"": 5}",0,36
355,14,19,1,19143.0,11,11,3,"{""STRAWBERRY"": 27, ""WHEAT"": 24}","{""SHEEP"": 9, ""COW"": 5, ""GOOSE"": 4}",1,43
356,14,20,0,17200.0,11,11,3,"{""STRAWBERRY"": 23, ""MELON"": 9, ""WHEAT"": 15, ""TOMATO"": 1, ""CARROT"": 5}","{""SHEEP"": 9, ""GOOSE"": 8, ""COW"": 5}",0,36
356,14,20,1,19133.0,11,11,3,"{""STRAWBERRY"": 27, ""WHEAT"": 26}","{""SHEEP"": 9, ""COW"": 5, ""GOOSE"": 4}",1,43
357,14,21,0,17200.0,11,11,3,"{""STRAWBERRY"": 23, ""MELON"": 9, ""WHEAT"": 14, ""TOMATO"": 1, ""CARROT"": 5}","{""SHEEP"": 9, ""GOOSE"": 8, ""COW"": 5}",0,36
357,14,21,1,19123.0,11,11,3,"{""STRAWBERRY"": 27, ""WHEAT"": 26}","{""SHEEP"": 9, ""COW"": 5, ""GOOSE"": 4}",1,43
358,14,22,0,17521.0,11,11,3,"{""STRAWBERRY"": 23, ""MELON"": 9, ""WHEAT"": 15, ""TOMATO"": 1, ""CARROT"": 5}","{""SHEEP"": 9, ""GOOSE"": 8, ""COW"": 5}",0,36
358,14,22,1,19536.0,11,11,3,"{""STRAWBERRY"": 27, ""WHEAT"": 25}","{""SHEEP"": 9, ""COW"": 5, ""GOOSE"": 4}",1,40
359,14,23,0,18057.0,11,11,3,"{""STRAWBERRY"": 23, ""MELON"": 9, ""WHEAT"": 15, ""TOMATO"": 1, ""CARROT"": 5}","{""SHEEP"": 9, ""GOOSE"": 8, ""COW"": 5}",0,36
359,14,23,1,19841.0,11,11,3,"{""STRAWBERRY"": 27, ""WHEAT"": 26}","{""SHEEP"": 9, ""COW"": 5, ""GOOSE"": 4}",1,36
360,15,0,0,20318.0,0,0,3,"{""STRAWBERRY"": 23, ""MELON"": 9, ""WHEAT"": 15, ""TOMATO"": 1, ""CARROT"": 5}","{""SHEEP"": 9, ""GOOSE"": 8, ""COW"": 5}",0,85
360,15,0,1,19841.0,0,0,3,"{""STRAWBERRY"": 27, ""WHEAT"": 26}","{""SHEEP"": 9, ""COW"": 5, ""GOOSE"": 4}",1,100
361,15,1,0,20134.0,8,8,3,"{""STRAWBERRY"": 23, ""MELON"": 9, ""WHEAT"": 15, ""TOMATO"": 1, ""CARROT"": 5}","{""SHEEP"": 9, ""GOOSE"": 8, ""COW"": 5}",0,84
361,15,1,1,20244.0,8,8,3,"{""STRAWBERRY"": 27, ""WHEAT"": 26}","{""SHEEP"": 9, ""COW"": 5, ""GOOSE"": 4}",1,90
362,15,2,0,21571.0,11,11,3,"{""STRAWBERRY"": 23, ""MELON"": 9, ""WHEAT"": 15, ""TOMATO"": 1, ""CARROT"": 5}","{""SHEEP"": 9, ""GOOSE"": 8, ""COW"": 5}",0,47
362,15,2,1,19648.0,11,11,3,"{""STRAWBERRY"": 27, ""WHEAT"": 26}","{""SHEEP"": 9, ""COW"": 5, ""GOOSE"": 4}",1,87
363,15,3,0,21571.0,11,11,3,"{""STRAWBERRY"": 23, ""MELON"": 9, ""WHEAT"": 15, ""TOMATO"": 1, ""CARROT"": 5}","{""SHEEP"": 9, ""GOOSE"": 8, ""COW"": 5}",0,43
363,15,3,1,19648.0,11,11,3,"{""STRAWBERRY"": 27, ""WHEAT"": 26}","{""SHEEP"": 9, ""COW"": 5, ""GOOSE"": 4}",1,88
364,15,4,0,21571.0,11,11,3,"{""STRAWBERRY"": 23, ""MELON"": 9, ""WHEAT"": 15, ""TOMATO"": 1, ""CARROT"": 5}","{""SHEEP"": 9, ""GOOSE"": 8, ""COW"": 5}",0,40
364,15,4,1,19648.0,11,11,3,"{""STRAWBERRY"": 27, ""WHEAT"": 26}","{""SHEEP"": 9, ""COW"": 5, ""GOOSE"": 4}",1,88
365,15,5,0,21571.0,11,11,3,"{""STRAWBERRY"": 23, ""MELON"": 9, ""WHEAT"": 15, ""TOMATO"": 1, ""CARROT"": 5}","{""SHEEP"": 9, ""GOOSE"": 8, ""COW"": 5}",0,40
365,15,5,1,19648.0,11,11,3,"{""STRAWBERRY"": 27, ""WHEAT"": 26}","{""SHEEP"": 9, ""COW"": 5, ""GOOSE"": 4}",1,91
366,15,6,0,21571.0,11,11,3,"{""STRAWBERRY"": 23, ""MELON"": 9, ""WHEAT"": 14, ""TOMATO"": 1, ""CARROT"": 5}","{""SHEEP"": 9, ""GOOSE"": 8, ""COW"": 5}",0,40
366,15,6,1,19777.0,11,11,3,"{""STRAWBERRY"": 27, ""WHEAT"": 26}","{""SHEEP"": 9, ""COW"": 5, ""GOOSE"": 4}",1,93
367,15,7,0,21571.0,11,11,3,"{""STRAWBERRY"": 23, ""MELON"": 9, ""WHEAT"": 15, ""TOMATO"": 1, ""CARROT"": 5}","{""SHEEP"": 9, ""GOOSE"": 8, ""COW"": 5}",0,40
367,15,7,1,25053.0,11,11,3,"{""STRAWBERRY"": 27, ""WHEAT"": 26}","{""SHEEP"": 9, ""COW"": 5, ""GOOSE"": 4}",1,64
368,15,8,0,21571.0,11,11,3,"{""STRAWBERRY"": 23, ""MELON"": 9, ""WHEAT"": 15, ""TOMATO"": 1, ""CARROT"": 4}","{""SHEEP"": 9, ""GOOSE"": 8, ""COW"": 5}",0,40
368,15,8,1,25053.0,11,11,3,"{""STRAWBERRY"": 27, ""WHEAT"": 25}","{""SHEEP"": 9, ""COW"": 5, ""GOOSE"": 4}",1,64
369,15,9,0,21571.0,11,11,3,"{""STRAWBERRY"": 23, ""MELON"": 9, ""WHEAT"": 16, ""TOMATO"": 1, ""CARROT"": 4}","{""SHEEP"": 9, ""GOOSE"": 8, ""COW"": 5}",0,40
369,15,9,1,25347.0,11,11,3,"{""STRAWBERRY"": 27, ""WHEAT"": 25}","{""SHEEP"": 9, ""COW"": 5, ""GOOSE"": 4}",1,56
370,15,10,0,21571.0,11,11,3,"{""STRAWBERRY"": 23, ""MELON"": 9, ""WHEAT"": 16, ""TOMATO"": 1, ""CARROT"": 4}","{""SHEEP"": 9, ""GOOSE"": 8, ""COW"": 5}",0,40
370,15,10,1,25347.0,11,11,3,"{""STRAWBERRY"": 27, ""WHEAT"": 26}","{""SHEEP"": 9, ""COW"": 5, ""GOOSE"": 4}",1,56
371,15,11,0,21571.0,11,11,3,"{""STRAWBERRY"": 23, ""MELON"": 9, ""WHEAT"": 14, ""TOMATO"": 1, ""CARROT"": 4}","{""SHEEP"": 9, ""GOOSE"": 8, ""COW"": 5}",0,40
371,15,11,1,25347.0,11,11,3,"{""STRAWBERRY"": 27, ""WHEAT"": 26}","{""SHEEP"": 9, ""COW"": 5, ""GOOSE"": 4}",1,56
372,15,12,0,21571.0,11,11,3,"{""STRAWBERRY"": 23, ""MELON"": 9, ""WHEAT"": 14, ""TOMATO"": 1, ""CARROT"": 6}","{""SHEEP"": 9, ""GOOSE"": 8, ""COW"": 5}",0,40
372,15,12,1,25347.0,11,11,3,"{""STRAWBERRY"": 27, ""WHEAT"": 26}","{""SHEEP"": 9, ""COW"": 5, ""GOOSE"": 4}",1,56
373,15,13,0,21571.0,11,11,3,"{""STRAWBERRY"": 23, ""MELON"": 9, ""WHEAT"": 14, ""TOMATO"": 1, ""CARROT"": 5}","{""SHEEP"": 9, ""GOOSE"": 8, ""COW"": 5}",0,40
373,15,13,1,25337.0,11,11,3,"{""STRAWBERRY"": 27, ""WHEAT"": 26}","{""SHEEP"": 9, ""COW"": 5, ""GOOSE"": 4}",1,56
374,15,14,0,21571.0,11,11,3,"{""STRAWBERRY"": 23, ""MELON"": 9, ""WHEAT"": 15, ""TOMATO"": 1, ""CARROT"": 5}","{""SHEEP"": 9, ""GOOSE"": 8, ""COW"": 5}",0,40
374,15,14,1,25337.0,11,11,3,"{""STRAWBERRY"": 27, ""WHEAT"": 25}","{""SHEEP"": 9, ""COW"": 5, ""GOOSE"": 4}",1,56
375,15,15,0,21571.0,11,11,3,"{""STRAWBERRY"": 23, ""MELON"": 9, ""WHEAT"": 14, ""TOMATO"": 1, ""CARROT"": 5}","{""SHEEP"": 9, ""GOOSE"": 8, ""COW"": 5}",0,40
375,15,15,1,25593.0,11,11,3,"{""STRAWBERRY"": 27, ""WHEAT"": 26}","{""SHEEP"": 9, ""COW"": 5, ""GOOSE"": 4}",1,49
376,15,16,0,21571.0,11,11,3,"{""STRAWBERRY"": 23, ""MELON"": 9, ""WHEAT"": 14, ""TOMATO"": 1, ""CARROT"": 6}","{""SHEEP"": 9, ""GOOSE"": 8, ""COW"": 5}",0,40
376,15,16,1,25583.0,11,11,3,"{""STRAWBERRY"": 27, ""WHEAT"": 26}","{""SHEEP"": 9, ""COW"": 5, ""GOOSE"": 4}",1,49
377,15,17,0,21571.0,11,11,3,"{""STRAWBERRY"": 23, ""MELON"": 9, ""WHEAT"": 14, ""TOMATO"": 1, ""CARROT"": 6}","{""SHEEP"": 9, ""GOOSE"": 8, ""COW"": 5}",0,40
377,15,17,1,25583.0,11,11,3,"{""STRAWBERRY"": 27, ""WHEAT"": 26}","{""SHEEP"": 9, ""COW"": 5, ""GOOSE"": 4}",1,49
378,15,18,0,21571.0,11,11,3,"{""STRAWBERRY"": 23, ""MELON"": 9, ""WHEAT"": 14, ""TOMATO"": 1, ""CARROT"": 6}","{""SHEEP"": 9, ""GOOSE"": 8, ""COW"": 5}",0,40
378,15,18,1,25583.0,11,11,3,"{""STRAWBERRY"": 27, ""WHEAT"": 25}","{""SHEEP"": 9, ""COW"": 5, ""GOOSE"": 4}",1,49
379,15,19,0,21571.0,11,11,3,"{""STRAWBERRY"": 23, ""MELON"": 9, ""WHEAT"": 14, ""TOMATO"": 1, ""CARROT"": 6}","{""SHEEP"": 9, ""GOOSE"": 8, ""COW"": 5}",0,40
379,15,19,1,25573.0,11,11,3,"{""STRAWBERRY"": 27, ""WHEAT"": 26}","{""SHEEP"": 9, ""COW"": 5, ""GOOSE"": 4}",1,49
380,15,20,0,21571.0,11,11,3,"{""STRAWBERRY"": 23, ""MELON"": 9, ""WHEAT"": 13, ""TOMATO"": 1, ""CARROT"": 6}","{""SHEEP"": 9, ""GOOSE"": 8, ""COW"": 5}",0,40
380,15,20,1,25573.0,11,11,3,"{""STRAWBERRY"": 27, ""WHEAT"": 25}","{""SHEEP"": 9, ""COW"": 5, ""GOOSE"": 4}",1,49
381,15,21,0,21571.0,11,11,3,"{""STRAWBERRY"": 23, ""MELON"": 9, ""WHEAT"": 14, ""TOMATO"": 1, ""CARROT"": 5}","{""SHEEP"": 9, ""GOOSE"": 8, ""COW"": 5}",0,40
381,15,21,1,25563.0,11,11,3,"{""STRAWBERRY"": 27, ""WHEAT"": 26}","{""SHEEP"": 9, ""COW"": 5, ""GOOSE"": 4}",1,49
382,15,22,0,21707.0,11,11,3,"{""STRAWBERRY"": 23, ""MELON"": 9, ""WHEAT"": 13, ""TOMATO"": 1, ""CARROT"": 6}","{""SHEEP"": 9, ""GOOSE"": 8, ""COW"": 5}",0,38
382,15,22,1,25633.0,11,11,3,"{""STRAWBERRY"": 27, ""WHEAT"": 24}","{""SHEEP"": 9, ""COW"": 5, ""GOOSE"": 4}",1,48
383,15,23,0,23904.0,11,11,3,"{""STRAWBERRY"": 23, ""MELON"": 9, ""WHEAT"": 14, ""TOMATO"": 1, ""CARROT"": 6}","{""SHEEP"": 9, ""GOOSE"": 8, ""COW"": 5}",0,38
383,15,23,1,25961.0,11,11,3,"{""STRAWBERRY"": 27, ""WHEAT"": 26}","{""SHEEP"": 9, ""COW"": 5, ""GOOSE"": 4}",1,40
384,16,0,0,26168.0,0,0,3,"{""STRAWBERRY"": 23, ""MELON"": 9, ""WHEAT"": 14, ""TOMATO"": 1, ""CARROT"": 6}","{""SHEEP"": 9, ""GOOSE"": 8, ""COW"": 5}",0,80
384,16,0,1,25961.0,0,0,3,"{""STRAWBERRY"": 27, ""WHEAT"": 26}","{""SHEEP"": 9, ""COW"": 5, ""GOOSE"": 4}",1,84
385,16,1,0,27279.0,5,5,3,"{""STRAWBERRY"": 23, ""MELON"": 9, ""WHEAT"": 14, ""TOMATO"": 1, ""CARROT"": 6}","{""SHEEP"": 9, ""GOOSE"": 8, ""COW"": 5}",0,50
385,16,1,1,26120.0,8,8,3,"{""STRAWBERRY"": 27, ""WHEAT"": 26}","{""SHEEP"": 9, ""COW"": 5, ""GOOSE"": 4}",1,79
386,16,2,0,27148.0,10,10,3,"{""STRAWBERRY"": 23, ""MELON"": 9, ""WHEAT"": 14, ""TOMATO"": 1, ""CARROT"": 6}","{""SHEEP"": 9, ""GOOSE"": 8, ""COW"": 5}",0,50
386,16,2,1,26162.0,11,11,3,"{""STRAWBERRY"": 27, ""WHEAT"": 26}","{""SHEEP"": 9, ""COW"": 5, ""GOOSE"": 4}",1,69
387,16,3,0,27148.0,10,10,3,"{""STRAWBERRY"": 23, ""MELON"": 9, ""WHEAT"": 14, ""TOMATO"": 1, ""CARROT"": 6}","{""SHEEP"": 9, ""GOOSE"": 8, ""COW"": 5}",0,41
387,16,3,1,26142.0,11,11,3,"{""STRAWBERRY"": 27, ""WHEAT"": 26}","{""SHEEP"": 9, ""COW"": 5, ""GOOSE"": 4}",1,66
388,16,4,0,27148.0,10,10,3,"{""STRAWBERRY"": 23, ""MELON"": 9, ""WHEAT"": 14, ""TOMATO"": 1, ""CARROT"": 6}","{""SHEEP"": 9, ""GOOSE"": 8, ""COW"": 5}",0,40
388,16,4,1,26142.0,11,11,3,"{""STRAWBERRY"": 27, ""WHEAT"": 26}","{""SHEEP"": 9, ""COW"": 5, ""GOOSE"": 4}",1,63
389,16,5,0,27348.0,10,10,3,"{""STRAWBERRY"": 23, ""MELON"": 9, ""WHEAT"": 14, ""TOMATO"": 1, ""CARROT"": 6}","{""SHEEP"": 9, ""GOOSE"": 8, ""COW"": 5}",0,40
389,16,5,1,26364.0,11,11,3,"{""STRAWBERRY"": 27, ""WHEAT"": 25}","{""SHEEP"": 9, ""COW"": 5, ""GOOSE"": 4}",1,57
390,16,6,0,27348.0,10,10,3,"{""STRAWBERRY"": 23, ""MELON"": 9, ""WHEAT"": 14, ""TOMATO"": 1, ""CARROT"": 6}","{""SHEEP"": 9, ""GOOSE"": 8, ""COW"": 5}",0,40
390,16,6,1,27569.0,11,11,3,"{""STRAWBERRY"": 27, ""WHEAT"": 25}","{""SHEEP"": 9, ""COW"": 5, ""GOOSE"": 4}",1,51
391,16,7,0,27348.0,10,10,3,"{""STRAWBERRY"": 23, ""MELON"": 9, ""WHEAT"": 14, ""TOMATO"": 1, ""CARROT"": 6}","{""SHEEP"": 9, ""GOOSE"": 8, ""COW"": 5}",0,40
391,16,7,1,28708.0,11,11,3,"{""STRAWBERRY"": 27, ""WHEAT"": 26}","{""SHEEP"": 9, ""COW"": 5, ""GOOSE"": 4}",1,42
392,16,8,0,27348.0,10,10,3,"{""STRAWBERRY"": 23, ""MELON"": 9, ""WHEAT"": 14, ""TOMATO"": 1, ""CARROT"": 6}","{""SHEEP"": 9, ""GOOSE"": 8, ""COW"": 5}",0,40
392,16,8,1,28708.0,11,11,3,"{""STRAWBERRY"": 27, ""WHEAT"": 26}","{""SHEEP"": 9, ""COW"": 5, ""GOOSE"": 4}",1,42
393,16,9,0,27348.0,10,10,3,"{""STRAWBERRY"": 23, ""MELON"": 9, ""WHEAT"": 14, ""TOMATO"": 1, ""CARROT"": 6}","{""SHEEP"": 9, ""GOOSE"": 8, ""COW"": 5}",0,40
393,16,9,1,28708.0,11,11,3,"{""STRAWBERRY"": 27, ""WHEAT"": 26}","{""SHEEP"": 9, ""COW"": 5, ""GOOSE"": 4}",1,42
394,16,10,0,27348.0,10,10,3,"{""STRAWBERRY"": 23, ""MELON"": 9, ""WHEAT"": 13, ""TOMATO"": 1, ""CARROT"": 6}","{""SHEEP"": 9, ""GOOSE"": 8, ""COW"": 5}",0,40
394,16,10,1,29551.0,11,11,3,"{""STRAWBERRY"": 27, ""WHEAT"": 25}","{""SHEEP"": 9, ""COW"": 5, ""GOOSE"": 4}",1,45
395,16,11,0,27348.0,10,10,3,"{""STRAWBERRY"": 23, ""MELON"": 9, ""WHEAT"": 13, ""TOMATO"": 1, ""CARROT"": 7}","{""SHEEP"": 9, ""GOOSE"": 8, ""COW"": 5}",0,40
395,16,11,1,29541.0,11,11,3,"{""STRAWBERRY"": 27, ""WHEAT"": 25}","{""SHEEP"": 9, ""COW"": 5, ""GOOSE"": 4}",1,43
396,16,12,0,27348.0,10,10,3,"{""STRAWBERRY"": 23, ""MELON"": 9, ""WHEAT"": 13, ""TOMATO"": 1, ""CARROT"": 7}","{""SHEEP"": 9, ""GOOSE"": 8, ""COW"": 5}",0,40
396,16,12,1,29411.0,11,11,3,"{""STRAWBERRY"": 27, ""WHEAT"": 26}","{""SHEEP"": 9, ""COW"": 5, ""GOOSE"": 4}",1,47
397,16,13,0,27348.0,10,10,3,"{""STRAWBERRY"": 23, ""MELON"": 9, ""WHEAT"": 13, ""TOMATO"": 1, ""CARROT"": 7}","{""SHEEP"": 9, ""GOOSE"": 8, ""COW"": 5}",0,40
397,16,13,1,29401.0,11,11,3,"{""STRAWBERRY"": 27, ""WHEAT"": 26}","{""SHEEP"": 9, ""COW"": 5, ""GOOSE"": 4}",1,47
398,16,14,0,27348.0,10,10,3,"{""STRAWBERRY"": 23, ""MELON"": 9, ""WHEAT"": 12, ""TOMATO"": 1, ""CARROT"": 7}","{""SHEEP"": 9, ""GOOSE"": 8, ""COW"": 5}",0,40
398,16,14,1,31761.0,11,11,3,"{""STRAWBERRY"": 27, ""WHEAT"": 26}","{""SHEEP"": 9, ""COW"": 5, ""GOOSE"": 4}",1,35
399,16,15,0,27348.0,10,10,3,"{""STRAWBERRY"": 23, ""MELON"": 9, ""WHEAT"": 12, ""CARROT"": 8, ""TOMATO"": 1}","{""SHEEP"": 9, ""GOOSE"": 8, ""COW"": 5}",0,40
399,16,15,1,31761.0,11,11,3,"{""STRAWBERRY"": 27, ""WHEAT"": 25}","{""SHEEP"": 9, ""COW"": 5, ""GOOSE"": 4}",1,35
400,16,16,0,27348.0,10,10,3,"{""STRAWBERRY"": 23, ""MELON"": 9, ""WHEAT"": 12, ""CARROT"": 7, ""TOMATO"": 1}","{""SHEEP"": 9, ""GOOSE"": 8, ""COW"": 5}",0,40
400,16,16,1,31751.0,11,11,3,"{""STRAWBERRY"": 27, ""WHEAT"": 24, ""CARROT"": 1}","{""SHEEP"": 9, ""COW"": 5, ""GOOSE"": 4}",1,35
401,16,17,0,27348.0,10,10,3,"{""STRAWBERRY"": 23, ""MELON"": 9, ""WHEAT"": 12, ""CARROT"": 8, ""TOMATO"": 1}","{""SHEEP"": 9, ""GOOSE"": 8, ""COW"": 5}",0,40
401,16,17,1,31621.0,11,11,3,"{""STRAWBERRY"": 27, ""WHEAT"": 24, ""CARROT"": 2}","{""SHEEP"": 9, ""COW"": 5, ""GOOSE"": 4}",1,41
402,16,18,0,27348.0,10,10,3,"{""STRAWBERRY"": 23, ""MELON"": 9, ""WHEAT"": 12, ""CARROT"": 8, ""TOMATO"": 1}","{""SHEEP"": 9, ""GOOSE"": 8, ""COW"": 5}",0,40
402,16,18,1,32979.0,11,11,3,"{""STRAWBERRY"": 27, ""WHEAT"": 23, ""CARROT"": 2}","{""SHEEP"": 9, ""COW"": 5, ""GOOSE"": 4}",1,34
403,16,19,0,27348.0,10,10,3,"{""STRAWBERRY"": 23, ""MELON"": 9, ""WHEAT"": 12, ""CARROT"": 8, ""TOMATO"": 1}","{""SHEEP"": 9, ""GOOSE"": 8, ""COW"": 5}",0,40
403,16,19,1,32979.0,11,11,3,"{""STRAWBERRY"": 27, ""WHEAT"": 22, ""CARROT"": 3}","{""SHEEP"": 9, ""COW"": 5, ""GOOSE"": 4}",1,34
404,16,20,0,27348.0,10,10,3,"{""STRAWBERRY"": 23, ""MELON"": 9, ""WHEAT"": 12, ""CARROT"": 8, ""TOMATO"": 1}","{""SHEEP"": 9, ""GOOSE"": 8, ""COW"": 5}",0,40
404,16,20,1,32919.0,11,11,3,"{""STRAWBERRY"": 27, ""WHEAT"": 22, ""CARROT"": 3}","{""SHEEP"": 9, ""COW"": 5, ""GOOSE"": 4}",1,46
405,16,21,0,27348.0,10,10,3,"{""STRAWBERRY"": 23, ""MELON"": 9, ""WHEAT"": 12, ""CARROT"": 8, ""TOMATO"": 1}","{""SHEEP"": 9, ""GOOSE"": 8, ""COW"": 5}",0,40
405,16,21,1,33892.0,11,11,3,"{""STRAWBERRY"": 27, ""WHEAT"": 23, ""CARROT"": 3}","{""SHEEP"": 9, ""COW"": 5, ""GOOSE"": 4}",1,37
406,16,22,0,28350.0,10,10,3,"{""STRAWBERRY"": 23, ""MELON"": 9, ""WHEAT"": 12, ""CARROT"": 7, ""TOMATO"": 1}","{""SHEEP"": 9, ""GOOSE"": 8, ""COW"": 5}",0,40
406,16,22,1,35405.0,11,11,3,"{""STRAWBERRY"": 27, ""WHEAT"": 22, ""CARROT"": 3}","{""SHEEP"": 9, ""COW"": 5, ""GOOSE"": 4}",1,23
407,16,23,0,28350.0,10,10,3,"{""STRAWBERRY"": 23, ""MELON"": 9, ""WHEAT"": 12, ""CARROT"": 8, ""TOMATO"": 1}","{""SHEEP"": 9, ""GOOSE"": 8, ""COW"": 5}",0,40
407,16,23,1,37790.0,11,11,3,"{""STRAWBERRY"": 27, ""WHEAT"": 22, ""CARROT"": 4}","{""SHEEP"": 9, ""COW"": 5, ""GOOSE"": 4}",1,6
408,17,0,0,30349.0,0,0,3,"{""STRAWBERRY"": 21, ""MELON"": 9, ""WHEAT"": 12, ""CARROT"": 8, ""TOMATO"": 1}","{""SHEEP"": 7, ""GOOSE"": 8, ""COW"": 5}",2,81
408,17,0,1,37790.0,0,0,3,"{""STRAWBERRY"": 27, ""WHEAT"": 21, ""CARROT"": 4}","{""SHEEP"": 9, ""COW"": 5, ""GOOSE"": 4}",2,96
409,17,1,0,33071.0,1,1,3,"{""STRAWBERRY"": 21, ""MELON"": 9, ""WHEAT"": 12, ""CARROT"": 8, ""TOMATO"": 1}","{""SHEEP"": 7, ""GOOSE"": 8, ""COW"": 5}",2,51
409,17,1,1,38602.0,8,8,3,"{""STRAWBERRY"": 27, ""WHEAT"": 21, ""CARROT"": 4}","{""SHEEP"": 9, ""COW"": 5, ""GOOSE"": 4}",2,79
410,17,2,0,32840.0,11,11,3,"{""STRAWBERRY"": 21, ""MELON"": 9, ""WHEAT"": 12, ""CARROT"": 8, ""TOMATO"": 1}","{""SHEEP"": 7, ""GOOSE"": 8, ""COW"": 5}",2,51
410,17,2,1,38017.0,11,11,3,"{""STRAWBERRY"": 27, ""WHEAT"": 21, ""CARROT"": 4}","{""SHEEP"": 9, ""COW"": 5, ""GOOSE"": 4}",2,67
411,17,3,0,32840.0,11,11,3,"{""STRAWBERRY"": 21, ""MELON"": 9, ""WHEAT"": 12, ""CARROT"": 8, ""TOMATO"": 1}","{""SHEEP"": 7, ""GOOSE"": 8, ""COW"": 5}",2,40
411,17,3,1,38017.0,11,11,3,"{""STRAWBERRY"": 27, ""WHEAT"": 21, ""CARROT"": 4}","{""SHEEP"": 9, ""COW"": 5, ""GOOSE"": 4}",2,61
412,17,4,0,32840.0,11,11,3,"{""STRAWBERRY"": 21, ""MELON"": 9, ""WHEAT"": 12, ""CARROT"": 8, ""TOMATO"": 1}","{""SHEEP"": 7, ""GOOSE"": 8, ""COW"": 5}",2,40
412,17,4,1,38017.0,11,11,3,"{""STRAWBERRY"": 27, ""WHEAT"": 21, ""CARROT"": 4}","{""SHEEP"": 9, ""COW"": 5, ""GOOSE"": 4}",2,61
413,17,5,0,32840.0,11,11,3,"{""STRAWBERRY"": 21, ""MELON"": 9, ""WHEAT"": 13, ""CARROT"": 8, ""TOMATO"": 1}","{""SHEEP"": 7, ""GOOSE"": 8, ""COW"": 5}",1,40
413,17,5,1,38017.0,11,11,3,"{""STRAWBERRY"": 27, ""WHEAT"": 21, ""CARROT"": 4}","{""SHEEP"": 9, ""COW"": 5, ""GOOSE"": 4}",2,61
414,17,6,0,32840.0,11,11,3,"{""STRAWBERRY"": 21, ""MELON"": 9, ""WHEAT"": 14, ""CARROT"": 8, ""TOMATO"": 1}","{""SHEEP"": 7, ""GOOSE"": 8, ""COW"": 5}",1,40
414,17,6,1,38017.0,11,11,3,"{""STRAWBERRY"": 27, ""WHEAT"": 20, ""CARROT"": 4}","{""SHEEP"": 9, ""COW"": 5, ""GOOSE"": 4}",2,61
415,17,7,0,32840.0,11,11,3,"{""STRAWBERRY"": 21, ""MELON"": 9, ""WHEAT"": 14, ""CARROT"": 8, ""TOMATO"": 1}","{""SHEEP"": 7, ""GOOSE"": 8, ""COW"": 5}",1,40
415,17,7,1,39616.0,11,11,3,"{""STRAWBERRY"": 27, ""WHEAT"": 20, ""CARROT"": 4}","{""SHEEP"": 9, ""COW"": 5, ""GOOSE"": 4}",2,46
416,17,8,0,32840.0,11,11,3,"{""STRAWBERRY"": 21, ""MELON"": 9, ""WHEAT"": 15, ""CARROT"": 8, ""TOMATO"": 1}","{""SHEEP"": 7, ""GOOSE"": 8, ""COW"": 5}",1,40
416,17,8,1,39754.0,11,11,3,"{""STRAWBERRY"": 27, ""WHEAT"": 21, ""CARROT"": 4}","{""SHEEP"": 9, ""COW"": 5, ""GOOSE"": 4}",2,42
417,17,9,0,32840.0,11,11,3,"{""STRAWBERRY"": 21, ""MELON"": 9, ""WHEAT"": 14, ""CARROT"": 8, ""TOMATO"": 1}","{""SHEEP"": 7, ""GOOSE"": 8, ""COW"": 5}",1,40
417,17,9,1,39754.0,11,11,3,"{""STRAWBERRY"": 27, ""WHEAT"": 20, ""CARROT"": 4}","{""SHEEP"": 9, ""COW"": 5, ""GOOSE"": 4}",2,42
418,17,10,0,32840.0,11,11,3,"{""STRAWBERRY"": 21, ""MELON"": 9, ""WHEAT"": 14, ""CARROT"": 7, ""TOMATO"": 2}","{""SHEEP"": 7, ""GOOSE"": 8, ""COW"": 5}",1,40
418,17,10,1,40644.0,11,11,3,"{""STRAWBERRY"": 27, ""WHEAT"": 20, ""CARROT"": 5}","{""SHEEP"": 9, ""COW"": 5, ""GOOSE"": 4}",2,37
419,17,11,0,32840.0,11,11,3,"{""STRAWBERRY"": 21, ""MELON"": 9, ""WHEAT"": 14, ""CARROT"": 6, ""TOMATO"": 3}","{""SHEEP"": 7, ""GOOSE"": 8, ""COW"": 5}",1,40
419,17,11,1,40644.0,11,11,3,"{""STRAWBERRY"": 27, ""WHEAT"": 20, ""CARROT"": 5}","{""SHEEP"": 9, ""COW"": 5, ""GOOSE"": 4}",2,37
420,17,12,0,32840.0,11,11,3,"{""STRAWBERRY"": 21, ""MELON"": 9, ""WHEAT"": 14, ""CARROT"": 7, ""TOMATO"": 3}","{""SHEEP"": 7, ""GOOSE"": 8, ""COW"": 5}",1,40
420,17,12,1,40644.0,11,11,3,"{""STRAWBERRY"": 27, ""WHEAT"": 19, ""CARROT"": 5}","{""SHEEP"": 9, ""COW"": 5, ""GOOSE"": 4}",2,37
421,17,13,0,32840.0,11,11,3,"{""STRAWBERRY"": 21, ""MELON"": 9, ""WHEAT"": 13, ""CARROT"": 7, ""TOMATO"": 3}","{""SHEEP"": 7, ""GOOSE"": 8, ""COW"": 5}",1,40
421,17,13,1,41295.0,11,11,3,"{""STRAWBERRY"": 27, ""WHEAT"": 19, ""CARROT"": 5}","{""SHEEP"": 9, ""COW"": 5, ""GOOSE"": 4}",2,31
422,17,14,0,32840.0,11,11,3,"{""STRAWBERRY"": 21, ""MELON"": 9, ""CARROT"": 8, ""WHEAT"": 13, ""TOMATO"": 3}","{""SHEEP"": 7, ""GOOSE"": 8, ""COW"": 5}",1,40
422,17,14,1,42418.0,11,11,3,"{""STRAWBERRY"": 27, ""WHEAT"": 19, ""CARROT"": 5}","{""SHEEP"": 9, ""COW"": 5, ""GOOSE"": 4}",2,24
423,17,15,0,32840.0,11,11,3,"{""STRAWBERRY"": 21, ""MELON"": 9, ""CARROT"": 8, ""WHEAT"": 13, ""TOMATO"": 3}","{""SHEEP"": 7, ""GOOSE"": 8, ""COW"": 5}",1,40
423,17,15,1,42408.0,11,11,3,"{""STRAWBERRY"": 27, ""WHEAT"": 19, ""CARROT"": 6}","{""SHEEP"": 9, ""COW"": 5, ""GOOSE"": 4}",2,24
424,17,16,0,32840.0,11,11,3,"{""STRAWBERRY"": 21, ""MELON"": 9, ""CARROT"": 8, ""WHEAT"": 12, ""TOMATO"": 3}","{""SHEEP"": 7, ""GOOSE"": 8, ""COW"": 5}",1,40
424,17,16,1,42408.0,11,11,3,"{""STRAWBERRY"": 27, ""WHEAT"": 19, ""CARROT"": 6}","{""SHEEP"": 9, ""COW"": 5, ""GOOSE"": 4}",2,24
425,17,17,0,32840.0,11,11,3,"{""STRAWBERRY"": 21, ""MELON"": 9, ""CARROT"": 8, ""WHEAT"": 12, ""TOMATO"": 4}","{""SHEEP"": 7, ""GOOSE"": 8, ""COW"": 5}",1,40
425,17,17,1,42408.0,11,11,3,"{""STRAWBERRY"": 27, ""WHEAT"": 18, ""CARROT"": 6}","{""SHEEP"": 9, ""COW"": 5, ""GOOSE"": 4}",2,24
426,17,18,0,32840.0,11,11,3,"{""STRAWBERRY"": 21, ""MELON"": 9, ""CARROT"": 8, ""WHEAT"": 12, ""TOMATO"": 4}","{""SHEEP"": 7, ""GOOSE"": 8, ""COW"": 5}",0,40
426,17,18,1,42398.0,11,11,3,"{""STRAWBERRY"": 27, ""WHEAT"": 18, ""CARROT"": 8}","{""SHEEP"": 9, ""COW"": 5, ""GOOSE"": 4}",2,24
427,17,19,0,32840.0,11,11,3,"{""STRAWBERRY"": 21, ""MELON"": 9, ""WHEAT"": 13, ""CARROT"": 8, ""TOMATO"": 4}","{""SHEEP"": 7, ""GOOSE"": 8, ""COW"": 5}",0,40
427,17,19,1,42398.0,11,11,3,"{""STRAWBERRY"": 27, ""WHEAT"": 17, ""CARROT"": 8}","{""SHEEP"": 9, ""COW"": 5, ""GOOSE"": 4}",2,24
428,17,20,0,32840.0,11,11,3,"{""STRAWBERRY"": 21, ""MELON"": 9, ""WHEAT"": 12, ""CARROT"": 8, ""TOMATO"": 4}","{""SHEEP"": 7, ""GOOSE"": 8, ""COW"": 5}",0,40
428,17,20,1,42388.0,11,11,3,"{""STRAWBERRY"": 27, ""WHEAT"": 17, ""CARROT"": 9}","{""SHEEP"": 9, ""COW"": 5, ""GOOSE"": 4}",1,24
429,17,21,0,32840.0,11,11,3,"{""STRAWBERRY"": 21, ""MELON"": 9, ""WHEAT"": 13, ""CARROT"": 8, ""TOMATO"": 4}","{""SHEEP"": 7, ""GOOSE"": 8, ""COW"": 5}",0,40
429,17,21,1,42378.0,11,11,3,"{""STRAWBERRY"": 27, ""WHEAT"": 16, ""CARROT"": 10}","{""SHEEP"": 9, ""COW"": 5, ""GOOSE"": 4}",1,24
430,17,22,0,33539.0,11,11,3,"{""STRAWBERRY"": 21, ""MELON"": 8, ""WHEAT"": 13, ""CARROT"": 8, ""TOMATO"": 4}","{""SHEEP"": 7, ""GOOSE"": 8, ""COW"": 5}",0,40
430,17,22,1,42589.0,11,11,3,"{""STRAWBERRY"": 27, ""WHEAT"": 15, ""CARROT"": 11}","{""SHEEP"": 9, ""COW"": 5, ""GOOSE"": 4}",1,27
431,17,23,0,35849.0,11,11,3,"{""STRAWBERRY"": 21, ""MELON"": 8, ""WHEAT"": 13, ""CARROT"": 9, ""TOMATO"": 4}","{""SHEEP"": 7, ""GOOSE"": 8, ""COW"": 5}",0,40
431,17,23,1,43642.0,11,11,3,"{""STRAWBERRY"": 27, ""WHEAT"": 15, ""CARROT"": 12}","{""SHEEP"": 9, ""COW"": 5, ""GOOSE"": 4}",1,8
432,18,0,0,36789.0,0,0,3,"{""STRAWBERRY"": 21, ""MELON"": 8, ""WHEAT"": 13, ""CARROT"": 9, ""TOMATO"": 4}","{""SHEEP"": 7, ""GOOSE"": 8, ""COW"": 5}",0,86
432,18,0,1,43642.0,0,0,3,"{""STRAWBERRY"": 27, ""WHEAT"": 15, ""CARROT"": 12}","{""SHEEP"": 9, ""COW"": 5, ""GOOSE"": 4}",1,89
433,18,1,0,40105.0,2,2,3,"{""STRAWBERRY"": 21, ""MELON"": 8, ""WHEAT"": 13, ""CARROT"": 9, ""TOMATO"": 4}","{""SHEEP"": 7, ""GOOSE"": 8, ""COW"": 5}",0,27
433,18,1,1,43903.0,8,8,3,"{""STRAWBERRY"": 27, ""WHEAT"": 15, ""CARROT"": 12}","{""SHEEP"": 9, ""COW"": 5, ""GOOSE"": 4}",1,80
434,18,2,0,39875.0,11,11,3,"{""STRAWBERRY"": 21, ""MELON"": 8, ""WHEAT"": 13, ""CARROT"": 9, ""TOMATO"": 4}","{""SHEEP"": 7, ""GOOSE"": 8, ""COW"": 5}",0,27
434,18,2,1,44846.0,11,11,3,"{""STRAWBERRY"": 27, ""WHEAT"": 15, ""CARROT"": 12}","{""SHEEP"": 9, ""COW"": 5, ""GOOSE"": 4}",1,72
435,18,3,0,39875.0,11,11,3,"{""STRAWBERRY"": 21, ""MELON"": 8, ""WHEAT"": 13, ""CARROT"": 9, ""TOMATO"": 4}","{""SHEEP"": 7, ""GOOSE"": 8, ""COW"": 5}",0,9
435,18,3,1,44846.0,11,11,3,"{""STRAWBERRY"": 27, ""WHEAT"": 15, ""CARROT"": 12}","{""SHEEP"": 9, ""COW"": 5, ""GOOSE"": 4}",1,70
436,18,4,0,39875.0,11,11,3,"{""STRAWBERRY"": 21, ""MELON"": 8, ""WHEAT"": 13, ""CARROT"": 9, ""TOMATO"": 4}","{""SHEEP"": 7, ""GOOSE"": 8, ""COW"": 5}",0,9
436,18,4,1,44846.0,11,11,3,"{""STRAWBERRY"": 27, ""WHEAT"": 15, ""CARROT"": 12}","{""SHEEP"": 9, ""COW"": 5, ""GOOSE"": 4}",1,63
437,18,5,0,39875.0,11,11,3,"{""STRAWBERRY"": 21, ""MELON"": 8, ""WHEAT"": 13, ""CARROT"": 9, ""TOMATO"": 4}","{""SHEEP"": 7, ""GOOSE"": 8, ""COW"": 5}",0,9
437,18,5,1,44846.0,11,11,3,"{""STRAWBERRY"": 27, ""WHEAT"": 15, ""CARROT"": 12}","{""SHEEP"": 9, ""COW"": 5, ""GOOSE"": 4}",1,71
438,18,6,0,40506.0,11,11,3,"{""STRAWBERRY"": 21, ""MELON"": 8, ""WHEAT"": 13, ""CARROT"": 9, ""TOMATO"": 4}","{""SHEEP"": 7, ""GOOSE"": 8, ""COW"": 5}",0,9
438,18,6,1,44846.0,11,11,3,"{""STRAWBERRY"": 27, ""WHEAT"": 15, ""CARROT"": 12}","{""SHEEP"": 9, ""COW"": 5, ""GOOSE"": 4}",1,67
439,18,7,0,40506.0,11,11,3,"{""STRAWBERRY"": 21, ""MELON"": 8, ""WHEAT"": 13, ""CARROT"": 9, ""TOMATO"": 4}","{""SHEEP"": 7, ""GOOSE"": 8, ""COW"": 5}",0,9
439,18,7,1,44846.0,11,11,3,"{""STRAWBERRY"": 27, ""WHEAT"": 14, ""CARROT"": 12}","{""SHEEP"": 9, ""COW"": 5, ""GOOSE"": 4}",1,67
440,18,8,0,40506.0,11,11,3,"{""STRAWBERRY"": 21, ""MELON"": 8, ""WHEAT"": 13, ""CARROT"": 9, ""TOMATO"": 4}","{""SHEEP"": 7, ""GOOSE"": 8, ""COW"": 5}",0,9
440,18,8,1,45179.0,11,11,3,"{""STRAWBERRY"": 27, ""WHEAT"": 14, ""CARROT"": 12, ""MELON"": 1}","{""SHEEP"": 9, ""COW"": 5, ""GOOSE"": 4}",1,58
441,18,9,0,40506.0,11,11,3,"{""STRAWBERRY"": 21, ""MELON"": 8, ""WHEAT"": 12, ""CARROT"": 9, ""TOMATO"": 4}","{""SHEEP"": 7, ""GOOSE"": 8, ""COW"": 5}",0,9
441,18,9,1,45179.0,11,11,3,"{""STRAWBERRY"": 27, ""WHEAT"": 13, ""CARROT"": 12, ""MELON"": 1}","{""SHEEP"": 9, ""COW"": 5, ""GOOSE"": 4}",1,58
442,18,10,0,40506.0,11,11,3,"{""STRAWBERRY"": 21, ""MELON"": 8, ""WHEAT"": 13, ""CARROT"": 9, ""TOMATO"": 4}","{""SHEEP"": 7, ""GOOSE"": 8, ""COW"": 5}",0,9
442,18,10,1,45230.0,11,11,3,"{""STRAWBERRY"": 27, ""WHEAT"": 14, ""CARROT"": 12, ""MELON"": 1}","{""SHEEP"": 9, ""COW"": 5, ""GOOSE"": 4}",1,57
443,18,11,0,40506.0,11,11,3,"{""STRAWBERRY"": 21, ""MELON"": 8, ""WHEAT"": 12, ""CARROT"": 9, ""TOMATO"": 4}","{""SHEEP"": 7, ""GOOSE"": 8, ""COW"": 5}",0,9
443,18,11,1,45230.0,11,11,3,"{""STRAWBERRY"": 27, ""WHEAT"": 14, ""CARROT"": 12, ""MELON"": 1}","{""SHEEP"": 9, ""COW"": 5, ""GOOSE"": 4}",1,57
444,18,12,0,40506.0,11,11,3,"{""STRAWBERRY"": 21, ""MELON"": 8, ""WHEAT"": 11, ""CARROT"": 9, ""TOMATO"": 4}","{""SHEEP"": 7, ""GOOSE"": 8, ""COW"": 5}",0,9
444,18,12,1,45230.0,11,11,3,"{""STRAWBERRY"": 27, ""WHEAT"": 14, ""CARROT"": 12, ""MELON"": 1}","{""SHEEP"": 9, ""COW"": 5, ""GOOSE"": 4}",1,57
445,18,13,0,40506.0,11,11,3,"{""STRAWBERRY"": 21, ""MELON"": 8, ""WHEAT"": 13, ""CARROT"": 9, ""TOMATO"": 4}","{""SHEEP"": 7, ""GOOSE"": 8, ""COW"": 5}",0,9
445,18,13,1,45230.0,11,11,3,"{""STRAWBERRY"": 27, ""WHEAT"": 14, ""CARROT"": 12, ""MELON"": 1}","{""SHEEP"": 9, ""COW"": 5, ""GOOSE"": 4}",1,57
446,18,14,0,40506.0,11,11,3,"{""STRAWBERRY"": 21, ""MELON"": 8, ""WHEAT"": 13, ""CARROT"": 9, ""TOMATO"": 4}","{""SHEEP"": 7, ""GOOSE"": 8, ""COW"": 5}",0,9
446,18,14,1,45230.0,11,11,3,"{""STRAWBERRY"": 26, ""WHEAT"": 13, ""CARROT"": 12, ""MELON"": 1}","{""SHEEP"": 9, ""COW"": 5, ""GOOSE"": 4}",1,57
447,18,15,0,40506.0,11,11,3,"{""STRAWBERRY"": 21, ""MELON"": 8, ""WHEAT"": 13, ""CARROT"": 9, ""TOMATO"": 4}","{""SHEEP"": 7, ""GOOSE"": 8, ""COW"": 5}",0,9
447,18,15,1,45516.0,11,11,3,"{""STRAWBERRY"": 26, ""TOMATO"": 1, ""WHEAT"": 14, ""CARROT"": 12, ""MELON"": 1}","{""SHEEP"": 9, ""COW"": 5, ""GOOSE"": 4}",1,55
448,18,16,0,40506.0,11,11,3,"{""STRAWBERRY"": 21, ""MELON"": 8, ""WHEAT"": 13, ""CARROT"": 8, ""TOMATO"": 4}","{""SHEEP"": 7, ""GOOSE"": 8, ""COW"": 5}",0,9
448,18,16,1,47970.0,11,11,3,"{""STRAWBERRY"": 26, ""TOMATO"": 1, ""WHEAT"": 14, ""CARROT"": 12, ""MELON"": 1}","{""SHEEP"": 9, ""COW"": 5, ""GOOSE"": 4}",1,41
449,18,17,0,40506.0,11,11,3,"{""STRAWBERRY"": 21, ""MELON"": 8, ""WHEAT"": 13, ""CARROT"": 9, ""TOMATO"": 4}","{""SHEEP"": 7, ""GOOSE"": 8, ""COW"": 5}",0,9
449,18,17,1,47970.0,11,11,3,"{""STRAWBERRY"": 26, ""TOMATO"": 1, ""WHEAT"": 14, ""CARROT"": 12, ""MELON"": 1}","{""SHEEP"": 9, ""COW"": 5, ""GOOSE"": 4}",1,41
450,18,18,0,40506.0,11,11,3,"{""STRAWBERRY"": 21, ""MELON"": 8, ""WHEAT"": 13, ""CARROT"": 9, ""TOMATO"": 4}","{""SHEEP"": 7, ""GOOSE"": 8, ""COW"": 5}",0,9
450,18,18,1,47970.0,11,11,3,"{""STRAWBERRY"": 26, ""TOMATO"": 1, ""WHEAT"": 14, ""CARROT"": 12, ""MELON"": 1}","{""SHEEP"": 9, ""COW"": 5, ""GOOSE"": 4}",1,47
451,18,19,0,40506.0,11,11,3,"{""STRAWBERRY"": 21, ""MELON"": 8, ""WHEAT"": 12, ""CARROT"": 9, ""TOMATO"": 4}","{""SHEEP"": 7, ""GOOSE"": 8, ""COW"": 5}",0,9
451,18,19,1,48994.0,11,11,3,"{""STRAWBERRY"": 26, ""TOMATO"": 1, ""WHEAT"": 14, ""CARROT"": 12, ""MELON"": 1}","{""SHEEP"": 9, ""COW"": 5, ""GOOSE"": 4}",1,47
452,18,20,0,40506.0,11,11,3,"{""STRAWBERRY"": 21, ""MELON"": 8, ""WHEAT"": 13, ""CARROT"": 9, ""TOMATO"": 4}","{""SHEEP"": 7, ""GOOSE"": 8, ""COW"": 5}",0,9
452,18,20,1,49992.0,11,11,3,"{""STRAWBERRY"": 26, ""TOMATO"": 1, ""WHEAT"": 13, ""CARROT"": 12, ""MELON"": 1}","{""SHEEP"": 9, ""COW"": 5, ""GOOSE"": 4}",1,41
453,18,21,0,40506.0,11,11,3,"{""STRAWBERRY"": 21, ""MELON"": 8, ""WHEAT"": 13, ""CARROT"": 9, ""TOMATO"": 4}","{""SHEEP"": 7, ""GOOSE"": 8, ""COW"": 5}",0,9
453,18,21,1,49932.0,11,11,3,"{""STRAWBERRY"": 25, ""TOMATO"": 1, ""WHEAT"": 13, ""CARROT"": 13, ""MELON"": 1}","{""SHEEP"": 9, ""COW"": 5, ""GOOSE"": 4}",1,41
454,18,22,0,40506.0,11,11,3,"{""STRAWBERRY"": 21, ""MELON"": 8, ""WHEAT"": 13, ""CARROT"": 9, ""TOMATO"": 4}","{""SHEEP"": 7, ""GOOSE"": 8, ""COW"": 5}",0,9
454,18,22,1,50109.0,11,11,3,"{""TOMATO"": 2, ""STRAWBERRY"": 25, ""CARROT"": 13, ""MELON"": 1, ""WHEAT"": 12}","{""SHEEP"": 9, ""COW"": 5, ""GOOSE"": 4}",1,38
455,18,23,0,40506.0,11,11,3,"{""STRAWBERRY"": 21, ""MELON"": 8, ""WHEAT"": 13, ""CARROT"": 9, ""TOMATO"": 4}","{""SHEEP"": 7, ""GOOSE"": 8, ""COW"": 5}",0,9
455,18,23,1,50331.0,11,11,3,"{""TOMATO"": 2, ""STRAWBERRY"": 25, ""WHEAT"": 13, ""CARROT"": 13, ""MELON"": 1}","{""SHEEP"": 9, ""COW"": 5, ""GOOSE"": 4}",1,32
456,19,0,0,41517.0,0,0,3,"{""STRAWBERRY"": 21, ""MELON"": 8, ""WHEAT"": 13, ""CARROT"": 9, ""TOMATO"": 4}","{""SHEEP"": 7, ""GOOSE"": 8, ""COW"": 5}",0,67
456,19,0,1,52163.0,0,0,3,"{""TOMATO"": 2, ""STRAWBERRY"": 25, ""WHEAT"": 13, ""CARROT"": 13, ""MELON"": 1}","{""SHEEP"": 9, ""COW"": 5, ""GOOSE"": 4}",1,94
457,19,1,0,43796.0,1,1,3,"{""STRAWBERRY"": 21, ""MELON"": 8, ""WHEAT"": 13, ""CARROT"": 9, ""TOMATO"": 4}","{""SHEEP"": 7, ""GOOSE"": 8, ""COW"": 5}",0,22
457,19,1,1,52305.0,8,8,3,"{""TOMATO"": 2, ""STRAWBERRY"": 25, ""WHEAT"": 13, ""CARROT"": 13, ""MELON"": 1}","{""SHEEP"": 9, ""COW"": 5, ""GOOSE"": 4}",1,85
458,19,2,0,43565.0,11,11,3,"{""STRAWBERRY"": 21, ""MELON"": 8, ""WHEAT"": 13, ""CARROT"": 9, ""TOMATO"": 4}","{""SHEEP"": 7, ""GOOSE"": 8, ""COW"": 5}",0,22
458,19,2,1,52127.0,11,11,3,"{""TOMATO"": 2, ""STRAWBERRY"": 25, ""WHEAT"": 13, ""CARROT"": 13, ""MELON"": 1}","{""SHEEP"": 9, ""COW"": 5, ""GOOSE"": 4}",1,69
459,19,3,0,43565.0,11,11,3,"{""STRAWBERRY"": 21, ""MELON"": 8, ""WHEAT"": 13, ""CARROT"": 9, ""TOMATO"": 4}","{""SHEEP"": 7, ""GOOSE"": 8, ""COW"": 5}",0,6
459,19,3,1,52127.0,11,11,3,"{""TOMATO"": 2, ""STRAWBERRY"": 25, ""WHEAT"": 13, ""CARROT"": 13, ""MELON"": 1}","{""SHEEP"": 9, ""COW"": 5, ""GOOSE"": 4}",1,63
460,19,4,0,43565.0,11,11,3,"{""STRAWBERRY"": 21, ""MELON"": 8, ""WHEAT"": 13, ""CARROT"": 9, ""TOMATO"": 4}","{""SHEEP"": 7, ""GOOSE"": 8, ""COW"": 5}",0,6
460,19,4,1,52127.0,11,11,3,"{""TOMATO"": 2, ""STRAWBERRY"": 25, ""WHEAT"": 13, ""CARROT"": 13, ""MELON"": 1}","{""SHEEP"": 9, ""COW"": 5, ""GOOSE"": 4}",1,63
461,19,5,0,43565.0,11,11,3,"{""STRAWBERRY"": 21, ""MELON"": 8, ""WHEAT"": 13, ""CARROT"": 9, ""TOMATO"": 4}","{""SHEEP"": 7, ""GOOSE"": 8, ""COW"": 5}",0,6
461,19,5,1,52127.0,11,11,3,"{""TOMATO"": 2, ""STRAWBERRY"": 25, ""WHEAT"": 12, ""CARROT"": 13, ""MELON"": 1}","{""SHEEP"": 9, ""COW"": 5, ""GOOSE"": 4}",1,63
462,19,6,0,43565.0,11,11,3,"{""STRAWBERRY"": 21, ""MELON"": 8, ""WHEAT"": 13, ""CARROT"": 9, ""TOMATO"": 4}","{""SHEEP"": 7, ""GOOSE"": 8, ""COW"": 5}",0,6
462,19,6,1,52127.0,11,11,3,"{""TOMATO"": 2, ""STRAWBERRY"": 25, ""WHEAT"": 12, ""CARROT"": 13, ""MELON"": 1}","{""SHEEP"": 9, ""COW"": 5, ""GOOSE"": 4}",1,63
463,19,7,0,43565.0,11,11,3,"{""STRAWBERRY"": 21, ""MELON"": 7, ""WHEAT"": 12, ""CARROT"": 9, ""TOMATO"": 4}","{""SHEEP"": 7, ""GOOSE"": 8, ""COW"": 5}",0,6
463,19,7,1,52191.0,11,11,3,"{""TOMATO"": 2, ""STRAWBERRY"": 25, ""WHEAT"": 13, ""CARROT"": 13, ""MELON"": 1}","{""SHEEP"": 9, ""COW"": 5, ""GOOSE"": 4}",1,61
464,19,8,0,43565.0,11,11,3,"{""STRAWBERRY"": 21, ""MELON"": 7, ""WHEAT"": 13, ""CARROT"": 10, ""TOMATO"": 4}","{""SHEEP"": 7, ""GOOSE"": 8, ""COW"": 5}",0,6
464,19,8,1,52191.0,11,11,3,"{""TOMATO"": 2, ""STRAWBERRY"": 25, ""WHEAT"": 12, ""CARROT"": 13, ""MELON"": 1}","{""SHEEP"": 9, ""COW"": 5, ""GOOSE"": 4}",1,61
465,19,9,0,43565.0,11,11,3,"{""STRAWBERRY"": 21, ""MELON"": 7, ""WHEAT"": 12, ""CARROT"": 10, ""TOMATO"": 4}","{""SHEEP"": 7, ""GOOSE"": 8, ""COW"": 5}",0,6
465,19,9,1,52181.0,11,11,3,"{""TOMATO"": 2, ""STRAWBERRY"": 25, ""WHEAT"": 13, ""CARROT"": 13, ""MELON"": 1}","{""SHEEP"": 9, ""COW"": 5, ""GOOSE"": 4}",1,61
466,19,10,0,43565.0,11,11,3,"{""STRAWBERRY"": 21, ""MELON"": 7, ""WHEAT"": 13, ""CARROT"": 9, ""TOMATO"": 4}","{""SHEEP"": 7, ""GOOSE"": 8, ""COW"": 5}",0,6
466,19,10,1,52847.0,11,11,3,"{""TOMATO"": 2, ""STRAWBERRY"": 25, ""WHEAT"": 12, ""CARROT"": 12, ""MELON"": 1}","{""SHEEP"": 9, ""COW"": 5, ""GOOSE"": 4}",1,57
467,19,11,0,43565.0,11,11,3,"{""STRAWBERRY"": 21, ""MELON"": 7, ""WHEAT"": 13, ""CARROT"": 10, ""TOMATO"": 4}","{""SHEEP"": 7, ""GOOSE"": 8, ""COW"": 5}",0,6
467,19,11,1,52837.0,11,11,3,"{""TOMATO"": 2, ""STRAWBERRY"": 25, ""WHEAT"": 13, ""CARROT"": 13, ""MELON"": 1}","{""SHEEP"": 9, ""COW"": 5, ""GOOSE"": 4}",1,57
468,19,12,0,43565.0,11,11,3,"{""STRAWBERRY"": 21, ""MELON"": 7, ""WHEAT"": 13, ""CARROT"": 9, ""TOMATO"": 4}","{""SHEEP"": 7, ""GOOSE"": 8, ""COW"": 5}",0,6
468,19,12,1,52707.0,11,11,3,"{""TOMATO"": 2, ""STRAWBERRY"": 24, ""WHEAT"": 13, ""CARROT"": 13, ""MELON"": 1}","{""SHEEP"": 9, ""COW"": 5, ""GOOSE"": 4}",1,57
469,19,13,0,43565.0,11,11,3,"{""STRAWBERRY"": 21, ""MELON"": 6, ""WHEAT"": 13, ""CARROT"": 9, ""TOMATO"": 4}","{""SHEEP"": 7, ""GOOSE"": 8, ""COW"": 5}",0,6
469,19,13,1,52697.0,11,11,3,"{""TOMATO"": 2, ""STRAWBERRY"": 24, ""WHEAT"": 13, ""CARROT"": 13, ""MELON"": 1}","{""SHEEP"": 9, ""COW"": 5, ""GOOSE"": 4}",1,57
470,19,14,0,43565.0,11,11,3,"{""STRAWBERRY"": 21, ""MELON"": 6, ""WHEAT"": 14, ""CARROT"": 10, ""TOMATO"": 4}","{""SHEEP"": 7, ""GOOSE"": 8, ""COW"": 5}",0,6
470,19,14,1,54947.0,11,11,3,"{""TOMATO"": 2, ""STRAWBERRY"": 24, ""WHEAT"": 12, ""CARROT"": 14, ""MELON"": 1}","{""SHEEP"": 9, ""COW"": 5, ""GOOSE"": 4}",1,43
471,19,15,0,43565.0,11,11,3,"{""STRAWBERRY"": 21, ""MELON"": 6, ""WHEAT"": 14, ""CARROT"": 10, ""TOMATO"": 4}","{""SHEEP"": 7, ""GOOSE"": 8, ""COW"": 5}",0,6
471,19,15,1,54937.0,11,11,3,"{""TOMATO"": 2, ""STRAWBERRY"": 24, ""WHEAT"": 13, ""CARROT"": 13, ""MELON"": 1}","{""SHEEP"": 9, ""COW"": 5, ""GOOSE"": 4}",1,43
472,19,16,0,43565.0,11,11,3,"{""STRAWBERRY"": 21, ""MELON"": 6, ""WHEAT"": 14, ""CARROT"": 10, ""TOMATO"": 4}","{""SHEEP"": 7, ""GOOSE"": 8, ""COW"": 5}",0,6
472,19,16,1,54927.0,11,11,3,"{""TOMATO"": 2, ""STRAWBERRY"": 24, ""WHEAT"": 12, ""CARROT"": 14, ""MELON"": 1}","{""SHEEP"": 9, ""COW"": 5, ""GOOSE"": 4}",1,43
473,19,17,0,43565.0,11,11,3,"{""STRAWBERRY"": 21, ""MELON"": 5, ""WHEAT"": 14, ""CARROT"": 10, ""TOMATO"": 4}","{""SHEEP"": 7, ""GOOSE"": 8, ""COW"": 5}",0,6
473,19,17,1,54797.0,11,11,3,"{""TOMATO"": 2, ""STRAWBERRY"": 24, ""WHEAT"": 13, ""CARROT"": 14, ""MELON"": 1}","{""SHEEP"": 9, ""COW"": 5, ""GOOSE"": 4}",1,43
474,19,18,0,43565.0,11,11,3,"{""STRAWBERRY"": 21, ""MELON"": 5, ""WHEAT"": 14, ""CARROT"": 11, ""TOMATO"": 4}","{""SHEEP"": 7, ""GOOSE"": 8, ""COW"": 5}",0,6
474,19,18,1,54797.0,11,11,3,"{""TOMATO"": 2, ""STRAWBERRY"": 24, ""WHEAT"": 13, ""CARROT"": 13, ""MELON"": 1}","{""SHEEP"": 9, ""COW"": 5, ""GOOSE"": 4}",1,43
475,19,19,0,43565.0,11,11,3,"{""STRAWBERRY"": 21, ""MELON"": 5, ""WHEAT"": 14, ""CARROT"": 11, ""TOMATO"": 4}","{""SHEEP"": 7, ""GOOSE"": 8, ""COW"": 5}",0,6
475,19,19,1,54787.0,11,11,3,"{""TOMATO"": 2, ""STRAWBERRY"": 24, ""WHEAT"": 13, ""MELON"": 1, ""CARROT"": 13}","{""SHEEP"": 9, ""COW"": 5, ""GOOSE"": 4}",1,43
476,19,20,0,43565.0,11,11,3,"{""STRAWBERRY"": 21, ""MELON"": 5, ""WHEAT"": 14, ""CARROT"": 11, ""TOMATO"": 4}","{""SHEEP"": 7, ""GOOSE"": 8, ""COW"": 5}",0,6
476,19,20,1,54777.0,11,11,3,"{""TOMATO"": 2, ""STRAWBERRY"": 24, ""WHEAT"": 13, ""CARROT"": 14, ""MELON"": 1}","{""SHEEP"": 9, ""COW"": 5, ""GOOSE"": 4}",1,43
477,19,21,0,43565.0,11,11,3,"{""STRAWBERRY"": 21, ""MELON"": 5, ""WHEAT"": 14, ""CARROT"": 11, ""TOMATO"": 4}","{""SHEEP"": 7, ""GOOSE"": 8, ""COW"": 5}",0,6
477,19,21,1,54777.0,11,11,3,"{""TOMATO"": 2, ""STRAWBERRY"": 24, ""WHEAT"": 13, ""CARROT"": 13, ""MELON"": 1}","{""SHEEP"": 9, ""COW"": 5, ""GOOSE"": 4}",1,43
478,19,22,0,43565.0,11,11,3,"{""STRAWBERRY"": 21, ""MELON"": 5, ""WHEAT"": 13, ""CARROT"": 8, ""TOMATO"": 4}","{""SHEEP"": 7, ""GOOSE"": 8, ""COW"": 5}",0,6
478,19,22,1,54828.0,11,11,3,"{""TOMATO"": 2, ""STRAWBERRY"": 23, ""WHEAT"": 13, ""CARROT"": 14, ""MELON"": 1}","{""SHEEP"": 9, ""COW"": 5, ""GOOSE"": 4}",1,42
479,19,23,0,43937.0,11,11,3,"{""STRAWBERRY"": 21, ""MELON"": 5, ""WHEAT"": 15, ""CARROT"": 10, ""TOMATO"": 4}","{""SHEEP"": 7, ""GOOSE"": 8, ""COW"": 5}",0,6
479,19,23,1,57972.0,11,11,3,"{""TOMATO"": 2, ""STRAWBERRY"": 23, ""CARROT"": 14, ""WHEAT"": 13, ""MELON"": 1}","{""SHEEP"": 9, ""COW"": 5, ""GOOSE"": 4}",1,6
480,20,0,0,45759.0,0,0,3,"{""STRAWBERRY"": 21, ""MELON"": 5, ""WHEAT"": 15, ""CARROT"": 10, ""TOMATO"": 4}","{""SHEEP"": 6, ""GOOSE"": 8, ""COW"": 5}",0,100
480,20,0,1,57972.0,0,0,3,"{""TOMATO"": 2, ""STRAWBERRY"": 22, ""CARROT"": 12, ""WHEAT"": 13, ""MELON"": 1}","{""SHEEP"": 9, ""COW"": 5, ""GOOSE"": 4}",3,79
481,20,1,0,46939.0,4,4,3,"{""STRAWBERRY"": 21, ""MELON"": 5, ""WHEAT"": 15, ""CARROT"": 10, ""TOMATO"": 4}","{""SHEEP"": 6, ""GOOSE"": 8, ""COW"": 5}",0,81
481,20,1,1,58368.0,8,8,3,"{""TOMATO"": 2, ""STRAWBERRY"": 22, ""CARROT"": 12, ""WHEAT"": 13, ""MELON"": 1}","{""SHEEP"": 9, ""COW"": 5, ""GOOSE"": 4}",3,66
482,20,2,0,47762.0,10,10,3,"{""STRAWBERRY"": 21, ""MELON"": 5, ""WHEAT"": 15, ""CARROT"": 10, ""TOMATO"": 4}","{""SHEEP"": 6, ""GOOSE"": 8, ""COW"": 5}",0,55
482,20,2,1,58190.0,11,11,3,"{""TOMATO"": 2, ""STRAWBERRY"": 22, ""CARROT"": 12, ""WHEAT"": 13, ""MELON"": 1}","{""SHEEP"": 9, ""COW"": 5, ""GOOSE"": 4}",3,60
483,20,3,0,47762.0,10,10,3,"{""STRAWBERRY"": 21, ""MELON"": 5, ""WHEAT"": 15, ""CARROT"": 10, ""TOMATO"": 4}","{""SHEEP"": 6, ""GOOSE"": 8, ""COW"": 5}",0,40
483,20,3,1,58190.0,11,11,3,"{""TOMATO"": 2, ""STRAWBERRY"": 22, ""CARROT"": 12, ""WHEAT"": 13, ""MELON"": 1}","{""SHEEP"": 9, ""COW"": 5, ""GOOSE"": 4}",3,62
484,20,4,0,47762.0,10,10,3,"{""STRAWBERRY"": 21, ""MELON"": 5, ""WHEAT"": 15, ""CARROT"": 10, ""TOMATO"": 4}","{""SHEEP"": 6, ""GOOSE"": 8, ""COW"": 5}",0,40
484,20,4,1,58190.0,11,11,3,"{""TOMATO"": 2, ""STRAWBERRY"": 22, ""CARROT"": 12, ""WHEAT"": 13, ""MELON"": 1}","{""SHEEP"": 9, ""COW"": 5, ""GOOSE"": 4}",3,55
485,20,5,0,47762.0,10,10,3,"{""STRAWBERRY"": 21, ""MELON"": 4, ""WHEAT"": 15, ""CARROT"": 10, ""TOMATO"": 4}","{""SHEEP"": 6, ""GOOSE"": 8, ""COW"": 5}",0,40
485,20,5,1,58190.0,11,11,3,"{""TOMATO"": 2, ""STRAWBERRY"": 22, ""CARROT"": 12, ""WHEAT"": 13, ""MELON"": 1}","{""SHEEP"": 9, ""COW"": 5, ""GOOSE"": 4}",3,55
486,20,6,0,47762.0,10,10,3,"{""STRAWBERRY"": 21, ""MELON"": 4, ""WHEAT"": 15, ""CARROT"": 10, ""TOMATO"": 4}","{""SHEEP"": 6, ""GOOSE"": 8, ""COW"": 5}",0,40
486,20,6,1,58190.0,11,11,3,"{""TOMATO"": 2, ""STRAWBERRY"": 22, ""CARROT"": 12, ""WHEAT"": 11, ""MELON"": 1}","{""SHEEP"": 9, ""COW"": 5, ""GOOSE"": 4}",3,55
487,20,7,0,47762.0,10,10,3,"{""STRAWBERRY"": 21, ""MELON"": 4, ""WHEAT"": 15, ""CARROT"": 10, ""TOMATO"": 4}","{""SHEEP"": 6, ""GOOSE"": 8, ""COW"": 5}",0,40
487,20,7,1,58439.0,11,11,3,"{""TOMATO"": 2, ""STRAWBERRY"": 22, ""CARROT"": 12, ""WHEAT"": 13, ""MELON"": 1}","{""SHEEP"": 9, ""COW"": 5, ""GOOSE"": 4}",3,48
488,20,8,0,47762.0,10,10,3,"{""STRAWBERRY"": 21, ""MELON"": 4, ""WHEAT"": 15, ""CARROT"": 10, ""TOMATO"": 4}","{""SHEEP"": 6, ""GOOSE"": 8, ""COW"": 5}",0,40
488,20,8,1,58439.0,11,11,3,"{""TOMATO"": 2, ""STRAWBERRY"": 22, ""CARROT"": 12, ""WHEAT"": 13, ""MELON"": 1}","{""SHEEP"": 9, ""COW"": 5, ""GOOSE"": 4}",3,48
489,20,9,0,47762.0,10,10,3,"{""STRAWBERRY"": 20, ""WHEAT"": 15, ""CARROT"": 10, ""TOMATO"": 4, ""MELON"": 3}","{""SHEEP"": 6, ""GOOSE"": 8, ""COW"": 5}",0,40
489,20,9,1,58439.0,11,11,3,"{""TOMATO"": 2, ""STRAWBERRY"": 22, ""CARROT"": 12, ""WHEAT"": 13, ""MELON"": 1}","{""SHEEP"": 9, ""COW"": 5, ""GOOSE"": 4}",3,48
490,20,10,0,47762.0,10,10,3,"{""STRAWBERRY"": 20, ""WHEAT"": 16, ""CARROT"": 11, ""TOMATO"": 4, ""MELON"": 3}","{""SHEEP"": 6, ""GOOSE"": 8, ""COW"": 5}",0,40
490,20,10,1,59812.0,11,11,3,"{""TOMATO"": 2, ""STRAWBERRY"": 22, ""CARROT"": 12, ""WHEAT"": 13, ""MELON"": 1}","{""SHEEP"": 9, ""COW"": 5, ""GOOSE"": 4}",3,39
491,20,11,0,47762.0,10,10,3,"{""STRAWBERRY"": 20, ""WHEAT"": 16, ""CARROT"": 11, ""TOMATO"": 4, ""MELON"": 3}","{""SHEEP"": 6, ""GOOSE"": 8, ""COW"": 5}",0,40
491,20,11,1,59812.0,11,11,3,"{""TOMATO"": 2, ""STRAWBERRY"": 22, ""CARROT"": 12, ""WHEAT"": 12, ""MELON"": 1}","{""SHEEP"": 9, ""COW"": 5, ""GOOSE"": 4}",3,39
492,20,12,0,47762.0,10,10,3,"{""STRAWBERRY"": 20, ""WHEAT"": 16, ""CARROT"": 11, ""TOMATO"": 4, ""MELON"": 3}","{""SHEEP"": 6, ""GOOSE"": 8, ""COW"": 5}",0,40
492,20,12,1,59987.0,11,11,3,"{""TOMATO"": 2, ""STRAWBERRY"": 21, ""CARROT"": 12, ""WHEAT"": 13, ""MELON"": 1}","{""SHEEP"": 9, ""COW"": 5, ""GOOSE"": 4}",3,34
493,20,13,0,47762.0,10,10,3,"{""STRAWBERRY"": 20, ""WHEAT"": 16, ""CARROT"": 11, ""TOMATO"": 4, ""MELON"": 3}","{""SHEEP"": 6, ""GOOSE"": 8, ""COW"": 5}",0,40
493,20,13,1,59977.0,11,11,3,"{""TOMATO"": 2, ""STRAWBERRY"": 20, ""CARROT"": 13, ""WHEAT"": 13, ""MELON"": 1}","{""SHEEP"": 9, ""COW"": 5, ""GOOSE"": 4}",3,42
494,20,14,0,47824.0,10,10,3,"{""STRAWBERRY"": 20, ""WHEAT"": 16, ""CARROT"": 11, ""TOMATO"": 4, ""MELON"": 2}","{""SHEEP"": 6, ""GOOSE"": 8, ""COW"": 5}",0,39
494,20,14,1,60561.0,11,11,3,"{""TOMATO"": 2, ""STRAWBERRY"": 20, ""CARROT"": 14, ""WHEAT"": 13, ""MELON"": 1}","{""SHEEP"": 9, ""COW"": 5, ""GOOSE"": 4}",3,36
495,20,15,0,47824.0,10,10,3,"{""STRAWBERRY"": 20, ""WHEAT"": 17, ""CARROT"": 10, ""TOMATO"": 4, ""MELON"": 2}","{""SHEEP"": 6, ""GOOSE"": 8, ""COW"": 5}",0,39
495,20,15,1,60561.0,11,11,3,"{""TOMATO"": 2, ""STRAWBERRY"": 20, ""CARROT"": 13, ""WHEAT"": 13, ""MELON"": 1}","{""SHEEP"": 9, ""COW"": 5, ""GOOSE"": 4}",3,36
496,20,16,0,47824.0,10,10,3,"{""STRAWBERRY"": 20, ""WHEAT"": 18, ""CARROT"": 11, ""TOMATO"": 4, ""MELON"": 2}","{""SHEEP"": 6, ""GOOSE"": 8, ""COW"": 5}",0,39
496,20,16,1,60561.0,11,11,3,"{""TOMATO"": 2, ""STRAWBERRY"": 20, ""CARROT"": 13, ""WHEAT"": 13, ""MELON"": 1}","{""SHEEP"": 9, ""COW"": 5, ""GOOSE"": 4}",3,36
497,20,17,0,47824.0,10,10,3,"{""STRAWBERRY"": 20, ""WHEAT"": 18, ""CARROT"": 11, ""TOMATO"": 4, ""MELON"": 2}","{""SHEEP"": 6, ""GOOSE"": 8, ""COW"": 5}",0,39
497,20,17,1,60551.0,11,11,3,"{""TOMATO"": 2, ""STRAWBERRY"": 20, ""CARROT"": 14, ""WHEAT"": 13, ""MELON"": 1}","{""SHEEP"": 9, ""COW"": 5, ""GOOSE"": 4}",3,36
498,20,18,0,47824.0,10,10,3,"{""STRAWBERRY"": 20, ""WHEAT"": 18, ""CARROT"": 11, ""TOMATO"": 4, ""MELON"": 2}","{""SHEEP"": 6, ""GOOSE"": 8, ""COW"": 5}",0,39
498,20,18,1,60431.0,11,11,3,"{""TOMATO"": 2, ""STRAWBERRY"": 18, ""CARROT"": 14, ""WHEAT"": 13, ""MELON"": 1}","{""SHEEP"": 9, ""COW"": 5, ""GOOSE"": 4}",3,36
499,20,19,0,47824.0,10,10,3,"{""STRAWBERRY"": 20, ""WHEAT"": 18, ""CARROT"": 10, ""TOMATO"": 4, ""MELON"": 2}","{""SHEEP"": 6, ""GOOSE"": 8, ""COW"": 5}",0,39
499,20,19,1,60421.0,11,11,3,"{""TOMATO"": 2, ""STRAWBERRY"": 18, ""CARROT"": 16, ""WHEAT"": 13, ""MELON"": 1}","{""SHEEP"": 9, ""COW"": 5, ""GOOSE"": 4}",3,36
500,20,20,0,47824.0,10,10,3,"{""STRAWBERRY"": 20, ""WHEAT"": 19, ""CARROT"": 10, ""TOMATO"": 4, ""MELON"": 2}","{""SHEEP"": 6, ""GOOSE"": 8, ""COW"": 5}",0,39
500,20,20,1,60421.0,11,11,3,"{""TOMATO"": 2, ""STRAWBERRY"": 18, ""CARROT"": 16, ""WHEAT"": 13, ""MELON"": 1}","{""SHEEP"": 9, ""COW"": 5, ""GOOSE"": 4}",2,47
501,20,21,0,47824.0,10,10,3,"{""STRAWBERRY"": 20, ""WHEAT"": 19, ""CARROT"": 10, ""TOMATO"": 4, ""MELON"": 2}","{""SHEEP"": 6, ""GOOSE"": 8, ""COW"": 5}",0,39
501,20,21,1,60440.0,11,11,3,"{""TOMATO"": 2, ""STRAWBERRY"": 18, ""CARROT"": 16, ""WHEAT"": 12, ""MELON"": 1}","{""SHEEP"": 9, ""COW"": 5, ""GOOSE"": 4}",2,46
502,20,22,0,47824.0,10,10,3,"{""STRAWBERRY"": 19, ""WHEAT"": 19, ""CARROT"": 9, ""TOMATO"": 4, ""MELON"": 1}","{""SHEEP"": 6, ""GOOSE"": 8, ""COW"": 5}",0,39
502,20,22,1,61341.0,11,11,3,"{""TOMATO"": 2, ""STRAWBERRY"": 18, ""CARROT"": 18, ""WHEAT"": 12, ""MELON"": 1}","{""SHEEP"": 9, ""COW"": 5, ""GOOSE"": 4}",2,39
503,20,23,0,47824.0,10,10,3,"{""CARROT"": 11, ""STRAWBERRY"": 19, ""WHEAT"": 20, ""TOMATO"": 4, ""MELON"": 1}","{""SHEEP"": 6, ""GOOSE"": 8, ""COW"": 5}",0,39
503,20,23,1,63175.0,11,11,3,"{""TOMATO"": 2, ""STRAWBERRY"": 18, ""CARROT"": 18, ""WHEAT"": 12, ""MELON"": 1}","{""SHEEP"": 9, ""COW"": 5, ""GOOSE"": 4}",2,10
504,21,0,0,47824.0,0,0,3,"{""CARROT"": 11, ""STRAWBERRY"": 14, ""WHEAT"": 20, ""TOMATO"": 4, ""MELON"": 1}","{""SHEEP"": 6, ""GOOSE"": 8, ""COW"": 5}",5,99
504,21,0,1,63175.0,0,0,3,"{""TOMATO"": 2, ""STRAWBERRY"": 18, ""CARROT"": 18, ""WHEAT"": 12, ""MELON"": 1}","{""SHEEP"": 9, ""COW"": 5, ""GOOSE"": 4}",2,89
505,21,1,0,48768.0,5,5,3,"{""CARROT"": 11, ""STRAWBERRY"": 13, ""WHEAT"": 20, ""TOMATO"": 4, ""MELON"": 1}","{""SHEEP"": 6, ""GOOSE"": 8, ""COW"": 5}",6,98
505,21,1,1,62935.0,8,8,3,"{""TOMATO"": 2, ""STRAWBERRY"": 18, ""CARROT"": 18, ""WHEAT"": 12, ""MELON"": 1}","{""SHEEP"": 9, ""COW"": 5, ""GOOSE"": 4}",2,90
506,21,2,0,55617.0,11,11,3,"{""CARROT"": 11, ""STRAWBERRY"": 13, ""WHEAT"": 20, ""TOMATO"": 4, ""MELON"": 1}","{""SHEEP"": 6, ""GOOSE"": 8, ""COW"": 5}",6,31
506,21,2,1,63138.0,11,11,3,"{""TOMATO"": 2, ""STRAWBERRY"": 18, ""CARROT"": 18, ""WHEAT"": 12, ""MELON"": 1}","{""SHEEP"": 9, ""COW"": 5, ""GOOSE"": 4}",2,73
507,21,3,0,55617.0,11,11,3,"{""CARROT"": 11, ""STRAWBERRY"": 13, ""WHEAT"": 20, ""TOMATO"": 4, ""MELON"": 1}","{""SHEEP"": 6, ""GOOSE"": 8, ""COW"": 5}",6,26
507,21,3,1,63334.0,11,11,3,"{""TOMATO"": 2, ""STRAWBERRY"": 18, ""CARROT"": 18, ""WHEAT"": 12, ""MELON"": 1}","{""SHEEP"": 9, ""COW"": 5, ""GOOSE"": 4}",2,70
508,21,4,0,55617.0,11,11,3,"{""CARROT"": 11, ""STRAWBERRY"": 13, ""WHEAT"": 20, ""TOMATO"": 4, ""MELON"": 1}","{""SHEEP"": 6, ""GOOSE"": 8, ""COW"": 5}",6,26
508,21,4,1,63631.0,11,11,3,"{""TOMATO"": 2, ""STRAWBERRY"": 18, ""CARROT"": 18, ""WHEAT"": 12, ""MELON"": 1}","{""SHEEP"": 9, ""COW"": 5, ""GOOSE"": 4}",2,63
509,21,5,0,55617.0,11,11,3,"{""CARROT"": 11, ""STRAWBERRY"": 13, ""WHEAT"": 20, ""TOMATO"": 4, ""MELON"": 1}","{""SHEEP"": 6, ""GOOSE"": 8, ""COW"": 5}",5,26
509,21,5,1,63631.0,11,11,3,"{""TOMATO"": 2, ""STRAWBERRY"": 18, ""CARROT"": 18, ""WHEAT"": 12, ""MELON"": 1}","{""SHEEP"": 9, ""COW"": 5, ""GOOSE"": 4}",2,63
510,21,6,0,55816.0,11,11,3,"{""CARROT"": 12, ""STRAWBERRY"": 13, ""WHEAT"": 20, ""TOMATO"": 4, ""MELON"": 1}","{""SHEEP"": 6, ""GOOSE"": 8, ""COW"": 5}",5,23
510,21,6,1,63631.0,11,11,3,"{""TOMATO"": 2, ""STRAWBERRY"": 18, ""CARROT"": 18, ""WHEAT"": 11, ""MELON"": 1}","{""SHEEP"": 9, ""COW"": 5, ""GOOSE"": 4}",2,63
511,21,7,0,55816.0,11,11,3,"{""CARROT"": 13, ""STRAWBERRY"": 13, ""WHEAT"": 20, ""TOMATO"": 4, ""MELON"": 1}","{""SHEEP"": 6, ""GOOSE"": 8, ""COW"": 5}",4,23
511,21,7,1,63631.0,11,11,3,"{""TOMATO"": 2, ""STRAWBERRY"": 18, ""CARROT"": 18, ""WHEAT"": 12, ""MELON"": 1}","{""SHEEP"": 9, ""COW"": 5, ""GOOSE"": 4}",2,63
512,21,8,0,55816.0,11,11,3,"{""CARROT"": 13, ""STRAWBERRY"": 13, ""WHEAT"": 21, ""TOMATO"": 4, ""MELON"": 1}","{""SHEEP"": 6, ""GOOSE"": 8, ""COW"": 5}",4,23
512,21,8,1,63631.0,11,11,3,"{""TOMATO"": 2, ""STRAWBERRY"": 18, ""CARROT"": 18, ""MELON"": 1, ""WHEAT"": 10}","{""SHEEP"": 9, ""COW"": 5, ""GOOSE"": 4}",2,63
513,21,9,0,55816.0,11,11,3,"{""CARROT"": 13, ""STRAWBERRY"": 13, ""WHEAT"": 21, ""TOMATO"": 4, ""MELON"": 1}","{""SHEEP"": 6, ""GOOSE"": 8, ""COW"": 5}",3,23
513,21,9,1,63631.0,11,11,3,"{""TOMATO"": 2, ""STRAWBERRY"": 18, ""CARROT"": 19, ""MELON"": 1, ""WHEAT"": 11}","{""SHEEP"": 9, ""COW"": 5, ""GOOSE"": 4}",2,63
514,21,10,0,55816.0,11,11,3,"{""CARROT"": 13, ""STRAWBERRY"": 13, ""WHEAT"": 22, ""TOMATO"": 4, ""MELON"": 1}","{""SHEEP"": 6, ""GOOSE"": 8, ""COW"": 5}",3,23
514,21,10,1,63709.0,11,11,3,"{""TOMATO"": 2, ""STRAWBERRY"": 18, ""CARROT"": 18, ""MELON"": 1, ""WHEAT"": 11}","{""SHEEP"": 9, ""COW"": 5, ""GOOSE"": 4}",2,62
515,21,11,0,55816.0,11,11,3,"{""CARROT"": 13, ""STRAWBERRY"": 13, ""WHEAT"": 22, ""TOMATO"": 4, ""MELON"": 1}","{""SHEEP"": 6, ""GOOSE"": 8, ""COW"": 5}",2,23
515,21,11,1,63709.0,11,11,3,"{""TOMATO"": 2, ""STRAWBERRY"": 18, ""CARROT"": 17, ""MELON"": 1, ""WHEAT"": 11}","{""SHEEP"": 9, ""COW"": 5, ""GOOSE"": 4}",2,62
516,21,12,0,55816.0,11,11,3,"{""CARROT"": 13, ""STRAWBERRY"": 13, ""WHEAT"": 22, ""TOMATO"": 4, ""MELON"": 1}","{""SHEEP"": 6, ""GOOSE"": 8, ""COW"": 5}",2,23
516,21,12,1,63972.0,11,11,3,"{""TOMATO"": 2, ""STRAWBERRY"": 18, ""CARROT"": 18, ""MELON"": 1, ""WHEAT"": 12}","{""SHEEP"": 9, ""COW"": 5, ""GOOSE"": 4}",2,55
517,21,13,0,55816.0,11,11,3,"{""CARROT"": 14, ""STRAWBERRY"": 13, ""WHEAT"": 22, ""TOMATO"": 4, ""MELON"": 1}","{""SHEEP"": 6, ""GOOSE"": 8, ""COW"": 5}",2,23
517,21,13,1,63852.0,11,11,3,"{""TOMATO"": 2, ""STRAWBERRY"": 18, ""CARROT"": 17, ""MELON"": 1, ""WHEAT"": 12}","{""SHEEP"": 9, ""COW"": 5, ""GOOSE"": 4}",2,55
518,21,14,0,56309.0,11,11,3,"{""CARROT"": 14, ""STRAWBERRY"": 13, ""WHEAT"": 22, ""TOMATO"": 4, ""MELON"": 1}","{""SHEEP"": 6, ""GOOSE"": 8, ""COW"": 5}",2,13
518,21,14,1,64000.0,11,11,3,"{""TOMATO"": 2, ""STRAWBERRY"": 18, ""CARROT"": 17, ""MELON"": 1, ""WHEAT"": 12}","{""SHEEP"": 9, ""COW"": 5, ""GOOSE"": 4}",2,53
519,21,15,0,56309.0,11,11,3,"{""CARROT"": 13, ""STRAWBERRY"": 13, ""WHEAT"": 21, ""TOMATO"": 4, ""MELON"": 1}","{""SHEEP"": 6, ""GOOSE"": 8, ""COW"": 5}",2,13
519,21,15,1,64000.0,11,11,3,"{""TOMATO"": 2, ""STRAWBERRY"": 18, ""CARROT"": 18, ""MELON"": 1, ""WHEAT"": 12}","{""SHEEP"": 9, ""COW"": 5, ""GOOSE"": 4}",2,53
520,21,16,0,56309.0,11,11,3,"{""CARROT"": 15, ""STRAWBERRY"": 13, ""WHEAT"": 21, ""TOMATO"": 4, ""MELON"": 1}","{""SHEEP"": 6, ""GOOSE"": 8, ""COW"": 5}",1,13
520,21,16,1,64000.0,11,11,3,"{""TOMATO"": 2, ""STRAWBERRY"": 18, ""CARROT"": 18, ""MELON"": 1, ""WHEAT"": 12}","{""SHEEP"": 9, ""COW"": 5, ""GOOSE"": 4}",2,53
521,21,17,0,56309.0,11,11,3,"{""CARROT"": 15, ""STRAWBERRY"": 13, ""WHEAT"": 22, ""TOMATO"": 4, ""MELON"": 1}","{""SHEEP"": 6, ""GOOSE"": 8, ""COW"": 5}",1,13
521,21,17,1,64000.0,11,11,3,"{""TOMATO"": 2, ""STRAWBERRY"": 18, ""CARROT"": 17, ""MELON"": 1, ""WHEAT"": 12}","{""SHEEP"": 9, ""COW"": 5, ""GOOSE"": 4}",2,53
522,21,18,0,56309.0,11,11,3,"{""CARROT"": 15, ""STRAWBERRY"": 13, ""WHEAT"": 22, ""TOMATO"": 3}","{""SHEEP"": 6, ""GOOSE"": 8, ""COW"": 5}",1,13
522,21,18,1,64234.0,11,11,3,"{""TOMATO"": 2, ""STRAWBERRY"": 18, ""CARROT"": 18, ""MELON"": 1, ""WHEAT"": 12}","{""SHEEP"": 9, ""COW"": 5, ""GOOSE"": 4}",1,50
523,21,19,0,56309.0,11,11,3,"{""CARROT"": 15, ""STRAWBERRY"": 13, ""WHEAT"": 23, ""TOMATO"": 3}","{""SHEEP"": 6, ""GOOSE"": 8, ""COW"": 5}",1,13
523,21,19,1,64224.0,11,11,3,"{""TOMATO"": 2, ""STRAWBERRY"": 18, ""CARROT"": 20, ""MELON"": 1, ""WHEAT"": 12}","{""SHEEP"": 9, ""COW"": 5, ""GOOSE"": 4}",1,50
524,21,20,0,56309.0,11,11,3,"{""CARROT"": 15, ""STRAWBERRY"": 13, ""WHEAT"": 23, ""TOMATO"": 3}","{""SHEEP"": 6, ""GOOSE"": 8, ""COW"": 5}",1,13
524,21,20,1,64224.0,11,11,3,"{""TOMATO"": 2, ""STRAWBERRY"": 18, ""CARROT"": 20, ""MELON"": 1, ""WHEAT"": 12}","{""SHEEP"": 9, ""COW"": 5, ""GOOSE"": 4}",1,50
525,21,21,0,56309.0,11,11,3,"{""CARROT"": 15, ""STRAWBERRY"": 13, ""WHEAT"": 23, ""TOMATO"": 3}","{""SHEEP"": 6, ""GOOSE"": 8, ""COW"": 5}",1,13
525,21,21,1,64224.0,11,11,3,"{""TOMATO"": 2, ""STRAWBERRY"": 18, ""CARROT"": 20, ""MELON"": 1, ""WHEAT"": 12}","{""SHEEP"": 9, ""COW"": 5, ""GOOSE"": 4}",1,50
526,21,22,0,56309.0,11,11,3,"{""CARROT"": 14, ""STRAWBERRY"": 13, ""WHEAT"": 23, ""TOMATO"": 3}","{""SHEEP"": 6, ""GOOSE"": 8, ""COW"": 5}",1,13
526,21,22,1,64861.0,11,11,3,"{""TOMATO"": 2, ""STRAWBERRY"": 18, ""CARROT"": 22, ""MELON"": 1, ""WHEAT"": 12}","{""SHEEP"": 9, ""COW"": 5, ""GOOSE"": 4}",1,45
527,21,23,0,56309.0,11,11,3,"{""CARROT"": 14, ""STRAWBERRY"": 13, ""WHEAT"": 23, ""TOMATO"": 3}","{""SHEEP"": 6, ""GOOSE"": 8, ""COW"": 5}",1,13
527,21,23,1,65728.0,11,11,3,"{""TOMATO"": 2, ""STRAWBERRY"": 18, ""CARROT"": 22, ""MELON"": 1, ""WHEAT"": 12}","{""SHEEP"": 9, ""COW"": 5, ""GOOSE"": 4}",1,25
528,22,0,0,57165.0,0,0,3,"{""CARROT"": 14, ""STRAWBERRY"": 13, ""WHEAT"": 23, ""TOMATO"": 3}","{""GOOSE"": 8, ""SHEEP"": 4, ""COW"": 4}",1,100
528,22,0,1,65728.0,0,0,3,"{""TOMATO"": 2, ""STRAWBERRY"": 18, ""CARROT"": 22, ""MELON"": 1, ""WHEAT"": 12}","{""SHEEP"": 8, ""COW"": 5, ""GOOSE"": 4}",1,81
529,22,1,0,61322.0,0,0,3,"{""CARROT"": 14, ""STRAWBERRY"": 13, ""WHEAT"": 23, ""TOMATO"": 3}","{""GOOSE"": 8, ""SHEEP"": 4, ""COW"": 4}",1,22
529,22,1,1,65912.0,8,8,3,"{""TOMATO"": 2, ""STRAWBERRY"": 18, ""CARROT"": 22, ""MELON"": 1, ""WHEAT"": 12}","{""SHEEP"": 8, ""COW"": 5, ""GOOSE"": 4}",1,75
530,22,2,0,61179.0,10,10,3,"{""CARROT"": 14, ""STRAWBERRY"": 13, ""WHEAT"": 23, ""TOMATO"": 3}","{""GOOSE"": 8, ""SHEEP"": 4, ""COW"": 4}",1,22
530,22,2,1,65614.0,11,11,3,"{""TOMATO"": 2, ""STRAWBERRY"": 18, ""CARROT"": 22, ""MELON"": 1, ""WHEAT"": 12}","{""SHEEP"": 8, ""COW"": 5, ""GOOSE"": 4}",1,74
531,22,3,0,60946.0,12,12,3,"{""CARROT"": 14, ""STRAWBERRY"": 13, ""WHEAT"": 23, ""TOMATO"": 3}","{""GOOSE"": 8, ""SHEEP"": 4, ""COW"": 4}",1,22
531,22,3,1,65614.0,11,11,3,"{""TOMATO"": 2, ""STRAWBERRY"": 18, ""CARROT"": 22, ""MELON"": 1, ""WHEAT"": 12}","{""SHEEP"": 8, ""COW"": 5, ""GOOSE"": 4}",1,72
532,22,4,0,60946.0,12,12,3,"{""CARROT"": 14, ""STRAWBERRY"": 13, ""WHEAT"": 23, ""TOMATO"": 3}","{""GOOSE"": 8, ""SHEEP"": 4, ""COW"": 4}",1,7
532,22,4,1,65614.0,11,11,3,"{""TOMATO"": 2, ""STRAWBERRY"": 18, ""CARROT"": 22, ""MELON"": 1, ""WHEAT"": 12}","{""SHEEP"": 8, ""COW"": 5, ""GOOSE"": 4}",1,69
533,22,5,0,60946.0,12,12,3,"{""CARROT"": 14, ""STRAWBERRY"": 13, ""WHEAT"": 23, ""TOMATO"": 3}","{""GOOSE"": 8, ""SHEEP"": 4, ""COW"": 4}",1,4
533,22,5,1,65614.0,11,11,3,"{""TOMATO"": 2, ""STRAWBERRY"": 18, ""CARROT"": 22, ""MELON"": 1, ""WHEAT"": 11}","{""SHEEP"": 8, ""COW"": 5, ""GOOSE"": 4}",1,73
534,22,6,0,60946.0,12,12,3,"{""CARROT"": 14, ""STRAWBERRY"": 13, ""WHEAT"": 23, ""TOMATO"": 3}","{""GOOSE"": 8, ""SHEEP"": 4, ""COW"": 4}",1,4
534,22,6,1,65614.0,11,11,3,"{""TOMATO"": 2, ""STRAWBERRY"": 17, ""CARROT"": 22, ""MELON"": 1, ""WHEAT"": 11}","{""SHEEP"": 8, ""COW"": 5, ""GOOSE"": 4}",1,70
535,22,7,0,60946.0,12,12,3,"{""CARROT"": 14, ""STRAWBERRY"": 13, ""WHEAT"": 23, ""TOMATO"": 3}","{""GOOSE"": 8, ""SHEEP"": 4, ""COW"": 4}",1,4
535,22,7,1,65718.0,11,11,3,"{""TOMATO"": 2, ""STRAWBERRY"": 17, ""CARROT"": 22, ""WHEAT"": 13, ""MELON"": 1}","{""SHEEP"": 8, ""COW"": 5, ""GOOSE"": 4}",1,67
536,22,8,0,60946.0,12,12,3,"{""CARROT"": 14, ""STRAWBERRY"": 13, ""WHEAT"": 23, ""TOMATO"": 3}","{""GOOSE"": 8, ""SHEEP"": 4, ""COW"": 4}",1,4
536,22,8,1,65718.0,11,11,3,"{""TOMATO"": 2, ""STRAWBERRY"": 17, ""CARROT"": 22, ""WHEAT"": 13, ""MELON"": 1}","{""SHEEP"": 8, ""COW"": 5, ""GOOSE"": 4}",1,67
537,22,9,0,60946.0,12,12,3,"{""CARROT"": 13, ""STRAWBERRY"": 13, ""WHEAT"": 23, ""TOMATO"": 3}","{""GOOSE"": 8, ""SHEEP"": 4, ""COW"": 4}",1,4
537,22,9,1,65718.0,11,11,3,"{""TOMATO"": 2, ""STRAWBERRY"": 17, ""CARROT"": 22, ""WHEAT"": 13, ""MELON"": 1}","{""SHEEP"": 8, ""COW"": 5, ""GOOSE"": 4}",1,67
538,22,10,0,60946.0,12,12,3,"{""CARROT"": 14, ""STRAWBERRY"": 13, ""WHEAT"": 23, ""TOMATO"": 3}","{""GOOSE"": 8, ""SHEEP"": 4, ""COW"": 4}",1,4
538,22,10,1,65718.0,11,11,3,"{""TOMATO"": 2, ""STRAWBERRY"": 17, ""CARROT"": 22, ""WHEAT"": 12, ""MELON"": 1}","{""SHEEP"": 8, ""COW"": 5, ""GOOSE"": 4}",1,67
539,22,11,0,60946.0,12,12,3,"{""CARROT"": 13, ""STRAWBERRY"": 12, ""WHEAT"": 22, ""TOMATO"": 3}","{""GOOSE"": 8, ""SHEEP"": 4, ""COW"": 4}",1,4
539,22,11,1,65718.0,11,11,3,"{""TOMATO"": 2, ""STRAWBERRY"": 16, ""CARROT"": 22, ""WHEAT"": 12, ""MELON"": 1}","{""SHEEP"": 8, ""COW"": 5, ""GOOSE"": 4}",1,67
540,22,12,0,60946.0,12,12,3,"{""CARROT"": 14, ""STRAWBERRY"": 12, ""WHEAT"": 23, ""TOMATO"": 3}","{""GOOSE"": 8, ""SHEEP"": 4, ""COW"": 4}",1,4
540,22,12,1,65598.0,11,11,3,"{""TOMATO"": 2, ""STRAWBERRY"": 16, ""CARROT"": 23, ""WHEAT"": 13, ""MELON"": 1}","{""SHEEP"": 8, ""COW"": 5, ""GOOSE"": 4}",1,76
541,22,13,0,60946.0,12,12,3,"{""CARROT"": 14, ""STRAWBERRY"": 12, ""WHEAT"": 22, ""TOMATO"": 3}","{""GOOSE"": 8, ""SHEEP"": 4, ""COW"": 4}",1,4
541,22,13,1,65598.0,11,11,3,"{""TOMATO"": 2, ""STRAWBERRY"": 16, ""CARROT"": 23, ""WHEAT"": 13, ""MELON"": 1}","{""SHEEP"": 8, ""COW"": 5, ""GOOSE"": 4}",1,75
542,22,14,0,60946.0,12,12,3,"{""CARROT"": 15, ""STRAWBERRY"": 12, ""WHEAT"": 22, ""TOMATO"": 3}","{""GOOSE"": 8, ""SHEEP"": 4, ""COW"": 4}",1,4
542,22,14,1,66472.0,11,11,3,"{""TOMATO"": 2, ""STRAWBERRY"": 15, ""CARROT"": 23, ""WHEAT"": 13, ""MELON"": 1}","{""SHEEP"": 8, ""COW"": 5, ""GOOSE"": 4}",1,67
543,22,15,0,60946.0,12,12,3,"{""CARROT"": 15, ""STRAWBERRY"": 12, ""WHEAT"": 22, ""TOMATO"": 3}","{""GOOSE"": 8, ""SHEEP"": 4, ""COW"": 4}",1,4
543,22,15,1,66472.0,11,11,3,"{""TOMATO"": 2, ""STRAWBERRY"": 15, ""CARROT"": 22, ""WHEAT"": 14, ""MELON"": 1}","{""SHEEP"": 8, ""COW"": 5, ""GOOSE"": 4}",1,67
544,22,16,0,60946.0,12,12,3,"{""CARROT"": 14, ""STRAWBERRY"": 12, ""WHEAT"": 22, ""TOMATO"": 3}","{""GOOSE"": 8, ""SHEEP"": 4, ""COW"": 4}",1,4
544,22,16,1,66500.0,11,11,3,"{""TOMATO"": 2, ""STRAWBERRY"": 14, ""CARROT"": 23, ""WHEAT"": 14, ""MELON"": 1}","{""SHEEP"": 8, ""COW"": 5, ""GOOSE"": 4}",1,66
545,22,17,0,60946.0,12,12,3,"{""CARROT"": 14, ""WHEAT"": 21, ""STRAWBERRY"": 11, ""TOMATO"": 3}","{""GOOSE"": 8, ""SHEEP"": 4, ""COW"": 4}",1,4
545,22,17,1,66500.0,11,11,3,"{""TOMATO"": 2, ""STRAWBERRY"": 14, ""CARROT"": 22, ""WHEAT"": 15, ""MELON"": 1}","{""SHEEP"": 8, ""COW"": 5, ""GOOSE"": 4}",1,66
546,22,18,0,60946.0,12,12,3,"{""CARROT"": 15, ""WHEAT"": 22, ""STRAWBERRY"": 11, ""TOMATO"": 3}","{""GOOSE"": 8, ""SHEEP"": 4, ""COW"": 4}",1,4
546,22,18,1,66710.0,11,11,3,"{""TOMATO"": 2, ""STRAWBERRY"": 13, ""CARROT"": 22, ""WHEAT"": 15, ""MELON"": 1}","{""SHEEP"": 8, ""COW"": 5, ""GOOSE"": 4}",1,63
547,22,19,0,60946.0,12,12,3,"{""CARROT"": 15, ""WHEAT"": 20, ""STRAWBERRY"": 11, ""TOMATO"": 3}","{""GOOSE"": 8, ""SHEEP"": 4, ""COW"": 4}",1,4
547,22,19,1,66710.0,11,11,3,"{""TOMATO"": 2, ""STRAWBERRY"": 13, ""CARROT"": 23, ""WHEAT"": 15, ""MELON"": 1}","{""SHEEP"": 8, ""COW"": 5, ""GOOSE"": 4}",1,63
548,22,20,0,60946.0,12,12,3,"{""CARROT"": 15, ""WHEAT"": 22, ""STRAWBERRY"": 11, ""TOMATO"": 3}","{""GOOSE"": 8, ""SHEEP"": 4, ""COW"": 4}",1,4
548,22,20,1,66710.0,11,11,3,"{""TOMATO"": 2, ""STRAWBERRY"": 11, ""CARROT"": 24, ""WHEAT"": 15, ""MELON"": 1}","{""SHEEP"": 8, ""COW"": 5, ""GOOSE"": 4}",1,74
549,22,21,0,60946.0,12,12,3,"{""CARROT"": 15, ""WHEAT"": 23, ""STRAWBERRY"": 11, ""TOMATO"": 3}","{""GOOSE"": 8, ""SHEEP"": 4, ""COW"": 4}",1,4
549,22,21,1,66806.0,11,11,3,"{""TOMATO"": 2, ""STRAWBERRY"": 11, ""CARROT"": 25, ""WHEAT"": 15, ""MELON"": 1}","{""SHEEP"": 8, ""COW"": 5, ""GOOSE"": 4}",1,70
550,22,22,0,60946.0,12,12,3,"{""CARROT"": 14, ""WHEAT"": 22, ""STRAWBERRY"": 11, ""TOMATO"": 3}","{""GOOSE"": 8, ""SHEEP"": 4, ""COW"": 4}",1,4
550,22,22,1,67134.0,11,11,3,"{""TOMATO"": 2, ""STRAWBERRY"": 11, ""CARROT"": 26, ""WHEAT"": 15, ""MELON"": 1}","{""SHEEP"": 8, ""COW"": 5, ""GOOSE"": 4}",1,78
551,22,23,0,60946.0,12,12,3,"{""CARROT"": 16, ""WHEAT"": 23, ""STRAWBERRY"": 11, ""TOMATO"": 3}","{""GOOSE"": 8, ""SHEEP"": 4, ""COW"": 4}",1,4
551,22,23,1,69879.0,11,11,3,"{""TOMATO"": 2, ""STRAWBERRY"": 11, ""CARROT"": 26, ""WHEAT"": 15, ""MELON"": 1}","{""SHEEP"": 8, ""COW"": 5, ""GOOSE"": 4}",1,26
552,23,0,0,60946.0,0,0,3,"{""CARROT"": 15, ""WHEAT"": 23, ""STRAWBERRY"": 11, ""TOMATO"": 3}","{""GOOSE"": 8, ""SHEEP"": 4, ""COW"": 4}",1,99
552,23,0,1,69879.0,0,0,3,"{""TOMATO"": 2, ""STRAWBERRY"": 11, ""CARROT"": 26, ""WHEAT"": 15, ""MELON"": 1}","{""SHEEP"": 8, ""COW"": 5, ""GOOSE"": 4}",1,98
553,23,1,0,65698.0,0,0,3,"{""CARROT"": 15, ""WHEAT"": 23, ""STRAWBERRY"": 11, ""TOMATO"": 3}","{""GOOSE"": 8, ""SHEEP"": 4, ""COW"": 4}",1,12
553,23,1,1,69812.0,8,8,3,"{""TOMATO"": 2, ""STRAWBERRY"": 5, ""CARROT"": 26, ""WHEAT"": 15, ""MELON"": 1}","{""SHEEP"": 8, ""COW"": 5, ""GOOSE"": 4}",7,100
554,23,2,0,65555.0,10,10,3,"{""CARROT"": 15, ""WHEAT"": 23, ""STRAWBERRY"": 11, ""TOMATO"": 3}","{""GOOSE"": 8, ""SHEEP"": 4, ""COW"": 4}",1,12
554,23,2,1,69375.0,11,11,3,"{""TOMATO"": 2, ""STRAWBERRY"": 5, ""CARROT"": 26, ""WHEAT"": 15, ""MELON"": 1}","{""SHEEP"": 8, ""COW"": 5, ""GOOSE"": 4}",7,92
555,23,3,0,65555.0,10,10,3,"{""CARROT"": 15, ""WHEAT"": 23, ""STRAWBERRY"": 11, ""TOMATO"": 3}","{""GOOSE"": 8, ""SHEEP"": 4, ""COW"": 4}",1,0
555,23,3,1,69375.0,11,11,3,"{""TOMATO"": 2, ""STRAWBERRY"": 5, ""CARROT"": 26, ""WHEAT"": 15, ""MELON"": 1}","{""SHEEP"": 8, ""COW"": 5, ""GOOSE"": 4}",7,89
556,23,4,0,65555.0,10,10,3,"{""CARROT"": 15, ""WHEAT"": 23, ""STRAWBERRY"": 11, ""TOMATO"": 3}","{""GOOSE"": 8, ""SHEEP"": 4, ""COW"": 4}",1,0
556,23,4,1,69375.0,11,11,3,"{""TOMATO"": 2, ""STRAWBERRY"": 5, ""CARROT"": 26, ""WHEAT"": 15, ""MELON"": 1}","{""SHEEP"": 8, ""COW"": 5, ""GOOSE"": 4}",7,89
557,23,5,0,65555.0,10,10,3,"{""CARROT"": 15, ""WHEAT"": 23, ""STRAWBERRY"": 11, ""TOMATO"": 3}","{""GOOSE"": 8, ""SHEEP"": 4, ""COW"": 4}",1,0
557,23,5,1,69375.0,11,11,3,"{""TOMATO"": 2, ""STRAWBERRY"": 5, ""CARROT"": 26, ""WHEAT"": 15, ""MELON"": 1}","{""SHEEP"": 8, ""COW"": 5, ""GOOSE"": 4}",7,89
558,23,6,0,65555.0,10,10,3,"{""CARROT"": 15, ""WHEAT"": 22, ""STRAWBERRY"": 11, ""TOMATO"": 3}","{""GOOSE"": 8, ""SHEEP"": 4, ""COW"": 4}",1,0
558,23,6,1,69375.0,11,11,3,"{""TOMATO"": 2, ""STRAWBERRY"": 5, ""CARROT"": 26, ""WHEAT"": 13, ""MELON"": 1}","{""SHEEP"": 8, ""COW"": 5, ""GOOSE"": 4}",7,89
559,23,7,0,65555.0,10,10,3,"{""CARROT"": 15, ""WHEAT"": 23, ""STRAWBERRY"": 11, ""TOMATO"": 3}","{""GOOSE"": 8, ""SHEEP"": 4, ""COW"": 4}",1,0
559,23,7,1,69555.0,11,11,3,"{""TOMATO"": 2, ""STRAWBERRY"": 5, ""CARROT"": 26, ""WHEAT"": 15, ""MELON"": 1}","{""SHEEP"": 8, ""COW"": 5, ""GOOSE"": 4}",7,84
560,23,8,0,65555.0,10,10,3,"{""CARROT"": 15, ""WHEAT"": 24, ""STRAWBERRY"": 11, ""TOMATO"": 3}","{""GOOSE"": 8, ""SHEEP"": 4, ""COW"": 4}",1,0
560,23,8,1,69555.0,11,11,3,"{""TOMATO"": 2, ""STRAWBERRY"": 5, ""CARROT"": 26, ""WHEAT"": 15, ""MELON"": 1}","{""SHEEP"": 8, ""COW"": 5, ""GOOSE"": 4}",7,84
561,23,9,0,65555.0,10,10,3,"{""CARROT"": 15, ""WHEAT"": 21, ""STRAWBERRY"": 11, ""TOMATO"": 3}","{""GOOSE"": 8, ""SHEEP"": 4, ""COW"": 4}",1,0
561,23,9,1,69555.0,11,11,3,"{""TOMATO"": 2, ""STRAWBERRY"": 5, ""CARROT"": 25, ""WHEAT"": 15, ""MELON"": 1}","{""SHEEP"": 8, ""COW"": 5, ""GOOSE"": 4}",7,84
562,23,10,0,65555.0,10,10,3,"{""CARROT"": 16, ""WHEAT"": 22, ""STRAWBERRY"": 10, ""TOMATO"": 3}","{""GOOSE"": 8, ""SHEEP"": 4, ""COW"": 4}",1,0
562,23,10,1,69555.0,11,11,3,"{""TOMATO"": 2, ""STRAWBERRY"": 5, ""CARROT"": 26, ""WHEAT"": 15, ""MELON"": 1}","{""SHEEP"": 8, ""COW"": 5, ""GOOSE"": 4}",7,84
563,23,11,0,65555.0,10,10,3,"{""CARROT"": 16, ""WHEAT"": 22, ""STRAWBERRY"": 10, ""TOMATO"": 3}","{""GOOSE"": 8, ""SHEEP"": 4, ""COW"": 4}",1,0
563,23,11,1,69555.0,11,11,3,"{""TOMATO"": 2, ""STRAWBERRY"": 5, ""CARROT"": 25, ""WHEAT"": 14, ""MELON"": 1}","{""SHEEP"": 8, ""COW"": 5, ""GOOSE"": 4}",6,84
564,23,12,0,65555.0,10,10,3,"{""CARROT"": 16, ""WHEAT"": 22, ""STRAWBERRY"": 10, ""TOMATO"": 3}","{""GOOSE"": 8, ""SHEEP"": 4, ""COW"": 4}",1,0
564,23,12,1,69697.0,11,11,3,"{""TOMATO"": 2, ""STRAWBERRY"": 5, ""CARROT"": 25, ""WHEAT"": 15, ""MELON"": 1}","{""SHEEP"": 8, ""COW"": 5, ""GOOSE"": 4}",6,80
565,23,13,0,65555.0,10,10,3,"{""CARROT"": 15, ""WHEAT"": 23, ""STRAWBERRY"": 10, ""TOMATO"": 3}","{""GOOSE"": 8, ""SHEEP"": 4, ""COW"": 4}",1,0
565,23,13,1,69567.0,11,11,3,"{""TOMATO"": 2, ""STRAWBERRY"": 4, ""CARROT"": 26, ""WHEAT"": 16, ""MELON"": 1}","{""SHEEP"": 8, ""COW"": 5, ""GOOSE"": 4}",6,80
566,23,14,0,65555.0,10,10,3,"{""CARROT"": 14, ""WHEAT"": 24, ""STRAWBERRY"": 9, ""TOMATO"": 3}","{""GOOSE"": 8, ""SHEEP"": 4, ""COW"": 4}",1,0
566,23,14,1,69919.0,11,11,3,"{""TOMATO"": 2, ""STRAWBERRY"": 4, ""CARROT"": 27, ""WHEAT"": 16, ""MELON"": 1}","{""SHEEP"": 8, ""COW"": 5, ""GOOSE"": 4}",6,76
567,23,15,0,65555.0,10,10,3,"{""CARROT"": 16, ""WHEAT"": 23, ""STRAWBERRY"": 9, ""TOMATO"": 3}","{""GOOSE"": 8, ""SHEEP"": 4, ""COW"": 4}",1,0
567,23,15,1,69919.0,11,11,3,"{""TOMATO"": 2, ""STRAWBERRY"": 4, ""CARROT"": 27, ""WHEAT"": 16, ""MELON"": 1}","{""SHEEP"": 8, ""COW"": 5, ""GOOSE"": 4}",5,76
568,23,16,0,65555.0,10,10,3,"{""CARROT"": 17, ""WHEAT"": 22, ""STRAWBERRY"": 9, ""TOMATO"": 3}","{""GOOSE"": 8, ""SHEEP"": 4, ""COW"": 4}",1,0
568,23,16,1,69919.0,11,11,3,"{""TOMATO"": 2, ""STRAWBERRY"": 4, ""CARROT"": 25, ""WHEAT"": 16, ""MELON"": 1}","{""SHEEP"": 8, ""COW"": 5, ""GOOSE"": 4}",5,76
569,23,17,0,65555.0,10,10,3,"{""CARROT"": 19, ""WHEAT"": 22, ""STRAWBERRY"": 9, ""TOMATO"": 3}","{""GOOSE"": 8, ""SHEEP"": 4, ""COW"": 4}",1,0
569,23,17,1,69995.0,11,11,3,"{""TOMATO"": 2, ""STRAWBERRY"": 4, ""CARROT"": 27, ""WHEAT"": 16, ""MELON"": 1}","{""SHEEP"": 8, ""COW"": 5, ""GOOSE"": 4}",4,74
570,23,18,0,65555.0,10,10,3,"{""CARROT"": 19, ""WHEAT"": 22, ""STRAWBERRY"": 9, ""TOMATO"": 3}","{""GOOSE"": 8, ""SHEEP"": 4, ""COW"": 4}",1,0
570,23,18,1,70058.0,11,11,3,"{""TOMATO"": 2, ""STRAWBERRY"": 3, ""CARROT"": 26, ""WHEAT"": 16, ""MELON"": 1}","{""SHEEP"": 8, ""COW"": 5, ""GOOSE"": 4}",4,80
571,23,19,0,65555.0,10,10,3,"{""CARROT"": 19, ""WHEAT"": 20, ""STRAWBERRY"": 9, ""TOMATO"": 3}","{""GOOSE"": 8, ""SHEEP"": 4, ""COW"": 4}",1,0
571,23,19,1,70123.0,11,11,3,"{""TOMATO"": 2, ""STRAWBERRY"": 3, ""CARROT"": 29, ""WHEAT"": 16, ""MELON"": 1}","{""SHEEP"": 8, ""COW"": 5, ""GOOSE"": 4}",3,77
572,23,20,0,65555.0,10,10,3,"{""CARROT"": 19, ""WHEAT"": 22, ""STRAWBERRY"": 9, ""TOMATO"": 3}","{""GOOSE"": 8, ""SHEEP"": 4, ""COW"": 4}",1,0
572,23,20,1,70003.0,11,11,3,"{""TOMATO"": 2, ""STRAWBERRY"": 3, ""CARROT"": 29, ""WHEAT"": 17, ""MELON"": 1}","{""SHEEP"": 8, ""COW"": 5, ""GOOSE"": 4}",3,77
573,23,21,0,65555.0,10,10,3,"{""CARROT"": 19, ""WHEAT"": 22, ""STRAWBERRY"": 9, ""TOMATO"": 3}","{""GOOSE"": 8, ""SHEEP"": 4, ""COW"": 4}",1,0
573,23,21,1,70003.0,11,11,3,"{""TOMATO"": 2, ""STRAWBERRY"": 3, ""CARROT"": 28, ""WHEAT"": 17, ""MELON"": 1}","{""SHEEP"": 8, ""COW"": 5, ""GOOSE"": 4}",3,85
574,23,22,0,65555.0,10,10,3,"{""CARROT"": 18, ""WHEAT"": 22, ""STRAWBERRY"": 9, ""TOMATO"": 3}","{""GOOSE"": 8, ""SHEEP"": 4, ""COW"": 4}",1,0
574,23,22,1,71238.0,11,11,3,"{""TOMATO"": 2, ""STRAWBERRY"": 3, ""CARROT"": 29, ""WHEAT"": 17, ""MELON"": 1}","{""SHEEP"": 8, ""COW"": 5, ""GOOSE"": 4}",2,84
575,23,23,0,65555.0,10,10,3,"{""WHEAT"": 24, ""CARROT"": 17, ""STRAWBERRY"": 9, ""TOMATO"": 3}","{""GOOSE"": 8, ""SHEEP"": 4, ""COW"": 4}",1,0
575,23,23,1,72769.0,11,11,3,"{""TOMATO"": 2, ""STRAWBERRY"": 3, ""CARROT"": 29, ""WHEAT"": 18, ""MELON"": 1}","{""SHEEP"": 8, ""COW"": 5, ""GOOSE"": 4}",1,49
576,24,0,0,65555.0,0,0,3,"{""WHEAT"": 23, ""CARROT"": 17, ""STRAWBERRY"": 9, ""TOMATO"": 3}","{""GOOSE"": 8, ""SHEEP"": 4, ""COW"": 4}",1,99
576,24,0,1,73485.0,0,0,3,"{""TOMATO"": 2, ""STRAWBERRY"": 3, ""CARROT"": 26, ""WHEAT"": 18, ""MELON"": 1}","{""SHEEP"": 8, ""COW"": 5, ""GOOSE"": 4}",3,96
577,24,1,0,69391.0,3,3,3,"{""WHEAT"": 23, ""CARROT"": 17, ""STRAWBERRY"": 8, ""TOMATO"": 3}","{""GOOSE"": 8, ""SHEEP"": 4, ""COW"": 4}",2,24
577,24,1,1,73368.0,8,8,3,"{""TOMATO"": 2, ""STRAWBERRY"": 3, ""CARROT"": 26, ""WHEAT"": 18, ""MELON"": 1}","{""SHEEP"": 8, ""COW"": 5, ""GOOSE"": 4}",3,100
578,24,2,0,69252.0,10,10,3,"{""WHEAT"": 23, ""CARROT"": 17, ""STRAWBERRY"": 8, ""TOMATO"": 3}","{""GOOSE"": 8, ""SHEEP"": 4, ""COW"": 4}",2,24
578,24,2,1,73364.0,11,11,3,"{""TOMATO"": 2, ""STRAWBERRY"": 3, ""CARROT"": 26, ""WHEAT"": 18, ""MELON"": 1}","{""SHEEP"": 8, ""COW"": 5, ""GOOSE"": 4}",3,86
579,24,3,0,69252.0,10,10,3,"{""WHEAT"": 23, ""CARROT"": 17, ""STRAWBERRY"": 8, ""TOMATO"": 3}","{""GOOSE"": 8, ""SHEEP"": 4, ""COW"": 4}",2,0
579,24,3,1,73364.0,11,11,3,"{""TOMATO"": 2, ""STRAWBERRY"": 3, ""CARROT"": 26, ""WHEAT"": 18, ""MELON"": 1}","{""SHEEP"": 8, ""COW"": 5, ""GOOSE"": 4}",3,87
580,24,4,0,69252.0,10,10,3,"{""WHEAT"": 23, ""CARROT"": 17, ""STRAWBERRY"": 8, ""TOMATO"": 3}","{""GOOSE"": 8, ""SHEEP"": 4, ""COW"": 4}",2,0
580,24,4,1,73364.0,11,11,3,"{""TOMATO"": 2, ""STRAWBERRY"": 3, ""CARROT"": 26, ""WHEAT"": 18, ""MELON"": 1}","{""SHEEP"": 8, ""COW"": 5, ""GOOSE"": 4}",3,84
581,24,5,0,69252.0,10,10,3,"{""WHEAT"": 23, ""CARROT"": 16, ""STRAWBERRY"": 8, ""TOMATO"": 3}","{""GOOSE"": 8, ""SHEEP"": 4, ""COW"": 4}",2,0
581,24,5,1,73364.0,11,11,3,"{""TOMATO"": 2, ""STRAWBERRY"": 3, ""CARROT"": 26, ""WHEAT"": 18, ""MELON"": 1}","{""SHEEP"": 8, ""COW"": 5, ""GOOSE"": 4}",3,88
582,24,6,0,69252.0,10,10,3,"{""WHEAT"": 23, ""CARROT"": 15, ""STRAWBERRY"": 8, ""TOMATO"": 3}","{""GOOSE"": 8, ""SHEEP"": 4, ""COW"": 4}",2,0
582,24,6,1,73364.0,11,11,3,"{""TOMATO"": 2, ""STRAWBERRY"": 3, ""CARROT"": 26, ""WHEAT"": 18, ""MELON"": 1}","{""SHEEP"": 8, ""COW"": 5, ""GOOSE"": 4}",3,88
583,24,7,0,69252.0,10,10,3,"{""WHEAT"": 23, ""CARROT"": 16, ""STRAWBERRY"": 8, ""TOMATO"": 3}","{""GOOSE"": 8, ""SHEEP"": 4, ""COW"": 4}",2,0
583,24,7,1,73364.0,11,11,3,"{""TOMATO"": 2, ""STRAWBERRY"": 3, ""CARROT"": 26, ""WHEAT"": 17, ""MELON"": 1}","{""SHEEP"": 8, ""COW"": 5, ""GOOSE"": 4}",3,92
584,24,8,0,69252.0,10,10,3,"{""WHEAT"": 23, ""CARROT"": 15, ""STRAWBERRY"": 8, ""TOMATO"": 3}","{""GOOSE"": 8, ""SHEEP"": 4, ""COW"": 4}",2,0
584,24,8,1,73364.0,11,11,3,"{""TOMATO"": 2, ""STRAWBERRY"": 3, ""CARROT"": 26, ""WHEAT"": 18, ""MELON"": 1}","{""SHEEP"": 8, ""COW"": 5, ""GOOSE"": 4}",3,92
585,24,9,0,69252.0,10,10,3,"{""WHEAT"": 23, ""CARROT"": 15, ""STRAWBERRY"": 8, ""TOMATO"": 3}","{""GOOSE"": 8, ""SHEEP"": 4, ""COW"": 4}",2,0
585,24,9,1,73364.0,11,11,3,"{""TOMATO"": 2, ""STRAWBERRY"": 3, ""CARROT"": 26, ""WHEAT"": 18, ""MELON"": 1}","{""SHEEP"": 8, ""COW"": 5, ""GOOSE"": 4}",3,92
586,24,10,0,69252.0,10,10,3,"{""WHEAT"": 22, ""CARROT"": 17, ""STRAWBERRY"": 8, ""TOMATO"": 3}","{""GOOSE"": 8, ""SHEEP"": 4, ""COW"": 4}",2,0
586,24,10,1,73419.0,11,11,3,"{""TOMATO"": 2, ""STRAWBERRY"": 3, ""CARROT"": 25, ""WHEAT"": 18, ""MELON"": 1}","{""SHEEP"": 8, ""COW"": 5, ""GOOSE"": 4}",3,91
587,24,11,0,69252.0,10,10,3,"{""WHEAT"": 22, ""CARROT"": 17, ""STRAWBERRY"": 8, ""TOMATO"": 3}","{""GOOSE"": 8, ""SHEEP"": 4, ""COW"": 4}",2,0
587,24,11,1,73559.0,11,11,3,"{""TOMATO"": 2, ""STRAWBERRY"": 3, ""CARROT"": 25, ""WHEAT"": 17, ""MELON"": 1}","{""SHEEP"": 8, ""COW"": 5, ""GOOSE"": 4}",3,96
588,24,12,0,69252.0,10,10,3,"{""WHEAT"": 22, ""CARROT"": 18, ""STRAWBERRY"": 8, ""TOMATO"": 3}","{""GOOSE"": 8, ""SHEEP"": 4, ""COW"": 4}",2,0
588,24,12,1,73559.0,11,11,3,"{""TOMATO"": 2, ""STRAWBERRY"": 3, ""CARROT"": 26, ""WHEAT"": 18, ""MELON"": 1}","{""SHEEP"": 8, ""COW"": 5, ""GOOSE"": 4}",3,96
589,24,13,0,69252.0,10,10,3,"{""WHEAT"": 22, ""CARROT"": 18, ""STRAWBERRY"": 8, ""TOMATO"": 3}","{""GOOSE"": 8, ""SHEEP"": 4, ""COW"": 4}",2,0
589,24,13,1,73559.0,11,11,3,"{""TOMATO"": 2, ""STRAWBERRY"": 3, ""CARROT"": 24, ""WHEAT"": 18, ""MELON"": 1}","{""SHEEP"": 8, ""COW"": 5, ""GOOSE"": 4}",3,96
590,24,14,0,69252.0,10,10,3,"{""WHEAT"": 22, ""CARROT"": 17, ""STRAWBERRY"": 8, ""TOMATO"": 3}","{""GOOSE"": 8, ""SHEEP"": 4, ""COW"": 4}",2,0
590,24,14,1,73559.0,11,11,3,"{""TOMATO"": 2, ""STRAWBERRY"": 3, ""CARROT"": 26, ""WHEAT"": 17, ""MELON"": 1}","{""SHEEP"": 8, ""COW"": 5, ""GOOSE"": 4}",3,96
591,24,15,0,69252.0,10,10,3,"{""WHEAT"": 22, ""CARROT"": 18, ""STRAWBERRY"": 8, ""TOMATO"": 3}","{""GOOSE"": 8, ""SHEEP"": 4, ""COW"": 4}",2,0
591,24,15,1,73559.0,11,11,3,"{""TOMATO"": 2, ""STRAWBERRY"": 3, ""CARROT"": 27, ""WHEAT"": 18, ""MELON"": 1}","{""SHEEP"": 8, ""COW"": 5, ""GOOSE"": 4}",3,96
592,24,16,0,69252.0,10,10,3,"{""WHEAT"": 22, ""CARROT"": 18, ""STRAWBERRY"": 8, ""TOMATO"": 3}","{""GOOSE"": 8, ""SHEEP"": 4, ""COW"": 4}",2,0
592,24,16,1,74237.0,11,11,3,"{""TOMATO"": 2, ""STRAWBERRY"": 3, ""CARROT"": 27, ""WHEAT"": 17, ""MELON"": 1}","{""SHEEP"": 8, ""COW"": 5, ""GOOSE"": 4}",3,82
593,24,17,0,69252.0,10,10,3,"{""WHEAT"": 22, ""CARROT"": 18, ""STRAWBERRY"": 8, ""TOMATO"": 3}","{""GOOSE"": 8, ""SHEEP"": 4, ""COW"": 4}",2,0
593,24,17,1,74351.0,11,11,3,"{""TOMATO"": 2, ""STRAWBERRY"": 3, ""CARROT"": 27, ""WHEAT"": 18, ""MELON"": 1}","{""SHEEP"": 8, ""COW"": 5, ""GOOSE"": 4}",3,79
594,24,18,0,69252.0,10,10,3,"{""WHEAT"": 22, ""CARROT"": 18, ""STRAWBERRY"": 8, ""TOMATO"": 3}","{""GOOSE"": 8, ""SHEEP"": 4, ""COW"": 4}",2,0
594,24,18,1,74412.0,11,11,3,"{""TOMATO"": 2, ""STRAWBERRY"": 3, ""CARROT"": 25, ""WHEAT"": 18, ""MELON"": 1}","{""SHEEP"": 8, ""COW"": 5, ""GOOSE"": 4}",3,78
595,24,19,0,69252.0,10,10,3,"{""WHEAT"": 22, ""CARROT"": 18, ""STRAWBERRY"": 8, ""TOMATO"": 3}","{""GOOSE"": 8, ""SHEEP"": 4, ""COW"": 4}",2,0
595,24,19,1,74740.0,11,11,3,"{""TOMATO"": 2, ""STRAWBERRY"": 3, ""CARROT"": 26, ""WHEAT"": 18, ""MELON"": 1}","{""SHEEP"": 8, ""COW"": 5, ""GOOSE"": 4}",3,70
596,24,20,0,69252.0,10,10,3,"{""WHEAT"": 22, ""CARROT"": 18, ""STRAWBERRY"": 8, ""TOMATO"": 3}","{""GOOSE"": 8, ""SHEEP"": 4, ""COW"": 4}",2,0
596,24,20,1,74740.0,11,11,3,"{""TOMATO"": 2, ""STRAWBERRY"": 3, ""CARROT"": 27, ""WHEAT"": 18, ""MELON"": 1}","{""SHEEP"": 8, ""COW"": 5, ""GOOSE"": 4}",3,70
597,24,21,0,69252.0,10,10,3,"{""WHEAT"": 21, ""CARROT"": 18, ""STRAWBERRY"": 8, ""TOMATO"": 3}","{""GOOSE"": 8, ""SHEEP"": 4, ""COW"": 4}",2,0
597,24,21,1,74740.0,11,11,3,"{""TOMATO"": 2, ""STRAWBERRY"": 3, ""CARROT"": 27, ""WHEAT"": 18, ""MELON"": 1}","{""SHEEP"": 8, ""COW"": 5, ""GOOSE"": 4}",3,70
598,24,22,0,69252.0,10,10,3,"{""WHEAT"": 21, ""CARROT"": 18, ""STRAWBERRY"": 8, ""TOMATO"": 3}","{""GOOSE"": 8, ""SHEEP"": 4, ""COW"": 4}",2,0
598,24,22,1,77440.0,11,11,3,"{""TOMATO"": 2, ""STRAWBERRY"": 3, ""CARROT"": 28, ""WHEAT"": 18, ""MELON"": 1}","{""SHEEP"": 8, ""COW"": 5, ""GOOSE"": 4}",3,56
599,24,23,0,69252.0,10,10,3,"{""WHEAT"": 21, ""CARROT"": 20, ""STRAWBERRY"": 8, ""TOMATO"": 3}","{""GOOSE"": 8, ""SHEEP"": 4, ""COW"": 4}",2,0
599,24,23,1,78590.0,11,11,3,"{""TOMATO"": 2, ""STRAWBERRY"": 3, ""CARROT"": 28, ""WHEAT"": 18, ""MELON"": 1}","{""SHEEP"": 8, ""COW"": 5, ""GOOSE"": 4}",3,41
600,25,0,0,69252.0,0,0,3,"{""WHEAT"": 20, ""CARROT"": 20, ""STRAWBERRY"": 8, ""TOMATO"": 3}","{""GOOSE"": 8, ""SHEEP"": 3, ""COW"": 4}",2,90
600,25,0,1,79147.0,0,0,3,"{""TOMATO"": 2, ""STRAWBERRY"": 3, ""CARROT"": 28, ""WHEAT"": 18, ""MELON"": 1}","{""COW"": 5, ""SHEEP"": 7, ""GOOSE"": 4}",2,96
601,25,1,0,74628.0,1,1,3,"{""WHEAT"": 20, ""CARROT"": 20, ""STRAWBERRY"": 8, ""TOMATO"": 3}","{""GOOSE"": 8, ""SHEEP"": 3, ""COW"": 4}",2,13
601,25,1,1,79270.0,8,8,3,"{""TOMATO"": 2, ""STRAWBERRY"": 3, ""CARROT"": 28, ""WHEAT"": 18, ""MELON"": 1}","{""COW"": 5, ""SHEEP"": 7, ""GOOSE"": 4}",2,93
602,25,2,0,74397.0,11,11,3,"{""WHEAT"": 20, ""CARROT"": 20, ""STRAWBERRY"": 8, ""TOMATO"": 3}","{""GOOSE"": 8, ""SHEEP"": 3, ""COW"": 4}",2,13
602,25,2,1,78594.0,11,11,3,"{""TOMATO"": 2, ""STRAWBERRY"": 3, ""CARROT"": 28, ""WHEAT"": 18, ""MELON"": 1}","{""COW"": 5, ""SHEEP"": 7, ""GOOSE"": 4}",2,91
603,25,3,0,74397.0,11,11,3,"{""WHEAT"": 20, ""CARROT"": 20, ""STRAWBERRY"": 8, ""TOMATO"": 3}","{""GOOSE"": 8, ""SHEEP"": 3, ""COW"": 4}",2,0
603,25,3,1,78594.0,11,11,3,"{""TOMATO"": 2, ""STRAWBERRY"": 3, ""CARROT"": 28, ""WHEAT"": 18, ""MELON"": 1}","{""COW"": 5, ""SHEEP"": 7, ""GOOSE"": 4}",2,89
604,25,4,0,74397.0,11,11,3,"{""WHEAT"": 20, ""CARROT"": 20, ""STRAWBERRY"": 8, ""TOMATO"": 3}","{""GOOSE"": 8, ""SHEEP"": 3, ""COW"": 4}",2,0
604,25,4,1,78594.0,11,11,3,"{""TOMATO"": 2, ""STRAWBERRY"": 3, ""CARROT"": 28, ""WHEAT"": 18, ""MELON"": 1}","{""COW"": 5, ""SHEEP"": 7, ""GOOSE"": 4}",2,89
605,25,5,0,74397.0,11,11,3,"{""WHEAT"": 21, ""CARROT"": 20, ""STRAWBERRY"": 8, ""TOMATO"": 3}","{""GOOSE"": 8, ""SHEEP"": 3, ""COW"": 4}",2,0
605,25,5,1,78594.0,11,11,3,"{""TOMATO"": 2, ""STRAWBERRY"": 3, ""CARROT"": 28, ""WHEAT"": 17, ""MELON"": 1}","{""COW"": 5, ""SHEEP"": 7, ""GOOSE"": 4}",2,89
606,25,6,0,74397.0,11,11,3,"{""WHEAT"": 21, ""CARROT"": 20, ""STRAWBERRY"": 8, ""TOMATO"": 3}","{""GOOSE"": 8, ""SHEEP"": 3, ""COW"": 4}",2,0
606,25,6,1,78594.0,11,11,3,"{""TOMATO"": 2, ""STRAWBERRY"": 3, ""CARROT"": 28, ""WHEAT"": 17, ""MELON"": 1}","{""COW"": 5, ""SHEEP"": 7, ""GOOSE"": 4}",2,89
607,25,7,0,74397.0,11,11,3,"{""WHEAT"": 20, ""CARROT"": 20, ""STRAWBERRY"": 8, ""TOMATO"": 3}","{""GOOSE"": 8, ""SHEEP"": 3, ""COW"": 4}",2,0
607,25,7,1,78851.0,11,11,3,"{""TOMATO"": 2, ""STRAWBERRY"": 3, ""CARROT"": 28, ""WHEAT"": 17, ""MELON"": 1}","{""COW"": 5, ""SHEEP"": 7, ""GOOSE"": 4}",2,82
608,25,8,0,74397.0,11,11,3,"{""WHEAT"": 19, ""CARROT"": 20, ""STRAWBERRY"": 8, ""TOMATO"": 3}","{""GOOSE"": 8, ""SHEEP"": 3, ""COW"": 4}",2,0
608,25,8,1,78851.0,11,11,3,"{""TOMATO"": 2, ""STRAWBERRY"": 3, ""CARROT"": 28, ""WHEAT"": 18, ""MELON"": 1}","{""COW"": 5, ""SHEEP"": 7, ""GOOSE"": 4}",2,82
609,25,9,0,74397.0,11,11,3,"{""WHEAT"": 19, ""CARROT"": 20, ""STRAWBERRY"": 8, ""TOMATO"": 3}","{""GOOSE"": 8, ""SHEEP"": 3, ""COW"": 4}",1,0
609,25,9,1,78851.0,11,11,3,"{""TOMATO"": 2, ""STRAWBERRY"": 3, ""CARROT"": 28, ""WHEAT"": 18, ""MELON"": 1}","{""COW"": 5, ""SHEEP"": 7, ""GOOSE"": 4}",2,82
610,25,10,0,74397.0,11,11,3,"{""WHEAT"": 21, ""CARROT"": 20, ""STRAWBERRY"": 8, ""TOMATO"": 3}","{""GOOSE"": 8, ""SHEEP"": 3, ""COW"": 4}",1,0
610,25,10,1,78851.0,11,11,3,"{""TOMATO"": 2, ""STRAWBERRY"": 3, ""CARROT"": 28, ""WHEAT"": 18, ""MELON"": 1}","{""COW"": 5, ""SHEEP"": 7, ""GOOSE"": 4}",2,82
611,25,11,0,74397.0,11,11,3,"{""WHEAT"": 22, ""CARROT"": 20, ""STRAWBERRY"": 8, ""TOMATO"": 3}","{""GOOSE"": 8, ""SHEEP"": 3, ""COW"": 4}",1,0
611,25,11,1,78851.0,11,11,3,"{""TOMATO"": 2, ""STRAWBERRY"": 3, ""CARROT"": 26, ""WHEAT"": 17, ""MELON"": 1}","{""COW"": 5, ""SHEEP"": 7, ""GOOSE"": 4}",2,82
612,25,12,0,74397.0,11,11,3,"{""WHEAT"": 23, ""CARROT"": 20, ""STRAWBERRY"": 8, ""TOMATO"": 3}","{""GOOSE"": 8, ""SHEEP"": 3, ""COW"": 4}",1,0
612,25,12,1,79031.0,11,11,3,"{""TOMATO"": 2, ""STRAWBERRY"": 3, ""CARROT"": 28, ""WHEAT"": 17, ""MELON"": 1}","{""COW"": 5, ""SHEEP"": 7, ""GOOSE"": 4}",2,77
613,25,13,0,74397.0,11,11,3,"{""WHEAT"": 23, ""CARROT"": 19, ""STRAWBERRY"": 8, ""TOMATO"": 3}","{""GOOSE"": 8, ""SHEEP"": 3, ""COW"": 4}",1,0
613,25,13,1,78901.0,11,11,3,"{""TOMATO"": 2, ""STRAWBERRY"": 3, ""CARROT"": 27, ""WHEAT"": 19, ""MELON"": 1}","{""COW"": 5, ""SHEEP"": 7, ""GOOSE"": 4}",2,77
614,25,14,0,74397.0,11,11,3,"{""WHEAT"": 23, ""CARROT"": 18, ""STRAWBERRY"": 8, ""TOMATO"": 3}","{""GOOSE"": 8, ""SHEEP"": 3, ""COW"": 4}",1,0
614,25,14,1,79184.0,11,11,3,"{""TOMATO"": 2, ""STRAWBERRY"": 3, ""CARROT"": 28, ""WHEAT"": 19, ""MELON"": 1}","{""COW"": 5, ""SHEEP"": 7, ""GOOSE"": 4}",2,73
615,25,15,0,74397.0,11,11,3,"{""WHEAT"": 25, ""CARROT"": 17, ""STRAWBERRY"": 8, ""TOMATO"": 3}","{""GOOSE"": 8, ""SHEEP"": 3, ""COW"": 4}",1,0
615,25,15,1,79184.0,11,11,3,"{""TOMATO"": 2, ""STRAWBERRY"": 3, ""CARROT"": 28, ""WHEAT"": 19, ""MELON"": 1}","{""COW"": 5, ""SHEEP"": 7, ""GOOSE"": 4}",2,73
616,25,16,0,74397.0,11,11,3,"{""WHEAT"": 26, ""CARROT"": 18, ""STRAWBERRY"": 8, ""TOMATO"": 3}","{""GOOSE"": 8, ""SHEEP"": 3, ""COW"": 4}",1,0
616,25,16,1,79184.0,11,11,3,"{""TOMATO"": 2, ""STRAWBERRY"": 3, ""CARROT"": 27, ""WHEAT"": 19, ""MELON"": 1}","{""COW"": 5, ""SHEEP"": 7, ""GOOSE"": 4}",2,73
617,25,17,0,74397.0,11,11,3,"{""WHEAT"": 27, ""CARROT"": 18, ""STRAWBERRY"": 8, ""TOMATO"": 3}","{""GOOSE"": 8, ""SHEEP"": 3, ""COW"": 4}",1,0
617,25,17,1,79288.0,11,11,3,"{""TOMATO"": 2, ""STRAWBERRY"": 3, ""CARROT"": 26, ""WHEAT"": 19, ""MELON"": 1}","{""COW"": 5, ""SHEEP"": 7, ""GOOSE"": 4}",2,70
618,25,18,0,74397.0,11,11,3,"{""WHEAT"": 27, ""CARROT"": 18, ""STRAWBERRY"": 8, ""TOMATO"": 3}","{""GOOSE"": 8, ""SHEEP"": 3, ""COW"": 4}",1,0
618,25,18,1,79581.0,11,11,3,"{""TOMATO"": 2, ""STRAWBERRY"": 3, ""CARROT"": 27, ""WHEAT"": 19, ""MELON"": 1}","{""COW"": 5, ""SHEEP"": 7, ""GOOSE"": 4}",2,66
619,25,19,0,74397.0,11,11,3,"{""WHEAT"": 26, ""CARROT"": 18, ""STRAWBERRY"": 8, ""TOMATO"": 3}","{""GOOSE"": 8, ""SHEEP"": 3, ""COW"": 4}",1,0
619,25,19,1,79581.0,11,11,3,"{""TOMATO"": 2, ""STRAWBERRY"": 3, ""CARROT"": 28, ""WHEAT"": 19, ""MELON"": 1}","{""COW"": 5, ""SHEEP"": 7, ""GOOSE"": 4}",2,66
620,25,20,0,74397.0,11,11,3,"{""WHEAT"": 27, ""CARROT"": 17, ""STRAWBERRY"": 8, ""TOMATO"": 3}","{""GOOSE"": 8, ""SHEEP"": 3, ""COW"": 4}",1,0
620,25,20,1,79581.0,11,11,3,"{""TOMATO"": 2, ""STRAWBERRY"": 3, ""CARROT"": 27, ""WHEAT"": 19, ""MELON"": 1}","{""COW"": 5, ""SHEEP"": 7, ""GOOSE"": 4}",2,66
621,25,21,0,74397.0,11,11,3,"{""WHEAT"": 28, ""CARROT"": 16, ""STRAWBERRY"": 8, ""TOMATO"": 3}","{""GOOSE"": 8, ""SHEEP"": 3, ""COW"": 4}",1,0
621,25,21,1,80195.0,11,11,3,"{""TOMATO"": 2, ""STRAWBERRY"": 3, ""CARROT"": 29, ""WHEAT"": 19, ""MELON"": 1}","{""COW"": 5, ""SHEEP"": 7, ""GOOSE"": 4}",2,61
622,25,22,0,74397.0,11,11,3,"{""WHEAT"": 30, ""CARROT"": 15, ""STRAWBERRY"": 8, ""TOMATO"": 3}","{""GOOSE"": 8, ""SHEEP"": 3, ""COW"": 4}",1,0
622,25,22,1,80866.0,11,11,3,"{""TOMATO"": 2, ""STRAWBERRY"": 3, ""CARROT"": 28, ""WHEAT"": 19, ""MELON"": 1}","{""COW"": 5, ""SHEEP"": 7, ""GOOSE"": 4}",2,51
623,25,23,0,74397.0,11,11,3,"{""WHEAT"": 31, ""CARROT"": 15, ""STRAWBERRY"": 8, ""TOMATO"": 3}","{""GOOSE"": 8, ""SHEEP"": 3, ""COW"": 4}",1,0
623,25,23,1,82348.0,11,11,3,"{""TOMATO"": 2, ""STRAWBERRY"": 3, ""CARROT"": 29, ""WHEAT"": 19, ""MELON"": 1}","{""COW"": 5, ""SHEEP"": 7, ""GOOSE"": 4}",2,37
624,26,0,0,74397.0,0,0,3,"{""WHEAT"": 30, ""CARROT"": 15, ""STRAWBERRY"": 8, ""TOMATO"": 3}","{""GOOSE"": 8, ""SHEEP"": 3, ""COW"": 4}",1,89
624,26,0,1,83289.0,0,0,3,"{""TOMATO"": 2, ""STRAWBERRY"": 3, ""CARROT"": 29, ""WHEAT"": 19, ""MELON"": 1}","{""COW"": 4, ""SHEEP"": 6, ""GOOSE"": 4}",2,98
625,26,1,0,78654.0,2,2,3,"{""WHEAT"": 30, ""CARROT"": 15, ""STRAWBERRY"": 8, ""TOMATO"": 3}","{""GOOSE"": 8, ""SHEEP"": 3, ""COW"": 4}",1,14
625,26,1,1,83896.0,8,8,3,"{""TOMATO"": 2, ""STRAWBERRY"": 3, ""CARROT"": 29, ""WHEAT"": 19, ""MELON"": 1}","{""COW"": 4, ""SHEEP"": 6, ""GOOSE"": 4}",2,80
626,26,2,0,78424.0,11,11,3,"{""WHEAT"": 30, ""CARROT"": 15, ""STRAWBERRY"": 8, ""TOMATO"": 3}","{""GOOSE"": 8, ""SHEEP"": 3, ""COW"": 4}",1,12
626,26,2,1,83618.0,11,11,3,"{""TOMATO"": 2, ""STRAWBERRY"": 3, ""CARROT"": 29, ""WHEAT"": 19, ""MELON"": 1}","{""COW"": 4, ""SHEEP"": 6, ""GOOSE"": 4}",2,76
627,26,3,0,78424.0,11,11,3,"{""WHEAT"": 30, ""CARROT"": 15, ""STRAWBERRY"": 8, ""TOMATO"": 3}","{""GOOSE"": 8, ""SHEEP"": 3, ""COW"": 4}",1,6
627,26,3,1,83618.0,11,11,3,"{""TOMATO"": 2, ""STRAWBERRY"": 3, ""CARROT"": 29, ""WHEAT"": 19, ""MELON"": 1}","{""COW"": 4, ""SHEEP"": 6, ""GOOSE"": 4}",2,79
628,26,4,0,78424.0,11,11,3,"{""WHEAT"": 30, ""CARROT"": 15, ""STRAWBERRY"": 8, ""TOMATO"": 3}","{""GOOSE"": 8, ""SHEEP"": 3, ""COW"": 4}",1,3
628,26,4,1,83618.0,11,11,3,"{""TOMATO"": 2, ""STRAWBERRY"": 3, ""CARROT"": 29, ""WHEAT"": 19, ""MELON"": 1}","{""COW"": 4, ""SHEEP"": 6, ""GOOSE"": 4}",2,73
629,26,5,0,78424.0,11,11,3,"{""WHEAT"": 30, ""CARROT"": 15, ""STRAWBERRY"": 8, ""TOMATO"": 3}","{""GOOSE"": 8, ""SHEEP"": 3, ""COW"": 4}",1,3
629,26,5,1,83618.0,11,11,3,"{""TOMATO"": 2, ""STRAWBERRY"": 3, ""CARROT"": 29, ""WHEAT"": 19, ""MELON"": 1}","{""COW"": 4, ""SHEEP"": 6, ""GOOSE"": 4}",2,73
630,26,6,0,78424.0,11,11,3,"{""WHEAT"": 27, ""CARROT"": 15, ""STRAWBERRY"": 8, ""TOMATO"": 3}","{""GOOSE"": 8, ""SHEEP"": 3, ""COW"": 4}",1,3
630,26,6,1,83690.0,11,11,3,"{""TOMATO"": 2, ""STRAWBERRY"": 3, ""CARROT"": 29, ""WHEAT"": 17, ""MELON"": 1}","{""COW"": 4, ""SHEEP"": 6, ""GOOSE"": 4}",2,72
631,26,7,0,78424.0,11,11,3,"{""WHEAT"": 29, ""CARROT"": 15, ""STRAWBERRY"": 8, ""TOMATO"": 3}","{""GOOSE"": 8, ""SHEEP"": 3, ""COW"": 4}",1,3
631,26,7,1,83870.0,11,11,3,"{""TOMATO"": 2, ""STRAWBERRY"": 3, ""CARROT"": 29, ""WHEAT"": 18, ""MELON"": 1}","{""COW"": 4, ""SHEEP"": 6, ""GOOSE"": 4}",2,67
632,26,8,0,78424.0,11,11,3,"{""WHEAT"": 29, ""CARROT"": 14, ""STRAWBERRY"": 8, ""TOMATO"": 3}","{""GOOSE"": 8, ""SHEEP"": 3, ""COW"": 4}",1,3
632,26,8,1,83860.0,11,11,3,"{""TOMATO"": 2, ""STRAWBERRY"": 3, ""CARROT"": 29, ""WHEAT"": 19, ""MELON"": 1}","{""COW"": 4, ""SHEEP"": 6, ""GOOSE"": 4}",2,67
633,26,9,0,78424.0,11,11,3,"{""WHEAT"": 30, ""CARROT"": 14, ""STRAWBERRY"": 8, ""TOMATO"": 3}","{""GOOSE"": 8, ""SHEEP"": 3, ""COW"": 4}",1,3
633,26,9,1,83860.0,11,11,3,"{""TOMATO"": 2, ""STRAWBERRY"": 3, ""CARROT"": 29, ""WHEAT"": 19, ""MELON"": 1}","{""COW"": 4, ""SHEEP"": 6, ""GOOSE"": 4}",2,67
634,26,10,0,78424.0,11,11,3,"{""WHEAT"": 31, ""CARROT"": 13, ""STRAWBERRY"": 8, ""TOMATO"": 3}","{""GOOSE"": 8, ""SHEEP"": 3, ""COW"": 4}",1,3
634,26,10,1,83937.0,11,11,3,"{""TOMATO"": 2, ""STRAWBERRY"": 3, ""CARROT"": 29, ""WHEAT"": 19, ""MELON"": 1}","{""COW"": 4, ""SHEEP"": 6, ""GOOSE"": 4}",2,66
635,26,11,0,78424.0,11,11,3,"{""WHEAT"": 31, ""CARROT"": 12, ""STRAWBERRY"": 8, ""TOMATO"": 3}","{""GOOSE"": 8, ""SHEEP"": 3, ""COW"": 4}",1,3
635,26,11,1,83937.0,11,11,3,"{""TOMATO"": 2, ""STRAWBERRY"": 3, ""CARROT"": 29, ""WHEAT"": 17, ""MELON"": 1}","{""COW"": 4, ""SHEEP"": 6, ""GOOSE"": 4}",2,66
636,26,12,0,78424.0,11,11,3,"{""WHEAT"": 33, ""CARROT"": 12, ""STRAWBERRY"": 8, ""TOMATO"": 3}","{""GOOSE"": 8, ""SHEEP"": 3, ""COW"": 4}",1,3
636,26,12,1,84079.0,11,11,3,"{""TOMATO"": 2, ""STRAWBERRY"": 3, ""CARROT"": 27, ""WHEAT"": 19, ""MELON"": 1}","{""COW"": 4, ""SHEEP"": 6, ""GOOSE"": 4}",2,71
637,26,13,0,78424.0,11,11,3,"{""WHEAT"": 33, ""CARROT"": 12, ""STRAWBERRY"": 8, ""TOMATO"": 3}","{""GOOSE"": 8, ""SHEEP"": 3, ""COW"": 4}",1,3
637,26,13,1,83949.0,11,11,3,"{""TOMATO"": 2, ""STRAWBERRY"": 3, ""CARROT"": 29, ""WHEAT"": 19, ""MELON"": 1}","{""COW"": 4, ""SHEEP"": 6, ""GOOSE"": 4}",2,71
638,26,14,0,78424.0,11,11,3,"{""WHEAT"": 33, ""CARROT"": 12, ""STRAWBERRY"": 8, ""TOMATO"": 3}","{""GOOSE"": 8, ""SHEEP"": 3, ""COW"": 4}",1,3
638,26,14,1,83949.0,11,11,3,"{""TOMATO"": 2, ""STRAWBERRY"": 3, ""CARROT"": 29, ""WHEAT"": 19, ""MELON"": 1}","{""COW"": 4, ""SHEEP"": 6, ""GOOSE"": 4}",2,71
639,26,15,0,78424.0,11,11,3,"{""WHEAT"": 33, ""CARROT"": 12, ""STRAWBERRY"": 8, ""TOMATO"": 3}","{""GOOSE"": 8, ""SHEEP"": 3, ""COW"": 4}",1,3
639,26,15,1,83949.0,11,11,3,"{""TOMATO"": 2, ""STRAWBERRY"": 3, ""CARROT"": 29, ""WHEAT"": 19, ""MELON"": 1}","{""COW"": 4, ""SHEEP"": 6, ""GOOSE"": 4}",2,71
640,26,16,0,78424.0,11,11,3,"{""WHEAT"": 33, ""CARROT"": 12, ""STRAWBERRY"": 8, ""TOMATO"": 3}","{""GOOSE"": 8, ""SHEEP"": 3, ""COW"": 4}",1,3
640,26,16,1,84025.0,11,11,3,"{""TOMATO"": 2, ""STRAWBERRY"": 3, ""CARROT"": 26, ""WHEAT"": 19, ""MELON"": 1}","{""COW"": 4, ""SHEEP"": 6, ""GOOSE"": 4}",2,69
641,26,17,0,78424.0,11,11,3,"{""WHEAT"": 32, ""CARROT"": 10, ""STRAWBERRY"": 8, ""TOMATO"": 3}","{""GOOSE"": 8, ""SHEEP"": 3, ""COW"": 4}",1,3
641,26,17,1,84025.0,11,11,3,"{""TOMATO"": 2, ""STRAWBERRY"": 3, ""CARROT"": 27, ""WHEAT"": 19, ""MELON"": 1}","{""COW"": 4, ""SHEEP"": 6, ""GOOSE"": 4}",2,69
642,26,18,0,78424.0,11,11,3,"{""WHEAT"": 35, ""CARROT"": 10, ""STRAWBERRY"": 8, ""TOMATO"": 3}","{""GOOSE"": 8, ""SHEEP"": 3, ""COW"": 4}",1,3
642,26,18,1,84118.0,11,11,3,"{""TOMATO"": 2, ""STRAWBERRY"": 3, ""CARROT"": 29, ""WHEAT"": 18, ""MELON"": 1}","{""COW"": 4, ""SHEEP"": 6, ""GOOSE"": 4}",2,68
643,26,19,0,78424.0,11,11,3,"{""WHEAT"": 35, ""CARROT"": 10, ""STRAWBERRY"": 8, ""TOMATO"": 3}","{""GOOSE"": 8, ""SHEEP"": 3, ""COW"": 4}",1,3
643,26,19,1,84118.0,11,11,3,"{""TOMATO"": 2, ""STRAWBERRY"": 3, ""CARROT"": 30, ""WHEAT"": 18, ""MELON"": 1}","{""COW"": 4, ""SHEEP"": 6, ""GOOSE"": 4}",2,76
644,26,20,0,78424.0,11,11,3,"{""WHEAT"": 36, ""CARROT"": 10, ""STRAWBERRY"": 8, ""TOMATO"": 3}","{""GOOSE"": 8, ""SHEEP"": 3, ""COW"": 4}",0,3
644,26,20,1,85619.0,11,11,3,"{""TOMATO"": 2, ""STRAWBERRY"": 3, ""CARROT"": 29, ""WHEAT"": 18, ""MELON"": 1}","{""COW"": 4, ""SHEEP"": 6, ""GOOSE"": 4}",2,40
645,26,21,0,78424.0,11,11,3,"{""WHEAT"": 36, ""CARROT"": 10, ""STRAWBERRY"": 8, ""TOMATO"": 3}","{""GOOSE"": 8, ""SHEEP"": 3, ""COW"": 4}",0,3
645,26,21,1,85619.0,11,11,3,"{""TOMATO"": 2, ""STRAWBERRY"": 3, ""CARROT"": 27, ""WHEAT"": 18, ""MELON"": 1}","{""COW"": 4, ""SHEEP"": 6, ""GOOSE"": 4}",2,40
646,26,22,0,78424.0,11,11,3,"{""WHEAT"": 36, ""CARROT"": 10, ""STRAWBERRY"": 8, ""TOMATO"": 3}","{""GOOSE"": 8, ""SHEEP"": 3, ""COW"": 4}",0,3
646,26,22,1,86077.0,11,11,3,"{""TOMATO"": 2, ""STRAWBERRY"": 3, ""CARROT"": 30, ""WHEAT"": 18, ""MELON"": 1}","{""COW"": 4, ""SHEEP"": 6, ""GOOSE"": 4}",2,34
647,26,23,0,78424.0,11,11,3,"{""WHEAT"": 37, ""CARROT"": 10, ""STRAWBERRY"": 8, ""TOMATO"": 3}","{""GOOSE"": 8, ""SHEEP"": 3, ""COW"": 4}",0,3
647,26,23,1,88614.0,11,11,3,"{""TOMATO"": 2, ""STRAWBERRY"": 3, ""CARROT"": 30, ""WHEAT"": 18, ""MELON"": 1}","{""COW"": 4, ""SHEEP"": 6, ""GOOSE"": 4}",2,21
648,27,0,0,78871.0,0,0,3,"{""WHEAT"": 36, ""CARROT"": 10, ""STRAWBERRY"": 8, ""TOMATO"": 3}","{""GOOSE"": 8, ""SHEEP"": 3, ""COW"": 4}",0,99
648,27,0,1,89757.0,0,0,3,"{""TOMATO"": 2, ""STRAWBERRY"": 3, ""CARROT"": 29, ""WHEAT"": 18, ""MELON"": 1}","{""COW"": 4, ""SHEEP"": 6, ""GOOSE"": 4}",3,90
649,27,1,0,79948.0,7,7,3,"{""WHEAT"": 36, ""CARROT"": 10, ""STRAWBERRY"": 8, ""TOMATO"": 3}","{""GOOSE"": 8, ""SHEEP"": 3, ""COW"": 4}",0,63
649,27,1,1,90546.0,8,8,3,"{""TOMATO"": 2, ""STRAWBERRY"": 3, ""CARROT"": 29, ""WHEAT"": 18, ""MELON"": 1}","{""COW"": 4, ""SHEEP"": 6, ""GOOSE"": 4}",3,69
650,27,2,0,80289.0,9,9,3,"{""WHEAT"": 36, ""CARROT"": 10, ""STRAWBERRY"": 8, ""TOMATO"": 3}","{""GOOSE"": 8, ""SHEEP"": 3, ""COW"": 4}",0,44
650,27,2,1,90168.0,11,11,3,"{""TOMATO"": 2, ""STRAWBERRY"": 3, ""CARROT"": 29, ""WHEAT"": 18, ""MELON"": 1}","{""COW"": 4, ""SHEEP"": 6, ""GOOSE"": 4}",3,71
651,27,3,0,80289.0,9,9,3,"{""WHEAT"": 36, ""CARROT"": 10, ""STRAWBERRY"": 8, ""TOMATO"": 3}","{""GOOSE"": 8, ""SHEEP"": 3, ""COW"": 4}",0,35
651,27,3,1,90538.0,11,11,3,"{""TOMATO"": 2, ""STRAWBERRY"": 3, ""CARROT"": 29, ""WHEAT"": 18, ""MELON"": 1}","{""COW"": 4, ""SHEEP"": 6, ""GOOSE"": 4}",3,63
652,27,4,0,80289.0,9,9,3,"{""WHEAT"": 36, ""CARROT"": 10, ""STRAWBERRY"": 8, ""TOMATO"": 3}","{""GOOSE"": 8, ""SHEEP"": 3, ""COW"": 4}",0,35
652,27,4,1,90626.0,11,11,3,"{""TOMATO"": 2, ""STRAWBERRY"": 3, ""CARROT"": 29, ""WHEAT"": 18, ""MELON"": 1}","{""COW"": 4, ""SHEEP"": 6, ""GOOSE"": 4}",3,66
653,27,5,0,80289.0,9,9,3,"{""WHEAT"": 36, ""CARROT"": 10, ""STRAWBERRY"": 8, ""TOMATO"": 3}","{""GOOSE"": 8, ""SHEEP"": 3, ""COW"": 4}",0,35
653,27,5,1,90626.0,11,11,3,"{""TOMATO"": 2, ""STRAWBERRY"": 3, ""CARROT"": 29, ""WHEAT"": 18, ""MELON"": 1}","{""COW"": 4, ""SHEEP"": 6, ""GOOSE"": 4}",3,64
654,27,6,0,80718.0,9,9,3,"{""WHEAT"": 36, ""CARROT"": 10, ""STRAWBERRY"": 8, ""TOMATO"": 3}","{""GOOSE"": 8, ""SHEEP"": 3, ""COW"": 4}",0,29
654,27,6,1,90801.0,11,11,3,"{""TOMATO"": 2, ""STRAWBERRY"": 3, ""CARROT"": 29, ""WHEAT"": 16, ""MELON"": 1}","{""COW"": 4, ""SHEEP"": 6, ""GOOSE"": 4}",3,65
655,27,7,0,80718.0,9,9,3,"{""WHEAT"": 36, ""CARROT"": 9, ""STRAWBERRY"": 8, ""TOMATO"": 3}","{""GOOSE"": 8, ""SHEEP"": 3, ""COW"": 4}",0,29
655,27,7,1,90801.0,11,11,3,"{""TOMATO"": 2, ""STRAWBERRY"": 3, ""CARROT"": 29, ""WHEAT"": 18, ""MELON"": 1}","{""COW"": 4, ""SHEEP"": 6, ""GOOSE"": 4}",3,65
656,27,8,0,80718.0,9,9,3,"{""WHEAT"": 36, ""CARROT"": 10, ""STRAWBERRY"": 8, ""TOMATO"": 3}","{""GOOSE"": 8, ""SHEEP"": 3, ""COW"": 4}",0,29
656,27,8,1,90801.0,11,11,3,"{""TOMATO"": 2, ""STRAWBERRY"": 3, ""CARROT"": 28, ""WHEAT"": 18, ""MELON"": 1}","{""COW"": 4, ""SHEEP"": 6, ""GOOSE"": 4}",3,65
657,27,9,0,80718.0,9,9,3,"{""WHEAT"": 36, ""CARROT"": 9, ""STRAWBERRY"": 8, ""TOMATO"": 3}","{""GOOSE"": 8, ""SHEEP"": 3, ""COW"": 4}",0,29
657,27,9,1,90801.0,11,11,3,"{""TOMATO"": 2, ""STRAWBERRY"": 3, ""CARROT"": 29, ""WHEAT"": 18, ""MELON"": 1}","{""COW"": 4, ""SHEEP"": 6, ""GOOSE"": 4}",3,65
658,27,10,0,80718.0,9,9,3,"{""WHEAT"": 36, ""CARROT"": 8, ""STRAWBERRY"": 8, ""TOMATO"": 3}","{""GOOSE"": 8, ""SHEEP"": 3, ""COW"": 4}",0,29
658,27,10,1,90801.0,11,11,3,"{""TOMATO"": 2, ""STRAWBERRY"": 3, ""CARROT"": 29, ""WHEAT"": 18, ""MELON"": 1}","{""COW"": 4, ""SHEEP"": 6, ""GOOSE"": 4}",3,65
659,27,11,0,80718.0,9,9,3,"{""WHEAT"": 36, ""CARROT"": 8, ""STRAWBERRY"": 8, ""TOMATO"": 3}","{""GOOSE"": 8, ""SHEEP"": 3, ""COW"": 4}",0,29
659,27,11,1,91689.0,11,11,3,"{""TOMATO"": 2, ""STRAWBERRY"": 3, ""CARROT"": 28, ""WHEAT"": 16, ""MELON"": 1}","{""COW"": 4, ""SHEEP"": 6, ""GOOSE"": 4}",3,45
660,27,12,0,80718.0,9,9,3,"{""WHEAT"": 36, ""CARROT"": 7, ""STRAWBERRY"": 8, ""TOMATO"": 3}","{""GOOSE"": 8, ""SHEEP"": 3, ""COW"": 4}",0,29
660,27,12,1,92096.0,11,11,3,"{""TOMATO"": 2, ""STRAWBERRY"": 3, ""CARROT"": 30, ""WHEAT"": 16, ""MELON"": 1}","{""COW"": 4, ""SHEEP"": 6, ""GOOSE"": 4}",3,34
661,27,13,0,80718.0,9,9,3,"{""WHEAT"": 36, ""CARROT"": 8, ""STRAWBERRY"": 8, ""TOMATO"": 3}","{""GOOSE"": 8, ""SHEEP"": 3, ""COW"": 4}",0,29
661,27,13,1,92096.0,11,11,3,"{""TOMATO"": 2, ""STRAWBERRY"": 3, ""CARROT"": 30, ""WHEAT"": 16, ""MELON"": 1}","{""COW"": 4, ""SHEEP"": 6, ""GOOSE"": 4}",3,34
662,27,14,0,81853.0,9,9,3,"{""WHEAT"": 36, ""CARROT"": 8, ""STRAWBERRY"": 8, ""TOMATO"": 3}","{""GOOSE"": 8, ""SHEEP"": 3, ""COW"": 4}",0,2
662,27,14,1,92096.0,11,11,3,"{""TOMATO"": 2, ""STRAWBERRY"": 3, ""CARROT"": 30, ""WHEAT"": 15, ""MELON"": 1}","{""COW"": 4, ""SHEEP"": 6, ""GOOSE"": 4}",3,34
663,27,15,0,81853.0,9,9,3,"{""WHEAT"": 36, ""CARROT"": 8, ""STRAWBERRY"": 8, ""TOMATO"": 3}","{""GOOSE"": 8, ""SHEEP"": 3, ""COW"": 4}",0,2
663,27,15,1,92096.0,11,11,3,"{""TOMATO"": 2, ""STRAWBERRY"": 3, ""CARROT"": 30, ""WHEAT"": 15, ""MELON"": 1}","{""COW"": 4, ""SHEEP"": 6, ""GOOSE"": 4}",3,50
664,27,16,0,81853.0,9,9,3,"{""WHEAT"": 36, ""CARROT"": 8, ""STRAWBERRY"": 8, ""TOMATO"": 3}","{""GOOSE"": 8, ""SHEEP"": 3, ""COW"": 4}",0,2
664,27,16,1,92454.0,11,11,3,"{""TOMATO"": 2, ""STRAWBERRY"": 3, ""CARROT"": 30, ""WHEAT"": 15, ""MELON"": 1}","{""COW"": 4, ""SHEEP"": 6, ""GOOSE"": 4}",3,40
665,27,17,0,81853.0,9,9,3,"{""WHEAT"": 35, ""CARROT"": 5, ""STRAWBERRY"": 8, ""TOMATO"": 3}","{""GOOSE"": 8, ""SHEEP"": 3, ""COW"": 4}",0,2
665,27,17,1,92444.0,11,11,3,"{""TOMATO"": 2, ""STRAWBERRY"": 3, ""CARROT"": 28, ""WHEAT"": 15, ""MELON"": 1}","{""COW"": 4, ""SHEEP"": 6, ""GOOSE"": 4}",3,40
666,27,18,0,81853.0,9,9,3,"{""WHEAT"": 35, ""CARROT"": 8, ""STRAWBERRY"": 8, ""TOMATO"": 3}","{""GOOSE"": 8, ""SHEEP"": 3, ""COW"": 4}",0,2
666,27,18,1,92444.0,11,11,3,"{""TOMATO"": 2, ""STRAWBERRY"": 3, ""CARROT"": 31, ""WHEAT"": 15, ""MELON"": 1}","{""COW"": 4, ""SHEEP"": 6, ""GOOSE"": 4}",3,40
667,27,19,0,81853.0,9,9,3,"{""WHEAT"": 35, ""CARROT"": 8, ""STRAWBERRY"": 8, ""TOMATO"": 3}","{""GOOSE"": 8, ""SHEEP"": 3, ""COW"": 4}",0,2
667,27,19,1,92444.0,11,11,3,"{""TOMATO"": 2, ""STRAWBERRY"": 3, ""CARROT"": 30, ""WHEAT"": 15, ""MELON"": 1}","{""COW"": 4, ""SHEEP"": 6, ""GOOSE"": 4}",3,40
668,27,20,0,81853.0,9,9,3,"{""WHEAT"": 35, ""CARROT"": 8, ""STRAWBERRY"": 8, ""TOMATO"": 3}","{""GOOSE"": 8, ""SHEEP"": 3, ""COW"": 4}",0,2
668,27,20,1,92444.0,11,11,3,"{""TOMATO"": 2, ""STRAWBERRY"": 3, ""CARROT"": 27, ""WHEAT"": 16, ""MELON"": 1}","{""COW"": 4, ""SHEEP"": 6, ""GOOSE"": 4}",3,40
669,27,21,0,81853.0,9,9,3,"{""WHEAT"": 34, ""CARROT"": 8, ""STRAWBERRY"": 8, ""TOMATO"": 3}","{""GOOSE"": 8, ""SHEEP"": 3, ""COW"": 4}",0,2
669,27,21,1,92444.0,11,11,3,"{""TOMATO"": 2, ""STRAWBERRY"": 3, ""CARROT"": 27, ""WHEAT"": 17, ""MELON"": 1}","{""COW"": 4, ""SHEEP"": 6, ""GOOSE"": 4}",3,40
670,27,22,0,81853.0,9,9,3,"{""WHEAT"": 34, ""CARROT"": 9, ""STRAWBERRY"": 6, ""TOMATO"": 3}","{""GOOSE"": 8, ""SHEEP"": 3, ""COW"": 4}",0,2
670,27,22,1,92444.0,11,11,3,"{""TOMATO"": 2, ""STRAWBERRY"": 3, ""CARROT"": 25, ""WHEAT"": 17, ""MELON"": 1}","{""COW"": 4, ""SHEEP"": 6, ""GOOSE"": 4}",3,40
671,27,23,0,81853.0,9,9,3,"{""WHEAT"": 34, ""CARROT"": 12, ""STRAWBERRY"": 6, ""TOMATO"": 3}","{""GOOSE"": 8, ""SHEEP"": 3, ""COW"": 4}",0,2
671,27,23,1,93539.0,11,11,3,"{""TOMATO"": 2, ""STRAWBERRY"": 3, ""CARROT"": 25, ""WHEAT"": 17, ""MELON"": 1}","{""COW"": 4, ""SHEEP"": 6, ""GOOSE"": 4}",3,30
672,28,0,0,81853.0,0,0,3,"{""WHEAT"": 34, ""CARROT"": 12, ""STRAWBERRY"": 6, ""TOMATO"": 3}","{""GOOSE"": 8, ""SHEEP"": 3, ""COW"": 4}",0,94
672,28,0,1,93872.0,0,0,3,"{""TOMATO"": 2, ""STRAWBERRY"": 3, ""CARROT"": 25, ""WHEAT"": 16, ""MELON"": 1}","{""COW"": 4, ""SHEEP"": 6, ""GOOSE"": 4}",3,96
673,28,1,0,83337.0,8,8,3,"{""WHEAT"": 34, ""CARROT"": 12, ""STRAWBERRY"": 5, ""TOMATO"": 3}","{""GOOSE"": 8, ""SHEEP"": 3, ""COW"": 4}",1,59
673,28,1,1,95389.0,8,8,3,"{""TOMATO"": 2, ""STRAWBERRY"": 3, ""CARROT"": 25, ""WHEAT"": 16, ""MELON"": 1}","{""COW"": 4, ""SHEEP"": 6, ""GOOSE"": 4}",3,59
674,28,2,0,83419.0,8,8,3,"{""WHEAT"": 34, ""CARROT"": 12, ""STRAWBERRY"": 5, ""TOMATO"": 3}","{""GOOSE"": 8, ""SHEEP"": 3, ""COW"": 4}",1,42
674,28,2,1,95300.0,10,10,3,"{""TOMATO"": 2, ""STRAWBERRY"": 3, ""CARROT"": 25, ""WHEAT"": 16, ""MELON"": 1}","{""COW"": 4, ""SHEEP"": 6, ""GOOSE"": 4}",3,59
675,28,3,0,83419.0,8,8,3,"{""WHEAT"": 34, ""CARROT"": 12, ""STRAWBERRY"": 5, ""TOMATO"": 3}","{""GOOSE"": 8, ""SHEEP"": 3, ""COW"": 4}",1,40
675,28,3,1,95890.0,10,10,3,"{""TOMATO"": 2, ""STRAWBERRY"": 3, ""CARROT"": 25, ""WHEAT"": 16, ""MELON"": 1}","{""COW"": 4, ""SHEEP"": 6, ""GOOSE"": 4}",3,46
676,28,4,0,83419.0,8,8,3,"{""WHEAT"": 34, ""CARROT"": 12, ""STRAWBERRY"": 5, ""TOMATO"": 3}","{""GOOSE"": 8, ""SHEEP"": 3, ""COW"": 4}",1,40
676,28,4,1,95890.0,10,10,3,"{""TOMATO"": 2, ""STRAWBERRY"": 3, ""CARROT"": 25, ""WHEAT"": 16, ""MELON"": 1}","{""COW"": 4, ""SHEEP"": 6, ""GOOSE"": 4}",3,46
677,28,5,0,83419.0,8,8,3,"{""WHEAT"": 34, ""CARROT"": 12, ""STRAWBERRY"": 5, ""TOMATO"": 3}","{""GOOSE"": 8, ""SHEEP"": 3, ""COW"": 4}",1,40
677,28,5,1,95890.0,10,10,3,"{""TOMATO"": 2, ""STRAWBERRY"": 3, ""CARROT"": 24, ""WHEAT"": 15, ""MELON"": 1}","{""COW"": 4, ""SHEEP"": 6, ""GOOSE"": 4}",4,46
678,28,6,0,83900.0,8,8,3,"{""WHEAT"": 33, ""CARROT"": 12, ""STRAWBERRY"": 5, ""TOMATO"": 3}","{""GOOSE"": 8, ""SHEEP"": 3, ""COW"": 4}",1,34
678,28,6,1,96063.0,10,10,3,"{""TOMATO"": 2, ""STRAWBERRY"": 3, ""CARROT"": 24, ""WHEAT"": 15, ""MELON"": 1}","{""COW"": 4, ""SHEEP"": 6, ""GOOSE"": 4}",4,44
679,28,7,0,83900.0,8,8,3,"{""WHEAT"": 33, ""CARROT"": 12, ""STRAWBERRY"": 5, ""TOMATO"": 3}","{""GOOSE"": 8, ""SHEEP"": 3, ""COW"": 4}",1,34
679,28,7,1,96063.0,10,10,3,"{""TOMATO"": 2, ""STRAWBERRY"": 3, ""CARROT"": 24, ""WHEAT"": 14}","{""COW"": 4, ""SHEEP"": 6, ""GOOSE"": 4}",4,44
680,28,8,0,83900.0,8,8,3,"{""WHEAT"": 32, ""CARROT"": 12, ""STRAWBERRY"": 5, ""TOMATO"": 3}","{""GOOSE"": 8, ""SHEEP"": 3, ""COW"": 4}",1,34
680,28,8,1,96063.0,10,10,3,"{""TOMATO"": 2, ""STRAWBERRY"": 3, ""CARROT"": 24, ""WHEAT"": 13}","{""COW"": 4, ""SHEEP"": 6, ""GOOSE"": 4}",4,44
681,28,9,0,83900.0,8,8,3,"{""WHEAT"": 32, ""CARROT"": 12, ""STRAWBERRY"": 5, ""TOMATO"": 3}","{""GOOSE"": 8, ""SHEEP"": 3, ""COW"": 4}",1,34
681,28,9,1,96063.0,10,10,3,"{""TOMATO"": 2, ""STRAWBERRY"": 3, ""CARROT"": 24, ""WHEAT"": 13}","{""COW"": 4, ""SHEEP"": 6, ""GOOSE"": 4}",4,44
682,28,10,0,84712.0,8,8,3,"{""WHEAT"": 32, ""CARROT"": 12, ""STRAWBERRY"": 5, ""TOMATO"": 3}","{""GOOSE"": 8, ""SHEEP"": 3, ""COW"": 4}",1,14
682,28,10,1,96139.0,10,10,3,"{""TOMATO"": 2, ""STRAWBERRY"": 3, ""CARROT"": 24, ""WHEAT"": 12}","{""COW"": 4, ""SHEEP"": 6, ""GOOSE"": 4}",4,50
683,28,11,0,84712.0,8,8,3,"{""WHEAT"": 32, ""CARROT"": 12, ""STRAWBERRY"": 5, ""TOMATO"": 3}","{""GOOSE"": 8, ""SHEEP"": 3, ""COW"": 4}",1,14
683,28,11,1,96139.0,10,10,3,"{""TOMATO"": 2, ""STRAWBERRY"": 3, ""CARROT"": 23, ""WHEAT"": 11}","{""COW"": 4, ""SHEEP"": 6, ""GOOSE"": 4}",4,50
684,28,12,0,84712.0,8,8,3,"{""WHEAT"": 32, ""CARROT"": 11, ""STRAWBERRY"": 5, ""TOMATO"": 3}","{""GOOSE"": 8, ""SHEEP"": 3, ""COW"": 4}",1,14
684,28,12,1,96139.0,10,10,3,"{""TOMATO"": 2, ""STRAWBERRY"": 3, ""CARROT"": 23, ""WHEAT"": 9}","{""COW"": 4, ""SHEEP"": 6, ""GOOSE"": 4}",4,50
685,28,13,0,84712.0,8,8,3,"{""WHEAT"": 32, ""CARROT"": 11, ""STRAWBERRY"": 5, ""TOMATO"": 3}","{""GOOSE"": 8, ""SHEEP"": 3, ""COW"": 4}",1,14
685,28,13,1,96555.0,10,10,3,"{""TOMATO"": 2, ""STRAWBERRY"": 3, ""CARROT"": 22, ""WHEAT"": 9}","{""COW"": 4, ""SHEEP"": 6, ""GOOSE"": 4}",4,48
686,28,14,0,84712.0,8,8,3,"{""WHEAT"": 32, ""CARROT"": 11, ""STRAWBERRY"": 5, ""TOMATO"": 3}","{""GOOSE"": 8, ""SHEEP"": 3, ""COW"": 4}",1,14
686,28,14,1,96633.0,10,10,3,"{""TOMATO"": 2, ""STRAWBERRY"": 3, ""CARROT"": 19, ""WHEAT"": 9}","{""COW"": 4, ""SHEEP"": 6, ""GOOSE"": 4}",4,55
687,28,15,0,84712.0,8,8,3,"{""WHEAT"": 31, ""CARROT"": 11, ""STRAWBERRY"": 5, ""TOMATO"": 3}","{""GOOSE"": 8, ""SHEEP"": 3, ""COW"": 4}",1,14
687,28,15,1,96728.0,10,10,3,"{""TOMATO"": 2, ""STRAWBERRY"": 3, ""CARROT"": 18, ""WHEAT"": 9}","{""COW"": 4, ""SHEEP"": 6, ""GOOSE"": 4}",4,63
688,28,16,0,84712.0,8,8,3,"{""WHEAT"": 31, ""CARROT"": 11, ""STRAWBERRY"": 5, ""TOMATO"": 3}","{""GOOSE"": 8, ""SHEEP"": 3, ""COW"": 4}",1,14
688,28,16,1,97098.0,10,10,3,"{""TOMATO"": 2, ""STRAWBERRY"": 3, ""CARROT"": 17, ""WHEAT"": 9}","{""COW"": 4, ""SHEEP"": 6, ""GOOSE"": 4}",4,77
689,28,17,0,84712.0,8,8,3,"{""WHEAT"": 31, ""CARROT"": 11, ""STRAWBERRY"": 5, ""TOMATO"": 3}","{""GOOSE"": 8, ""SHEEP"": 3, ""COW"": 4}",1,14
689,28,17,1,97819.0,10,10,3,"{""TOMATO"": 2, ""STRAWBERRY"": 3, ""CARROT"": 17, ""WHEAT"": 9}","{""COW"": 4, ""SHEEP"": 6, ""GOOSE"": 4}",4,57
690,28,18,0,84712.0,8,8,3,"{""WHEAT"": 31, ""CARROT"": 10, ""STRAWBERRY"": 5, ""TOMATO"": 3}","{""GOOSE"": 8, ""SHEEP"": 3, ""COW"": 4}",1,14
690,28,18,1,97819.0,10,10,3,"{""TOMATO"": 2, ""STRAWBERRY"": 3, ""CARROT"": 15, ""WHEAT"": 9}","{""COW"": 4, ""SHEEP"": 6, ""GOOSE"": 4}",4,57
691,28,19,0,84712.0,8,8,3,"{""WHEAT"": 31, ""CARROT"": 10, ""STRAWBERRY"": 5, ""TOMATO"": 3}","{""GOOSE"": 8, ""SHEEP"": 3, ""COW"": 4}",1,14
691,28,19,1,97819.0,10,10,3,"{""TOMATO"": 2, ""STRAWBERRY"": 3, ""CARROT"": 15, ""WHEAT"": 9}","{""COW"": 4, ""SHEEP"": 6, ""GOOSE"": 4}",4,62
692,28,20,0,84712.0,8,8,3,"{""WHEAT"": 31, ""CARROT"": 10, ""STRAWBERRY"": 5, ""TOMATO"": 3}","{""GOOSE"": 8, ""SHEEP"": 3, ""COW"": 4}",1,14
692,28,20,1,98861.0,10,10,3,"{""TOMATO"": 2, ""STRAWBERRY"": 3, ""CARROT"": 14, ""WHEAT"": 9}","{""COW"": 4, ""SHEEP"": 6, ""GOOSE"": 4}",4,56
693,28,21,0,84712.0,8,8,3,"{""WHEAT"": 31, ""CARROT"": 10, ""STRAWBERRY"": 5, ""TOMATO"": 3}","{""GOOSE"": 8, ""SHEEP"": 3, ""COW"": 4}",1,14
693,28,21,1,98861.0,10,10,3,"{""TOMATO"": 2, ""STRAWBERRY"": 3, ""CARROT"": 14, ""WHEAT"": 9}","{""COW"": 4, ""SHEEP"": 6, ""GOOSE"": 4}",4,56
694,28,22,0,84712.0,8,8,3,"{""WHEAT"": 31, ""CARROT"": 10, ""STRAWBERRY"": 5, ""TOMATO"": 3}","{""GOOSE"": 8, ""SHEEP"": 3, ""COW"": 4}",1,14
694,28,22,1,99919.0,10,10,3,"{""TOMATO"": 2, ""STRAWBERRY"": 3, ""CARROT"": 13, ""WHEAT"": 9}","{""COW"": 4, ""SHEEP"": 6, ""GOOSE"": 4}",4,51
695,28,23,0,84712.0,8,8,3,"{""WHEAT"": 31, ""CARROT"": 10, ""STRAWBERRY"": 5, ""TOMATO"": 3}","{""GOOSE"": 8, ""SHEEP"": 3, ""COW"": 4}",1,14
695,28,23,1,100890.0,10,10,3,"{""TOMATO"": 2, ""STRAWBERRY"": 3, ""CARROT"": 13, ""WHEAT"": 9}","{""COW"": 4, ""SHEEP"": 6, ""GOOSE"": 4}",4,31
696,29,0,0,85474.0,0,0,3,"{""WHEAT"": 31, ""CARROT"": 10, ""STRAWBERRY"": 5, ""TOMATO"": 3}","{""GOOSE"": 8, ""SHEEP"": 2, ""COW"": 4}",2,67
696,29,0,1,100890.0,0,0,3,"{""TOMATO"": 2, ""STRAWBERRY"": 3, ""CARROT"": 13, ""WHEAT"": 9}","{""COW"": 4, ""GOOSE"": 4, ""SHEEP"": 3}",5,81
697,29,1,0,92967.0,2,2,3,"{""WHEAT"": 31, ""CARROT"": 10, ""STRAWBERRY"": 3}","{""GOOSE"": 8, ""SHEEP"": 2, ""COW"": 4}",7,1
697,29,1,1,101154.0,8,8,3,"{""TOMATO"": 2, ""CARROT"": 13, ""STRAWBERRY"": 1, ""WHEAT"": 9}","{""COW"": 4, ""GOOSE"": 4, ""SHEEP"": 3}",7,74
698,29,2,0,92593.0,12,12,3,"{""WHEAT"": 31, ""CARROT"": 10, ""STRAWBERRY"": 3}","{""GOOSE"": 8, ""SHEEP"": 2, ""COW"": 4}",7,1
698,29,2,1,101065.0,10,10,3,"{""TOMATO"": 2, ""CARROT"": 13, ""STRAWBERRY"": 1, ""WHEAT"": 9}","{""COW"": 4, ""GOOSE"": 4, ""SHEEP"": 3}",7,74
699,29,3,0,92593.0,12,12,3,"{""WHEAT"": 31, ""CARROT"": 10, ""STRAWBERRY"": 3}","{""GOOSE"": 8, ""SHEEP"": 2, ""COW"": 4}",7,0
699,29,3,1,101065.0,10,10,3,"{""TOMATO"": 2, ""CARROT"": 13, ""STRAWBERRY"": 1, ""WHEAT"": 9}","{""COW"": 4, ""GOOSE"": 4, ""SHEEP"": 3}",7,75
700,29,4,0,92593.0,12,12,3,"{""WHEAT"": 31, ""CARROT"": 10, ""STRAWBERRY"": 3}","{""GOOSE"": 8, ""SHEEP"": 2, ""COW"": 4}",7,0
700,29,4,1,101082.0,10,10,3,"{""TOMATO"": 2, ""CARROT"": 13, ""STRAWBERRY"": 1, ""WHEAT"": 9}","{""COW"": 4, ""GOOSE"": 4, ""SHEEP"": 3}",7,74
701,29,5,0,92593.0,12,12,3,"{""WHEAT"": 30, ""CARROT"": 10, ""STRAWBERRY"": 3}","{""GOOSE"": 8, ""SHEEP"": 2, ""COW"": 4}",7,0
701,29,5,1,101082.0,10,10,3,"{""TOMATO"": 2, ""CARROT"": 13, ""STRAWBERRY"": 1, ""WHEAT"": 9}","{""COW"": 4, ""GOOSE"": 4, ""SHEEP"": 3}",7,74
702,29,6,0,92593.0,12,12,3,"{""WHEAT"": 27, ""CARROT"": 9, ""STRAWBERRY"": 3}","{""GOOSE"": 8, ""SHEEP"": 2, ""COW"": 4}",7,0
702,29,6,1,101082.0,10,10,3,"{""TOMATO"": 2, ""CARROT"": 13, ""STRAWBERRY"": 1, ""WHEAT"": 7}","{""COW"": 4, ""GOOSE"": 4, ""SHEEP"": 3}",7,74
703,29,7,0,92593.0,12,12,3,"{""WHEAT"": 27, ""CARROT"": 9, ""STRAWBERRY"": 3}","{""GOOSE"": 8, ""SHEEP"": 2, ""COW"": 4}",7,0
703,29,7,1,101082.0,10,10,3,"{""TOMATO"": 2, ""CARROT"": 13, ""STRAWBERRY"": 1, ""WHEAT"": 6}","{""COW"": 4, ""GOOSE"": 4, ""SHEEP"": 3}",7,74
704,29,8,0,92593.0,12,12,3,"{""WHEAT"": 25, ""CARROT"": 8, ""STRAWBERRY"": 3}","{""GOOSE"": 8, ""SHEEP"": 2, ""COW"": 4}",7,0
704,29,8,1,101082.0,10,10,3,"{""TOMATO"": 2, ""CARROT"": 13, ""STRAWBERRY"": 1, ""WHEAT"": 4}","{""COW"": 4, ""GOOSE"": 4, ""SHEEP"": 3}",7,74
705,29,9,0,92593.0,12,12,3,"{""WHEAT"": 22, ""CARROT"": 8, ""STRAWBERRY"": 3}","{""GOOSE"": 8, ""SHEEP"": 2, ""COW"": 4}",7,0
705,29,9,1,101082.0,10,10,3,"{""TOMATO"": 2, ""CARROT"": 12, ""STRAWBERRY"": 1, ""WHEAT"": 3}","{""COW"": 4, ""GOOSE"": 4, ""SHEEP"": 3}",7,74
706,29,10,0,92593.0,12,12,3,"{""WHEAT"": 22, ""CARROT"": 8, ""STRAWBERRY"": 3}","{""GOOSE"": 8, ""SHEEP"": 2, ""COW"": 4}",7,0
706,29,10,1,101674.0,10,10,3,"{""TOMATO"": 2, ""CARROT"": 8, ""STRAWBERRY"": 1, ""WHEAT"": 2}","{""COW"": 4, ""GOOSE"": 4, ""SHEEP"": 3}",7,67
707,29,11,0,92593.0,12,12,3,"{""WHEAT"": 15, ""CARROT"": 8, ""STRAWBERRY"": 3}","{""GOOSE"": 8, ""SHEEP"": 2, ""COW"": 4}",7,0
707,29,11,1,101674.0,10,10,3,"{""TOMATO"": 2, ""CARROT"": 7, ""STRAWBERRY"": 1, ""WHEAT"": 2}","{""COW"": 4, ""GOOSE"": 4, ""SHEEP"": 3}",7,67
708,29,12,0,92593.0,12,12,3,"{""WHEAT"": 15, ""CARROT"": 7, ""STRAWBERRY"": 3}","{""GOOSE"": 8, ""SHEEP"": 2, ""COW"": 4}",7,0
708,29,12,1,101674.0,10,10,3,"{""TOMATO"": 2, ""STRAWBERRY"": 1, ""CARROT"": 5, ""WHEAT"": 2}","{""COW"": 4, ""GOOSE"": 4, ""SHEEP"": 3}",7,67
709,29,13,0,92593.0,12,12,3,"{""WHEAT"": 12, ""CARROT"": 7, ""STRAWBERRY"": 3}","{""GOOSE"": 8, ""SHEEP"": 2, ""COW"": 4}",7,0
709,29,13,1,101674.0,10,10,3,"{""TOMATO"": 2, ""STRAWBERRY"": 1, ""CARROT"": 3, ""WHEAT"": 1}","{""COW"": 4, ""GOOSE"": 4, ""SHEEP"": 3}",7,67
710,29,14,0,92593.0,12,12,3,"{""WHEAT"": 10, ""CARROT"": 6, ""STRAWBERRY"": 3}","{""GOOSE"": 8, ""SHEEP"": 2, ""COW"": 4}",7,0
710,29,14,1,102819.0,10,10,3,"{""TOMATO"": 2, ""STRAWBERRY"": 1, ""CARROT"": 2, ""WHEAT"": 1}","{""COW"": 4, ""GOOSE"": 4, ""SHEEP"": 3}",7,45
711,29,15,0,92593.0,12,12,3,"{""WHEAT"": 9, ""CARROT"": 5, ""STRAWBERRY"": 3}","{""GOOSE"": 8, ""SHEEP"": 2, ""COW"": 4}",7,0
711,29,15,1,103357.0,10,10,3,"{""TOMATO"": 2, ""STRAWBERRY"": 1, ""CARROT"": 1, ""WHEAT"": 1}","{""COW"": 4, ""GOOSE"": 4, ""SHEEP"": 3}",7,41
712,29,16,0,92593.0,12,12,3,"{""WHEAT"": 7, ""CARROT"": 3, ""STRAWBERRY"": 3}","{""GOOSE"": 8, ""SHEEP"": 2, ""COW"": 4}",7,0
712,29,16,1,103374.0,10,10,3,"{""TOMATO"": 2, ""STRAWBERRY"": 1, ""CARROT"": 1}","{""COW"": 4, ""GOOSE"": 4, ""SHEEP"": 3}",7,47
713,29,17,0,92593.0,12,12,3,"{""WHEAT"": 4, ""CARROT"": 3, ""STRAWBERRY"": 3}","{""GOOSE"": 8, ""SHEEP"": 2, ""COW"": 4}",7,0
713,29,17,1,103714.0,10,10,3,"{""TOMATO"": 2, ""STRAWBERRY"": 1, ""CARROT"": 1}","{""COW"": 4, ""GOOSE"": 4, ""SHEEP"": 3}",7,38
714,29,18,0,92593.0,12,12,3,"{""WHEAT"": 4, ""CARROT"": 2, ""STRAWBERRY"": 3}","{""GOOSE"": 8, ""SHEEP"": 2, ""COW"": 4}",7,0
714,29,18,1,105373.0,10,10,3,"{""TOMATO"": 2, ""STRAWBERRY"": 1, ""CARROT"": 1}","{""COW"": 4, ""GOOSE"": 4, ""SHEEP"": 3}",7,43
715,29,19,0,92593.0,12,12,3,"{""WHEAT"": 2, ""CARROT"": 1, ""STRAWBERRY"": 3}","{""GOOSE"": 8, ""SHEEP"": 2, ""COW"": 4}",7,0
715,29,19,1,105813.0,10,10,3,"{""TOMATO"": 2, ""STRAWBERRY"": 1, ""CARROT"": 1}","{""COW"": 4, ""GOOSE"": 4, ""SHEEP"": 3}",7,31
716,29,20,0,93280.0,12,12,3,"{""WHEAT"": 2, ""CARROT"": 1, ""STRAWBERRY"": 3}","{""GOOSE"": 8, ""SHEEP"": 2, ""COW"": 4}",7,0
716,29,20,1,108381.0,10,10,3,"{""TOMATO"": 2, ""STRAWBERRY"": 1, ""CARROT"": 1}","{""COW"": 4, ""GOOSE"": 4, ""SHEEP"": 3}",7,36
717,29,21,0,94800.0,12,12,3,"{""WHEAT"": 2, ""CARROT"": 1, ""STRAWBERRY"": 3}","{""GOOSE"": 8, ""SHEEP"": 2, ""COW"": 4}",7,0
717,29,21,1,109153.0,10,10,3,"{""TOMATO"": 2, ""STRAWBERRY"": 1, ""CARROT"": 1}","{""COW"": 4, ""GOOSE"": 4, ""SHEEP"": 3}",7,30
718,29,22,0,98537.0,12,12,3,"{""WHEAT"": 2, ""CARROT"": 1, ""STRAWBERRY"": 3}","{""GOOSE"": 8, ""SHEEP"": 2, ""COW"": 4}",7,0
718,29,22,1,109924.0,10,10,3,"{""TOMATO"": 2, ""STRAWBERRY"": 1, ""CARROT"": 1}","{""COW"": 4, ""GOOSE"": 4, ""SHEEP"": 3}",7,19
719,29,23,0,102007.0,12,12,3,"{""WHEAT"": 2, ""CARROT"": 1, ""STRAWBERRY"": 3}","{""GOOSE"": 8, ""SHEEP"": 2, ""COW"": 4}",7,0
719,29,23,1,110903.0,10,10,3,"{""TOMATO"": 2, ""STRAWBERRY"": 1, ""CARROT"": 1}","{""COW"": 4, ""GOOSE"": 4, ""SHEEP"": 3}",7,0
